Starting trebl experiment analysis
Reading 1 FASTQ/TXT file(s)...
Done in 5.76 seconds.

Reverse complement of sequences...
Done in 2.42 seconds.

Extracting 1 barcodes...
False
CTCGAG
GGCCGC
RPTR_BC: extracting between 'CTCGAG' and 'GGCCGC'
Done in 2.29 seconds.

Extracting UMI...
True
TGTCAC

UMI: extracting 12bp UMI after flank 'TGTCAC' near end of read
Done in 2.03 seconds.

Done in 2.43 seconds.

Mapping complete.
Base prefix (stable across descriptors): trebl_experiment_RP_4_0_S51_R1_001_fastp_RPTR_BC_
Full prefix for this instance: trebl_experiment_RP_4_0_S51_R1_001_fastp_RPTR_BC_

Using the following step order:
1. initial
2. quality


Filtering to high-quality reads...
Created table: trebl_experiment_RP_4_0_S51_R1_001_fastp_RPTR_BC_quality — filtered for TRUE in all *_qual columns.
Done in 2.25 seconds.

Done.
Saved loss summary table as 'trebl_experiment_RP_4_0_S51_R1_001_fastp_RPTR_BC_loss_summary'
Done in 0.73 seconds.

Starting simple deduplication.
Finished simple deduplication.

Starting UMI Tools directional deduplication.
Exported TSV for count_tab to ../../../output/ChopTFs_pipeline/trebl_experiment_/trebl_experiment_RP_4_0_S51_R1_001_fastp/RP_4_0_S51_R1_001_fastp_umi_count_input.tsv
# UMI-tools version: 1.1.6
# output generated by count_tab --stdin ../../../output/ChopTFs_pipeline/trebl_experiment_/trebl_experiment_RP_4_0_S51_R1_001_fastp/RP_4_0_S51_R1_001_fastp_umi_count_input.tsv --stdout ../../../output/ChopTFs_pipeline/trebl_experiment_/trebl_experiment_RP_4_0_S51_R1_001_fastp/RP_4_0_S51_R1_001_fastp_directional_umi_counts.tsv
# job started at Tue Mar 10 23:35:02 2026 on n0065.savio3 -- a355e735-0ee6-4e8b-8e36-779b0e6de519
# pid: 16084, system: Linux 4.18.0-553.58.1.el8_10.x86_64 #1 SMP Thu Jun 26 15:50:39 UTC 2025 x86_64
# bc_sep                                  : _
# compresslevel                           : 6
# log2stderr                              : False
# loglevel                                : 1
# method                                  : directional
# per_cell                                : None
# random_seed                             : None
# read_length                             : False
# short_help                              : None
# soft_clip_threshold                     : 4
# spliced                                 : False
# stderr                                  : <_io.TextIOWrapper name='<stderr>' mode='w' encoding='utf-8'>
# stdin                                   : <_io.TextIOWrapper name='../../../output/ChopTFs_pipeline/trebl_experiment_/trebl_experiment_RP_4_0_S51_R1_001_fastp/RP_4_0_S51_R1_001_fastp_umi_count_input.tsv' mode='r' encoding='UTF-8'>
# stdlog                                  : <_io.TextIOWrapper name='<stdout>' mode='w' encoding='utf-8'>
# stdout                                  : <_io.TextIOWrapper name='../../../output/ChopTFs_pipeline/trebl_experiment_/trebl_experiment_RP_4_0_S51_R1_001_fastp/RP_4_0_S51_R1_001_fastp_directional_umi_counts.tsv' mode='w' encoding='UTF-8'>
# threshold                               : 1
# timeit_file                             : None
# timeit_header                           : None
# timeit_name                             : all
# tmpdir                                  : None
2026-03-10 23:35:05,548 INFO Number of reads counted: 420882
# job finished in 3 seconds at Tue Mar 10 23:35:05 2026 -- 12.01  0.40  0.00  0.00 -- a355e735-0ee6-4e8b-8e36-779b0e6de519
Count_tab output saved to ../../../output/ChopTFs_pipeline/trebl_experiment_/trebl_experiment_RP_4_0_S51_R1_001_fastp/RP_4_0_S51_R1_001_fastp_directional_umi_counts.tsv
Deleted intermediate file ../../../output/ChopTFs_pipeline/trebl_experiment_/trebl_experiment_RP_4_0_S51_R1_001_fastp/RP_4_0_S51_R1_001_fastp_umi_count_input.tsv
Finished UMI Tools directional deduplication.

Saved to ../../../output/ChopTFs_pipeline/trebl_experiment_/trebl_experiment_RP_4_0_S51_R1_001_fastp/RP_4_0_S51_R1_001_fastp_simple_umi_counts.tsv
Saved to ../../../output/ChopTFs_pipeline/trebl_experiment_/trebl_experiment_RP_4_0_S51_R1_001_fastp/RP_4_0_S51_R1_001_fastp_reads_per_umi.tsv
Done in 0.56 seconds.

Reading 1 FASTQ/TXT file(s)...
Done in 10.97 seconds.

Reverse complement of sequences...
Done in 4.72 seconds.

Extracting 1 barcodes...
False
CTCGAG
GGCCGC
RPTR_BC: extracting between 'CTCGAG' and 'GGCCGC'
Done in 2.35 seconds.

Extracting UMI...
True
TGTCAC

UMI: extracting 12bp UMI after flank 'TGTCAC' near end of read
Done in 2.03 seconds.

Done in 2.95 seconds.

Mapping complete.
Base prefix (stable across descriptors): trebl_experiment_RP_2_2_S32_R1_001_fastp_RPTR_BC_
Full prefix for this instance: trebl_experiment_RP_2_2_S32_R1_001_fastp_RPTR_BC_

Using the following step order:
1. initial
2. quality


Filtering to high-quality reads...
Created table: trebl_experiment_RP_2_2_S32_R1_001_fastp_RPTR_BC_quality — filtered for TRUE in all *_qual columns.
Done in 4.24 seconds.

Done.
Saved loss summary table as 'trebl_experiment_RP_2_2_S32_R1_001_fastp_RPTR_BC_loss_summary'
Done in 0.02 seconds.

Starting simple deduplication.
Finished simple deduplication.

Starting UMI Tools directional deduplication.
Exported TSV for count_tab to ../../../output/ChopTFs_pipeline/trebl_experiment_/trebl_experiment_RP_2_2_S32_R1_001_fastp/RP_2_2_S32_R1_001_fastp_umi_count_input.tsv
# UMI-tools version: 1.1.6
# output generated by count_tab --stdin ../../../output/ChopTFs_pipeline/trebl_experiment_/trebl_experiment_RP_2_2_S32_R1_001_fastp/RP_2_2_S32_R1_001_fastp_umi_count_input.tsv --stdout ../../../output/ChopTFs_pipeline/trebl_experiment_/trebl_experiment_RP_2_2_S32_R1_001_fastp/RP_2_2_S32_R1_001_fastp_directional_umi_counts.tsv
# job started at Tue Mar 10 23:35:38 2026 on n0065.savio3 -- 3eac56d7-2425-4cd5-800e-21cabab8718e
# pid: 16159, system: Linux 4.18.0-553.58.1.el8_10.x86_64 #1 SMP Thu Jun 26 15:50:39 UTC 2025 x86_64
# bc_sep                                  : _
# compresslevel                           : 6
# log2stderr                              : False
# loglevel                                : 1
# method                                  : directional
# per_cell                                : None
# random_seed                             : None
# read_length                             : False
# short_help                              : None
# soft_clip_threshold                     : 4
# spliced                                 : False
# stderr                                  : <_io.TextIOWrapper name='<stderr>' mode='w' encoding='utf-8'>
# stdin                                   : <_io.TextIOWrapper name='../../../output/ChopTFs_pipeline/trebl_experiment_/trebl_experiment_RP_2_2_S32_R1_001_fastp/RP_2_2_S32_R1_001_fastp_umi_count_input.tsv' mode='r' encoding='UTF-8'>
# stdlog                                  : <_io.TextIOWrapper name='<stdout>' mode='w' encoding='utf-8'>
# stdout                                  : <_io.TextIOWrapper name='../../../output/ChopTFs_pipeline/trebl_experiment_/trebl_experiment_RP_2_2_S32_R1_001_fastp/RP_2_2_S32_R1_001_fastp_directional_umi_counts.tsv' mode='w' encoding='UTF-8'>
# threshold                               : 1
# timeit_file                             : None
# timeit_header                           : None
# timeit_name                             : all
# tmpdir                                  : None
2026-03-10 23:35:45,387 INFO Number of reads counted: 574958
# job finished in 6 seconds at Tue Mar 10 23:35:45 2026 -- 15.54  0.45  0.00  0.00 -- 3eac56d7-2425-4cd5-800e-21cabab8718e
Count_tab output saved to ../../../output/ChopTFs_pipeline/trebl_experiment_/trebl_experiment_RP_2_2_S32_R1_001_fastp/RP_2_2_S32_R1_001_fastp_directional_umi_counts.tsv
Deleted intermediate file ../../../output/ChopTFs_pipeline/trebl_experiment_/trebl_experiment_RP_2_2_S32_R1_001_fastp/RP_2_2_S32_R1_001_fastp_umi_count_input.tsv
Finished UMI Tools directional deduplication.

Saved to ../../../output/ChopTFs_pipeline/trebl_experiment_/trebl_experiment_RP_2_2_S32_R1_001_fastp/RP_2_2_S32_R1_001_fastp_simple_umi_counts.tsv
Saved to ../../../output/ChopTFs_pipeline/trebl_experiment_/trebl_experiment_RP_2_2_S32_R1_001_fastp/RP_2_2_S32_R1_001_fastp_reads_per_umi.tsv
Done in 0.78 seconds.

Reading 1 FASTQ/TXT file(s)...
Done in 1.13 minutes.

Reverse complement of sequences...
Done in 13.57 seconds.

Extracting 1 barcodes...
False
CTCGAG
GGCCGC
RPTR_BC: extracting between 'CTCGAG' and 'GGCCGC'
Done in 5.86 seconds.

Extracting UMI...
True
TGTCAC

UMI: extracting 12bp UMI after flank 'TGTCAC' near end of read
Done in 4.09 seconds.

Done in 7.15 seconds.

Mapping complete.
Base prefix (stable across descriptors): trebl_experiment_RP_4_40_S58_R1_001_fastp_RPTR_BC_
Full prefix for this instance: trebl_experiment_RP_4_40_S58_R1_001_fastp_RPTR_BC_

Using the following step order:
1. initial
2. quality


Filtering to high-quality reads...
Created table: trebl_experiment_RP_4_40_S58_R1_001_fastp_RPTR_BC_quality — filtered for TRUE in all *_qual columns.
Done in 15.03 seconds.

Done.
Saved loss summary table as 'trebl_experiment_RP_4_40_S58_R1_001_fastp_RPTR_BC_loss_summary'
Done in 0.02 seconds.

Starting simple deduplication.
Finished simple deduplication.

Starting UMI Tools directional deduplication.
Exported TSV for count_tab to ../../../output/ChopTFs_pipeline/trebl_experiment_/trebl_experiment_RP_4_40_S58_R1_001_fastp/RP_4_40_S58_R1_001_fastp_umi_count_input.tsv
# UMI-tools version: 1.1.6
# output generated by count_tab --stdin ../../../output/ChopTFs_pipeline/trebl_experiment_/trebl_experiment_RP_4_40_S58_R1_001_fastp/RP_4_40_S58_R1_001_fastp_umi_count_input.tsv --stdout ../../../output/ChopTFs_pipeline/trebl_experiment_/trebl_experiment_RP_4_40_S58_R1_001_fastp/RP_4_40_S58_R1_001_fastp_directional_umi_counts.tsv
# job started at Tue Mar 10 23:37:45 2026 on n0065.savio3 -- aa2f9f05-c3d1-43cf-8501-6bf1f5ddf473
# pid: 16222, system: Linux 4.18.0-553.58.1.el8_10.x86_64 #1 SMP Thu Jun 26 15:50:39 UTC 2025 x86_64
# bc_sep                                  : _
# compresslevel                           : 6
# log2stderr                              : False
# loglevel                                : 1
# method                                  : directional
# per_cell                                : None
# random_seed                             : None
# read_length                             : False
# short_help                              : None
# soft_clip_threshold                     : 4
# spliced                                 : False
# stderr                                  : <_io.TextIOWrapper name='<stderr>' mode='w' encoding='utf-8'>
# stdin                                   : <_io.TextIOWrapper name='../../../output/ChopTFs_pipeline/trebl_experiment_/trebl_experiment_RP_4_40_S58_R1_001_fastp/RP_4_40_S58_R1_001_fastp_umi_count_input.tsv' mode='r' encoding='UTF-8'>
# stdlog                                  : <_io.TextIOWrapper name='<stdout>' mode='w' encoding='utf-8'>
# stdout                                  : <_io.TextIOWrapper name='../../../output/ChopTFs_pipeline/trebl_experiment_/trebl_experiment_RP_4_40_S58_R1_001_fastp/RP_4_40_S58_R1_001_fastp_directional_umi_counts.tsv' mode='w' encoding='UTF-8'>
# threshold                               : 1
# timeit_file                             : None
# timeit_header                           : None
# timeit_name                             : all
# tmpdir                                  : None
2026-03-10 23:39:42,629 INFO Number of reads counted: 4665149
# job finished in 117 seconds at Tue Mar 10 23:39:42 2026 -- 125.10  0.94  0.00  0.00 -- aa2f9f05-c3d1-43cf-8501-6bf1f5ddf473
Count_tab output saved to ../../../output/ChopTFs_pipeline/trebl_experiment_/trebl_experiment_RP_4_40_S58_R1_001_fastp/RP_4_40_S58_R1_001_fastp_directional_umi_counts.tsv
Deleted intermediate file ../../../output/ChopTFs_pipeline/trebl_experiment_/trebl_experiment_RP_4_40_S58_R1_001_fastp/RP_4_40_S58_R1_001_fastp_umi_count_input.tsv
Finished UMI Tools directional deduplication.

Saved to ../../../output/ChopTFs_pipeline/trebl_experiment_/trebl_experiment_RP_4_40_S58_R1_001_fastp/RP_4_40_S58_R1_001_fastp_simple_umi_counts.tsv
Saved to ../../../output/ChopTFs_pipeline/trebl_experiment_/trebl_experiment_RP_4_40_S58_R1_001_fastp/RP_4_40_S58_R1_001_fastp_reads_per_umi.tsv
Done in 6.96 seconds.

Reading 1 FASTQ/TXT file(s)...
Done in 12.17 seconds.

Reverse complement of sequences...
Done in 4.65 seconds.

Extracting 1 barcodes...
False
CTCGAG
GGCCGC
RPTR_BC: extracting between 'CTCGAG' and 'GGCCGC'
Done in 2.66 seconds.

Extracting UMI...
True
TGTCAC

UMI: extracting 12bp UMI after flank 'TGTCAC' near end of read
Done in 2.51 seconds.

Done in 4.81 seconds.

Mapping complete.
Base prefix (stable across descriptors): trebl_experiment_RP_3_2_S42_R1_001_fastp_RPTR_BC_
Full prefix for this instance: trebl_experiment_RP_3_2_S42_R1_001_fastp_RPTR_BC_

Using the following step order:
1. initial
2. quality


Filtering to high-quality reads...
Created table: trebl_experiment_RP_3_2_S42_R1_001_fastp_RPTR_BC_quality — filtered for TRUE in all *_qual columns.
Done in 4.51 seconds.

Done.
Saved loss summary table as 'trebl_experiment_RP_3_2_S42_R1_001_fastp_RPTR_BC_loss_summary'
Done in 0.62 seconds.

Starting simple deduplication.
Finished simple deduplication.

Starting UMI Tools directional deduplication.
Exported TSV for count_tab to ../../../output/ChopTFs_pipeline/trebl_experiment_/trebl_experiment_RP_3_2_S42_R1_001_fastp/RP_3_2_S42_R1_001_fastp_umi_count_input.tsv
# UMI-tools version: 1.1.6
# output generated by count_tab --stdin ../../../output/ChopTFs_pipeline/trebl_experiment_/trebl_experiment_RP_3_2_S42_R1_001_fastp/RP_3_2_S42_R1_001_fastp_umi_count_input.tsv --stdout ../../../output/ChopTFs_pipeline/trebl_experiment_/trebl_experiment_RP_3_2_S42_R1_001_fastp/RP_3_2_S42_R1_001_fastp_directional_umi_counts.tsv
# job started at Tue Mar 10 23:40:36 2026 on n0065.savio3 -- 2ed53e64-b481-46c7-a4ee-7acec1f21e53
# pid: 16310, system: Linux 4.18.0-553.58.1.el8_10.x86_64 #1 SMP Thu Jun 26 15:50:39 UTC 2025 x86_64
# bc_sep                                  : _
# compresslevel                           : 6
# log2stderr                              : False
# loglevel                                : 1
# method                                  : directional
# per_cell                                : None
# random_seed                             : None
# read_length                             : False
# short_help                              : None
# soft_clip_threshold                     : 4
# spliced                                 : False
# stderr                                  : <_io.TextIOWrapper name='<stderr>' mode='w' encoding='utf-8'>
# stdin                                   : <_io.TextIOWrapper name='../../../output/ChopTFs_pipeline/trebl_experiment_/trebl_experiment_RP_3_2_S42_R1_001_fastp/RP_3_2_S42_R1_001_fastp_umi_count_input.tsv' mode='r' encoding='UTF-8'>
# stdlog                                  : <_io.TextIOWrapper name='<stdout>' mode='w' encoding='utf-8'>
# stdout                                  : <_io.TextIOWrapper name='../../../output/ChopTFs_pipeline/trebl_experiment_/trebl_experiment_RP_3_2_S42_R1_001_fastp/RP_3_2_S42_R1_001_fastp_directional_umi_counts.tsv' mode='w' encoding='UTF-8'>
# threshold                               : 1
# timeit_file                             : None
# timeit_header                           : None
# timeit_name                             : all
# tmpdir                                  : None
2026-03-10 23:40:42,502 INFO Number of reads counted: 423943
# job finished in 6 seconds at Tue Mar 10 23:40:42 2026 -- 14.97  0.46  0.00  0.00 -- 2ed53e64-b481-46c7-a4ee-7acec1f21e53
Count_tab output saved to ../../../output/ChopTFs_pipeline/trebl_experiment_/trebl_experiment_RP_3_2_S42_R1_001_fastp/RP_3_2_S42_R1_001_fastp_directional_umi_counts.tsv
Deleted intermediate file ../../../output/ChopTFs_pipeline/trebl_experiment_/trebl_experiment_RP_3_2_S42_R1_001_fastp/RP_3_2_S42_R1_001_fastp_umi_count_input.tsv
Finished UMI Tools directional deduplication.

Saved to ../../../output/ChopTFs_pipeline/trebl_experiment_/trebl_experiment_RP_3_2_S42_R1_001_fastp/RP_3_2_S42_R1_001_fastp_simple_umi_counts.tsv
Saved to ../../../output/ChopTFs_pipeline/trebl_experiment_/trebl_experiment_RP_3_2_S42_R1_001_fastp/RP_3_2_S42_R1_001_fastp_reads_per_umi.tsv
Done in 0.60 seconds.

Reading 1 FASTQ/TXT file(s)...
Done in 1.30 minutes.

Reverse complement of sequences...
Done in 14.56 seconds.

Extracting 1 barcodes...
False
CTCGAG
GGCCGC
RPTR_BC: extracting between 'CTCGAG' and 'GGCCGC'
Done in 6.13 seconds.

Extracting UMI...
True
TGTCAC

UMI: extracting 12bp UMI after flank 'TGTCAC' near end of read
Done in 4.32 seconds.

Done in 7.18 seconds.

Mapping complete.
Base prefix (stable across descriptors): trebl_experiment_RP_2_50_S39_R1_001_fastp_RPTR_BC_
Full prefix for this instance: trebl_experiment_RP_2_50_S39_R1_001_fastp_RPTR_BC_

Using the following step order:
1. initial
2. quality


Filtering to high-quality reads...
Created table: trebl_experiment_RP_2_50_S39_R1_001_fastp_RPTR_BC_quality — filtered for TRUE in all *_qual columns.
Done in 21.00 seconds.

Done.
Saved loss summary table as 'trebl_experiment_RP_2_50_S39_R1_001_fastp_RPTR_BC_loss_summary'
Done in 0.02 seconds.

Starting simple deduplication.
Finished simple deduplication.

Starting UMI Tools directional deduplication.
Exported TSV for count_tab to ../../../output/ChopTFs_pipeline/trebl_experiment_/trebl_experiment_RP_2_50_S39_R1_001_fastp/RP_2_50_S39_R1_001_fastp_umi_count_input.tsv
# UMI-tools version: 1.1.6
# output generated by count_tab --stdin ../../../output/ChopTFs_pipeline/trebl_experiment_/trebl_experiment_RP_2_50_S39_R1_001_fastp/RP_2_50_S39_R1_001_fastp_umi_count_input.tsv --stdout ../../../output/ChopTFs_pipeline/trebl_experiment_/trebl_experiment_RP_2_50_S39_R1_001_fastp/RP_2_50_S39_R1_001_fastp_directional_umi_counts.tsv
# job started at Tue Mar 10 23:43:00 2026 on n0065.savio3 -- 411a6863-5b81-4f52-b2c8-bc306ed56182
# pid: 16373, system: Linux 4.18.0-553.58.1.el8_10.x86_64 #1 SMP Thu Jun 26 15:50:39 UTC 2025 x86_64
# bc_sep                                  : _
# compresslevel                           : 6
# log2stderr                              : False
# loglevel                                : 1
# method                                  : directional
# per_cell                                : None
# random_seed                             : None
# read_length                             : False
# short_help                              : None
# soft_clip_threshold                     : 4
# spliced                                 : False
# stderr                                  : <_io.TextIOWrapper name='<stderr>' mode='w' encoding='utf-8'>
# stdin                                   : <_io.TextIOWrapper name='../../../output/ChopTFs_pipeline/trebl_experiment_/trebl_experiment_RP_2_50_S39_R1_001_fastp/RP_2_50_S39_R1_001_fastp_umi_count_input.tsv' mode='r' encoding='UTF-8'>
# stdlog                                  : <_io.TextIOWrapper name='<stdout>' mode='w' encoding='utf-8'>
# stdout                                  : <_io.TextIOWrapper name='../../../output/ChopTFs_pipeline/trebl_experiment_/trebl_experiment_RP_2_50_S39_R1_001_fastp/RP_2_50_S39_R1_001_fastp_directional_umi_counts.tsv' mode='w' encoding='UTF-8'>
# threshold                               : 1
# timeit_file                             : None
# timeit_header                           : None
# timeit_name                             : all
# tmpdir                                  : None
2026-03-10 23:45:04,641 INFO Number of reads counted: 4771089
# job finished in 124 seconds at Tue Mar 10 23:45:04 2026 -- 132.64  0.89  0.00  0.00 -- 411a6863-5b81-4f52-b2c8-bc306ed56182
Count_tab output saved to ../../../output/ChopTFs_pipeline/trebl_experiment_/trebl_experiment_RP_2_50_S39_R1_001_fastp/RP_2_50_S39_R1_001_fastp_directional_umi_counts.tsv
Deleted intermediate file ../../../output/ChopTFs_pipeline/trebl_experiment_/trebl_experiment_RP_2_50_S39_R1_001_fastp/RP_2_50_S39_R1_001_fastp_umi_count_input.tsv
Finished UMI Tools directional deduplication.

Saved to ../../../output/ChopTFs_pipeline/trebl_experiment_/trebl_experiment_RP_2_50_S39_R1_001_fastp/RP_2_50_S39_R1_001_fastp_simple_umi_counts.tsv
Saved to ../../../output/ChopTFs_pipeline/trebl_experiment_/trebl_experiment_RP_2_50_S39_R1_001_fastp/RP_2_50_S39_R1_001_fastp_reads_per_umi.tsv
Done in 6.30 seconds.

Reading 1 FASTQ/TXT file(s)...
Done in 32.25 seconds.

Reverse complement of sequences...
Done in 7.67 seconds.

Extracting 1 barcodes...
False
CTCGAG
GGCCGC
RPTR_BC: extracting between 'CTCGAG' and 'GGCCGC'
Done in 3.96 seconds.

Extracting UMI...
True
TGTCAC

UMI: extracting 12bp UMI after flank 'TGTCAC' near end of read
Done in 3.09 seconds.

Done in 5.92 seconds.

Mapping complete.
Base prefix (stable across descriptors): trebl_experiment_RP_2_15_S35_R1_001_fastp_RPTR_BC_
Full prefix for this instance: trebl_experiment_RP_2_15_S35_R1_001_fastp_RPTR_BC_

Using the following step order:
1. initial
2. quality


Filtering to high-quality reads...
Created table: trebl_experiment_RP_2_15_S35_R1_001_fastp_RPTR_BC_quality — filtered for TRUE in all *_qual columns.
Done in 7.82 seconds.

Done.
Saved loss summary table as 'trebl_experiment_RP_2_15_S35_R1_001_fastp_RPTR_BC_loss_summary'
Done in 0.02 seconds.

Starting simple deduplication.
Finished simple deduplication.

Starting UMI Tools directional deduplication.
Exported TSV for count_tab to ../../../output/ChopTFs_pipeline/trebl_experiment_/trebl_experiment_RP_2_15_S35_R1_001_fastp/RP_2_15_S35_R1_001_fastp_umi_count_input.tsv
# UMI-tools version: 1.1.6
# output generated by count_tab --stdin ../../../output/ChopTFs_pipeline/trebl_experiment_/trebl_experiment_RP_2_15_S35_R1_001_fastp/RP_2_15_S35_R1_001_fastp_umi_count_input.tsv --stdout ../../../output/ChopTFs_pipeline/trebl_experiment_/trebl_experiment_RP_2_15_S35_R1_001_fastp/RP_2_15_S35_R1_001_fastp_directional_umi_counts.tsv
# job started at Tue Mar 10 23:46:25 2026 on n0065.savio3 -- 4126e208-0073-4e5e-abd4-6681ef046705
# pid: 16447, system: Linux 4.18.0-553.58.1.el8_10.x86_64 #1 SMP Thu Jun 26 15:50:39 UTC 2025 x86_64
# bc_sep                                  : _
# compresslevel                           : 6
# log2stderr                              : False
# loglevel                                : 1
# method                                  : directional
# per_cell                                : None
# random_seed                             : None
# read_length                             : False
# short_help                              : None
# soft_clip_threshold                     : 4
# spliced                                 : False
# stderr                                  : <_io.TextIOWrapper name='<stderr>' mode='w' encoding='utf-8'>
# stdin                                   : <_io.TextIOWrapper name='../../../output/ChopTFs_pipeline/trebl_experiment_/trebl_experiment_RP_2_15_S35_R1_001_fastp/RP_2_15_S35_R1_001_fastp_umi_count_input.tsv' mode='r' encoding='UTF-8'>
# stdlog                                  : <_io.TextIOWrapper name='<stdout>' mode='w' encoding='utf-8'>
# stdout                                  : <_io.TextIOWrapper name='../../../output/ChopTFs_pipeline/trebl_experiment_/trebl_experiment_RP_2_15_S35_R1_001_fastp/RP_2_15_S35_R1_001_fastp_directional_umi_counts.tsv' mode='w' encoding='UTF-8'>
# threshold                               : 1
# timeit_file                             : None
# timeit_header                           : None
# timeit_name                             : all
# tmpdir                                  : None
2026-03-10 23:46:55,002 INFO Number of reads counted: 1946456
# job finished in 29 seconds at Tue Mar 10 23:46:55 2026 -- 38.40  0.54  0.00  0.00 -- 4126e208-0073-4e5e-abd4-6681ef046705
Count_tab output saved to ../../../output/ChopTFs_pipeline/trebl_experiment_/trebl_experiment_RP_2_15_S35_R1_001_fastp/RP_2_15_S35_R1_001_fastp_directional_umi_counts.tsv
Deleted intermediate file ../../../output/ChopTFs_pipeline/trebl_experiment_/trebl_experiment_RP_2_15_S35_R1_001_fastp/RP_2_15_S35_R1_001_fastp_umi_count_input.tsv
Finished UMI Tools directional deduplication.

Saved to ../../../output/ChopTFs_pipeline/trebl_experiment_/trebl_experiment_RP_2_15_S35_R1_001_fastp/RP_2_15_S35_R1_001_fastp_simple_umi_counts.tsv
Saved to ../../../output/ChopTFs_pipeline/trebl_experiment_/trebl_experiment_RP_2_15_S35_R1_001_fastp/RP_2_15_S35_R1_001_fastp_reads_per_umi.tsv
Done in 2.43 seconds.

Reading 1 FASTQ/TXT file(s)...
Done in 11.18 seconds.

Reverse complement of sequences...
Done in 4.70 seconds.

Extracting 1 barcodes...
False
CTCGAG
GGCCGC
RPTR_BC: extracting between 'CTCGAG' and 'GGCCGC'
Done in 2.90 seconds.

Extracting UMI...
True
TGTCAC

UMI: extracting 12bp UMI after flank 'TGTCAC' near end of read
Done in 2.33 seconds.

Done in 3.30 seconds.

Mapping complete.
Base prefix (stable across descriptors): trebl_experiment_RP_4_2_S52_R1_001_fastp_RPTR_BC_
Full prefix for this instance: trebl_experiment_RP_4_2_S52_R1_001_fastp_RPTR_BC_

Using the following step order:
1. initial
2. quality


Filtering to high-quality reads...
Created table: trebl_experiment_RP_4_2_S52_R1_001_fastp_RPTR_BC_quality — filtered for TRUE in all *_qual columns.
Done in 4.50 seconds.

Done.
Saved loss summary table as 'trebl_experiment_RP_4_2_S52_R1_001_fastp_RPTR_BC_loss_summary'
Done in 0.02 seconds.

Starting simple deduplication.
Finished simple deduplication.

Starting UMI Tools directional deduplication.
Exported TSV for count_tab to ../../../output/ChopTFs_pipeline/trebl_experiment_/trebl_experiment_RP_4_2_S52_R1_001_fastp/RP_4_2_S52_R1_001_fastp_umi_count_input.tsv
# UMI-tools version: 1.1.6
# output generated by count_tab --stdin ../../../output/ChopTFs_pipeline/trebl_experiment_/trebl_experiment_RP_4_2_S52_R1_001_fastp/RP_4_2_S52_R1_001_fastp_umi_count_input.tsv --stdout ../../../output/ChopTFs_pipeline/trebl_experiment_/trebl_experiment_RP_4_2_S52_R1_001_fastp/RP_4_2_S52_R1_001_fastp_directional_umi_counts.tsv
# job started at Tue Mar 10 23:47:33 2026 on n0065.savio3 -- c8f1a409-f10b-440d-9373-494fbf2ef52a
# pid: 16510, system: Linux 4.18.0-553.58.1.el8_10.x86_64 #1 SMP Thu Jun 26 15:50:39 UTC 2025 x86_64
# bc_sep                                  : _
# compresslevel                           : 6
# log2stderr                              : False
# loglevel                                : 1
# method                                  : directional
# per_cell                                : None
# random_seed                             : None
# read_length                             : False
# short_help                              : None
# soft_clip_threshold                     : 4
# spliced                                 : False
# stderr                                  : <_io.TextIOWrapper name='<stderr>' mode='w' encoding='utf-8'>
# stdin                                   : <_io.TextIOWrapper name='../../../output/ChopTFs_pipeline/trebl_experiment_/trebl_experiment_RP_4_2_S52_R1_001_fastp/RP_4_2_S52_R1_001_fastp_umi_count_input.tsv' mode='r' encoding='UTF-8'>
# stdlog                                  : <_io.TextIOWrapper name='<stdout>' mode='w' encoding='utf-8'>
# stdout                                  : <_io.TextIOWrapper name='../../../output/ChopTFs_pipeline/trebl_experiment_/trebl_experiment_RP_4_2_S52_R1_001_fastp/RP_4_2_S52_R1_001_fastp_directional_umi_counts.tsv' mode='w' encoding='UTF-8'>
# threshold                               : 1
# timeit_file                             : None
# timeit_header                           : None
# timeit_name                             : all
# tmpdir                                  : None
2026-03-10 23:47:40,220 INFO Number of reads counted: 609728
# job finished in 7 seconds at Tue Mar 10 23:47:40 2026 -- 15.91  0.43  0.00  0.00 -- c8f1a409-f10b-440d-9373-494fbf2ef52a
Count_tab output saved to ../../../output/ChopTFs_pipeline/trebl_experiment_/trebl_experiment_RP_4_2_S52_R1_001_fastp/RP_4_2_S52_R1_001_fastp_directional_umi_counts.tsv
Deleted intermediate file ../../../output/ChopTFs_pipeline/trebl_experiment_/trebl_experiment_RP_4_2_S52_R1_001_fastp/RP_4_2_S52_R1_001_fastp_umi_count_input.tsv
Finished UMI Tools directional deduplication.

Saved to ../../../output/ChopTFs_pipeline/trebl_experiment_/trebl_experiment_RP_4_2_S52_R1_001_fastp/RP_4_2_S52_R1_001_fastp_simple_umi_counts.tsv
Saved to ../../../output/ChopTFs_pipeline/trebl_experiment_/trebl_experiment_RP_4_2_S52_R1_001_fastp/RP_4_2_S52_R1_001_fastp_reads_per_umi.tsv
Done in 0.83 seconds.

Reading 1 FASTQ/TXT file(s)...
Done in 1.21 minutes.

Reverse complement of sequences...
Done in 14.38 seconds.

Extracting 1 barcodes...
False
CTCGAG
GGCCGC
RPTR_BC: extracting between 'CTCGAG' and 'GGCCGC'
Done in 6.25 seconds.

Extracting UMI...
True
TGTCAC

UMI: extracting 12bp UMI after flank 'TGTCAC' near end of read
Done in 4.46 seconds.

Done in 10.48 seconds.

Mapping complete.
Base prefix (stable across descriptors): trebl_experiment_RP_3_50_S49_R1_001_fastp_RPTR_BC_
Full prefix for this instance: trebl_experiment_RP_3_50_S49_R1_001_fastp_RPTR_BC_

Using the following step order:
1. initial
2. quality


Filtering to high-quality reads...
Created table: trebl_experiment_RP_3_50_S49_R1_001_fastp_RPTR_BC_quality — filtered for TRUE in all *_qual columns.
Done in 20.72 seconds.

Done.
Saved loss summary table as 'trebl_experiment_RP_3_50_S49_R1_001_fastp_RPTR_BC_loss_summary'
Done in 0.02 seconds.

Starting simple deduplication.
Finished simple deduplication.

Starting UMI Tools directional deduplication.
Exported TSV for count_tab to ../../../output/ChopTFs_pipeline/trebl_experiment_/trebl_experiment_RP_3_50_S49_R1_001_fastp/RP_3_50_S49_R1_001_fastp_umi_count_input.tsv
# UMI-tools version: 1.1.6
# output generated by count_tab --stdin ../../../output/ChopTFs_pipeline/trebl_experiment_/trebl_experiment_RP_3_50_S49_R1_001_fastp/RP_3_50_S49_R1_001_fastp_umi_count_input.tsv --stdout ../../../output/ChopTFs_pipeline/trebl_experiment_/trebl_experiment_RP_3_50_S49_R1_001_fastp/RP_3_50_S49_R1_001_fastp_directional_umi_counts.tsv
# job started at Tue Mar 10 23:49:55 2026 on n0065.savio3 -- d724a8ad-1b9b-4bbb-aa0b-8b9b777cb723
# pid: 16581, system: Linux 4.18.0-553.58.1.el8_10.x86_64 #1 SMP Thu Jun 26 15:50:39 UTC 2025 x86_64
# bc_sep                                  : _
# compresslevel                           : 6
# log2stderr                              : False
# loglevel                                : 1
# method                                  : directional
# per_cell                                : None
# random_seed                             : None
# read_length                             : False
# short_help                              : None
# soft_clip_threshold                     : 4
# spliced                                 : False
# stderr                                  : <_io.TextIOWrapper name='<stderr>' mode='w' encoding='utf-8'>
# stdin                                   : <_io.TextIOWrapper name='../../../output/ChopTFs_pipeline/trebl_experiment_/trebl_experiment_RP_3_50_S49_R1_001_fastp/RP_3_50_S49_R1_001_fastp_umi_count_input.tsv' mode='r' encoding='UTF-8'>
# stdlog                                  : <_io.TextIOWrapper name='<stdout>' mode='w' encoding='utf-8'>
# stdout                                  : <_io.TextIOWrapper name='../../../output/ChopTFs_pipeline/trebl_experiment_/trebl_experiment_RP_3_50_S49_R1_001_fastp/RP_3_50_S49_R1_001_fastp_directional_umi_counts.tsv' mode='w' encoding='UTF-8'>
# threshold                               : 1
# timeit_file                             : None
# timeit_header                           : None
# timeit_name                             : all
# tmpdir                                  : None
2026-03-10 23:51:22,997 INFO Number of reads counted: 3640831
# job finished in 87 seconds at Tue Mar 10 23:51:22 2026 -- 95.21  0.83  0.00  0.00 -- d724a8ad-1b9b-4bbb-aa0b-8b9b777cb723
Count_tab output saved to ../../../output/ChopTFs_pipeline/trebl_experiment_/trebl_experiment_RP_3_50_S49_R1_001_fastp/RP_3_50_S49_R1_001_fastp_directional_umi_counts.tsv
Deleted intermediate file ../../../output/ChopTFs_pipeline/trebl_experiment_/trebl_experiment_RP_3_50_S49_R1_001_fastp/RP_3_50_S49_R1_001_fastp_umi_count_input.tsv
Finished UMI Tools directional deduplication.

Saved to ../../../output/ChopTFs_pipeline/trebl_experiment_/trebl_experiment_RP_3_50_S49_R1_001_fastp/RP_3_50_S49_R1_001_fastp_simple_umi_counts.tsv
Saved to ../../../output/ChopTFs_pipeline/trebl_experiment_/trebl_experiment_RP_3_50_S49_R1_001_fastp/RP_3_50_S49_R1_001_fastp_reads_per_umi.tsv
Done in 4.73 seconds.

Reading 1 FASTQ/TXT file(s)...
Done in 24.75 seconds.

Reverse complement of sequences...
Done in 6.81 seconds.

Extracting 1 barcodes...
False
CTCGAG
GGCCGC
RPTR_BC: extracting between 'CTCGAG' and 'GGCCGC'
Done in 3.49 seconds.

Extracting UMI...
True
TGTCAC

UMI: extracting 12bp UMI after flank 'TGTCAC' near end of read
Done in 2.87 seconds.

Done in 7.60 seconds.

Mapping complete.
Base prefix (stable across descriptors): trebl_experiment_RP_4_10_S54_R1_001_fastp_RPTR_BC_
Full prefix for this instance: trebl_experiment_RP_4_10_S54_R1_001_fastp_RPTR_BC_

Using the following step order:
1. initial
2. quality


Filtering to high-quality reads...
Created table: trebl_experiment_RP_4_10_S54_R1_001_fastp_RPTR_BC_quality — filtered for TRUE in all *_qual columns.
Done in 5.56 seconds.

Done.
Saved loss summary table as 'trebl_experiment_RP_4_10_S54_R1_001_fastp_RPTR_BC_loss_summary'
Done in 0.02 seconds.

Starting simple deduplication.
Finished simple deduplication.

Starting UMI Tools directional deduplication.
Exported TSV for count_tab to ../../../output/ChopTFs_pipeline/trebl_experiment_/trebl_experiment_RP_4_10_S54_R1_001_fastp/RP_4_10_S54_R1_001_fastp_umi_count_input.tsv
# UMI-tools version: 1.1.6
# output generated by count_tab --stdin ../../../output/ChopTFs_pipeline/trebl_experiment_/trebl_experiment_RP_4_10_S54_R1_001_fastp/RP_4_10_S54_R1_001_fastp_umi_count_input.tsv --stdout ../../../output/ChopTFs_pipeline/trebl_experiment_/trebl_experiment_RP_4_10_S54_R1_001_fastp/RP_4_10_S54_R1_001_fastp_directional_umi_counts.tsv
# job started at Tue Mar 10 23:52:29 2026 on n0065.savio3 -- 9105de7c-18c9-407b-881b-06e12ed586c9
# pid: 16659, system: Linux 4.18.0-553.58.1.el8_10.x86_64 #1 SMP Thu Jun 26 15:50:39 UTC 2025 x86_64
# bc_sep                                  : _
# compresslevel                           : 6
# log2stderr                              : False
# loglevel                                : 1
# method                                  : directional
# per_cell                                : None
# random_seed                             : None
# read_length                             : False
# short_help                              : None
# soft_clip_threshold                     : 4
# spliced                                 : False
# stderr                                  : <_io.TextIOWrapper name='<stderr>' mode='w' encoding='utf-8'>
# stdin                                   : <_io.TextIOWrapper name='../../../output/ChopTFs_pipeline/trebl_experiment_/trebl_experiment_RP_4_10_S54_R1_001_fastp/RP_4_10_S54_R1_001_fastp_umi_count_input.tsv' mode='r' encoding='UTF-8'>
# stdlog                                  : <_io.TextIOWrapper name='<stdout>' mode='w' encoding='utf-8'>
# stdout                                  : <_io.TextIOWrapper name='../../../output/ChopTFs_pipeline/trebl_experiment_/trebl_experiment_RP_4_10_S54_R1_001_fastp/RP_4_10_S54_R1_001_fastp_directional_umi_counts.tsv' mode='w' encoding='UTF-8'>
# threshold                               : 1
# timeit_file                             : None
# timeit_header                           : None
# timeit_name                             : all
# tmpdir                                  : None
2026-03-10 23:52:50,643 INFO Number of reads counted: 1569713
# job finished in 20 seconds at Tue Mar 10 23:52:50 2026 -- 29.40  0.55  0.00  0.00 -- 9105de7c-18c9-407b-881b-06e12ed586c9
Count_tab output saved to ../../../output/ChopTFs_pipeline/trebl_experiment_/trebl_experiment_RP_4_10_S54_R1_001_fastp/RP_4_10_S54_R1_001_fastp_directional_umi_counts.tsv
Deleted intermediate file ../../../output/ChopTFs_pipeline/trebl_experiment_/trebl_experiment_RP_4_10_S54_R1_001_fastp/RP_4_10_S54_R1_001_fastp_umi_count_input.tsv
Finished UMI Tools directional deduplication.

Saved to ../../../output/ChopTFs_pipeline/trebl_experiment_/trebl_experiment_RP_4_10_S54_R1_001_fastp/RP_4_10_S54_R1_001_fastp_simple_umi_counts.tsv
Saved to ../../../output/ChopTFs_pipeline/trebl_experiment_/trebl_experiment_RP_4_10_S54_R1_001_fastp/RP_4_10_S54_R1_001_fastp_reads_per_umi.tsv
Done in 2.07 seconds.

Reading 1 FASTQ/TXT file(s)...
Done in 32.62 seconds.

Reverse complement of sequences...
Done in 7.58 seconds.

Extracting 1 barcodes...
False
CTCGAG
GGCCGC
RPTR_BC: extracting between 'CTCGAG' and 'GGCCGC'
Done in 4.09 seconds.

Extracting UMI...
True
TGTCAC

UMI: extracting 12bp UMI after flank 'TGTCAC' near end of read
Done in 3.02 seconds.

Done in 5.85 seconds.

Mapping complete.
Base prefix (stable across descriptors): trebl_experiment_RP_3_15_S45_R1_001_fastp_RPTR_BC_
Full prefix for this instance: trebl_experiment_RP_3_15_S45_R1_001_fastp_RPTR_BC_

Using the following step order:
1. initial
2. quality


Filtering to high-quality reads...
Created table: trebl_experiment_RP_3_15_S45_R1_001_fastp_RPTR_BC_quality — filtered for TRUE in all *_qual columns.
Done in 7.43 seconds.

Done.
Saved loss summary table as 'trebl_experiment_RP_3_15_S45_R1_001_fastp_RPTR_BC_loss_summary'
Done in 0.02 seconds.

Starting simple deduplication.
Finished simple deduplication.

Starting UMI Tools directional deduplication.
Exported TSV for count_tab to ../../../output/ChopTFs_pipeline/trebl_experiment_/trebl_experiment_RP_3_15_S45_R1_001_fastp/RP_3_15_S45_R1_001_fastp_umi_count_input.tsv
# UMI-tools version: 1.1.6
# output generated by count_tab --stdin ../../../output/ChopTFs_pipeline/trebl_experiment_/trebl_experiment_RP_3_15_S45_R1_001_fastp/RP_3_15_S45_R1_001_fastp_umi_count_input.tsv --stdout ../../../output/ChopTFs_pipeline/trebl_experiment_/trebl_experiment_RP_3_15_S45_R1_001_fastp/RP_3_15_S45_R1_001_fastp_directional_umi_counts.tsv
# job started at Tue Mar 10 23:54:00 2026 on n0065.savio3 -- 8b1b3191-034a-4630-8457-8f6e3ac0f2a8
# pid: 16732, system: Linux 4.18.0-553.58.1.el8_10.x86_64 #1 SMP Thu Jun 26 15:50:39 UTC 2025 x86_64
# bc_sep                                  : _
# compresslevel                           : 6
# log2stderr                              : False
# loglevel                                : 1
# method                                  : directional
# per_cell                                : None
# random_seed                             : None
# read_length                             : False
# short_help                              : None
# soft_clip_threshold                     : 4
# spliced                                 : False
# stderr                                  : <_io.TextIOWrapper name='<stderr>' mode='w' encoding='utf-8'>
# stdin                                   : <_io.TextIOWrapper name='../../../output/ChopTFs_pipeline/trebl_experiment_/trebl_experiment_RP_3_15_S45_R1_001_fastp/RP_3_15_S45_R1_001_fastp_umi_count_input.tsv' mode='r' encoding='UTF-8'>
# stdlog                                  : <_io.TextIOWrapper name='<stdout>' mode='w' encoding='utf-8'>
# stdout                                  : <_io.TextIOWrapper name='../../../output/ChopTFs_pipeline/trebl_experiment_/trebl_experiment_RP_3_15_S45_R1_001_fastp/RP_3_15_S45_R1_001_fastp_directional_umi_counts.tsv' mode='w' encoding='UTF-8'>
# threshold                               : 1
# timeit_file                             : None
# timeit_header                           : None
# timeit_name                             : all
# tmpdir                                  : None
2026-03-10 23:54:35,309 INFO Number of reads counted: 2287225
# job finished in 35 seconds at Tue Mar 10 23:54:35 2026 -- 43.67  0.57  0.00  0.00 -- 8b1b3191-034a-4630-8457-8f6e3ac0f2a8
Count_tab output saved to ../../../output/ChopTFs_pipeline/trebl_experiment_/trebl_experiment_RP_3_15_S45_R1_001_fastp/RP_3_15_S45_R1_001_fastp_directional_umi_counts.tsv
Deleted intermediate file ../../../output/ChopTFs_pipeline/trebl_experiment_/trebl_experiment_RP_3_15_S45_R1_001_fastp/RP_3_15_S45_R1_001_fastp_umi_count_input.tsv
Finished UMI Tools directional deduplication.

Saved to ../../../output/ChopTFs_pipeline/trebl_experiment_/trebl_experiment_RP_3_15_S45_R1_001_fastp/RP_3_15_S45_R1_001_fastp_simple_umi_counts.tsv
Saved to ../../../output/ChopTFs_pipeline/trebl_experiment_/trebl_experiment_RP_3_15_S45_R1_001_fastp/RP_3_15_S45_R1_001_fastp_reads_per_umi.tsv
Done in 2.77 seconds.

Reading 1 FASTQ/TXT file(s)...
Done in 1.36 minutes.

Reverse complement of sequences...
Done in 14.98 seconds.

Extracting 1 barcodes...
False
CTCGAG
GGCCGC
RPTR_BC: extracting between 'CTCGAG' and 'GGCCGC'
Done in 6.73 seconds.

Extracting UMI...
True
TGTCAC

UMI: extracting 12bp UMI after flank 'TGTCAC' near end of read
Done in 4.99 seconds.

Done in 9.23 seconds.

Mapping complete.
Base prefix (stable across descriptors): trebl_experiment_RP_3_60_S50_R1_001_fastp_RPTR_BC_
Full prefix for this instance: trebl_experiment_RP_3_60_S50_R1_001_fastp_RPTR_BC_

Using the following step order:
1. initial
2. quality


Filtering to high-quality reads...
Created table: trebl_experiment_RP_3_60_S50_R1_001_fastp_RPTR_BC_quality — filtered for TRUE in all *_qual columns.
Done in 26.97 seconds.

Done.
Saved loss summary table as 'trebl_experiment_RP_3_60_S50_R1_001_fastp_RPTR_BC_loss_summary'
Done in 0.03 seconds.

Starting simple deduplication.
Finished simple deduplication.

Starting UMI Tools directional deduplication.
Exported TSV for count_tab to ../../../output/ChopTFs_pipeline/trebl_experiment_/trebl_experiment_RP_3_60_S50_R1_001_fastp/RP_3_60_S50_R1_001_fastp_umi_count_input.tsv
# UMI-tools version: 1.1.6
# output generated by count_tab --stdin ../../../output/ChopTFs_pipeline/trebl_experiment_/trebl_experiment_RP_3_60_S50_R1_001_fastp/RP_3_60_S50_R1_001_fastp_umi_count_input.tsv --stdout ../../../output/ChopTFs_pipeline/trebl_experiment_/trebl_experiment_RP_3_60_S50_R1_001_fastp/RP_3_60_S50_R1_001_fastp_directional_umi_counts.tsv
# job started at Tue Mar 10 23:57:12 2026 on n0065.savio3 -- 129c35f0-9f57-4287-b1ea-dbb04e62a05b
# pid: 16806, system: Linux 4.18.0-553.58.1.el8_10.x86_64 #1 SMP Thu Jun 26 15:50:39 UTC 2025 x86_64
# bc_sep                                  : _
# compresslevel                           : 6
# log2stderr                              : False
# loglevel                                : 1
# method                                  : directional
# per_cell                                : None
# random_seed                             : None
# read_length                             : False
# short_help                              : None
# soft_clip_threshold                     : 4
# spliced                                 : False
# stderr                                  : <_io.TextIOWrapper name='<stderr>' mode='w' encoding='utf-8'>
# stdin                                   : <_io.TextIOWrapper name='../../../output/ChopTFs_pipeline/trebl_experiment_/trebl_experiment_RP_3_60_S50_R1_001_fastp/RP_3_60_S50_R1_001_fastp_umi_count_input.tsv' mode='r' encoding='UTF-8'>
# stdlog                                  : <_io.TextIOWrapper name='<stdout>' mode='w' encoding='utf-8'>
# stdout                                  : <_io.TextIOWrapper name='../../../output/ChopTFs_pipeline/trebl_experiment_/trebl_experiment_RP_3_60_S50_R1_001_fastp/RP_3_60_S50_R1_001_fastp_directional_umi_counts.tsv' mode='w' encoding='UTF-8'>
# threshold                               : 1
# timeit_file                             : None
# timeit_header                           : None
# timeit_name                             : all
# tmpdir                                  : None
2026-03-10 23:58:32,362 INFO Number of reads counted: 3299546
# job finished in 79 seconds at Tue Mar 10 23:58:32 2026 -- 87.97  0.86  0.00  0.00 -- 129c35f0-9f57-4287-b1ea-dbb04e62a05b
Count_tab output saved to ../../../output/ChopTFs_pipeline/trebl_experiment_/trebl_experiment_RP_3_60_S50_R1_001_fastp/RP_3_60_S50_R1_001_fastp_directional_umi_counts.tsv
Deleted intermediate file ../../../output/ChopTFs_pipeline/trebl_experiment_/trebl_experiment_RP_3_60_S50_R1_001_fastp/RP_3_60_S50_R1_001_fastp_umi_count_input.tsv
Finished UMI Tools directional deduplication.

Saved to ../../../output/ChopTFs_pipeline/trebl_experiment_/trebl_experiment_RP_3_60_S50_R1_001_fastp/RP_3_60_S50_R1_001_fastp_simple_umi_counts.tsv
Saved to ../../../output/ChopTFs_pipeline/trebl_experiment_/trebl_experiment_RP_3_60_S50_R1_001_fastp/RP_3_60_S50_R1_001_fastp_reads_per_umi.tsv
Done in 5.91 seconds.

Reading 1 FASTQ/TXT file(s)...
Done in 6.63 seconds.

Reverse complement of sequences...
Done in 3.23 seconds.

Extracting 1 barcodes...
False
CTCGAG
GGCCGC
RPTR_BC: extracting between 'CTCGAG' and 'GGCCGC'
Done in 2.73 seconds.

Extracting UMI...
True
TGTCAC

UMI: extracting 12bp UMI after flank 'TGTCAC' near end of read
Done in 2.64 seconds.

Done in 3.41 seconds.

Mapping complete.
Base prefix (stable across descriptors): trebl_experiment_RP_3_0_S41_R1_001_fastp_RPTR_BC_
Full prefix for this instance: trebl_experiment_RP_3_0_S41_R1_001_fastp_RPTR_BC_

Using the following step order:
1. initial
2. quality


Filtering to high-quality reads...
Created table: trebl_experiment_RP_3_0_S41_R1_001_fastp_RPTR_BC_quality — filtered for TRUE in all *_qual columns.
Done in 2.96 seconds.

Done.
Saved loss summary table as 'trebl_experiment_RP_3_0_S41_R1_001_fastp_RPTR_BC_loss_summary'
Done in 0.55 seconds.

Starting simple deduplication.
Finished simple deduplication.

Starting UMI Tools directional deduplication.
Exported TSV for count_tab to ../../../output/ChopTFs_pipeline/trebl_experiment_/trebl_experiment_RP_3_0_S41_R1_001_fastp/RP_3_0_S41_R1_001_fastp_umi_count_input.tsv
# UMI-tools version: 1.1.6
# output generated by count_tab --stdin ../../../output/ChopTFs_pipeline/trebl_experiment_/trebl_experiment_RP_3_0_S41_R1_001_fastp/RP_3_0_S41_R1_001_fastp_umi_count_input.tsv --stdout ../../../output/ChopTFs_pipeline/trebl_experiment_/trebl_experiment_RP_3_0_S41_R1_001_fastp/RP_3_0_S41_R1_001_fastp_directional_umi_counts.tsv
# job started at Tue Mar 10 23:59:12 2026 on n0065.savio3 -- 4cbb1f51-d300-46ea-bfb4-e4342eec59b0
# pid: 16877, system: Linux 4.18.0-553.58.1.el8_10.x86_64 #1 SMP Thu Jun 26 15:50:39 UTC 2025 x86_64
# bc_sep                                  : _
# compresslevel                           : 6
# log2stderr                              : False
# loglevel                                : 1
# method                                  : directional
# per_cell                                : None
# random_seed                             : None
# read_length                             : False
# short_help                              : None
# soft_clip_threshold                     : 4
# spliced                                 : False
# stderr                                  : <_io.TextIOWrapper name='<stderr>' mode='w' encoding='utf-8'>
# stdin                                   : <_io.TextIOWrapper name='../../../output/ChopTFs_pipeline/trebl_experiment_/trebl_experiment_RP_3_0_S41_R1_001_fastp/RP_3_0_S41_R1_001_fastp_umi_count_input.tsv' mode='r' encoding='UTF-8'>
# stdlog                                  : <_io.TextIOWrapper name='<stdout>' mode='w' encoding='utf-8'>
# stdout                                  : <_io.TextIOWrapper name='../../../output/ChopTFs_pipeline/trebl_experiment_/trebl_experiment_RP_3_0_S41_R1_001_fastp/RP_3_0_S41_R1_001_fastp_directional_umi_counts.tsv' mode='w' encoding='UTF-8'>
# threshold                               : 1
# timeit_file                             : None
# timeit_header                           : None
# timeit_name                             : all
# tmpdir                                  : None
2026-03-10 23:59:16,842 INFO Number of reads counted: 495782
# job finished in 4 seconds at Tue Mar 10 23:59:16 2026 -- 12.75  0.38  0.00  0.00 -- 4cbb1f51-d300-46ea-bfb4-e4342eec59b0
Count_tab output saved to ../../../output/ChopTFs_pipeline/trebl_experiment_/trebl_experiment_RP_3_0_S41_R1_001_fastp/RP_3_0_S41_R1_001_fastp_directional_umi_counts.tsv
Deleted intermediate file ../../../output/ChopTFs_pipeline/trebl_experiment_/trebl_experiment_RP_3_0_S41_R1_001_fastp/RP_3_0_S41_R1_001_fastp_umi_count_input.tsv
Finished UMI Tools directional deduplication.

Saved to ../../../output/ChopTFs_pipeline/trebl_experiment_/trebl_experiment_RP_3_0_S41_R1_001_fastp/RP_3_0_S41_R1_001_fastp_simple_umi_counts.tsv
Saved to ../../../output/ChopTFs_pipeline/trebl_experiment_/trebl_experiment_RP_3_0_S41_R1_001_fastp/RP_3_0_S41_R1_001_fastp_reads_per_umi.tsv
Done in 0.63 seconds.

Reading 1 FASTQ/TXT file(s)...
Done in 15.02 seconds.

Reverse complement of sequences...
Done in 5.02 seconds.

Extracting 1 barcodes...
False
CTCGAG
GGCCGC
RPTR_BC: extracting between 'CTCGAG' and 'GGCCGC'
Done in 3.21 seconds.

Extracting UMI...
True
TGTCAC

UMI: extracting 12bp UMI after flank 'TGTCAC' near end of read
Done in 2.91 seconds.

Done in 4.06 seconds.

Mapping complete.
Base prefix (stable across descriptors): trebl_experiment_RP_4_5_S53_R1_001_fastp_RPTR_BC_
Full prefix for this instance: trebl_experiment_RP_4_5_S53_R1_001_fastp_RPTR_BC_

Using the following step order:
1. initial
2. quality


Filtering to high-quality reads...
Created table: trebl_experiment_RP_4_5_S53_R1_001_fastp_RPTR_BC_quality — filtered for TRUE in all *_qual columns.
Done in 4.43 seconds.

Done.
Saved loss summary table as 'trebl_experiment_RP_4_5_S53_R1_001_fastp_RPTR_BC_loss_summary'
Done in 0.02 seconds.

Starting simple deduplication.
Finished simple deduplication.

Starting UMI Tools directional deduplication.
Exported TSV for count_tab to ../../../output/ChopTFs_pipeline/trebl_experiment_/trebl_experiment_RP_4_5_S53_R1_001_fastp/RP_4_5_S53_R1_001_fastp_umi_count_input.tsv
# UMI-tools version: 1.1.6
# output generated by count_tab --stdin ../../../output/ChopTFs_pipeline/trebl_experiment_/trebl_experiment_RP_4_5_S53_R1_001_fastp/RP_4_5_S53_R1_001_fastp_umi_count_input.tsv --stdout ../../../output/ChopTFs_pipeline/trebl_experiment_/trebl_experiment_RP_4_5_S53_R1_001_fastp/RP_4_5_S53_R1_001_fastp_directional_umi_counts.tsv
# job started at Tue Mar 10 23:59:58 2026 on n0065.savio3 -- b0e416f9-0e8a-49fb-af8a-f7ef02e8cf1e
# pid: 16940, system: Linux 4.18.0-553.58.1.el8_10.x86_64 #1 SMP Thu Jun 26 15:50:39 UTC 2025 x86_64
# bc_sep                                  : _
# compresslevel                           : 6
# log2stderr                              : False
# loglevel                                : 1
# method                                  : directional
# per_cell                                : None
# random_seed                             : None
# read_length                             : False
# short_help                              : None
# soft_clip_threshold                     : 4
# spliced                                 : False
# stderr                                  : <_io.TextIOWrapper name='<stderr>' mode='w' encoding='utf-8'>
# stdin                                   : <_io.TextIOWrapper name='../../../output/ChopTFs_pipeline/trebl_experiment_/trebl_experiment_RP_4_5_S53_R1_001_fastp/RP_4_5_S53_R1_001_fastp_umi_count_input.tsv' mode='r' encoding='UTF-8'>
# stdlog                                  : <_io.TextIOWrapper name='<stdout>' mode='w' encoding='utf-8'>
# stdout                                  : <_io.TextIOWrapper name='../../../output/ChopTFs_pipeline/trebl_experiment_/trebl_experiment_RP_4_5_S53_R1_001_fastp/RP_4_5_S53_R1_001_fastp_directional_umi_counts.tsv' mode='w' encoding='UTF-8'>
# threshold                               : 1
# timeit_file                             : None
# timeit_header                           : None
# timeit_name                             : all
# tmpdir                                  : None
2026-03-11 00:00:06,587 INFO Number of reads counted: 423808
# job finished in 7 seconds at Wed Mar 11 00:00:06 2026 -- 16.60  0.40  0.00  0.00 -- b0e416f9-0e8a-49fb-af8a-f7ef02e8cf1e
Count_tab output saved to ../../../output/ChopTFs_pipeline/trebl_experiment_/trebl_experiment_RP_4_5_S53_R1_001_fastp/RP_4_5_S53_R1_001_fastp_directional_umi_counts.tsv
Deleted intermediate file ../../../output/ChopTFs_pipeline/trebl_experiment_/trebl_experiment_RP_4_5_S53_R1_001_fastp/RP_4_5_S53_R1_001_fastp_umi_count_input.tsv
Finished UMI Tools directional deduplication.

Saved to ../../../output/ChopTFs_pipeline/trebl_experiment_/trebl_experiment_RP_4_5_S53_R1_001_fastp/RP_4_5_S53_R1_001_fastp_simple_umi_counts.tsv
Saved to ../../../output/ChopTFs_pipeline/trebl_experiment_/trebl_experiment_RP_4_5_S53_R1_001_fastp/RP_4_5_S53_R1_001_fastp_reads_per_umi.tsv
Done in 0.66 seconds.

Reading 1 FASTQ/TXT file(s)...
Done in 6.04 seconds.

Reverse complement of sequences...
Done in 2.93 seconds.

Extracting 1 barcodes...
False
CTCGAG
GGCCGC
RPTR_BC: extracting between 'CTCGAG' and 'GGCCGC'
Done in 2.66 seconds.

Extracting UMI...
True
TGTCAC

UMI: extracting 12bp UMI after flank 'TGTCAC' near end of read
Done in 2.69 seconds.

Done in 3.46 seconds.

Mapping complete.
Base prefix (stable across descriptors): trebl_experiment_RP_2_0_S31_R1_001_fastp_RPTR_BC_
Full prefix for this instance: trebl_experiment_RP_2_0_S31_R1_001_fastp_RPTR_BC_

Using the following step order:
1. initial
2. quality


Filtering to high-quality reads...
Created table: trebl_experiment_RP_2_0_S31_R1_001_fastp_RPTR_BC_quality — filtered for TRUE in all *_qual columns.
Done in 3.47 seconds.

Done.
Saved loss summary table as 'trebl_experiment_RP_2_0_S31_R1_001_fastp_RPTR_BC_loss_summary'
Done in 0.02 seconds.

Starting simple deduplication.
Finished simple deduplication.

Starting UMI Tools directional deduplication.
Exported TSV for count_tab to ../../../output/ChopTFs_pipeline/trebl_experiment_/trebl_experiment_RP_2_0_S31_R1_001_fastp/RP_2_0_S31_R1_001_fastp_umi_count_input.tsv
# UMI-tools version: 1.1.6
# output generated by count_tab --stdin ../../../output/ChopTFs_pipeline/trebl_experiment_/trebl_experiment_RP_2_0_S31_R1_001_fastp/RP_2_0_S31_R1_001_fastp_umi_count_input.tsv --stdout ../../../output/ChopTFs_pipeline/trebl_experiment_/trebl_experiment_RP_2_0_S31_R1_001_fastp/RP_2_0_S31_R1_001_fastp_directional_umi_counts.tsv
# job started at Wed Mar 11 00:00:32 2026 on n0065.savio3 -- 14f7da59-113a-4a8d-a6a7-253b40776f46
# pid: 17022, system: Linux 4.18.0-553.58.1.el8_10.x86_64 #1 SMP Thu Jun 26 15:50:39 UTC 2025 x86_64
# bc_sep                                  : _
# compresslevel                           : 6
# log2stderr                              : False
# loglevel                                : 1
# method                                  : directional
# per_cell                                : None
# random_seed                             : None
# read_length                             : False
# short_help                              : None
# soft_clip_threshold                     : 4
# spliced                                 : False
# stderr                                  : <_io.TextIOWrapper name='<stderr>' mode='w' encoding='utf-8'>
# stdin                                   : <_io.TextIOWrapper name='../../../output/ChopTFs_pipeline/trebl_experiment_/trebl_experiment_RP_2_0_S31_R1_001_fastp/RP_2_0_S31_R1_001_fastp_umi_count_input.tsv' mode='r' encoding='UTF-8'>
# stdlog                                  : <_io.TextIOWrapper name='<stdout>' mode='w' encoding='utf-8'>
# stdout                                  : <_io.TextIOWrapper name='../../../output/ChopTFs_pipeline/trebl_experiment_/trebl_experiment_RP_2_0_S31_R1_001_fastp/RP_2_0_S31_R1_001_fastp_directional_umi_counts.tsv' mode='w' encoding='UTF-8'>
# threshold                               : 1
# timeit_file                             : None
# timeit_header                           : None
# timeit_name                             : all
# tmpdir                                  : None
2026-03-11 00:00:35,871 INFO Number of reads counted: 444193
# job finished in 3 seconds at Wed Mar 11 00:00:35 2026 -- 12.32  0.36  0.00  0.00 -- 14f7da59-113a-4a8d-a6a7-253b40776f46
Count_tab output saved to ../../../output/ChopTFs_pipeline/trebl_experiment_/trebl_experiment_RP_2_0_S31_R1_001_fastp/RP_2_0_S31_R1_001_fastp_directional_umi_counts.tsv
Deleted intermediate file ../../../output/ChopTFs_pipeline/trebl_experiment_/trebl_experiment_RP_2_0_S31_R1_001_fastp/RP_2_0_S31_R1_001_fastp_umi_count_input.tsv
Finished UMI Tools directional deduplication.

Saved to ../../../output/ChopTFs_pipeline/trebl_experiment_/trebl_experiment_RP_2_0_S31_R1_001_fastp/RP_2_0_S31_R1_001_fastp_simple_umi_counts.tsv
Saved to ../../../output/ChopTFs_pipeline/trebl_experiment_/trebl_experiment_RP_2_0_S31_R1_001_fastp/RP_2_0_S31_R1_001_fastp_reads_per_umi.tsv
Done in 0.59 seconds.

Reading 1 FASTQ/TXT file(s)...
Done in 17.45 seconds.

Reverse complement of sequences...
Done in 5.11 seconds.

Extracting 1 barcodes...
False
CTCGAG
GGCCGC
RPTR_BC: extracting between 'CTCGAG' and 'GGCCGC'
Done in 3.50 seconds.

Extracting UMI...
True
TGTCAC

UMI: extracting 12bp UMI after flank 'TGTCAC' near end of read
Done in 3.10 seconds.

Done in 3.30 seconds.

Mapping complete.
Base prefix (stable across descriptors): trebl_experiment_RP_3_5_S43_R1_001_fastp_RPTR_BC_
Full prefix for this instance: trebl_experiment_RP_3_5_S43_R1_001_fastp_RPTR_BC_

Using the following step order:
1. initial
2. quality


Filtering to high-quality reads...
Created table: trebl_experiment_RP_3_5_S43_R1_001_fastp_RPTR_BC_quality — filtered for TRUE in all *_qual columns.
Done in 4.58 seconds.

Done.
Saved loss summary table as 'trebl_experiment_RP_3_5_S43_R1_001_fastp_RPTR_BC_loss_summary'
Done in 0.02 seconds.

Starting simple deduplication.
Finished simple deduplication.

Starting UMI Tools directional deduplication.
Exported TSV for count_tab to ../../../output/ChopTFs_pipeline/trebl_experiment_/trebl_experiment_RP_3_5_S43_R1_001_fastp/RP_3_5_S43_R1_001_fastp_umi_count_input.tsv
# UMI-tools version: 1.1.6
# output generated by count_tab --stdin ../../../output/ChopTFs_pipeline/trebl_experiment_/trebl_experiment_RP_3_5_S43_R1_001_fastp/RP_3_5_S43_R1_001_fastp_umi_count_input.tsv --stdout ../../../output/ChopTFs_pipeline/trebl_experiment_/trebl_experiment_RP_3_5_S43_R1_001_fastp/RP_3_5_S43_R1_001_fastp_directional_umi_counts.tsv
# job started at Wed Mar 11 00:01:17 2026 on n0065.savio3 -- b46e5236-5a01-43cc-8225-9bb277fe7cfe
# pid: 17099, system: Linux 4.18.0-553.58.1.el8_10.x86_64 #1 SMP Thu Jun 26 15:50:39 UTC 2025 x86_64
# bc_sep                                  : _
# compresslevel                           : 6
# log2stderr                              : False
# loglevel                                : 1
# method                                  : directional
# per_cell                                : None
# random_seed                             : None
# read_length                             : False
# short_help                              : None
# soft_clip_threshold                     : 4
# spliced                                 : False
# stderr                                  : <_io.TextIOWrapper name='<stderr>' mode='w' encoding='utf-8'>
# stdin                                   : <_io.TextIOWrapper name='../../../output/ChopTFs_pipeline/trebl_experiment_/trebl_experiment_RP_3_5_S43_R1_001_fastp/RP_3_5_S43_R1_001_fastp_umi_count_input.tsv' mode='r' encoding='UTF-8'>
# stdlog                                  : <_io.TextIOWrapper name='<stdout>' mode='w' encoding='utf-8'>
# stdout                                  : <_io.TextIOWrapper name='../../../output/ChopTFs_pipeline/trebl_experiment_/trebl_experiment_RP_3_5_S43_R1_001_fastp/RP_3_5_S43_R1_001_fastp_directional_umi_counts.tsv' mode='w' encoding='UTF-8'>
# threshold                               : 1
# timeit_file                             : None
# timeit_header                           : None
# timeit_name                             : all
# tmpdir                                  : None
2026-03-11 00:01:27,379 INFO Number of reads counted: 727105
# job finished in 10 seconds at Wed Mar 11 00:01:27 2026 -- 18.76  0.49  0.00  0.00 -- b46e5236-5a01-43cc-8225-9bb277fe7cfe
Count_tab output saved to ../../../output/ChopTFs_pipeline/trebl_experiment_/trebl_experiment_RP_3_5_S43_R1_001_fastp/RP_3_5_S43_R1_001_fastp_directional_umi_counts.tsv
Deleted intermediate file ../../../output/ChopTFs_pipeline/trebl_experiment_/trebl_experiment_RP_3_5_S43_R1_001_fastp/RP_3_5_S43_R1_001_fastp_umi_count_input.tsv
Finished UMI Tools directional deduplication.

Saved to ../../../output/ChopTFs_pipeline/trebl_experiment_/trebl_experiment_RP_3_5_S43_R1_001_fastp/RP_3_5_S43_R1_001_fastp_simple_umi_counts.tsv
Saved to ../../../output/ChopTFs_pipeline/trebl_experiment_/trebl_experiment_RP_3_5_S43_R1_001_fastp/RP_3_5_S43_R1_001_fastp_reads_per_umi.tsv
Done in 1.01 seconds.

Reading 1 FASTQ/TXT file(s)...
Done in 14.40 seconds.

Reverse complement of sequences...
Done in 4.84 seconds.

Extracting 1 barcodes...
False
CTCGAG
GGCCGC
RPTR_BC: extracting between 'CTCGAG' and 'GGCCGC'
Done in 3.27 seconds.

Extracting UMI...
True
TGTCAC

UMI: extracting 12bp UMI after flank 'TGTCAC' near end of read
Done in 3.17 seconds.

Done in 4.48 seconds.

Mapping complete.
Base prefix (stable across descriptors): trebl_experiment_RP_2_5_S33_R1_001_fastp_RPTR_BC_
Full prefix for this instance: trebl_experiment_RP_2_5_S33_R1_001_fastp_RPTR_BC_

Using the following step order:
1. initial
2. quality


Filtering to high-quality reads...
Created table: trebl_experiment_RP_2_5_S33_R1_001_fastp_RPTR_BC_quality — filtered for TRUE in all *_qual columns.
Done in 4.34 seconds.

Done.
Saved loss summary table as 'trebl_experiment_RP_2_5_S33_R1_001_fastp_RPTR_BC_loss_summary'
Done in 0.04 seconds.

Starting simple deduplication.
Finished simple deduplication.

Starting UMI Tools directional deduplication.
Exported TSV for count_tab to ../../../output/ChopTFs_pipeline/trebl_experiment_/trebl_experiment_RP_2_5_S33_R1_001_fastp/RP_2_5_S33_R1_001_fastp_umi_count_input.tsv
# UMI-tools version: 1.1.6
# output generated by count_tab --stdin ../../../output/ChopTFs_pipeline/trebl_experiment_/trebl_experiment_RP_2_5_S33_R1_001_fastp/RP_2_5_S33_R1_001_fastp_umi_count_input.tsv --stdout ../../../output/ChopTFs_pipeline/trebl_experiment_/trebl_experiment_RP_2_5_S33_R1_001_fastp/RP_2_5_S33_R1_001_fastp_directional_umi_counts.tsv
# job started at Wed Mar 11 00:02:07 2026 on n0065.savio3 -- 79851a5c-8a4d-483a-911c-64db46d5b6b3
# pid: 17162, system: Linux 4.18.0-553.58.1.el8_10.x86_64 #1 SMP Thu Jun 26 15:50:39 UTC 2025 x86_64
# bc_sep                                  : _
# compresslevel                           : 6
# log2stderr                              : False
# loglevel                                : 1
# method                                  : directional
# per_cell                                : None
# random_seed                             : None
# read_length                             : False
# short_help                              : None
# soft_clip_threshold                     : 4
# spliced                                 : False
# stderr                                  : <_io.TextIOWrapper name='<stderr>' mode='w' encoding='utf-8'>
# stdin                                   : <_io.TextIOWrapper name='../../../output/ChopTFs_pipeline/trebl_experiment_/trebl_experiment_RP_2_5_S33_R1_001_fastp/RP_2_5_S33_R1_001_fastp_umi_count_input.tsv' mode='r' encoding='UTF-8'>
# stdlog                                  : <_io.TextIOWrapper name='<stdout>' mode='w' encoding='utf-8'>
# stdout                                  : <_io.TextIOWrapper name='../../../output/ChopTFs_pipeline/trebl_experiment_/trebl_experiment_RP_2_5_S33_R1_001_fastp/RP_2_5_S33_R1_001_fastp_directional_umi_counts.tsv' mode='w' encoding='UTF-8'>
# threshold                               : 1
# timeit_file                             : None
# timeit_header                           : None
# timeit_name                             : all
# tmpdir                                  : None
2026-03-11 00:02:15,689 INFO Number of reads counted: 508741
# job finished in 7 seconds at Wed Mar 11 00:02:15 2026 -- 16.21  0.41  0.00  0.00 -- 79851a5c-8a4d-483a-911c-64db46d5b6b3
Count_tab output saved to ../../../output/ChopTFs_pipeline/trebl_experiment_/trebl_experiment_RP_2_5_S33_R1_001_fastp/RP_2_5_S33_R1_001_fastp_directional_umi_counts.tsv
Deleted intermediate file ../../../output/ChopTFs_pipeline/trebl_experiment_/trebl_experiment_RP_2_5_S33_R1_001_fastp/RP_2_5_S33_R1_001_fastp_umi_count_input.tsv
Finished UMI Tools directional deduplication.

Saved to ../../../output/ChopTFs_pipeline/trebl_experiment_/trebl_experiment_RP_2_5_S33_R1_001_fastp/RP_2_5_S33_R1_001_fastp_simple_umi_counts.tsv
Saved to ../../../output/ChopTFs_pipeline/trebl_experiment_/trebl_experiment_RP_2_5_S33_R1_001_fastp/RP_2_5_S33_R1_001_fastp_reads_per_umi.tsv
Done in 0.79 seconds.

Reading 1 FASTQ/TXT file(s)...
Done in 53.98 seconds.

Reverse complement of sequences...
Done in 10.84 seconds.

Extracting 1 barcodes...
False
CTCGAG
GGCCGC
RPTR_BC: extracting between 'CTCGAG' and 'GGCCGC'
Done in 5.34 seconds.

Extracting UMI...
True
TGTCAC

UMI: extracting 12bp UMI after flank 'TGTCAC' near end of read
Done in 4.02 seconds.

Done in 9.11 seconds.

Mapping complete.
Base prefix (stable across descriptors): trebl_experiment_RP_3_30_S47_R1_001_fastp_RPTR_BC_
Full prefix for this instance: trebl_experiment_RP_3_30_S47_R1_001_fastp_RPTR_BC_

Using the following step order:
1. initial
2. quality


Filtering to high-quality reads...
Created table: trebl_experiment_RP_3_30_S47_R1_001_fastp_RPTR_BC_quality — filtered for TRUE in all *_qual columns.
Done in 15.90 seconds.

Done.
Saved loss summary table as 'trebl_experiment_RP_3_30_S47_R1_001_fastp_RPTR_BC_loss_summary'
Done in 0.03 seconds.

Starting simple deduplication.
Finished simple deduplication.

Starting UMI Tools directional deduplication.
Exported TSV for count_tab to ../../../output/ChopTFs_pipeline/trebl_experiment_/trebl_experiment_RP_3_30_S47_R1_001_fastp/RP_3_30_S47_R1_001_fastp_umi_count_input.tsv
# UMI-tools version: 1.1.6
# output generated by count_tab --stdin ../../../output/ChopTFs_pipeline/trebl_experiment_/trebl_experiment_RP_3_30_S47_R1_001_fastp/RP_3_30_S47_R1_001_fastp_umi_count_input.tsv --stdout ../../../output/ChopTFs_pipeline/trebl_experiment_/trebl_experiment_RP_3_30_S47_R1_001_fastp/RP_3_30_S47_R1_001_fastp_directional_umi_counts.tsv
# job started at Wed Mar 11 00:04:00 2026 on n0065.savio3 -- 653afdcd-e9e9-48e8-93d1-4f9eadec2dc4
# pid: 17233, system: Linux 4.18.0-553.58.1.el8_10.x86_64 #1 SMP Thu Jun 26 15:50:39 UTC 2025 x86_64
# bc_sep                                  : _
# compresslevel                           : 6
# log2stderr                              : False
# loglevel                                : 1
# method                                  : directional
# per_cell                                : None
# random_seed                             : None
# read_length                             : False
# short_help                              : None
# soft_clip_threshold                     : 4
# spliced                                 : False
# stderr                                  : <_io.TextIOWrapper name='<stderr>' mode='w' encoding='utf-8'>
# stdin                                   : <_io.TextIOWrapper name='../../../output/ChopTFs_pipeline/trebl_experiment_/trebl_experiment_RP_3_30_S47_R1_001_fastp/RP_3_30_S47_R1_001_fastp_umi_count_input.tsv' mode='r' encoding='UTF-8'>
# stdlog                                  : <_io.TextIOWrapper name='<stdout>' mode='w' encoding='utf-8'>
# stdout                                  : <_io.TextIOWrapper name='../../../output/ChopTFs_pipeline/trebl_experiment_/trebl_experiment_RP_3_30_S47_R1_001_fastp/RP_3_30_S47_R1_001_fastp_directional_umi_counts.tsv' mode='w' encoding='UTF-8'>
# threshold                               : 1
# timeit_file                             : None
# timeit_header                           : None
# timeit_name                             : all
# tmpdir                                  : None
2026-03-11 00:04:59,892 INFO Number of reads counted: 2755022
# job finished in 59 seconds at Wed Mar 11 00:04:59 2026 -- 67.38  0.69  0.00  0.00 -- 653afdcd-e9e9-48e8-93d1-4f9eadec2dc4
Count_tab output saved to ../../../output/ChopTFs_pipeline/trebl_experiment_/trebl_experiment_RP_3_30_S47_R1_001_fastp/RP_3_30_S47_R1_001_fastp_directional_umi_counts.tsv
Deleted intermediate file ../../../output/ChopTFs_pipeline/trebl_experiment_/trebl_experiment_RP_3_30_S47_R1_001_fastp/RP_3_30_S47_R1_001_fastp_umi_count_input.tsv
Finished UMI Tools directional deduplication.

Saved to ../../../output/ChopTFs_pipeline/trebl_experiment_/trebl_experiment_RP_3_30_S47_R1_001_fastp/RP_3_30_S47_R1_001_fastp_simple_umi_counts.tsv
Saved to ../../../output/ChopTFs_pipeline/trebl_experiment_/trebl_experiment_RP_3_30_S47_R1_001_fastp/RP_3_30_S47_R1_001_fastp_reads_per_umi.tsv
Done in 3.53 seconds.

Reading 1 FASTQ/TXT file(s)...
Done in 1.04 minutes.

Reverse complement of sequences...
Done in 12.26 seconds.

Extracting 1 barcodes...
False
CTCGAG
GGCCGC
RPTR_BC: extracting between 'CTCGAG' and 'GGCCGC'
Done in 6.21 seconds.

Extracting UMI...
True
TGTCAC

UMI: extracting 12bp UMI after flank 'TGTCAC' near end of read
Done in 4.81 seconds.

Done in 7.54 seconds.

Mapping complete.
Base prefix (stable across descriptors): trebl_experiment_RP_3_40_S48_R1_001_fastp_RPTR_BC_
Full prefix for this instance: trebl_experiment_RP_3_40_S48_R1_001_fastp_RPTR_BC_

Using the following step order:
1. initial
2. quality


Filtering to high-quality reads...
Created table: trebl_experiment_RP_3_40_S48_R1_001_fastp_RPTR_BC_quality — filtered for TRUE in all *_qual columns.
Done in 17.13 seconds.

Done.
Saved loss summary table as 'trebl_experiment_RP_3_40_S48_R1_001_fastp_RPTR_BC_loss_summary'
Done in 0.03 seconds.

Starting simple deduplication.
Finished simple deduplication.

Starting UMI Tools directional deduplication.
Exported TSV for count_tab to ../../../output/ChopTFs_pipeline/trebl_experiment_/trebl_experiment_RP_3_40_S48_R1_001_fastp/RP_3_40_S48_R1_001_fastp_umi_count_input.tsv
# UMI-tools version: 1.1.6
# output generated by count_tab --stdin ../../../output/ChopTFs_pipeline/trebl_experiment_/trebl_experiment_RP_3_40_S48_R1_001_fastp/RP_3_40_S48_R1_001_fastp_umi_count_input.tsv --stdout ../../../output/ChopTFs_pipeline/trebl_experiment_/trebl_experiment_RP_3_40_S48_R1_001_fastp/RP_3_40_S48_R1_001_fastp_directional_umi_counts.tsv
# job started at Wed Mar 11 00:07:03 2026 on n0065.savio3 -- 5e3ba3a3-92f7-45f6-8d0a-aa490517a81a
# pid: 17321, system: Linux 4.18.0-553.58.1.el8_10.x86_64 #1 SMP Thu Jun 26 15:50:39 UTC 2025 x86_64
# bc_sep                                  : _
# compresslevel                           : 6
# log2stderr                              : False
# loglevel                                : 1
# method                                  : directional
# per_cell                                : None
# random_seed                             : None
# read_length                             : False
# short_help                              : None
# soft_clip_threshold                     : 4
# spliced                                 : False
# stderr                                  : <_io.TextIOWrapper name='<stderr>' mode='w' encoding='utf-8'>
# stdin                                   : <_io.TextIOWrapper name='../../../output/ChopTFs_pipeline/trebl_experiment_/trebl_experiment_RP_3_40_S48_R1_001_fastp/RP_3_40_S48_R1_001_fastp_umi_count_input.tsv' mode='r' encoding='UTF-8'>
# stdlog                                  : <_io.TextIOWrapper name='<stdout>' mode='w' encoding='utf-8'>
# stdout                                  : <_io.TextIOWrapper name='../../../output/ChopTFs_pipeline/trebl_experiment_/trebl_experiment_RP_3_40_S48_R1_001_fastp/RP_3_40_S48_R1_001_fastp_directional_umi_counts.tsv' mode='w' encoding='UTF-8'>
# threshold                               : 1
# timeit_file                             : None
# timeit_header                           : None
# timeit_name                             : all
# tmpdir                                  : None
2026-03-11 00:08:31,823 INFO Number of reads counted: 3693921
# job finished in 88 seconds at Wed Mar 11 00:08:31 2026 -- 96.79  0.81  0.00  0.00 -- 5e3ba3a3-92f7-45f6-8d0a-aa490517a81a
Count_tab output saved to ../../../output/ChopTFs_pipeline/trebl_experiment_/trebl_experiment_RP_3_40_S48_R1_001_fastp/RP_3_40_S48_R1_001_fastp_directional_umi_counts.tsv
Deleted intermediate file ../../../output/ChopTFs_pipeline/trebl_experiment_/trebl_experiment_RP_3_40_S48_R1_001_fastp/RP_3_40_S48_R1_001_fastp_umi_count_input.tsv
Finished UMI Tools directional deduplication.

Saved to ../../../output/ChopTFs_pipeline/trebl_experiment_/trebl_experiment_RP_3_40_S48_R1_001_fastp/RP_3_40_S48_R1_001_fastp_simple_umi_counts.tsv
Saved to ../../../output/ChopTFs_pipeline/trebl_experiment_/trebl_experiment_RP_3_40_S48_R1_001_fastp/RP_3_40_S48_R1_001_fastp_reads_per_umi.tsv
Done in 4.71 seconds.

Reading 1 FASTQ/TXT file(s)...
Done in 59.54 seconds.

Reverse complement of sequences...
Done in 11.62 seconds.

Extracting 1 barcodes...
False
CTCGAG
GGCCGC
RPTR_BC: extracting between 'CTCGAG' and 'GGCCGC'
Done in 5.92 seconds.

Extracting UMI...
True
TGTCAC

UMI: extracting 12bp UMI after flank 'TGTCAC' near end of read
Done in 5.02 seconds.

Done in 11.67 seconds.

Mapping complete.
Base prefix (stable across descriptors): trebl_experiment_RP_2_40_S38_R1_001_fastp_RPTR_BC_
Full prefix for this instance: trebl_experiment_RP_2_40_S38_R1_001_fastp_RPTR_BC_

Using the following step order:
1. initial
2. quality


Filtering to high-quality reads...
Created table: trebl_experiment_RP_2_40_S38_R1_001_fastp_RPTR_BC_quality — filtered for TRUE in all *_qual columns.
Done in 17.71 seconds.

Done.
Saved loss summary table as 'trebl_experiment_RP_2_40_S38_R1_001_fastp_RPTR_BC_loss_summary'
Done in 0.12 seconds.

Starting simple deduplication.
Finished simple deduplication.

Starting UMI Tools directional deduplication.
Exported TSV for count_tab to ../../../output/ChopTFs_pipeline/trebl_experiment_/trebl_experiment_RP_2_40_S38_R1_001_fastp/RP_2_40_S38_R1_001_fastp_umi_count_input.tsv
# UMI-tools version: 1.1.6
# output generated by count_tab --stdin ../../../output/ChopTFs_pipeline/trebl_experiment_/trebl_experiment_RP_2_40_S38_R1_001_fastp/RP_2_40_S38_R1_001_fastp_umi_count_input.tsv --stdout ../../../output/ChopTFs_pipeline/trebl_experiment_/trebl_experiment_RP_2_40_S38_R1_001_fastp/RP_2_40_S38_R1_001_fastp_directional_umi_counts.tsv
# job started at Wed Mar 11 00:10:44 2026 on n0065.savio3 -- ed72a1f2-5caf-42dd-93fe-519599af835f
# pid: 17408, system: Linux 4.18.0-553.58.1.el8_10.x86_64 #1 SMP Thu Jun 26 15:50:39 UTC 2025 x86_64
# bc_sep                                  : _
# compresslevel                           : 6
# log2stderr                              : False
# loglevel                                : 1
# method                                  : directional
# per_cell                                : None
# random_seed                             : None
# read_length                             : False
# short_help                              : None
# soft_clip_threshold                     : 4
# spliced                                 : False
# stderr                                  : <_io.TextIOWrapper name='<stderr>' mode='w' encoding='utf-8'>
# stdin                                   : <_io.TextIOWrapper name='../../../output/ChopTFs_pipeline/trebl_experiment_/trebl_experiment_RP_2_40_S38_R1_001_fastp/RP_2_40_S38_R1_001_fastp_umi_count_input.tsv' mode='r' encoding='UTF-8'>
# stdlog                                  : <_io.TextIOWrapper name='<stdout>' mode='w' encoding='utf-8'>
# stdout                                  : <_io.TextIOWrapper name='../../../output/ChopTFs_pipeline/trebl_experiment_/trebl_experiment_RP_2_40_S38_R1_001_fastp/RP_2_40_S38_R1_001_fastp_directional_umi_counts.tsv' mode='w' encoding='UTF-8'>
# threshold                               : 1
# timeit_file                             : None
# timeit_header                           : None
# timeit_name                             : all
# tmpdir                                  : None
2026-03-11 00:12:22,074 INFO Number of reads counted: 4065663
# job finished in 97 seconds at Wed Mar 11 00:12:22 2026 -- 105.47  0.79  0.00  0.00 -- ed72a1f2-5caf-42dd-93fe-519599af835f
Count_tab output saved to ../../../output/ChopTFs_pipeline/trebl_experiment_/trebl_experiment_RP_2_40_S38_R1_001_fastp/RP_2_40_S38_R1_001_fastp_directional_umi_counts.tsv
Deleted intermediate file ../../../output/ChopTFs_pipeline/trebl_experiment_/trebl_experiment_RP_2_40_S38_R1_001_fastp/RP_2_40_S38_R1_001_fastp_umi_count_input.tsv
Finished UMI Tools directional deduplication.

Saved to ../../../output/ChopTFs_pipeline/trebl_experiment_/trebl_experiment_RP_2_40_S38_R1_001_fastp/RP_2_40_S38_R1_001_fastp_simple_umi_counts.tsv
Saved to ../../../output/ChopTFs_pipeline/trebl_experiment_/trebl_experiment_RP_2_40_S38_R1_001_fastp/RP_2_40_S38_R1_001_fastp_reads_per_umi.tsv
Done in 6.30 seconds.

Reading 1 FASTQ/TXT file(s)...
Done in 1.30 minutes.

Reverse complement of sequences...
Done in 15.11 seconds.

Extracting 1 barcodes...
False
CTCGAG
GGCCGC
RPTR_BC: extracting between 'CTCGAG' and 'GGCCGC'
Done in 6.92 seconds.

Extracting UMI...
True
TGTCAC

UMI: extracting 12bp UMI after flank 'TGTCAC' near end of read
Done in 5.08 seconds.

Done in 10.12 seconds.

Mapping complete.
Base prefix (stable across descriptors): trebl_experiment_RP_4_60_S60_R1_001_fastp_RPTR_BC_
Full prefix for this instance: trebl_experiment_RP_4_60_S60_R1_001_fastp_RPTR_BC_

Using the following step order:
1. initial
2. quality


Filtering to high-quality reads...
Created table: trebl_experiment_RP_4_60_S60_R1_001_fastp_RPTR_BC_quality — filtered for TRUE in all *_qual columns.
Done in 23.42 seconds.

Done.
Saved loss summary table as 'trebl_experiment_RP_4_60_S60_R1_001_fastp_RPTR_BC_loss_summary'
Done in 0.72 seconds.

Starting simple deduplication.
Finished simple deduplication.

Starting UMI Tools directional deduplication.
Exported TSV for count_tab to ../../../output/ChopTFs_pipeline/trebl_experiment_/trebl_experiment_RP_4_60_S60_R1_001_fastp/RP_4_60_S60_R1_001_fastp_umi_count_input.tsv
# UMI-tools version: 1.1.6
# output generated by count_tab --stdin ../../../output/ChopTFs_pipeline/trebl_experiment_/trebl_experiment_RP_4_60_S60_R1_001_fastp/RP_4_60_S60_R1_001_fastp_umi_count_input.tsv --stdout ../../../output/ChopTFs_pipeline/trebl_experiment_/trebl_experiment_RP_4_60_S60_R1_001_fastp/RP_4_60_S60_R1_001_fastp_directional_umi_counts.tsv
# job started at Wed Mar 11 00:15:03 2026 on n0065.savio3 -- 5412bd1e-d988-468c-804f-3669574dfb61
# pid: 17479, system: Linux 4.18.0-553.58.1.el8_10.x86_64 #1 SMP Thu Jun 26 15:50:39 UTC 2025 x86_64
# bc_sep                                  : _
# compresslevel                           : 6
# log2stderr                              : False
# loglevel                                : 1
# method                                  : directional
# per_cell                                : None
# random_seed                             : None
# read_length                             : False
# short_help                              : None
# soft_clip_threshold                     : 4
# spliced                                 : False
# stderr                                  : <_io.TextIOWrapper name='<stderr>' mode='w' encoding='utf-8'>
# stdin                                   : <_io.TextIOWrapper name='../../../output/ChopTFs_pipeline/trebl_experiment_/trebl_experiment_RP_4_60_S60_R1_001_fastp/RP_4_60_S60_R1_001_fastp_umi_count_input.tsv' mode='r' encoding='UTF-8'>
# stdlog                                  : <_io.TextIOWrapper name='<stdout>' mode='w' encoding='utf-8'>
# stdout                                  : <_io.TextIOWrapper name='../../../output/ChopTFs_pipeline/trebl_experiment_/trebl_experiment_RP_4_60_S60_R1_001_fastp/RP_4_60_S60_R1_001_fastp_directional_umi_counts.tsv' mode='w' encoding='UTF-8'>
# threshold                               : 1
# timeit_file                             : None
# timeit_header                           : None
# timeit_name                             : all
# tmpdir                                  : None
2026-03-11 00:16:22,506 INFO Number of reads counted: 3305602
# job finished in 78 seconds at Wed Mar 11 00:16:22 2026 -- 86.90  0.87  0.00  0.00 -- 5412bd1e-d988-468c-804f-3669574dfb61
Count_tab output saved to ../../../output/ChopTFs_pipeline/trebl_experiment_/trebl_experiment_RP_4_60_S60_R1_001_fastp/RP_4_60_S60_R1_001_fastp_directional_umi_counts.tsv
Deleted intermediate file ../../../output/ChopTFs_pipeline/trebl_experiment_/trebl_experiment_RP_4_60_S60_R1_001_fastp/RP_4_60_S60_R1_001_fastp_umi_count_input.tsv
Finished UMI Tools directional deduplication.

Saved to ../../../output/ChopTFs_pipeline/trebl_experiment_/trebl_experiment_RP_4_60_S60_R1_001_fastp/RP_4_60_S60_R1_001_fastp_simple_umi_counts.tsv
Saved to ../../../output/ChopTFs_pipeline/trebl_experiment_/trebl_experiment_RP_4_60_S60_R1_001_fastp/RP_4_60_S60_R1_001_fastp_reads_per_umi.tsv
Done in 5.51 seconds.

Reading 1 FASTQ/TXT file(s)...
Done in 51.67 seconds.

Reverse complement of sequences...
Done in 10.62 seconds.

Extracting 1 barcodes...
False
CTCGAG
GGCCGC
RPTR_BC: extracting between 'CTCGAG' and 'GGCCGC'
Done in 5.65 seconds.

Extracting UMI...
True
TGTCAC

UMI: extracting 12bp UMI after flank 'TGTCAC' near end of read
Done in 4.29 seconds.

Done in 6.45 seconds.

Mapping complete.
Base prefix (stable across descriptors): trebl_experiment_RP_4_30_S57_R1_001_fastp_RPTR_BC_
Full prefix for this instance: trebl_experiment_RP_4_30_S57_R1_001_fastp_RPTR_BC_

Using the following step order:
1. initial
2. quality


Filtering to high-quality reads...
Created table: trebl_experiment_RP_4_30_S57_R1_001_fastp_RPTR_BC_quality — filtered for TRUE in all *_qual columns.
Done in 12.44 seconds.

Done.
Saved loss summary table as 'trebl_experiment_RP_4_30_S57_R1_001_fastp_RPTR_BC_loss_summary'
Done in 0.03 seconds.

Starting simple deduplication.
Finished simple deduplication.

Starting UMI Tools directional deduplication.
Exported TSV for count_tab to ../../../output/ChopTFs_pipeline/trebl_experiment_/trebl_experiment_RP_4_30_S57_R1_001_fastp/RP_4_30_S57_R1_001_fastp_umi_count_input.tsv
# UMI-tools version: 1.1.6
# output generated by count_tab --stdin ../../../output/ChopTFs_pipeline/trebl_experiment_/trebl_experiment_RP_4_30_S57_R1_001_fastp/RP_4_30_S57_R1_001_fastp_umi_count_input.tsv --stdout ../../../output/ChopTFs_pipeline/trebl_experiment_/trebl_experiment_RP_4_30_S57_R1_001_fastp/RP_4_30_S57_R1_001_fastp_directional_umi_counts.tsv
# job started at Wed Mar 11 00:18:11 2026 on n0065.savio3 -- 353e1b23-da76-4bb0-88c8-c16e27f68db1
# pid: 17553, system: Linux 4.18.0-553.58.1.el8_10.x86_64 #1 SMP Thu Jun 26 15:50:39 UTC 2025 x86_64
# bc_sep                                  : _
# compresslevel                           : 6
# log2stderr                              : False
# loglevel                                : 1
# method                                  : directional
# per_cell                                : None
# random_seed                             : None
# read_length                             : False
# short_help                              : None
# soft_clip_threshold                     : 4
# spliced                                 : False
# stderr                                  : <_io.TextIOWrapper name='<stderr>' mode='w' encoding='utf-8'>
# stdin                                   : <_io.TextIOWrapper name='../../../output/ChopTFs_pipeline/trebl_experiment_/trebl_experiment_RP_4_30_S57_R1_001_fastp/RP_4_30_S57_R1_001_fastp_umi_count_input.tsv' mode='r' encoding='UTF-8'>
# stdlog                                  : <_io.TextIOWrapper name='<stdout>' mode='w' encoding='utf-8'>
# stdout                                  : <_io.TextIOWrapper name='../../../output/ChopTFs_pipeline/trebl_experiment_/trebl_experiment_RP_4_30_S57_R1_001_fastp/RP_4_30_S57_R1_001_fastp_directional_umi_counts.tsv' mode='w' encoding='UTF-8'>
# threshold                               : 1
# timeit_file                             : None
# timeit_header                           : None
# timeit_name                             : all
# tmpdir                                  : None
2026-03-11 00:19:15,700 INFO Number of reads counted: 3097578
# job finished in 63 seconds at Wed Mar 11 00:19:15 2026 -- 70.54  0.69  0.00  0.00 -- 353e1b23-da76-4bb0-88c8-c16e27f68db1
Count_tab output saved to ../../../output/ChopTFs_pipeline/trebl_experiment_/trebl_experiment_RP_4_30_S57_R1_001_fastp/RP_4_30_S57_R1_001_fastp_directional_umi_counts.tsv
Deleted intermediate file ../../../output/ChopTFs_pipeline/trebl_experiment_/trebl_experiment_RP_4_30_S57_R1_001_fastp/RP_4_30_S57_R1_001_fastp_umi_count_input.tsv
Finished UMI Tools directional deduplication.

Saved to ../../../output/ChopTFs_pipeline/trebl_experiment_/trebl_experiment_RP_4_30_S57_R1_001_fastp/RP_4_30_S57_R1_001_fastp_simple_umi_counts.tsv
Saved to ../../../output/ChopTFs_pipeline/trebl_experiment_/trebl_experiment_RP_4_30_S57_R1_001_fastp/RP_4_30_S57_R1_001_fastp_reads_per_umi.tsv
Done in 3.87 seconds.

Reading 1 FASTQ/TXT file(s)...
Done in 51.45 seconds.

Reverse complement of sequences...
Done in 10.55 seconds.

Extracting 1 barcodes...
False
CTCGAG
GGCCGC
RPTR_BC: extracting between 'CTCGAG' and 'GGCCGC'
Done in 5.63 seconds.

Extracting UMI...
True
TGTCAC

UMI: extracting 12bp UMI after flank 'TGTCAC' near end of read
Done in 4.64 seconds.

Done in 7.06 seconds.

Mapping complete.
Base prefix (stable across descriptors): trebl_experiment_RP_3_10_S44_R1_001_fastp_RPTR_BC_
Full prefix for this instance: trebl_experiment_RP_3_10_S44_R1_001_fastp_RPTR_BC_

Using the following step order:
1. initial
2. quality


Filtering to high-quality reads...
Created table: trebl_experiment_RP_3_10_S44_R1_001_fastp_RPTR_BC_quality — filtered for TRUE in all *_qual columns.
Done in 14.06 seconds.

Done.
Saved loss summary table as 'trebl_experiment_RP_3_10_S44_R1_001_fastp_RPTR_BC_loss_summary'
Done in 0.02 seconds.

Starting simple deduplication.
Finished simple deduplication.

Starting UMI Tools directional deduplication.
Exported TSV for count_tab to ../../../output/ChopTFs_pipeline/trebl_experiment_/trebl_experiment_RP_3_10_S44_R1_001_fastp/RP_3_10_S44_R1_001_fastp_umi_count_input.tsv
# UMI-tools version: 1.1.6
# output generated by count_tab --stdin ../../../output/ChopTFs_pipeline/trebl_experiment_/trebl_experiment_RP_3_10_S44_R1_001_fastp/RP_3_10_S44_R1_001_fastp_umi_count_input.tsv --stdout ../../../output/ChopTFs_pipeline/trebl_experiment_/trebl_experiment_RP_3_10_S44_R1_001_fastp/RP_3_10_S44_R1_001_fastp_directional_umi_counts.tsv
# job started at Wed Mar 11 00:21:04 2026 on n0065.savio3 -- 77831a09-8991-440d-8bfc-24372ab6a51c
# pid: 17639, system: Linux 4.18.0-553.58.1.el8_10.x86_64 #1 SMP Thu Jun 26 15:50:39 UTC 2025 x86_64
# bc_sep                                  : _
# compresslevel                           : 6
# log2stderr                              : False
# loglevel                                : 1
# method                                  : directional
# per_cell                                : None
# random_seed                             : None
# read_length                             : False
# short_help                              : None
# soft_clip_threshold                     : 4
# spliced                                 : False
# stderr                                  : <_io.TextIOWrapper name='<stderr>' mode='w' encoding='utf-8'>
# stdin                                   : <_io.TextIOWrapper name='../../../output/ChopTFs_pipeline/trebl_experiment_/trebl_experiment_RP_3_10_S44_R1_001_fastp/RP_3_10_S44_R1_001_fastp_umi_count_input.tsv' mode='r' encoding='UTF-8'>
# stdlog                                  : <_io.TextIOWrapper name='<stdout>' mode='w' encoding='utf-8'>
# stdout                                  : <_io.TextIOWrapper name='../../../output/ChopTFs_pipeline/trebl_experiment_/trebl_experiment_RP_3_10_S44_R1_001_fastp/RP_3_10_S44_R1_001_fastp_directional_umi_counts.tsv' mode='w' encoding='UTF-8'>
# threshold                               : 1
# timeit_file                             : None
# timeit_header                           : None
# timeit_name                             : all
# tmpdir                                  : None
2026-03-11 00:21:37,606 INFO Number of reads counted: 1649373
# job finished in 33 seconds at Wed Mar 11 00:21:37 2026 -- 41.82  0.66  0.00  0.00 -- 77831a09-8991-440d-8bfc-24372ab6a51c
Count_tab output saved to ../../../output/ChopTFs_pipeline/trebl_experiment_/trebl_experiment_RP_3_10_S44_R1_001_fastp/RP_3_10_S44_R1_001_fastp_directional_umi_counts.tsv
Deleted intermediate file ../../../output/ChopTFs_pipeline/trebl_experiment_/trebl_experiment_RP_3_10_S44_R1_001_fastp/RP_3_10_S44_R1_001_fastp_umi_count_input.tsv
Finished UMI Tools directional deduplication.

Saved to ../../../output/ChopTFs_pipeline/trebl_experiment_/trebl_experiment_RP_3_10_S44_R1_001_fastp/RP_3_10_S44_R1_001_fastp_simple_umi_counts.tsv
Saved to ../../../output/ChopTFs_pipeline/trebl_experiment_/trebl_experiment_RP_3_10_S44_R1_001_fastp/RP_3_10_S44_R1_001_fastp_reads_per_umi.tsv
Done in 2.37 seconds.

Reading 1 FASTQ/TXT file(s)...
Done in 45.43 seconds.

Reverse complement of sequences...
Done in 9.56 seconds.

Extracting 1 barcodes...
False
CTCGAG
GGCCGC
RPTR_BC: extracting between 'CTCGAG' and 'GGCCGC'
Done in 5.20 seconds.

Extracting UMI...
True
TGTCAC

UMI: extracting 12bp UMI after flank 'TGTCAC' near end of read
Done in 4.61 seconds.

Done in 7.50 seconds.

Mapping complete.
Base prefix (stable across descriptors): trebl_experiment_RP_3_20_S46_R1_001_fastp_RPTR_BC_
Full prefix for this instance: trebl_experiment_RP_3_20_S46_R1_001_fastp_RPTR_BC_

Using the following step order:
1. initial
2. quality


Filtering to high-quality reads...
Created table: trebl_experiment_RP_3_20_S46_R1_001_fastp_RPTR_BC_quality — filtered for TRUE in all *_qual columns.
Done in 12.28 seconds.

Done.
Saved loss summary table as 'trebl_experiment_RP_3_20_S46_R1_001_fastp_RPTR_BC_loss_summary'
Done in 0.04 seconds.

Starting simple deduplication.
Finished simple deduplication.

Starting UMI Tools directional deduplication.
Exported TSV for count_tab to ../../../output/ChopTFs_pipeline/trebl_experiment_/trebl_experiment_RP_3_20_S46_R1_001_fastp/RP_3_20_S46_R1_001_fastp_umi_count_input.tsv
# UMI-tools version: 1.1.6
# output generated by count_tab --stdin ../../../output/ChopTFs_pipeline/trebl_experiment_/trebl_experiment_RP_3_20_S46_R1_001_fastp/RP_3_20_S46_R1_001_fastp_umi_count_input.tsv --stdout ../../../output/ChopTFs_pipeline/trebl_experiment_/trebl_experiment_RP_3_20_S46_R1_001_fastp/RP_3_20_S46_R1_001_fastp_directional_umi_counts.tsv
# job started at Wed Mar 11 00:23:12 2026 on n0065.savio3 -- bb9f898e-6fa8-4835-96f4-85ec81d875c1
# pid: 17713, system: Linux 4.18.0-553.58.1.el8_10.x86_64 #1 SMP Thu Jun 26 15:50:39 UTC 2025 x86_64
# bc_sep                                  : _
# compresslevel                           : 6
# log2stderr                              : False
# loglevel                                : 1
# method                                  : directional
# per_cell                                : None
# random_seed                             : None
# read_length                             : False
# short_help                              : None
# soft_clip_threshold                     : 4
# spliced                                 : False
# stderr                                  : <_io.TextIOWrapper name='<stderr>' mode='w' encoding='utf-8'>
# stdin                                   : <_io.TextIOWrapper name='../../../output/ChopTFs_pipeline/trebl_experiment_/trebl_experiment_RP_3_20_S46_R1_001_fastp/RP_3_20_S46_R1_001_fastp_umi_count_input.tsv' mode='r' encoding='UTF-8'>
# stdlog                                  : <_io.TextIOWrapper name='<stdout>' mode='w' encoding='utf-8'>
# stdout                                  : <_io.TextIOWrapper name='../../../output/ChopTFs_pipeline/trebl_experiment_/trebl_experiment_RP_3_20_S46_R1_001_fastp/RP_3_20_S46_R1_001_fastp_directional_umi_counts.tsv' mode='w' encoding='UTF-8'>
# threshold                               : 1
# timeit_file                             : None
# timeit_header                           : None
# timeit_name                             : all
# tmpdir                                  : None
2026-03-11 00:24:10,806 INFO Number of reads counted: 2995755
# job finished in 58 seconds at Wed Mar 11 00:24:10 2026 -- 66.94  0.62  0.00  0.00 -- bb9f898e-6fa8-4835-96f4-85ec81d875c1
Count_tab output saved to ../../../output/ChopTFs_pipeline/trebl_experiment_/trebl_experiment_RP_3_20_S46_R1_001_fastp/RP_3_20_S46_R1_001_fastp_directional_umi_counts.tsv
Deleted intermediate file ../../../output/ChopTFs_pipeline/trebl_experiment_/trebl_experiment_RP_3_20_S46_R1_001_fastp/RP_3_20_S46_R1_001_fastp_umi_count_input.tsv
Finished UMI Tools directional deduplication.

Saved to ../../../output/ChopTFs_pipeline/trebl_experiment_/trebl_experiment_RP_3_20_S46_R1_001_fastp/RP_3_20_S46_R1_001_fastp_simple_umi_counts.tsv
Saved to ../../../output/ChopTFs_pipeline/trebl_experiment_/trebl_experiment_RP_3_20_S46_R1_001_fastp/RP_3_20_S46_R1_001_fastp_reads_per_umi.tsv
Done in 3.77 seconds.

Reading 1 FASTQ/TXT file(s)...
Done in 42.34 seconds.

Reverse complement of sequences...
Done in 9.34 seconds.

Extracting 1 barcodes...
False
CTCGAG
GGCCGC
RPTR_BC: extracting between 'CTCGAG' and 'GGCCGC'
Done in 5.11 seconds.

Extracting UMI...
True
TGTCAC

UMI: extracting 12bp UMI after flank 'TGTCAC' near end of read
Done in 5.22 seconds.

Done in 7.17 seconds.

Mapping complete.
Base prefix (stable across descriptors): trebl_experiment_RP_2_20_S36_R1_001_fastp_RPTR_BC_
Full prefix for this instance: trebl_experiment_RP_2_20_S36_R1_001_fastp_RPTR_BC_

Using the following step order:
1. initial
2. quality


Filtering to high-quality reads...
Created table: trebl_experiment_RP_2_20_S36_R1_001_fastp_RPTR_BC_quality — filtered for TRUE in all *_qual columns.
Done in 9.58 seconds.

Done.
Saved loss summary table as 'trebl_experiment_RP_2_20_S36_R1_001_fastp_RPTR_BC_loss_summary'
Done in 0.03 seconds.

Starting simple deduplication.
Finished simple deduplication.

Starting UMI Tools directional deduplication.
Exported TSV for count_tab to ../../../output/ChopTFs_pipeline/trebl_experiment_/trebl_experiment_RP_2_20_S36_R1_001_fastp/RP_2_20_S36_R1_001_fastp_umi_count_input.tsv
# UMI-tools version: 1.1.6
# output generated by count_tab --stdin ../../../output/ChopTFs_pipeline/trebl_experiment_/trebl_experiment_RP_2_20_S36_R1_001_fastp/RP_2_20_S36_R1_001_fastp_umi_count_input.tsv --stdout ../../../output/ChopTFs_pipeline/trebl_experiment_/trebl_experiment_RP_2_20_S36_R1_001_fastp/RP_2_20_S36_R1_001_fastp_directional_umi_counts.tsv
# job started at Wed Mar 11 00:25:42 2026 on n0065.savio3 -- 08e02fc1-ab5a-46be-8faf-5acd92acae01
# pid: 17787, system: Linux 4.18.0-553.58.1.el8_10.x86_64 #1 SMP Thu Jun 26 15:50:39 UTC 2025 x86_64
# bc_sep                                  : _
# compresslevel                           : 6
# log2stderr                              : False
# loglevel                                : 1
# method                                  : directional
# per_cell                                : None
# random_seed                             : None
# read_length                             : False
# short_help                              : None
# soft_clip_threshold                     : 4
# spliced                                 : False
# stderr                                  : <_io.TextIOWrapper name='<stderr>' mode='w' encoding='utf-8'>
# stdin                                   : <_io.TextIOWrapper name='../../../output/ChopTFs_pipeline/trebl_experiment_/trebl_experiment_RP_2_20_S36_R1_001_fastp/RP_2_20_S36_R1_001_fastp_umi_count_input.tsv' mode='r' encoding='UTF-8'>
# stdlog                                  : <_io.TextIOWrapper name='<stdout>' mode='w' encoding='utf-8'>
# stdout                                  : <_io.TextIOWrapper name='../../../output/ChopTFs_pipeline/trebl_experiment_/trebl_experiment_RP_2_20_S36_R1_001_fastp/RP_2_20_S36_R1_001_fastp_directional_umi_counts.tsv' mode='w' encoding='UTF-8'>
# threshold                               : 1
# timeit_file                             : None
# timeit_header                           : None
# timeit_name                             : all
# tmpdir                                  : None
2026-03-11 00:26:36,539 INFO Number of reads counted: 2867285
# job finished in 53 seconds at Wed Mar 11 00:26:36 2026 -- 62.23  0.61  0.00  0.00 -- 08e02fc1-ab5a-46be-8faf-5acd92acae01
Count_tab output saved to ../../../output/ChopTFs_pipeline/trebl_experiment_/trebl_experiment_RP_2_20_S36_R1_001_fastp/RP_2_20_S36_R1_001_fastp_directional_umi_counts.tsv
Deleted intermediate file ../../../output/ChopTFs_pipeline/trebl_experiment_/trebl_experiment_RP_2_20_S36_R1_001_fastp/RP_2_20_S36_R1_001_fastp_umi_count_input.tsv
Finished UMI Tools directional deduplication.

Saved to ../../../output/ChopTFs_pipeline/trebl_experiment_/trebl_experiment_RP_2_20_S36_R1_001_fastp/RP_2_20_S36_R1_001_fastp_simple_umi_counts.tsv
Saved to ../../../output/ChopTFs_pipeline/trebl_experiment_/trebl_experiment_RP_2_20_S36_R1_001_fastp/RP_2_20_S36_R1_001_fastp_reads_per_umi.tsv
Done in 3.57 seconds.

Reading 1 FASTQ/TXT file(s)...
Done in 56.67 seconds.

Reverse complement of sequences...
Done in 11.40 seconds.

Extracting 1 barcodes...
False
CTCGAG
GGCCGC
RPTR_BC: extracting between 'CTCGAG' and 'GGCCGC'
Done in 5.88 seconds.

Extracting UMI...
True
TGTCAC

UMI: extracting 12bp UMI after flank 'TGTCAC' near end of read
Done in 4.63 seconds.

Done in 10.10 seconds.

Mapping complete.
Base prefix (stable across descriptors): trebl_experiment_RP_4_50_S59_R1_001_fastp_RPTR_BC_
Full prefix for this instance: trebl_experiment_RP_4_50_S59_R1_001_fastp_RPTR_BC_

Using the following step order:
1. initial
2. quality


Filtering to high-quality reads...
Created table: trebl_experiment_RP_4_50_S59_R1_001_fastp_RPTR_BC_quality — filtered for TRUE in all *_qual columns.
Done in 17.70 seconds.

Done.
Saved loss summary table as 'trebl_experiment_RP_4_50_S59_R1_001_fastp_RPTR_BC_loss_summary'
Done in 0.04 seconds.

Starting simple deduplication.
Finished simple deduplication.

Starting UMI Tools directional deduplication.
Exported TSV for count_tab to ../../../output/ChopTFs_pipeline/trebl_experiment_/trebl_experiment_RP_4_50_S59_R1_001_fastp/RP_4_50_S59_R1_001_fastp_umi_count_input.tsv
# UMI-tools version: 1.1.6
# output generated by count_tab --stdin ../../../output/ChopTFs_pipeline/trebl_experiment_/trebl_experiment_RP_4_50_S59_R1_001_fastp/RP_4_50_S59_R1_001_fastp_umi_count_input.tsv --stdout ../../../output/ChopTFs_pipeline/trebl_experiment_/trebl_experiment_RP_4_50_S59_R1_001_fastp/RP_4_50_S59_R1_001_fastp_directional_umi_counts.tsv
# job started at Wed Mar 11 00:28:36 2026 on n0065.savio3 -- 07f35117-6ea2-4b7e-84d8-8864fda16fa4
# pid: 17858, system: Linux 4.18.0-553.58.1.el8_10.x86_64 #1 SMP Thu Jun 26 15:50:39 UTC 2025 x86_64
# bc_sep                                  : _
# compresslevel                           : 6
# log2stderr                              : False
# loglevel                                : 1
# method                                  : directional
# per_cell                                : None
# random_seed                             : None
# read_length                             : False
# short_help                              : None
# soft_clip_threshold                     : 4
# spliced                                 : False
# stderr                                  : <_io.TextIOWrapper name='<stderr>' mode='w' encoding='utf-8'>
# stdin                                   : <_io.TextIOWrapper name='../../../output/ChopTFs_pipeline/trebl_experiment_/trebl_experiment_RP_4_50_S59_R1_001_fastp/RP_4_50_S59_R1_001_fastp_umi_count_input.tsv' mode='r' encoding='UTF-8'>
# stdlog                                  : <_io.TextIOWrapper name='<stdout>' mode='w' encoding='utf-8'>
# stdout                                  : <_io.TextIOWrapper name='../../../output/ChopTFs_pipeline/trebl_experiment_/trebl_experiment_RP_4_50_S59_R1_001_fastp/RP_4_50_S59_R1_001_fastp_directional_umi_counts.tsv' mode='w' encoding='UTF-8'>
# threshold                               : 1
# timeit_file                             : None
# timeit_header                           : None
# timeit_name                             : all
# tmpdir                                  : None
2026-03-11 00:30:24,974 INFO Number of reads counted: 4672652
# job finished in 108 seconds at Wed Mar 11 00:30:24 2026 -- 116.86  0.78  0.00  0.00 -- 07f35117-6ea2-4b7e-84d8-8864fda16fa4
Count_tab output saved to ../../../output/ChopTFs_pipeline/trebl_experiment_/trebl_experiment_RP_4_50_S59_R1_001_fastp/RP_4_50_S59_R1_001_fastp_directional_umi_counts.tsv
Deleted intermediate file ../../../output/ChopTFs_pipeline/trebl_experiment_/trebl_experiment_RP_4_50_S59_R1_001_fastp/RP_4_50_S59_R1_001_fastp_umi_count_input.tsv
Finished UMI Tools directional deduplication.

Saved to ../../../output/ChopTFs_pipeline/trebl_experiment_/trebl_experiment_RP_4_50_S59_R1_001_fastp/RP_4_50_S59_R1_001_fastp_simple_umi_counts.tsv
Saved to ../../../output/ChopTFs_pipeline/trebl_experiment_/trebl_experiment_RP_4_50_S59_R1_001_fastp/RP_4_50_S59_R1_001_fastp_reads_per_umi.tsv
Done in 6.00 seconds.

Reading 1 FASTQ/TXT file(s)...
Done in 54.23 seconds.

Reverse complement of sequences...
Done in 11.12 seconds.

Extracting 1 barcodes...
False
CTCGAG
GGCCGC
RPTR_BC: extracting between 'CTCGAG' and 'GGCCGC'
Done in 5.73 seconds.

Extracting UMI...
True
TGTCAC

UMI: extracting 12bp UMI after flank 'TGTCAC' near end of read
Done in 4.53 seconds.

Done in 7.58 seconds.

Mapping complete.
Base prefix (stable across descriptors): trebl_experiment_RP_2_30_S37_R1_001_fastp_RPTR_BC_
Full prefix for this instance: trebl_experiment_RP_2_30_S37_R1_001_fastp_RPTR_BC_

Using the following step order:
1. initial
2. quality


Filtering to high-quality reads...
Created table: trebl_experiment_RP_2_30_S37_R1_001_fastp_RPTR_BC_quality — filtered for TRUE in all *_qual columns.
Done in 14.46 seconds.

Done.
Saved loss summary table as 'trebl_experiment_RP_2_30_S37_R1_001_fastp_RPTR_BC_loss_summary'
Done in 0.02 seconds.

Starting simple deduplication.
Finished simple deduplication.

Starting UMI Tools directional deduplication.
Exported TSV for count_tab to ../../../output/ChopTFs_pipeline/trebl_experiment_/trebl_experiment_RP_2_30_S37_R1_001_fastp/RP_2_30_S37_R1_001_fastp_umi_count_input.tsv
# UMI-tools version: 1.1.6
# output generated by count_tab --stdin ../../../output/ChopTFs_pipeline/trebl_experiment_/trebl_experiment_RP_2_30_S37_R1_001_fastp/RP_2_30_S37_R1_001_fastp_umi_count_input.tsv --stdout ../../../output/ChopTFs_pipeline/trebl_experiment_/trebl_experiment_RP_2_30_S37_R1_001_fastp/RP_2_30_S37_R1_001_fastp_directional_umi_counts.tsv
# job started at Wed Mar 11 00:32:22 2026 on n0065.savio3 -- c5982a8d-5766-44a7-8d01-bd041a39784d
# pid: 17936, system: Linux 4.18.0-553.58.1.el8_10.x86_64 #1 SMP Thu Jun 26 15:50:39 UTC 2025 x86_64
# bc_sep                                  : _
# compresslevel                           : 6
# log2stderr                              : False
# loglevel                                : 1
# method                                  : directional
# per_cell                                : None
# random_seed                             : None
# read_length                             : False
# short_help                              : None
# soft_clip_threshold                     : 4
# spliced                                 : False
# stderr                                  : <_io.TextIOWrapper name='<stderr>' mode='w' encoding='utf-8'>
# stdin                                   : <_io.TextIOWrapper name='../../../output/ChopTFs_pipeline/trebl_experiment_/trebl_experiment_RP_2_30_S37_R1_001_fastp/RP_2_30_S37_R1_001_fastp_umi_count_input.tsv' mode='r' encoding='UTF-8'>
# stdlog                                  : <_io.TextIOWrapper name='<stdout>' mode='w' encoding='utf-8'>
# stdout                                  : <_io.TextIOWrapper name='../../../output/ChopTFs_pipeline/trebl_experiment_/trebl_experiment_RP_2_30_S37_R1_001_fastp/RP_2_30_S37_R1_001_fastp_directional_umi_counts.tsv' mode='w' encoding='UTF-8'>
# threshold                               : 1
# timeit_file                             : None
# timeit_header                           : None
# timeit_name                             : all
# tmpdir                                  : None
2026-03-11 00:33:47,846 INFO Number of reads counted: 3774105
# job finished in 85 seconds at Wed Mar 11 00:33:47 2026 -- 94.04  0.76  0.00  0.00 -- c5982a8d-5766-44a7-8d01-bd041a39784d
Count_tab output saved to ../../../output/ChopTFs_pipeline/trebl_experiment_/trebl_experiment_RP_2_30_S37_R1_001_fastp/RP_2_30_S37_R1_001_fastp_directional_umi_counts.tsv
Deleted intermediate file ../../../output/ChopTFs_pipeline/trebl_experiment_/trebl_experiment_RP_2_30_S37_R1_001_fastp/RP_2_30_S37_R1_001_fastp_umi_count_input.tsv
Finished UMI Tools directional deduplication.

Saved to ../../../output/ChopTFs_pipeline/trebl_experiment_/trebl_experiment_RP_2_30_S37_R1_001_fastp/RP_2_30_S37_R1_001_fastp_simple_umi_counts.tsv
Saved to ../../../output/ChopTFs_pipeline/trebl_experiment_/trebl_experiment_RP_2_30_S37_R1_001_fastp/RP_2_30_S37_R1_001_fastp_reads_per_umi.tsv
Done in 4.72 seconds.

Reading 1 FASTQ/TXT file(s)...
Done in 34.45 seconds.

Reverse complement of sequences...
Done in 8.38 seconds.

Extracting 1 barcodes...
False
CTCGAG
GGCCGC
RPTR_BC: extracting between 'CTCGAG' and 'GGCCGC'
Done in 4.91 seconds.

Extracting UMI...
True
TGTCAC

UMI: extracting 12bp UMI after flank 'TGTCAC' near end of read
Done in 4.05 seconds.

Done in 8.04 seconds.

Mapping complete.
Base prefix (stable across descriptors): trebl_experiment_RP_4_15_S55_R1_001_fastp_RPTR_BC_
Full prefix for this instance: trebl_experiment_RP_4_15_S55_R1_001_fastp_RPTR_BC_

Using the following step order:
1. initial
2. quality


Filtering to high-quality reads...
Created table: trebl_experiment_RP_4_15_S55_R1_001_fastp_RPTR_BC_quality — filtered for TRUE in all *_qual columns.
Done in 8.52 seconds.

Done.
Saved loss summary table as 'trebl_experiment_RP_4_15_S55_R1_001_fastp_RPTR_BC_loss_summary'
Done in 0.02 seconds.

Starting simple deduplication.
Finished simple deduplication.

Starting UMI Tools directional deduplication.
Exported TSV for count_tab to ../../../output/ChopTFs_pipeline/trebl_experiment_/trebl_experiment_RP_4_15_S55_R1_001_fastp/RP_4_15_S55_R1_001_fastp_umi_count_input.tsv
# UMI-tools version: 1.1.6
# output generated by count_tab --stdin ../../../output/ChopTFs_pipeline/trebl_experiment_/trebl_experiment_RP_4_15_S55_R1_001_fastp/RP_4_15_S55_R1_001_fastp_umi_count_input.tsv --stdout ../../../output/ChopTFs_pipeline/trebl_experiment_/trebl_experiment_RP_4_15_S55_R1_001_fastp/RP_4_15_S55_R1_001_fastp_directional_umi_counts.tsv
# job started at Wed Mar 11 00:35:15 2026 on n0065.savio3 -- 73d5e80d-c9b7-4e78-a4f3-7ac7767e63b5
# pid: 18018, system: Linux 4.18.0-553.58.1.el8_10.x86_64 #1 SMP Thu Jun 26 15:50:39 UTC 2025 x86_64
# bc_sep                                  : _
# compresslevel                           : 6
# log2stderr                              : False
# loglevel                                : 1
# method                                  : directional
# per_cell                                : None
# random_seed                             : None
# read_length                             : False
# short_help                              : None
# soft_clip_threshold                     : 4
# spliced                                 : False
# stderr                                  : <_io.TextIOWrapper name='<stderr>' mode='w' encoding='utf-8'>
# stdin                                   : <_io.TextIOWrapper name='../../../output/ChopTFs_pipeline/trebl_experiment_/trebl_experiment_RP_4_15_S55_R1_001_fastp/RP_4_15_S55_R1_001_fastp_umi_count_input.tsv' mode='r' encoding='UTF-8'>
# stdlog                                  : <_io.TextIOWrapper name='<stdout>' mode='w' encoding='utf-8'>
# stdout                                  : <_io.TextIOWrapper name='../../../output/ChopTFs_pipeline/trebl_experiment_/trebl_experiment_RP_4_15_S55_R1_001_fastp/RP_4_15_S55_R1_001_fastp_directional_umi_counts.tsv' mode='w' encoding='UTF-8'>
# threshold                               : 1
# timeit_file                             : None
# timeit_header                           : None
# timeit_name                             : all
# tmpdir                                  : None
2026-03-11 00:35:39,581 INFO Number of reads counted: 1434965
# job finished in 24 seconds at Wed Mar 11 00:35:39 2026 -- 32.97  0.60  0.00  0.00 -- 73d5e80d-c9b7-4e78-a4f3-7ac7767e63b5
Count_tab output saved to ../../../output/ChopTFs_pipeline/trebl_experiment_/trebl_experiment_RP_4_15_S55_R1_001_fastp/RP_4_15_S55_R1_001_fastp_directional_umi_counts.tsv
Deleted intermediate file ../../../output/ChopTFs_pipeline/trebl_experiment_/trebl_experiment_RP_4_15_S55_R1_001_fastp/RP_4_15_S55_R1_001_fastp_umi_count_input.tsv
Finished UMI Tools directional deduplication.

Saved to ../../../output/ChopTFs_pipeline/trebl_experiment_/trebl_experiment_RP_4_15_S55_R1_001_fastp/RP_4_15_S55_R1_001_fastp_simple_umi_counts.tsv
Saved to ../../../output/ChopTFs_pipeline/trebl_experiment_/trebl_experiment_RP_4_15_S55_R1_001_fastp/RP_4_15_S55_R1_001_fastp_reads_per_umi.tsv
Done in 1.93 seconds.

Reading 1 FASTQ/TXT file(s)...
Done in 1.51 minutes.

Reverse complement of sequences...
Done in 16.59 seconds.

Extracting 1 barcodes...
False
CTCGAG
GGCCGC
RPTR_BC: extracting between 'CTCGAG' and 'GGCCGC'
Done in 8.13 seconds.

Extracting UMI...
True
TGTCAC

UMI: extracting 12bp UMI after flank 'TGTCAC' near end of read
Done in 7.34 seconds.

Done in 7.97 seconds.

Mapping complete.
Base prefix (stable across descriptors): trebl_experiment_RP_2_60_S40_R1_001_fastp_RPTR_BC_
Full prefix for this instance: trebl_experiment_RP_2_60_S40_R1_001_fastp_RPTR_BC_

Using the following step order:
1. initial
2. quality


Filtering to high-quality reads...
Created table: trebl_experiment_RP_2_60_S40_R1_001_fastp_RPTR_BC_quality — filtered for TRUE in all *_qual columns.
Done in 26.09 seconds.

Done.
Saved loss summary table as 'trebl_experiment_RP_2_60_S40_R1_001_fastp_RPTR_BC_loss_summary'
Done in 1.88 seconds.

Starting simple deduplication.
Finished simple deduplication.

Starting UMI Tools directional deduplication.
Exported TSV for count_tab to ../../../output/ChopTFs_pipeline/trebl_experiment_/trebl_experiment_RP_2_60_S40_R1_001_fastp/RP_2_60_S40_R1_001_fastp_umi_count_input.tsv
# UMI-tools version: 1.1.6
# output generated by count_tab --stdin ../../../output/ChopTFs_pipeline/trebl_experiment_/trebl_experiment_RP_2_60_S40_R1_001_fastp/RP_2_60_S40_R1_001_fastp_umi_count_input.tsv --stdout ../../../output/ChopTFs_pipeline/trebl_experiment_/trebl_experiment_RP_2_60_S40_R1_001_fastp/RP_2_60_S40_R1_001_fastp_directional_umi_counts.tsv
# job started at Wed Mar 11 00:38:30 2026 on n0065.savio3 -- 6b3ad6fe-e3b8-4047-8f48-7d8821b5e32b
# pid: 18091, system: Linux 4.18.0-553.58.1.el8_10.x86_64 #1 SMP Thu Jun 26 15:50:39 UTC 2025 x86_64
# bc_sep                                  : _
# compresslevel                           : 6
# log2stderr                              : False
# loglevel                                : 1
# method                                  : directional
# per_cell                                : None
# random_seed                             : None
# read_length                             : False
# short_help                              : None
# soft_clip_threshold                     : 4
# spliced                                 : False
# stderr                                  : <_io.TextIOWrapper name='<stderr>' mode='w' encoding='utf-8'>
# stdin                                   : <_io.TextIOWrapper name='../../../output/ChopTFs_pipeline/trebl_experiment_/trebl_experiment_RP_2_60_S40_R1_001_fastp/RP_2_60_S40_R1_001_fastp_umi_count_input.tsv' mode='r' encoding='UTF-8'>
# stdlog                                  : <_io.TextIOWrapper name='<stdout>' mode='w' encoding='utf-8'>
# stdout                                  : <_io.TextIOWrapper name='../../../output/ChopTFs_pipeline/trebl_experiment_/trebl_experiment_RP_2_60_S40_R1_001_fastp/RP_2_60_S40_R1_001_fastp_directional_umi_counts.tsv' mode='w' encoding='UTF-8'>
# threshold                               : 1
# timeit_file                             : None
# timeit_header                           : None
# timeit_name                             : all
# tmpdir                                  : None
2026-03-11 00:40:14,393 INFO Number of reads counted: 4020138
# job finished in 104 seconds at Wed Mar 11 00:40:14 2026 -- 110.59  0.95  0.00  0.00 -- 6b3ad6fe-e3b8-4047-8f48-7d8821b5e32b
Count_tab output saved to ../../../output/ChopTFs_pipeline/trebl_experiment_/trebl_experiment_RP_2_60_S40_R1_001_fastp/RP_2_60_S40_R1_001_fastp_directional_umi_counts.tsv
Deleted intermediate file ../../../output/ChopTFs_pipeline/trebl_experiment_/trebl_experiment_RP_2_60_S40_R1_001_fastp/RP_2_60_S40_R1_001_fastp_umi_count_input.tsv
Finished UMI Tools directional deduplication.

Saved to ../../../output/ChopTFs_pipeline/trebl_experiment_/trebl_experiment_RP_2_60_S40_R1_001_fastp/RP_2_60_S40_R1_001_fastp_simple_umi_counts.tsv
Saved to ../../../output/ChopTFs_pipeline/trebl_experiment_/trebl_experiment_RP_2_60_S40_R1_001_fastp/RP_2_60_S40_R1_001_fastp_reads_per_umi.tsv
Done in 6.07 seconds.

Reading 1 FASTQ/TXT file(s)...
Done in 44.45 seconds.

Reverse complement of sequences...
Done in 9.48 seconds.

Extracting 1 barcodes...
False
CTCGAG
GGCCGC
RPTR_BC: extracting between 'CTCGAG' and 'GGCCGC'
Done in 5.55 seconds.

Extracting UMI...
True
TGTCAC

UMI: extracting 12bp UMI after flank 'TGTCAC' near end of read
Done in 4.55 seconds.

Done in 6.69 seconds.

Mapping complete.
Base prefix (stable across descriptors): trebl_experiment_RP_4_20_S56_R1_001_fastp_RPTR_BC_
Full prefix for this instance: trebl_experiment_RP_4_20_S56_R1_001_fastp_RPTR_BC_

Using the following step order:
1. initial
2. quality


Filtering to high-quality reads...
Created table: trebl_experiment_RP_4_20_S56_R1_001_fastp_RPTR_BC_quality — filtered for TRUE in all *_qual columns.
Done in 12.88 seconds.

Done.
Saved loss summary table as 'trebl_experiment_RP_4_20_S56_R1_001_fastp_RPTR_BC_loss_summary'
Done in 0.15 seconds.

Starting simple deduplication.
Finished simple deduplication.

Starting UMI Tools directional deduplication.
Exported TSV for count_tab to ../../../output/ChopTFs_pipeline/trebl_experiment_/trebl_experiment_RP_4_20_S56_R1_001_fastp/RP_4_20_S56_R1_001_fastp_umi_count_input.tsv
# UMI-tools version: 1.1.6
# output generated by count_tab --stdin ../../../output/ChopTFs_pipeline/trebl_experiment_/trebl_experiment_RP_4_20_S56_R1_001_fastp/RP_4_20_S56_R1_001_fastp_umi_count_input.tsv --stdout ../../../output/ChopTFs_pipeline/trebl_experiment_/trebl_experiment_RP_4_20_S56_R1_001_fastp/RP_4_20_S56_R1_001_fastp_directional_umi_counts.tsv
# job started at Wed Mar 11 00:42:04 2026 on n0065.savio3 -- c27d8495-e0d9-4f70-b6dc-e9a30e225d65
# pid: 18170, system: Linux 4.18.0-553.58.1.el8_10.x86_64 #1 SMP Thu Jun 26 15:50:39 UTC 2025 x86_64
# bc_sep                                  : _
# compresslevel                           : 6
# log2stderr                              : False
# loglevel                                : 1
# method                                  : directional
# per_cell                                : None
# random_seed                             : None
# read_length                             : False
# short_help                              : None
# soft_clip_threshold                     : 4
# spliced                                 : False
# stderr                                  : <_io.TextIOWrapper name='<stderr>' mode='w' encoding='utf-8'>
# stdin                                   : <_io.TextIOWrapper name='../../../output/ChopTFs_pipeline/trebl_experiment_/trebl_experiment_RP_4_20_S56_R1_001_fastp/RP_4_20_S56_R1_001_fastp_umi_count_input.tsv' mode='r' encoding='UTF-8'>
# stdlog                                  : <_io.TextIOWrapper name='<stdout>' mode='w' encoding='utf-8'>
# stdout                                  : <_io.TextIOWrapper name='../../../output/ChopTFs_pipeline/trebl_experiment_/trebl_experiment_RP_4_20_S56_R1_001_fastp/RP_4_20_S56_R1_001_fastp_directional_umi_counts.tsv' mode='w' encoding='UTF-8'>
# threshold                               : 1
# timeit_file                             : None
# timeit_header                           : None
# timeit_name                             : all
# tmpdir                                  : None
2026-03-11 00:42:39,642 INFO Number of reads counted: 1884719
# job finished in 34 seconds at Wed Mar 11 00:42:39 2026 -- 43.24  0.66  0.00  0.00 -- c27d8495-e0d9-4f70-b6dc-e9a30e225d65
Count_tab output saved to ../../../output/ChopTFs_pipeline/trebl_experiment_/trebl_experiment_RP_4_20_S56_R1_001_fastp/RP_4_20_S56_R1_001_fastp_directional_umi_counts.tsv
Deleted intermediate file ../../../output/ChopTFs_pipeline/trebl_experiment_/trebl_experiment_RP_4_20_S56_R1_001_fastp/RP_4_20_S56_R1_001_fastp_umi_count_input.tsv
Finished UMI Tools directional deduplication.

Saved to ../../../output/ChopTFs_pipeline/trebl_experiment_/trebl_experiment_RP_4_20_S56_R1_001_fastp/RP_4_20_S56_R1_001_fastp_simple_umi_counts.tsv
Saved to ../../../output/ChopTFs_pipeline/trebl_experiment_/trebl_experiment_RP_4_20_S56_R1_001_fastp/RP_4_20_S56_R1_001_fastp_reads_per_umi.tsv
Done in 2.49 seconds.

Reading 1 FASTQ/TXT file(s)...
Done in 27.13 seconds.

Reverse complement of sequences...
Done in 7.34 seconds.

Extracting 1 barcodes...
False
CTCGAG
GGCCGC
RPTR_BC: extracting between 'CTCGAG' and 'GGCCGC'
Done in 4.71 seconds.

Extracting UMI...
True
TGTCAC

UMI: extracting 12bp UMI after flank 'TGTCAC' near end of read
Done in 4.06 seconds.

Done in 5.84 seconds.

Mapping complete.
Base prefix (stable across descriptors): trebl_experiment_RP_2_10_S34_R1_001_fastp_RPTR_BC_
Full prefix for this instance: trebl_experiment_RP_2_10_S34_R1_001_fastp_RPTR_BC_

Using the following step order:
1. initial
2. quality


Filtering to high-quality reads...
Created table: trebl_experiment_RP_2_10_S34_R1_001_fastp_RPTR_BC_quality — filtered for TRUE in all *_qual columns.
Done in 6.93 seconds.

Done.
Saved loss summary table as 'trebl_experiment_RP_2_10_S34_R1_001_fastp_RPTR_BC_loss_summary'
Done in 0.02 seconds.

Starting simple deduplication.
Finished simple deduplication.

Starting UMI Tools directional deduplication.
Exported TSV for count_tab to ../../../output/ChopTFs_pipeline/trebl_experiment_/trebl_experiment_RP_2_10_S34_R1_001_fastp/RP_2_10_S34_R1_001_fastp_umi_count_input.tsv
# UMI-tools version: 1.1.6
# output generated by count_tab --stdin ../../../output/ChopTFs_pipeline/trebl_experiment_/trebl_experiment_RP_2_10_S34_R1_001_fastp/RP_2_10_S34_R1_001_fastp_umi_count_input.tsv --stdout ../../../output/ChopTFs_pipeline/trebl_experiment_/trebl_experiment_RP_2_10_S34_R1_001_fastp/RP_2_10_S34_R1_001_fastp_directional_umi_counts.tsv
# job started at Wed Mar 11 00:43:45 2026 on n0065.savio3 -- e6782b6e-f586-4c8a-a467-188f0a47d33b
# pid: 18241, system: Linux 4.18.0-553.58.1.el8_10.x86_64 #1 SMP Thu Jun 26 15:50:39 UTC 2025 x86_64
# bc_sep                                  : _
# compresslevel                           : 6
# log2stderr                              : False
# loglevel                                : 1
# method                                  : directional
# per_cell                                : None
# random_seed                             : None
# read_length                             : False
# short_help                              : None
# soft_clip_threshold                     : 4
# spliced                                 : False
# stderr                                  : <_io.TextIOWrapper name='<stderr>' mode='w' encoding='utf-8'>
# stdin                                   : <_io.TextIOWrapper name='../../../output/ChopTFs_pipeline/trebl_experiment_/trebl_experiment_RP_2_10_S34_R1_001_fastp/RP_2_10_S34_R1_001_fastp_umi_count_input.tsv' mode='r' encoding='UTF-8'>
# stdlog                                  : <_io.TextIOWrapper name='<stdout>' mode='w' encoding='utf-8'>
# stdout                                  : <_io.TextIOWrapper name='../../../output/ChopTFs_pipeline/trebl_experiment_/trebl_experiment_RP_2_10_S34_R1_001_fastp/RP_2_10_S34_R1_001_fastp_directional_umi_counts.tsv' mode='w' encoding='UTF-8'>
# threshold                               : 1
# timeit_file                             : None
# timeit_header                           : None
# timeit_name                             : all
# tmpdir                                  : None
2026-03-11 00:44:04,573 INFO Number of reads counted: 1384072
# job finished in 19 seconds at Wed Mar 11 00:44:04 2026 -- 27.96  0.48  0.00  0.00 -- e6782b6e-f586-4c8a-a467-188f0a47d33b
Count_tab output saved to ../../../output/ChopTFs_pipeline/trebl_experiment_/trebl_experiment_RP_2_10_S34_R1_001_fastp/RP_2_10_S34_R1_001_fastp_directional_umi_counts.tsv
Deleted intermediate file ../../../output/ChopTFs_pipeline/trebl_experiment_/trebl_experiment_RP_2_10_S34_R1_001_fastp/RP_2_10_S34_R1_001_fastp_umi_count_input.tsv
Finished UMI Tools directional deduplication.

Saved to ../../../output/ChopTFs_pipeline/trebl_experiment_/trebl_experiment_RP_2_10_S34_R1_001_fastp/RP_2_10_S34_R1_001_fastp_simple_umi_counts.tsv
Saved to ../../../output/ChopTFs_pipeline/trebl_experiment_/trebl_experiment_RP_2_10_S34_R1_001_fastp/RP_2_10_S34_R1_001_fastp_reads_per_umi.tsv
Done in 1.81 seconds.

Plotting BCs:   0%|                                                                      | 0/31 [00:00<?, ?it/s]Plotting BCs:   3%|██                                                            | 1/31 [00:01<00:39,  1.32s/it]Plotting BCs:   6%|████                                                          | 2/31 [00:02<00:32,  1.12s/it]Plotting BCs:  10%|██████                                                        | 3/31 [00:03<00:27,  1.00it/s]Plotting BCs:  13%|████████                                                      | 4/31 [00:04<00:25,  1.06it/s]Plotting BCs:  16%|██████████                                                    | 5/31 [00:04<00:23,  1.10it/s]Plotting BCs:  19%|████████████                                                  | 6/31 [00:05<00:22,  1.12it/s]Plotting BCs:  23%|██████████████                                                | 7/31 [00:06<00:21,  1.10it/s]Plotting BCs:  26%|████████████████                                              | 8/31 [00:07<00:20,  1.13it/s]Plotting BCs:  29%|██████████████████                                            | 9/31 [00:11<00:41,  1.90s/it]Plotting BCs:  32%|███████████████████▋                                         | 10/31 [00:12<00:30,  1.47s/it]Plotting BCs:  35%|█████████████████████▋                                       | 11/31 [00:12<00:24,  1.21s/it]Plotting BCs:  39%|███████████████████████▌                                     | 12/31 [00:13<00:19,  1.03s/it]Plotting BCs:  42%|█████████████████████████▌                                   | 13/31 [00:14<00:17,  1.05it/s]Plotting BCs:  45%|███████████████████████████▌                                 | 14/31 [00:14<00:14,  1.15it/s]Plotting BCs:  48%|█████████████████████████████▌                               | 15/31 [00:15<00:13,  1.22it/s]Plotting BCs:  52%|███████████████████████████████▍                             | 16/31 [00:16<00:11,  1.32it/s]Plotting BCs:  55%|█████████████████████████████████▍                           | 17/31 [00:16<00:09,  1.45it/s]Plotting BCs:  58%|███████████████████████████████████▍                         | 18/31 [00:17<00:08,  1.60it/s]Plotting BCs:  61%|█████████████████████████████████████▍                       | 19/31 [00:17<00:05,  2.07it/s]Plotting BCs:  65%|███████████████████████████████████████▎                     | 20/31 [00:17<00:05,  2.13it/s]Plotting BCs:  68%|█████████████████████████████████████████▎                   | 21/31 [00:18<00:04,  2.10it/s]Plotting BCs:  71%|███████████████████████████████████████████▎                 | 22/31 [00:18<00:04,  1.93it/s]Plotting BCs:  74%|█████████████████████████████████████████████▎               | 23/31 [00:19<00:03,  2.03it/s]Plotting BCs:  77%|███████████████████████████████████████████████▏             | 24/31 [00:20<00:03,  1.78it/s]Plotting BCs:  81%|█████████████████████████████████████████████████▏           | 25/31 [00:20<00:03,  1.90it/s]Plotting BCs:  84%|███████████████████████████████████████████████████▏         | 26/31 [00:20<00:02,  1.96it/s]Plotting BCs:  87%|█████████████████████████████████████████████████████▏       | 27/31 [00:21<00:01,  2.09it/s]Plotting BCs:  90%|███████████████████████████████████████████████████████      | 28/31 [00:21<00:01,  2.40it/s]Plotting BCs:  94%|█████████████████████████████████████████████████████████    | 29/31 [00:22<00:00,  2.17it/s]Plotting BCs:  97%|███████████████████████████████████████████████████████████  | 30/31 [00:22<00:00,  1.81it/s]Plotting BCs: 100%|█████████████████████████████████████████████████████████████| 31/31 [00:22<00:00,  1.35it/s]
Plotting BCs:   0%|                                                                      | 0/30 [00:00<?, ?it/s]Plotting BCs:   7%|████▏                                                         | 2/30 [00:00<00:02, 11.98it/s]Plotting BCs:  13%|████████▎                                                     | 4/30 [00:00<00:02,  9.55it/s]Plotting BCs:  20%|████████████▍                                                 | 6/30 [00:00<00:02,  9.25it/s]Plotting BCs:  23%|██████████████▍                                               | 7/30 [00:00<00:02,  8.19it/s]Plotting BCs:  27%|████████████████▌                                             | 8/30 [00:00<00:03,  6.99it/s]Plotting BCs:  33%|████████████████████▎                                        | 10/30 [00:01<00:02,  6.88it/s]Plotting BCs:  40%|████████████████████████▍                                    | 12/30 [00:01<00:02,  7.67it/s]Plotting BCs:  43%|██████████████████████████▍                                  | 13/30 [00:01<00:02,  7.91it/s]Plotting BCs:  47%|████████████████████████████▍                                | 14/30 [00:01<00:02,  7.78it/s]Plotting BCs:  53%|████████████████████████████████▌                            | 16/30 [00:01<00:01,  8.30it/s]Plotting BCs:  57%|██████████████████████████████████▌                          | 17/30 [00:02<00:01,  7.55it/s]Plotting BCs:  60%|████████████████████████████████████▌                        | 18/30 [00:02<00:01,  6.83it/s]Plotting BCs:  67%|████████████████████████████████████████▋                    | 20/30 [00:02<00:01,  6.81it/s]Plotting BCs:  73%|████████████████████████████████████████████▋                | 22/30 [00:02<00:00,  8.23it/s]Plotting BCs:  77%|██████████████████████████████████████████████▊              | 23/30 [00:02<00:00,  8.37it/s]Plotting BCs:  80%|████████████████████████████████████████████████▊            | 24/30 [00:03<00:00,  8.14it/s]Plotting BCs:  87%|████████████████████████████████████████████████████▊        | 26/30 [00:03<00:00,  8.42it/s]Plotting BCs:  90%|██████████████████████████████████████████████████████▉      | 27/30 [00:03<00:00,  7.52it/s]Plotting BCs:  93%|████████████████████████████████████████████████████████▉    | 28/30 [00:03<00:00,  7.19it/s]Plotting BCs: 100%|█████████████████████████████████████████████████████████████| 30/30 [00:03<00:00,  7.12it/s]Plotting BCs: 100%|█████████████████████████████████████████████████████████████| 30/30 [00:03<00:00,  7.72it/s]
