,AD_BC,RPTR_BC,rep,time,count_directional_AD,count_directional_RT,activity
0,AAAAAATAATA,GAATAAGGAAAAAG,2,0,34,1,-3.526360524616161
1,AAAAAATAATA,GAATAAGGAAAAAG,2,15,33,1,-3.4965075614664802
2,AAAAAATAATA,GAATAAGGAAAAAG,2,20,44,6,-1.992430164690206
3,AAAAAATAATA,GAATAAGGAAAAAG,2,30,51,2,-3.2386784521643803
4,AAAAAATAATA,GAATAAGGAAAAAG,2,40,29,7,-1.4213856809311607
5,AAAAAATAATA,GAATAAGGAAAAAG,2,50,23,2,-2.4423470353692043
6,AAAAAATAATA,GAATAAGGAAAAAG,2,60,36,3,-2.4849066497880004
7,AAAAAATAATA,GAATAAGGAAAAAG,3,0,15,1,-2.70805020110221
8,AAAAAATAATA,GAATAAGGAAAAAG,3,2,12,2,-1.791759469228055
9,AAAAAATAATA,GAATAAGGAAAAAG,3,5,15,2,-2.0149030205422647
10,AAAAAATAATA,GAATAAGGAAAAAG,3,10,36,3,-2.4849066497880004
11,AAAAAATAATA,GAATAAGGAAAAAG,3,15,21,2,-2.3513752571634776
12,AAAAAATAATA,GAATAAGGAAAAAG,3,20,19,4,-1.55814461804655
13,AAAAAATAATA,GAATAAGGAAAAAG,3,30,20,2,-2.3025850929940455
14,AAAAAATAATA,GAATAAGGAAAAAG,3,40,20,2,-2.3025850929940455
15,AAAAAATAATA,GAATAAGGAAAAAG,3,60,29,5,-1.7578579175523736
16,AAAAAATAATA,GAATAAGGAAAAAG,4,2,43,1,-3.7612001156935624
17,AAAAAATAATA,GAATAAGGAAAAAG,4,10,13,1,-2.5649493574615367
18,AAAAAATAATA,GAATAAGGAAAAAG,4,15,32,8,-1.3862943611198906
19,AAAAAATAATA,GAATAAGGAAAAAG,4,20,28,4,-1.9459101490553132
20,AAAAAATAATA,GAATAAGGAAAAAG,4,40,20,2,-2.3025850929940455
21,AAAAAATAATA,GAATAAGGAAAAAG,4,50,36,4,-2.1972245773362196
22,AAAAAATAATA,GAATAAGGAAAAAG,4,60,34,4,-2.1400661634962708
23,AAAAACCGGTG,TACACCTGGACCTC,4,50,1,79,4.3694478524670215
24,AAAAACTGTAA,TTAGAGCGTTTGGA,2,10,1,1,0.0
25,AAAAACTGTAA,TTAGAGCGTTTGGA,2,50,3,7,0.8472978603872037
26,AAAAACTGTAA,TTAGAGCGTTTGGA,3,10,2,1,-0.6931471805599453
27,AAAAACTGTAA,TTAGAGCGTTTGGA,3,15,1,1,0.0
28,AAAAACTGTAA,TTAGAGCGTTTGGA,3,40,11,1,-2.3978952727983707
29,AAAACAAACCC,AGAATTAAATAAAA,2,0,198,11,-2.8903717578961645
30,AAAACAAACCC,AGAATTAAATAAAA,2,2,196,10,-2.9755295662364714
31,AAAACAAACCC,AGAATTAAATAAAA,2,5,127,5,-3.2347491740244907
32,AAAACAAACCC,AGAATTAAATAAAA,2,10,232,17,-2.6135240276100937
33,AAAACAAACCC,AGAATTAAATAAAA,2,15,212,19,-2.412147295505572
34,AAAACAAACCC,AGAATTAAATAAAA,2,20,251,14,-2.886395609516525
35,AAAACAAACCC,AGAATTAAATAAAA,2,30,130,18,-1.9771626925594177
36,AAAACAAACCC,AGAATTAAATAAAA,2,40,200,14,-2.659260036932778
37,AAAACAAACCC,AGAATTAAATAAAA,2,50,297,41,-1.9801600720983916
38,AAAACAAACCC,AGAATTAAATAAAA,2,60,160,31,-1.6411866107486806
39,AAAACAAACCC,AGAATTAAATAAAA,3,0,156,14,-2.4107986776342782
40,AAAACAAACCC,AGAATTAAATAAAA,3,2,163,12,-2.608843551018762
41,AAAACAAACCC,AGAATTAAATAAAA,3,5,230,20,-2.4423470353692043
42,AAAACAAACCC,AGAATTAAATAAAA,3,10,199,28,-1.9611003145492885
43,AAAACAAACCC,AGAATTAAATAAAA,3,15,168,26,-1.8658674413817768
44,AAAACAAACCC,AGAATTAAATAAAA,3,20,213,29,-1.993996335722951
45,AAAACAAACCC,AGAATTAAATAAAA,3,30,167,19,-2.1735548332503147
46,AAAACAAACCC,AGAATTAAATAAAA,3,40,151,18,-2.1269080789187598
47,AAAACAAACCC,AGAATTAAATAAAA,3,50,158,26,-1.8044984950054848
48,AAAACAAACCC,AGAATTAAATAAAA,3,60,247,33,-2.0128807751614968
49,AAAACAAACCC,AGAATTAAATAAAA,4,0,180,9,-2.995732273553991
50,AAAACAAACCC,AGAATTAAATAAAA,4,2,209,13,-2.777384894503274
51,AAAACAAACCC,AGAATTAAATAAAA,4,5,161,6,-3.2896448957564077
52,AAAACAAACCC,AGAATTAAATAAAA,4,10,207,23,-2.1972245773362196
53,AAAACAAACCC,AGAATTAAATAAAA,4,15,190,11,-2.8491287993621155
54,AAAACAAACCC,AGAATTAAATAAAA,4,20,181,18,-2.308125273369661
55,AAAACAAACCC,AGAATTAAATAAAA,4,30,177,14,-2.5370924029585704
56,AAAACAAACCC,AGAATTAAATAAAA,4,40,182,34,-1.677646162460634
57,AAAACAAACCC,AGAATTAAATAAAA,4,50,189,56,-1.2163953243244932
58,AAAACAAACCC,AGAATTAAATAAAA,4,60,148,20,-2.001480000210124
59,AAAACAAGCAC,TATGTATTCAGGAA,2,0,11,1,-2.3978952727983707
60,AAAACAAGCAC,TATGTATTCAGGAA,2,10,15,1,-2.70805020110221
61,AAAACAAGCAC,TATGTATTCAGGAA,2,20,21,10,-0.7419373447293773
62,AAAACAAGCAC,TATGTATTCAGGAA,2,30,18,12,-0.40546510810816444
63,AAAACAAGCAC,TATGTATTCAGGAA,2,40,11,9,-0.2006706954621511
64,AAAACAAGCAC,TATGTATTCAGGAA,2,50,5,6,0.1823215567939546
65,AAAACAAGCAC,TATGTATTCAGGAA,2,60,6,4,-0.40546510810816444
66,AAAACAAGCAC,TATGTATTCAGGAA,3,0,7,1,-1.9459101490553132
67,AAAACAAGCAC,TATGTATTCAGGAA,3,5,9,9,0.0
68,AAAACAAGCAC,TATGTATTCAGGAA,3,10,13,5,-0.9555114450274362
69,AAAACAAGCAC,TATGTATTCAGGAA,3,15,7,1,-1.9459101490553132
70,AAAACAAGCAC,TATGTATTCAGGAA,3,20,5,2,-0.916290731874155
71,AAAACAAGCAC,TATGTATTCAGGAA,3,30,24,7,-1.2321436812926323
72,AAAACAAGCAC,TATGTATTCAGGAA,3,40,5,4,-0.2231435513142097
73,AAAACAAGCAC,TATGTATTCAGGAA,3,50,3,8,0.9808292530117262
74,AAAACAAGCAC,TATGTATTCAGGAA,3,60,10,3,-1.203972804325936
75,AAAACAAGCAC,TATGTATTCAGGAA,4,5,16,1,-2.772588722239781
76,AAAACAAGCAC,TATGTATTCAGGAA,4,10,13,5,-0.9555114450274362
77,AAAACAAGCAC,TATGTATTCAGGAA,4,15,5,3,-0.5108256237659907
78,AAAACAAGCAC,TATGTATTCAGGAA,4,20,5,3,-0.5108256237659907
79,AAAACAAGCAC,TATGTATTCAGGAA,4,30,12,2,-1.791759469228055
80,AAAACAAGCAC,TATGTATTCAGGAA,4,40,25,16,-0.4462871026284195
81,AAAACAAGCAC,TATGTATTCAGGAA,4,50,6,4,-0.40546510810816444
82,AAAACAAGCAC,TATGTATTCAGGAA,4,60,12,15,0.22314355131420974
83,AAAACCGTTAC,TTCCATGATAGCAG,2,0,11,6,-0.6061358035703156
84,AAAACCGTTAC,TTCCATGATAGCAG,2,2,33,6,-1.7047480922384253
85,AAAACCGTTAC,TTCCATGATAGCAG,2,5,27,1,-3.295836866004329
86,AAAACCGTTAC,TTCCATGATAGCAG,2,10,36,2,-2.8903717578961645
87,AAAACCGTTAC,TTCCATGATAGCAG,2,15,31,10,-1.1314021114911006
88,AAAACCGTTAC,TTCCATGATAGCAG,2,20,50,5,-2.3025850929940455
89,AAAACCGTTAC,TTCCATGATAGCAG,2,30,56,12,-1.5404450409471488
90,AAAACCGTTAC,TTCCATGATAGCAG,2,40,57,11,-1.6451559950361796
91,AAAACCGTTAC,TTCCATGATAGCAG,2,50,26,4,-1.8718021769015913
92,AAAACCGTTAC,TTCCATGATAGCAG,2,60,37,13,-1.0459685551826876
93,AAAACCGTTAC,TTCCATGATAGCAG,3,0,28,2,-2.6390573296152584
94,AAAACCGTTAC,TTCCATGATAGCAG,3,2,27,2,-2.6026896854443837
95,AAAACCGTTAC,TTCCATGATAGCAG,3,5,30,2,-2.70805020110221
96,AAAACCGTTAC,TTCCATGATAGCAG,3,10,20,3,-1.8971199848858813
97,AAAACCGTTAC,TTCCATGATAGCAG,3,15,17,5,-1.2237754316221157
98,AAAACCGTTAC,TTCCATGATAGCAG,3,20,24,11,-0.7801585575495751
99,AAAACCGTTAC,TTCCATGATAGCAG,3,30,19,5,-1.3350010667323402
100,AAAACCGTTAC,TTCCATGATAGCAG,3,40,34,4,-2.1400661634962708
101,AAAACCGTTAC,TTCCATGATAGCAG,3,50,30,14,-0.7621400520468967
102,AAAACCGTTAC,TTCCATGATAGCAG,3,60,46,12,-1.3437347467010947
103,AAAACCGTTAC,TTCCATGATAGCAG,4,0,22,3,-1.992430164690206
104,AAAACCGTTAC,TTCCATGATAGCAG,4,2,24,2,-2.4849066497880004
105,AAAACCGTTAC,TTCCATGATAGCAG,4,5,23,3,-2.03688192726104
106,AAAACCGTTAC,TTCCATGATAGCAG,4,10,25,9,-1.0216512475319814
107,AAAACCGTTAC,TTCCATGATAGCAG,4,15,20,5,-1.3862943611198906
108,AAAACCGTTAC,TTCCATGATAGCAG,4,20,40,1,-3.6888794541139363
109,AAAACCGTTAC,TTCCATGATAGCAG,4,30,20,6,-1.203972804325936
110,AAAACCGTTAC,TTCCATGATAGCAG,4,40,25,11,-0.8209805520698301
111,AAAACCGTTAC,TTCCATGATAGCAG,4,50,25,8,-1.1394342831883648
112,AAAACCGTTAC,TTCCATGATAGCAG,4,60,40,12,-1.203972804325936
113,AAAAGAACGAC,TTGGTATTTAATCA,2,0,82,6,-2.614959778036198
114,AAAAGAACGAC,TTGGTATTTAATCA,2,2,52,5,-2.341805806147327
115,AAAAGAACGAC,TTGGTATTTAATCA,2,5,47,8,-1.7707060600302227
116,AAAAGAACGAC,TTGGTATTTAATCA,2,10,53,12,-1.4853852637641214
117,AAAAGAACGAC,TTGGTATTTAATCA,2,15,44,8,-1.7047480922384253
118,AAAAGAACGAC,TTGGTATTTAATCA,2,20,73,13,-1.7255100836868544
119,AAAAGAACGAC,TTGGTATTTAATCA,2,30,54,31,-0.5549968420791281
120,AAAAGAACGAC,TTGGTATTTAATCA,2,40,34,17,-0.6931471805599453
121,AAAAGAACGAC,TTGGTATTTAATCA,2,50,47,13,-1.2851982442485217
122,AAAAGAACGAC,TTGGTATTTAATCA,2,60,61,18,-1.2205021062771466
123,AAAAGAACGAC,TTGGTATTTAATCA,3,0,40,4,-2.3025850929940455
124,AAAAGAACGAC,TTGGTATTTAATCA,3,2,57,3,-2.9444389791664403
125,AAAAGAACGAC,TTGGTATTTAATCA,3,5,47,5,-2.240709689275958
126,AAAAGAACGAC,TTGGTATTTAATCA,3,10,63,12,-1.6582280766035324
127,AAAAGAACGAC,TTGGTATTTAATCA,3,15,76,12,-1.8458266904983307
128,AAAAGAACGAC,TTGGTATTTAATCA,3,20,80,11,-1.984131361875511
129,AAAAGAACGAC,TTGGTATTTAATCA,3,30,69,6,-2.4423470353692043
130,AAAAGAACGAC,TTGGTATTTAATCA,3,40,25,20,-0.2231435513142097
131,AAAAGAACGAC,TTGGTATTTAATCA,3,50,67,15,-1.4966424182887559
132,AAAAGAACGAC,TTGGTATTTAATCA,3,60,72,11,-1.8787708462176846
133,AAAAGAACGAC,TTGGTATTTAATCA,4,0,48,4,-2.4849066497880004
134,AAAAGAACGAC,TTGGTATTTAATCA,4,2,61,8,-2.031432322493475
135,AAAAGAACGAC,TTGGTATTTAATCA,4,5,26,3,-2.159484249353372
136,AAAAGAACGAC,TTGGTATTTAATCA,4,10,76,10,-2.028148247292285
137,AAAAGAACGAC,TTGGTATTTAATCA,4,15,73,7,-2.344549292093078
138,AAAAGAACGAC,TTGGTATTTAATCA,4,20,45,18,-0.916290731874155
139,AAAAGAACGAC,TTGGTATTTAATCA,4,30,48,11,-1.4733057381095205
140,AAAAGAACGAC,TTGGTATTTAATCA,4,40,88,23,-1.3418425985490567
141,AAAAGAACGAC,TTGGTATTTAATCA,4,50,73,10,-1.9878743481543455
142,AAAAGAACGAC,TTGGTATTTAATCA,4,60,78,9,-2.159484249353372
143,AAAAGCCATAG,TTATGGAAAGACAG,2,20,1,6,1.791759469228055
144,AAAAGCCATAG,TTATGGAAAGACAG,4,10,1,4,1.3862943611198906
145,AAAATATACGT,ACCTATATATTACC,2,0,5,1,-1.6094379124341003
146,AAAATATACGT,ACCTATATATTACC,2,2,3,2,-0.40546510810816444
147,AAAATATACGT,ACCTATATATTACC,2,5,3,5,0.5108256237659907
148,AAAATATACGT,ACCTATATATTACC,2,10,6,7,0.15415067982725836
149,AAAATATACGT,ACCTATATATTACC,2,15,3,4,0.28768207245178085
150,AAAATATACGT,ACCTATATATTACC,2,20,3,9,1.0986122886681096
151,AAAATATACGT,ACCTATATATTACC,2,30,3,6,0.6931471805599453
152,AAAATATACGT,ACCTATATATTACC,2,50,2,10,1.6094379124341003
153,AAAATATACGT,ACCTATATATTACC,2,60,6,11,0.6061358035703155
154,AAAATATACGT,ACCTATATATTACC,3,0,2,7,1.252762968495368
155,AAAATATACGT,ACCTATATATTACC,3,2,1,11,2.3978952727983707
156,AAAATATACGT,ACCTATATATTACC,3,5,3,6,0.6931471805599453
157,AAAATATACGT,ACCTATATATTACC,3,15,1,10,2.3025850929940455
158,AAAATATACGT,ACCTATATATTACC,3,20,4,7,0.5596157879354227
159,AAAATATACGT,ACCTATATATTACC,3,30,2,5,0.916290731874155
160,AAAATATACGT,ACCTATATATTACC,3,40,4,2,-0.6931471805599453
161,AAAATATACGT,ACCTATATATTACC,3,50,4,25,1.83258146374831
162,AAAATATACGT,ACCTATATATTACC,3,60,2,10,1.6094379124341003
163,AAAATATACGT,ACCTATATATTACC,4,2,2,4,0.6931471805599453
164,AAAATATACGT,ACCTATATATTACC,4,5,4,3,-0.2876820724517809
165,AAAATATACGT,ACCTATATATTACC,4,10,2,4,0.6931471805599453
166,AAAATATACGT,ACCTATATATTACC,4,15,1,8,2.0794415416798357
167,AAAATATACGT,ACCTATATATTACC,4,20,1,5,1.6094379124341003
168,AAAATATACGT,ACCTATATATTACC,4,30,1,6,1.791759469228055
169,AAAATATACGT,ACCTATATATTACC,4,40,2,8,1.3862943611198906
170,AAAATATACGT,ACCTATATATTACC,4,50,1,18,2.8903717578961645
171,AAAATATACGT,ACCTATATATTACC,4,60,4,11,1.0116009116784799
172,AAACAGTACCT,TGTCTCCATACTTC,2,2,21,2,-2.3513752571634776
173,AAACAGTACCT,TGTCTCCATACTTC,2,10,29,5,-1.7578579175523736
174,AAACAGTACCT,TGTCTCCATACTTC,2,15,10,3,-1.203972804325936
175,AAACAGTACCT,TGTCTCCATACTTC,2,20,21,16,-0.2719337154836418
176,AAACAGTACCT,TGTCTCCATACTTC,2,30,22,12,-0.6061358035703156
177,AAACAGTACCT,TGTCTCCATACTTC,2,40,35,8,-1.4759065198095778
178,AAACAGTACCT,TGTCTCCATACTTC,2,50,16,7,-0.8266785731844679
179,AAACAGTACCT,TGTCTCCATACTTC,3,0,27,1,-3.295836866004329
180,AAACAGTACCT,TGTCTCCATACTTC,3,10,14,3,-1.5404450409471488
181,AAACAGTACCT,TGTCTCCATACTTC,3,15,19,20,0.05129329438755048
182,AAACAGTACCT,TGTCTCCATACTTC,3,20,36,3,-2.4849066497880004
183,AAACAGTACCT,TGTCTCCATACTTC,3,30,25,7,-1.2729656758128873
184,AAACAGTACCT,TGTCTCCATACTTC,3,40,19,4,-1.55814461804655
185,AAACAGTACCT,TGTCTCCATACTTC,3,50,15,7,-0.7621400520468967
186,AAACAGTACCT,TGTCTCCATACTTC,3,60,27,2,-2.6026896854443837
187,AAACAGTACCT,TGTCTCCATACTTC,4,0,23,3,-2.03688192726104
188,AAACAGTACCT,TGTCTCCATACTTC,4,10,24,7,-1.2321436812926323
189,AAACAGTACCT,TGTCTCCATACTTC,4,15,21,1,-3.044522437723423
190,AAACAGTACCT,TGTCTCCATACTTC,4,30,21,8,-0.965080896043587
191,AAACAGTACCT,TGTCTCCATACTTC,4,40,19,9,-0.7472144018302211
192,AAACAGTACCT,TGTCTCCATACTTC,4,50,36,13,-1.0185695809945732
193,AAACAGTACCT,TGTCTCCATACTTC,4,60,7,6,-0.15415067982725836
194,AAACATACTCA,GTAGATCGTGTCGA,2,30,1,30,3.4011973816621555
195,AAACTAGCCCT,TGAAGTCTTGGACT,2,0,27,1,-3.295836866004329
196,AAACTAGCCCT,TGAAGTCTTGGACT,2,2,30,1,-3.4011973816621555
197,AAACTAGCCCT,TGAAGTCTTGGACT,2,20,40,1,-3.6888794541139363
198,AAACTAGCCCT,TGAAGTCTTGGACT,2,30,20,2,-2.3025850929940455
199,AAACTAGCCCT,TGAAGTCTTGGACT,2,60,32,1,-3.4657359027997265
200,AAACTAGCCCT,TGAAGTCTTGGACT,3,2,15,2,-2.0149030205422647
201,AAACTAGCCCT,TGAAGTCTTGGACT,3,10,28,1,-3.332204510175204
202,AAACTAGCCCT,TGAAGTCTTGGACT,3,15,11,1,-2.3978952727983707
203,AAACTAGCCCT,TGAAGTCTTGGACT,4,5,28,1,-3.332204510175204
204,AAACTAGCCCT,TGAAGTCTTGGACT,4,10,28,2,-2.6390573296152584
205,AAACTAGCCCT,TGAAGTCTTGGACT,4,50,46,3,-2.730029107820985
206,AAAGTTATCGA,ACCTTAATTTCAGA,2,0,76,6,-2.538973871058276
207,AAAGTTATCGA,ACCTTAATTTCAGA,2,2,66,16,-1.4170660197866443
208,AAAGTTATCGA,ACCTTAATTTCAGA,2,5,91,6,-2.719100037288795
209,AAAGTTATCGA,ACCTTAATTTCAGA,2,10,92,12,-2.03688192726104
210,AAAGTTATCGA,ACCTTAATTTCAGA,2,15,136,28,-1.580450375560848
211,AAAGTTATCGA,ACCTTAATTTCAGA,2,20,81,21,-1.3499267169490157
212,AAAGTTATCGA,ACCTTAATTTCAGA,2,30,94,40,-0.8544153281560676
213,AAAGTTATCGA,ACCTTAATTTCAGA,2,40,116,37,-1.1426722784621401
214,AAAGTTATCGA,ACCTTAATTTCAGA,2,50,119,72,-0.5024573740954741
215,AAAGTTATCGA,ACCTTAATTTCAGA,2,60,136,39,-1.2490932396064056
216,AAAGTTATCGA,ACCTTAATTTCAGA,3,0,69,4,-2.847812143477369
217,AAAGTTATCGA,ACCTTAATTTCAGA,3,2,86,2,-3.7612001156935624
218,AAAGTTATCGA,ACCTTAATTTCAGA,3,5,103,15,-1.9266787871274258
219,AAAGTTATCGA,ACCTTAATTTCAGA,3,10,104,11,-2.2464956263430023
220,AAAGTTATCGA,ACCTTAATTTCAGA,3,15,90,20,-1.5040773967762742
221,AAAGTTATCGA,ACCTTAATTTCAGA,3,20,103,31,-1.2007417837444896
222,AAAGTTATCGA,ACCTTAATTTCAGA,3,30,116,33,-1.2570826296398843
223,AAAGTTATCGA,ACCTTAATTTCAGA,3,40,135,34,-1.378914253822268
224,AAAGTTATCGA,ACCTTAATTTCAGA,3,50,95,37,-0.9429589789563164
225,AAAGTTATCGA,ACCTTAATTTCAGA,3,60,78,33,-0.8602012652231115
226,AAAGTTATCGA,ACCTTAATTTCAGA,4,0,52,3,-2.8526314299133175
227,AAAGTTATCGA,ACCTTAATTTCAGA,4,2,103,14,-1.995671658614377
228,AAAGTTATCGA,ACCTTAATTTCAGA,4,5,38,2,-2.9444389791664403
229,AAAGTTATCGA,ACCTTAATTTCAGA,4,10,88,17,-1.6441234704219903
230,AAAGTTATCGA,ACCTTAATTTCAGA,4,15,91,11,-2.1129642337184795
231,AAAGTTATCGA,ACCTTAATTTCAGA,4,20,51,10,-1.62924053973028
232,AAAGTTATCGA,ACCTTAATTTCAGA,4,30,91,24,-1.3328056761689044
233,AAAGTTATCGA,ACCTTAATTTCAGA,4,40,118,49,-0.8788643263550381
234,AAAGTTATCGA,ACCTTAATTTCAGA,4,50,95,49,-0.6620565934899141
235,AAAGTTATCGA,ACCTTAATTTCAGA,4,60,107,27,-1.376991968457577
236,AAATTGAGAGC,TATTGTCCAAACCG,2,10,12,2,-1.791759469228055
237,AAATTGAGAGC,TATTGTCCAAACCG,2,50,17,2,-2.1400661634962708
238,AAATTGAGAGC,TATTGTCCAAACCG,3,30,7,1,-1.9459101490553132
239,AAATTGAGAGC,TATTGTCCAAACCG,3,40,13,6,-0.7731898882334817
240,AAATTGAGAGC,TATTGTCCAAACCG,3,50,1,1,0.0
241,AAATTGAGAGC,TATTGTCCAAACCG,4,50,4,4,0.0
242,AAATTGAGAGC,TATTGTCCAAACCG,4,60,5,1,-1.6094379124341003
243,AAATTTCAACG,TATATCTATTAACT,3,2,1,2,0.6931471805599453
244,AACAACAAAAA,AGAAAGCACATTTG,2,5,33,1,-3.4965075614664802
245,AACACTTTTAA,CCCATGTACACATA,2,0,29,4,-1.9810014688665833
246,AACACTTTTAA,CCCATGTACACATA,2,2,30,3,-2.3025850929940455
247,AACACTTTTAA,CCCATGTACACATA,2,5,9,1,-2.1972245773362196
248,AACACTTTTAA,CCCATGTACACATA,2,10,38,9,-1.4403615823901663
249,AACACTTTTAA,CCCATGTACACATA,2,15,40,11,-1.2909841813155656
250,AACACTTTTAA,CCCATGTACACATA,2,20,40,4,-2.3025850929940455
251,AACACTTTTAA,CCCATGTACACATA,2,30,74,5,-2.6946271807700692
252,AACACTTTTAA,CCCATGTACACATA,2,40,49,9,-1.6945957207744071
253,AACACTTTTAA,CCCATGTACACATA,2,50,45,10,-1.5040773967762742
254,AACACTTTTAA,CCCATGTACACATA,2,60,47,3,-2.751535313041949
255,AACACTTTTAA,CCCATGTACACATA,3,0,32,1,-3.4657359027997265
256,AACACTTTTAA,CCCATGTACACATA,3,2,42,7,-1.791759469228055
257,AACACTTTTAA,CCCATGTACACATA,3,5,32,7,-1.519825753744413
258,AACACTTTTAA,CCCATGTACACATA,3,10,49,13,-1.3268709406490897
259,AACACTTTTAA,CCCATGTACACATA,3,15,59,6,-2.2857779746776643
260,AACACTTTTAA,CCCATGTACACATA,3,20,21,2,-2.3513752571634776
261,AACACTTTTAA,CCCATGTACACATA,3,30,23,4,-1.749199854809259
262,AACACTTTTAA,CCCATGTACACATA,3,40,73,11,-1.8925641683500205
263,AACACTTTTAA,CCCATGTACACATA,3,50,33,7,-1.5505974124111668
264,AACACTTTTAA,CCCATGTACACATA,3,60,41,8,-1.6341305250244718
265,AACACTTTTAA,CCCATGTACACATA,4,0,24,2,-2.4849066497880004
266,AACACTTTTAA,CCCATGTACACATA,4,2,24,9,-0.9808292530117262
267,AACACTTTTAA,CCCATGTACACATA,4,5,24,3,-2.0794415416798357
268,AACACTTTTAA,CCCATGTACACATA,4,10,57,8,-1.9636097261547143
269,AACACTTTTAA,CCCATGTACACATA,4,15,31,7,-1.4880770554298328
270,AACACTTTTAA,CCCATGTACACATA,4,20,37,1,-3.6109179126442243
271,AACACTTTTAA,CCCATGTACACATA,4,30,28,9,-1.1349799328389845
272,AACACTTTTAA,CCCATGTACACATA,4,40,34,15,-0.8183103235139513
273,AACACTTTTAA,CCCATGTACACATA,4,50,36,14,-0.9444616088408513
274,AACACTTTTAA,CCCATGTACACATA,4,60,64,9,-1.9616585060234524
275,AACAGTCAGCT,TACATGTGTTGTCA,2,0,255,10,-3.2386784521643803
276,AACAGTCAGCT,TACATGTGTTGTCA,2,2,244,19,-2.5527292461267614
277,AACAGTCAGCT,TACATGTGTTGTCA,2,5,145,20,-1.9810014688665833
278,AACAGTCAGCT,TACATGTGTTGTCA,2,10,252,17,-2.696215743455207
279,AACAGTCAGCT,TACATGTGTTGTCA,2,15,286,33,-2.159484249353372
280,AACAGTCAGCT,TACATGTGTTGTCA,2,20,315,37,-2.1416547261814087
281,AACAGTCAGCT,TACATGTGTTGTCA,2,30,283,31,-2.2114596931580914
282,AACAGTCAGCT,TACATGTGTTGTCA,2,40,303,45,-1.9070703157390494
283,AACAGTCAGCT,TACATGTGTTGTCA,2,50,279,39,-1.9676501356917193
284,AACAGTCAGCT,TACATGTGTTGTCA,2,60,253,40,-1.8445100346135839
285,AACAGTCAGCT,TACATGTGTTGTCA,3,0,267,17,-2.7540353143440335
286,AACAGTCAGCT,TACATGTGTTGTCA,3,2,286,23,-2.5204975948907027
287,AACAGTCAGCT,TACATGTGTTGTCA,3,5,227,20,-2.4292177439274116
288,AACAGTCAGCT,TACATGTGTTGTCA,3,10,329,30,-2.3948603691032164
289,AACAGTCAGCT,TACATGTGTTGTCA,3,15,346,37,-2.2355208624135
290,AACAGTCAGCT,TACATGTGTTGTCA,3,20,275,13,-3.0518217402050345
291,AACAGTCAGCT,TACATGTGTTGTCA,3,30,236,18,-2.573460047129445
292,AACAGTCAGCT,TACATGTGTTGTCA,3,40,436,41,-2.3640701766447263
293,AACAGTCAGCT,TACATGTGTTGTCA,3,50,302,28,-2.3782225071996654
294,AACAGTCAGCT,TACATGTGTTGTCA,3,60,305,30,-2.3191143949452564
295,AACAGTCAGCT,TACATGTGTTGTCA,4,0,211,16,-2.579269411236285
296,AACAGTCAGCT,TACATGTGTTGTCA,4,2,251,18,-2.635081181235619
297,AACAGTCAGCT,TACATGTGTTGTCA,4,5,222,17,-2.569464037816063
298,AACAGTCAGCT,TACATGTGTTGTCA,4,10,349,44,-2.070882288284166
299,AACAGTCAGCT,TACATGTGTTGTCA,4,15,277,14,-2.9849601765720797
300,AACAGTCAGCT,TACATGTGTTGTCA,4,20,246,16,-2.7327428136925813
301,AACAGTCAGCT,TACATGTGTTGTCA,4,30,280,23,-2.4992953872401
302,AACAGTCAGCT,TACATGTGTTGTCA,4,40,330,44,-2.0149030205422647
303,AACAGTCAGCT,TACATGTGTTGTCA,4,50,358,37,-2.269615073756476
304,AACAGTCAGCT,TACATGTGTTGTCA,4,60,286,20,-2.6602595372658615
305,AACATCGCTTT,GTGCCTTCCCGGGT,2,0,57,3,-2.9444389791664403
306,AACATCGCTTT,GTGCCTTCCCGGGT,2,2,60,5,-2.4849066497880004
307,AACATCGCTTT,GTGCCTTCCCGGGT,2,5,56,2,-3.332204510175204
308,AACATCGCTTT,GTGCCTTCCCGGGT,2,10,50,7,-1.9661128563728325
309,AACATCGCTTT,GTGCCTTCCCGGGT,2,15,47,7,-1.9042374526547452
310,AACATCGCTTT,GTGCCTTCCCGGGT,2,20,83,16,-1.6462518855568167
311,AACATCGCTTT,GTGCCTTCCCGGGT,2,30,59,7,-2.1316272948504063
312,AACATCGCTTT,GTGCCTTCCCGGGT,2,40,83,20,-1.423108334242607
313,AACATCGCTTT,GTGCCTTCCCGGGT,2,50,48,11,-1.4733057381095205
314,AACATCGCTTT,GTGCCTTCCCGGGT,2,60,88,35,-0.9219887529887928
315,AACATCGCTTT,GTGCCTTCCCGGGT,3,0,76,2,-3.6375861597263857
316,AACATCGCTTT,GTGCCTTCCCGGGT,3,2,50,1,-3.912023005428146
317,AACATCGCTTT,GTGCCTTCCCGGGT,3,5,54,6,-2.1972245773362196
318,AACATCGCTTT,GTGCCTTCCCGGGT,3,10,54,3,-2.8903717578961645
319,AACATCGCTTT,GTGCCTTCCCGGGT,3,15,73,11,-1.8925641683500205
320,AACATCGCTTT,GTGCCTTCCCGGGT,3,20,55,3,-2.908720896564361
321,AACATCGCTTT,GTGCCTTCCCGGGT,3,30,54,7,-2.043073897508961
322,AACATCGCTTT,GTGCCTTCCCGGGT,3,40,81,18,-1.5040773967762742
323,AACATCGCTTT,GTGCCTTCCCGGGT,3,50,68,27,-0.9236708391717776
324,AACATCGCTTT,GTGCCTTCCCGGGT,3,60,41,15,-1.0055218656020977
325,AACATCGCTTT,GTGCCTTCCCGGGT,4,0,75,6,-2.525728644308255
326,AACATCGCTTT,GTGCCTTCCCGGGT,4,2,78,5,-2.747270914255491
327,AACATCGCTTT,GTGCCTTCCCGGGT,4,5,55,5,-2.3978952727983707
328,AACATCGCTTT,GTGCCTTCCCGGGT,4,10,66,11,-1.791759469228055
329,AACATCGCTTT,GTGCCTTCCCGGGT,4,15,56,5,-2.4159137783010487
330,AACATCGCTTT,GTGCCTTCCCGGGT,4,20,73,11,-1.8925641683500205
331,AACATCGCTTT,GTGCCTTCCCGGGT,4,30,60,13,-1.529395204760564
332,AACATCGCTTT,GTGCCTTCCCGGGT,4,40,105,16,-1.881371627917742
333,AACATCGCTTT,GTGCCTTCCCGGGT,4,50,99,20,-1.599387576580599
334,AACATCGCTTT,GTGCCTTCCCGGGT,4,60,79,6,-2.5776883832389665
335,AACATGATGTG,TCGCAATAGACCTA,3,40,1,1,0.0
336,AACCAACTAGT,TCGGAGGAGTCTTC,2,0,79,4,-2.9831534913471307
337,AACCAACTAGT,TCGGAGGAGTCTTC,2,2,75,5,-2.70805020110221
338,AACCAACTAGT,TCGGAGGAGTCTTC,2,5,52,10,-1.6486586255873816
339,AACCAACTAGT,TCGGAGGAGTCTTC,2,10,77,82,0.06291382541056918
340,AACCAACTAGT,TCGGAGGAGTCTTC,2,15,62,128,0.7248958788745256
341,AACCAACTAGT,TCGGAGGAGTCTTC,2,20,64,225,1.2572173188447482
342,AACCAACTAGT,TCGGAGGAGTCTTC,2,30,111,611,1.7055667578592613
343,AACCAACTAGT,TCGGAGGAGTCTTC,2,40,84,608,1.9793580831228534
344,AACCAACTAGT,TCGGAGGAGTCTTC,2,50,53,477,2.197224577336219
345,AACCAACTAGT,TCGGAGGAGTCTTC,2,60,65,501,2.0422188311892278
346,AACCAACTAGT,TCGGAGGAGTCTTC,3,0,51,4,-2.545531271604435
347,AACCAACTAGT,TCGGAGGAGTCTTC,3,2,65,7,-2.228477120840324
348,AACCAACTAGT,TCGGAGGAGTCTTC,3,5,99,15,-1.8870696490323797
349,AACCAACTAGT,TCGGAGGAGTCTTC,3,10,62,145,0.8495993573754829
350,AACCAACTAGT,TCGGAGGAGTCTTC,3,15,70,215,1.1221427860783038
351,AACCAACTAGT,TCGGAGGAGTCTTC,3,20,58,230,1.377636298376776
352,AACCAACTAGT,TCGGAGGAGTCTTC,3,30,94,435,1.5320512488186802
353,AACCAACTAGT,TCGGAGGAGTCTTC,3,40,63,404,1.8582801515696175
354,AACCAACTAGT,TCGGAGGAGTCTTC,3,50,85,668,2.061636917046329
355,AACCAACTAGT,TCGGAGGAGTCTTC,3,60,69,483,1.9459101490553132
356,AACCAACTAGT,TCGGAGGAGTCTTC,4,0,76,1,-4.330733340286331
357,AACCAACTAGT,TCGGAGGAGTCTTC,4,2,62,12,-1.6422277352570913
358,AACCAACTAGT,TCGGAGGAGTCTTC,4,5,41,5,-2.1041341542702074
359,AACCAACTAGT,TCGGAGGAGTCTTC,4,10,78,140,0.5849335959197126
360,AACCAACTAGT,TCGGAGGAGTCTTC,4,15,63,169,0.9867639885315407
361,AACCAACTAGT,TCGGAGGAGTCTTC,4,20,45,191,1.44561093827631
362,AACCAACTAGT,TCGGAGGAGTCTTC,4,30,54,477,2.178532444324067
363,AACCAACTAGT,TCGGAGGAGTCTTC,4,40,81,488,1.7958662511807084
364,AACCAACTAGT,TCGGAGGAGTCTTC,4,50,83,605,1.9863878502342436
365,AACCAACTAGT,TCGGAGGAGTCTTC,4,60,84,463,1.7069102552429203
366,AACCTACCTTT,TCATCACTCTCGAT,4,20,1,7,1.9459101490553132
367,AACGATTTAGA,TCAGTAATTCCATA,2,2,36,6,-1.791759469228055
368,AACGATTTAGA,TCAGTAATTCCATA,2,10,40,5,-2.0794415416798357
369,AACGATTTAGA,TCAGTAATTCCATA,2,15,29,5,-1.7578579175523736
370,AACGATTTAGA,TCAGTAATTCCATA,2,20,35,8,-1.4759065198095778
371,AACGATTTAGA,TCAGTAATTCCATA,2,30,30,7,-1.455287232606842
372,AACGATTTAGA,TCAGTAATTCCATA,2,40,29,9,-1.1700712526502546
373,AACGATTTAGA,TCAGTAATTCCATA,2,50,21,11,-0.6466271649250523
374,AACGATTTAGA,TCAGTAATTCCATA,2,60,14,10,-0.3364722366212129
375,AACGATTTAGA,TCAGTAATTCCATA,3,0,35,7,-1.6094379124341003
376,AACGATTTAGA,TCAGTAATTCCATA,3,2,25,3,-2.120263536200091
377,AACGATTTAGA,TCAGTAATTCCATA,3,5,14,1,-2.6390573296152584
378,AACGATTTAGA,TCAGTAATTCCATA,3,10,21,2,-2.3513752571634776
379,AACGATTTAGA,TCAGTAATTCCATA,3,15,25,8,-1.1394342831883648
380,AACGATTTAGA,TCAGTAATTCCATA,3,20,34,12,-1.041453874828161
381,AACGATTTAGA,TCAGTAATTCCATA,3,30,25,7,-1.2729656758128873
382,AACGATTTAGA,TCAGTAATTCCATA,3,40,21,13,-0.4795730802618862
383,AACGATTTAGA,TCAGTAATTCCATA,3,50,21,15,-0.3364722366212129
384,AACGATTTAGA,TCAGTAATTCCATA,3,60,24,6,-1.3862943611198906
385,AACGATTTAGA,TCAGTAATTCCATA,4,2,28,2,-2.6390573296152584
386,AACGATTTAGA,TCAGTAATTCCATA,4,10,31,5,-1.8245492920510458
387,AACGATTTAGA,TCAGTAATTCCATA,4,15,25,5,-1.6094379124341003
388,AACGATTTAGA,TCAGTAATTCCATA,4,20,26,3,-2.159484249353372
389,AACGATTTAGA,TCAGTAATTCCATA,4,30,30,12,-0.916290731874155
390,AACGATTTAGA,TCAGTAATTCCATA,4,40,31,13,-0.8690378470236094
391,AACGATTTAGA,TCAGTAATTCCATA,4,50,35,13,-0.9903987040278769
392,AACGATTTAGA,TCAGTAATTCCATA,4,60,27,4,-1.9095425048844383
393,AACGTGTTCTT,ATGGGTCGTAAGAC,4,5,1,3,1.0986122886681096
394,AACTAACACAA,GCTTAAACAATTAG,2,0,22,2,-2.3978952727983707
395,AACTAACACAA,GCTTAAACAATTAG,2,2,19,6,-1.1526795099383855
396,AACTAACACAA,GCTTAAACAATTAG,2,5,5,2,-0.916290731874155
397,AACTAACACAA,GCTTAAACAATTAG,2,10,20,2,-2.3025850929940455
398,AACTAACACAA,GCTTAAACAATTAG,2,15,34,2,-2.833213344056216
399,AACTAACACAA,GCTTAAACAATTAG,2,20,24,5,-1.5686159179138452
400,AACTAACACAA,GCTTAAACAATTAG,2,40,23,5,-1.5260563034950494
401,AACTAACACAA,GCTTAAACAATTAG,2,50,26,11,-0.8602012652231115
402,AACTAACACAA,GCTTAAACAATTAG,2,60,6,1,-1.791759469228055
403,AACTAACACAA,GCTTAAACAATTAG,3,2,11,3,-1.2992829841302609
404,AACTAACACAA,GCTTAAACAATTAG,3,5,15,1,-2.70805020110221
405,AACTAACACAA,GCTTAAACAATTAG,3,10,30,2,-2.70805020110221
406,AACTAACACAA,GCTTAAACAATTAG,3,15,9,2,-1.5040773967762742
407,AACTAACACAA,GCTTAAACAATTAG,3,30,22,6,-1.2992829841302609
408,AACTAACACAA,GCTTAAACAATTAG,3,40,10,2,-1.6094379124341003
409,AACTAACACAA,GCTTAAACAATTAG,3,50,22,9,-0.8938178760220964
410,AACTAACACAA,GCTTAAACAATTAG,3,60,22,10,-0.7884573603642702
411,AACTAACACAA,GCTTAAACAATTAG,4,0,7,1,-1.9459101490553132
412,AACTAACACAA,GCTTAAACAATTAG,4,10,12,2,-1.791759469228055
413,AACTAACACAA,GCTTAAACAATTAG,4,15,18,2,-2.1972245773362196
414,AACTAACACAA,GCTTAAACAATTAG,4,20,13,1,-2.5649493574615367
415,AACTAACACAA,GCTTAAACAATTAG,4,30,10,4,-0.916290731874155
416,AACTAACACAA,GCTTAAACAATTAG,4,40,15,3,-1.6094379124341003
417,AACTAACACAA,GCTTAAACAATTAG,4,50,24,12,-0.6931471805599453
418,AACTAACACAA,GCTTAAACAATTAG,4,60,16,4,-1.3862943611198906
419,AACTGAAAAAT,GCACTCGGCAGGCG,2,0,9,7,-0.25131442828090605
420,AACTGAAAAAT,GCACTCGGCAGGCG,2,2,8,2,-1.3862943611198906
421,AACTGAAAAAT,GCACTCGGCAGGCG,2,5,6,1,-1.791759469228055
422,AACTGAAAAAT,GCACTCGGCAGGCG,2,10,4,4,0.0
423,AACTGAAAAAT,GCACTCGGCAGGCG,2,15,7,4,-0.5596157879354227
424,AACTGAAAAAT,GCACTCGGCAGGCG,2,20,2,7,1.252762968495368
425,AACTGAAAAAT,GCACTCGGCAGGCG,2,30,19,8,-0.8649974374866045
426,AACTGAAAAAT,GCACTCGGCAGGCG,2,40,16,8,-0.6931471805599453
427,AACTGAAAAAT,GCACTCGGCAGGCG,2,50,10,15,0.4054651081081644
428,AACTGAAAAAT,GCACTCGGCAGGCG,2,60,4,6,0.4054651081081644
429,AACTGAAAAAT,GCACTCGGCAGGCG,3,0,9,8,-0.11778303565638351
430,AACTGAAAAAT,GCACTCGGCAGGCG,3,2,18,1,-2.8903717578961645
431,AACTGAAAAAT,GCACTCGGCAGGCG,3,5,12,6,-0.6931471805599453
432,AACTGAAAAAT,GCACTCGGCAGGCG,3,10,14,5,-1.0296194171811581
433,AACTGAAAAAT,GCACTCGGCAGGCG,3,15,8,4,-0.6931471805599453
434,AACTGAAAAAT,GCACTCGGCAGGCG,3,20,20,8,-0.916290731874155
435,AACTGAAAAAT,GCACTCGGCAGGCG,3,30,24,8,-1.0986122886681098
436,AACTGAAAAAT,GCACTCGGCAGGCG,3,40,6,6,0.0
437,AACTGAAAAAT,GCACTCGGCAGGCG,3,50,12,4,-1.0986122886681098
438,AACTGAAAAAT,GCACTCGGCAGGCG,3,60,12,2,-1.791759469228055
439,AACTGAAAAAT,GCACTCGGCAGGCG,4,0,20,1,-2.995732273553991
440,AACTGAAAAAT,GCACTCGGCAGGCG,4,2,11,9,-0.2006706954621511
441,AACTGAAAAAT,GCACTCGGCAGGCG,4,5,4,3,-0.2876820724517809
442,AACTGAAAAAT,GCACTCGGCAGGCG,4,10,5,2,-0.916290731874155
443,AACTGAAAAAT,GCACTCGGCAGGCG,4,20,3,6,0.6931471805599453
444,AACTGAAAAAT,GCACTCGGCAGGCG,4,30,4,4,0.0
445,AACTGAAAAAT,GCACTCGGCAGGCG,4,40,8,6,-0.2876820724517809
446,AACTGAAAAAT,GCACTCGGCAGGCG,4,50,22,7,-1.1451323043030026
447,AACTGAAAAAT,GCACTCGGCAGGCG,4,60,6,3,-0.6931471805599453
448,AACTGAAGCCA,CGAGCAATTAACAA,2,0,72,7,-2.330755969960742
449,AACTGAAGCCA,CGAGCAATTAACAA,2,2,80,6,-2.5902671654458267
450,AACTGAAGCCA,CGAGCAATTAACAA,2,5,67,13,-1.6397432619294292
451,AACTGAAGCCA,CGAGCAATTAACAA,2,10,72,18,-1.3862943611198906
452,AACTGAAGCCA,CGAGCAATTAACAA,2,15,128,21,-1.807507826196194
453,AACTGAAGCCA,CGAGCAATTAACAA,2,20,126,37,-1.2253639943072534
454,AACTGAAGCCA,CGAGCAATTAACAA,2,30,134,40,-1.208960345836975
455,AACTGAAGCCA,CGAGCAATTAACAA,2,40,108,40,-0.9932517730102834
456,AACTGAAGCCA,CGAGCAATTAACAA,2,50,85,29,-1.0753554265038425
457,AACTGAAGCCA,CGAGCAATTAACAA,2,60,89,36,-0.9051174312760298
458,AACTGAAGCCA,CGAGCAATTAACAA,3,0,67,17,-1.3714792753347498
459,AACTGAAGCCA,CGAGCAATTAACAA,3,2,49,7,-1.9459101490553132
460,AACTGAAGCCA,CGAGCAATTAACAA,3,5,57,11,-1.6451559950361796
461,AACTGAAGCCA,CGAGCAATTAACAA,3,10,112,24,-1.5404450409471488
462,AACTGAAGCCA,CGAGCAATTAACAA,3,15,134,44,-1.11365016603265
463,AACTGAAGCCA,CGAGCAATTAACAA,3,20,103,30,-1.2335316065674804
464,AACTGAAGCCA,CGAGCAATTAACAA,3,30,71,10,-1.9600947840472696
465,AACTGAAGCCA,CGAGCAATTAACAA,3,40,75,20,-1.3217558399823195
466,AACTGAAGCCA,CGAGCAATTAACAA,3,50,68,42,-0.4818380868927383
467,AACTGAAGCCA,CGAGCAATTAACAA,3,60,59,29,-0.7102416139192453
468,AACTGAAGCCA,CGAGCAATTAACAA,4,0,70,8,-2.169053700369523
469,AACTGAAGCCA,CGAGCAATTAACAA,4,2,67,11,-1.8067973465925955
470,AACTGAAGCCA,CGAGCAATTAACAA,4,5,78,6,-2.5649493574615367
471,AACTGAAGCCA,CGAGCAATTAACAA,4,10,112,24,-1.5404450409471488
472,AACTGAAGCCA,CGAGCAATTAACAA,4,15,96,20,-1.5686159179138452
473,AACTGAAGCCA,CGAGCAATTAACAA,4,20,66,17,-1.3564413979702095
474,AACTGAAGCCA,CGAGCAATTAACAA,4,30,69,19,-1.289667525430819
475,AACTGAAGCCA,CGAGCAATTAACAA,4,40,66,38,-0.5520685823000396
476,AACTGAAGCCA,CGAGCAATTAACAA,4,50,98,38,-0.9473813189441862
477,AACTGAAGCCA,CGAGCAATTAACAA,4,60,53,41,-0.25671984684781396
478,AACTGACAAAC,CTATTTGATGCCAA,2,0,1,15,2.70805020110221
479,AACTGACAAAC,CTATTTGATGCCAA,2,2,1,25,3.2188758248682006
480,AACTGACAAAC,CTATTTGATGCCAA,2,20,1,32,3.4657359027997265
481,AACTGACAAAC,CTATTTGATGCCAA,3,2,1,14,2.6390573296152584
482,AACTGACAAAC,CTATTTGATGCCAA,3,15,2,27,2.6026896854443837
483,AACTGACAAAC,CTATTTGATGCCAA,3,20,1,32,3.4657359027997265
484,AACTGACAAAC,CTATTTGATGCCAA,3,30,1,35,3.5553480614894135
485,AACTGACAAAC,CTATTTGATGCCAA,4,5,2,16,2.0794415416798357
486,AACTGACAAAC,CTATTTGATGCCAA,4,30,1,25,3.2188758248682006
487,AACTGACAAAC,CTATTTGATGCCAA,4,40,2,41,3.0204248861443626
488,AACTGTGCAGT,TCAAAACATAGGCT,2,0,17,2,-2.1400661634962708
489,AACTGTGCAGT,TCAAAACATAGGCT,2,2,14,5,-1.0296194171811581
490,AACTGTGCAGT,TCAAAACATAGGCT,2,5,16,1,-2.772588722239781
491,AACTGTGCAGT,TCAAAACATAGGCT,2,10,24,5,-1.5686159179138452
492,AACTGTGCAGT,TCAAAACATAGGCT,2,15,48,2,-3.1780538303479458
493,AACTGTGCAGT,TCAAAACATAGGCT,2,20,29,5,-1.7578579175523736
494,AACTGTGCAGT,TCAAAACATAGGCT,2,30,23,2,-2.4423470353692043
495,AACTGTGCAGT,TCAAAACATAGGCT,2,40,42,9,-1.5404450409471488
496,AACTGTGCAGT,TCAAAACATAGGCT,2,50,23,7,-1.1895840668738362
497,AACTGTGCAGT,TCAAAACATAGGCT,2,60,20,4,-1.6094379124341003
498,AACTGTGCAGT,TCAAAACATAGGCT,3,2,27,6,-1.5040773967762742
499,AACTGTGCAGT,TCAAAACATAGGCT,3,5,29,4,-1.9810014688665833
500,AACTGTGCAGT,TCAAAACATAGGCT,3,10,25,7,-1.2729656758128873
501,AACTGTGCAGT,TCAAAACATAGGCT,3,15,19,1,-2.9444389791664403
502,AACTGTGCAGT,TCAAAACATAGGCT,3,20,21,2,-2.3513752571634776
503,AACTGTGCAGT,TCAAAACATAGGCT,3,30,16,2,-2.0794415416798357
504,AACTGTGCAGT,TCAAAACATAGGCT,3,40,30,4,-2.0149030205422647
505,AACTGTGCAGT,TCAAAACATAGGCT,3,50,14,3,-1.5404450409471488
506,AACTGTGCAGT,TCAAAACATAGGCT,4,0,13,2,-1.8718021769015913
507,AACTGTGCAGT,TCAAAACATAGGCT,4,2,23,5,-1.5260563034950494
508,AACTGTGCAGT,TCAAAACATAGGCT,4,5,19,1,-2.9444389791664403
509,AACTGTGCAGT,TCAAAACATAGGCT,4,10,17,3,-1.7346010553881062
510,AACTGTGCAGT,TCAAAACATAGGCT,4,15,25,3,-2.120263536200091
511,AACTGTGCAGT,TCAAAACATAGGCT,4,30,34,4,-2.1400661634962708
512,AACTGTGCAGT,TCAAAACATAGGCT,4,40,10,1,-2.3025850929940455
513,AACTGTGCAGT,TCAAAACATAGGCT,4,50,29,5,-1.7578579175523736
514,AACTGTGCAGT,TCAAAACATAGGCT,4,60,19,6,-1.1526795099383855
515,AAGACTAAGAA,CAACTGTATTTTAC,2,0,203,19,-2.368766999875347
516,AAGACTAAGAA,CAACTGTATTTTAC,2,2,209,30,-1.9411368703026555
517,AAGACTAAGAA,CAACTGTATTTTAC,2,5,177,10,-2.8735646395797834
518,AAGACTAAGAA,CAACTGTATTTTAC,2,10,192,24,-2.0794415416798357
519,AAGACTAAGAA,CAACTGTATTTTAC,2,15,223,32,-1.941435868660392
520,AAGACTAAGAA,CAACTGTATTTTAC,2,20,254,43,-1.7761341513249742
521,AAGACTAAGAA,CAACTGTATTTTAC,2,30,245,31,-2.0672710060595807
522,AAGACTAAGAA,CAACTGTATTTTAC,2,40,230,39,-1.7745176627935488
523,AAGACTAAGAA,CAACTGTATTTTAC,2,50,169,22,-2.0388562615647574
524,AAGACTAAGAA,CAACTGTATTTTAC,2,60,236,52,-1.5125880864441827
525,AAGACTAAGAA,CAACTGTATTTTAC,3,0,192,26,-1.9993988340062996
526,AAGACTAAGAA,CAACTGTATTTTAC,3,2,216,36,-1.791759469228055
527,AAGACTAAGAA,CAACTGTATTTTAC,3,5,224,28,-2.0794415416798357
528,AAGACTAAGAA,CAACTGTATTTTAC,3,10,220,24,-2.2155737160044158
529,AAGACTAAGAA,CAACTGTATTTTAC,3,15,251,25,-2.3065771142635834
530,AAGACTAAGAA,CAACTGTATTTTAC,3,20,233,46,-1.6223970570766055
531,AAGACTAAGAA,CAACTGTATTTTAC,3,30,156,20,-2.0541237336955462
532,AAGACTAAGAA,CAACTGTATTTTAC,3,40,198,26,-2.030170492673053
533,AAGACTAAGAA,CAACTGTATTTTAC,3,50,183,37,-1.5985682401971966
534,AAGACTAAGAA,CAACTGTATTTTAC,3,60,190,38,-1.6094379124341003
535,AAGACTAAGAA,CAACTGTATTTTAC,4,0,159,20,-2.0731719286662407
536,AAGACTAAGAA,CAACTGTATTTTAC,4,2,185,28,-1.8881513149031208
537,AAGACTAAGAA,CAACTGTATTTTAC,4,5,139,11,-2.5365786603323213
538,AAGACTAAGAA,CAACTGTATTTTAC,4,10,154,20,-2.0412203288596382
539,AAGACTAAGAA,CAACTGTATTTTAC,4,15,188,27,-1.9406050968256199
540,AAGACTAAGAA,CAACTGTATTTTAC,4,20,152,29,-1.6565846908598023
541,AAGACTAAGAA,CAACTGTATTTTAC,4,30,217,35,-1.8245492920510458
542,AAGACTAAGAA,CAACTGTATTTTAC,4,40,234,48,-1.5841201044498106
543,AAGACTAAGAA,CAACTGTATTTTAC,4,50,213,50,-1.449269160281279
544,AAGACTAAGAA,CAACTGTATTTTAC,4,60,220,39,-1.730065900222715
545,AAGATAAGCAT,GCCTCATCGGGGAA,2,0,1,14,2.6390573296152584
546,AAGATAAGCAT,GCCTCATCGGGGAA,2,50,1,90,4.499809670330265
547,AAGATAAGCAT,GCCTCATCGGGGAA,3,2,1,10,2.3025850929940455
548,AAGATAAGCAT,GCCTCATCGGGGAA,3,15,1,39,3.6635616461296463
549,AAGCCAAAGAA,TAAGTGAGACTAAA,4,15,1,878,6.777646593635116
550,AAGCCAAAGAA,TAAGTGAGACTAAA,4,60,1,2185,7.68937110752969
551,AAGCCACCACA,AACTTGTTGCATTA,4,50,1,1,0.0
552,AAGCGCATCTG,TCGAAAGCGTAAGT,2,0,18,4,-1.5040773967762742
553,AAGCGCATCTG,TCGAAAGCGTAAGT,2,2,12,4,-1.0986122886681098
554,AAGCGCATCTG,TCGAAAGCGTAAGT,2,5,14,2,-1.9459101490553132
555,AAGCGCATCTG,TCGAAAGCGTAAGT,2,10,54,10,-1.6863989535702286
556,AAGCGCATCTG,TCGAAAGCGTAAGT,2,15,57,7,-2.097141118779237
557,AAGCGCATCTG,TCGAAAGCGTAAGT,2,20,29,5,-1.7578579175523736
558,AAGCGCATCTG,TCGAAAGCGTAAGT,2,30,21,6,-1.252762968495368
559,AAGCGCATCTG,TCGAAAGCGTAAGT,2,40,51,11,-1.533930359925955
560,AAGCGCATCTG,TCGAAAGCGTAAGT,2,50,54,10,-1.6863989535702286
561,AAGCGCATCTG,TCGAAAGCGTAAGT,2,60,42,5,-2.128231705849268
562,AAGCGCATCTG,TCGAAAGCGTAAGT,3,0,26,8,-1.178654996341646
563,AAGCGCATCTG,TCGAAAGCGTAAGT,3,2,15,1,-2.70805020110221
564,AAGCGCATCTG,TCGAAAGCGTAAGT,3,5,29,8,-1.287854288306638
565,AAGCGCATCTG,TCGAAAGCGTAAGT,3,10,30,3,-2.3025850929940455
566,AAGCGCATCTG,TCGAAAGCGTAAGT,3,15,51,6,-2.1400661634962708
567,AAGCGCATCTG,TCGAAAGCGTAAGT,3,20,25,6,-1.4271163556401458
568,AAGCGCATCTG,TCGAAAGCGTAAGT,3,30,36,5,-1.9740810260220094
569,AAGCGCATCTG,TCGAAAGCGTAAGT,3,40,25,2,-2.525728644308255
570,AAGCGCATCTG,TCGAAAGCGTAAGT,3,50,37,5,-2.001480000210124
571,AAGCGCATCTG,TCGAAAGCGTAAGT,3,60,58,10,-1.7578579175523736
572,AAGCGCATCTG,TCGAAAGCGTAAGT,4,0,30,3,-2.3025850929940455
573,AAGCGCATCTG,TCGAAAGCGTAAGT,4,2,49,4,-2.505525936990736
574,AAGCGCATCTG,TCGAAAGCGTAAGT,4,5,19,2,-2.2512917986064953
575,AAGCGCATCTG,TCGAAAGCGTAAGT,4,10,37,10,-1.3083328196501787
576,AAGCGCATCTG,TCGAAAGCGTAAGT,4,15,49,6,-2.1000608288825715
577,AAGCGCATCTG,TCGAAAGCGTAAGT,4,20,46,5,-2.2192034840549946
578,AAGCGCATCTG,TCGAAAGCGTAAGT,4,30,17,4,-1.4469189829363254
579,AAGCGCATCTG,TCGAAAGCGTAAGT,4,40,33,6,-1.7047480922384253
580,AAGCGCATCTG,TCGAAAGCGTAAGT,4,50,20,10,-0.6931471805599453
581,AAGCGCATCTG,TCGAAAGCGTAAGT,4,60,27,2,-2.6026896854443837
582,AAGTCTACTAT,TAACGACCCTTTAA,2,2,20,1,-2.995732273553991
583,AAGTCTACTAT,TAACGACCCTTTAA,2,5,13,1,-2.5649493574615367
584,AAGTCTACTAT,TAACGACCCTTTAA,2,50,2,1,-0.6931471805599453
585,AAGTCTACTAT,TAACGACCCTTTAA,2,60,11,2,-1.7047480922384253
586,AAGTCTACTAT,TAACGACCCTTTAA,3,0,10,1,-2.3025850929940455
587,AAGTCTACTAT,TAACGACCCTTTAA,3,10,9,1,-2.1972245773362196
588,AAGTCTACTAT,TAACGACCCTTTAA,3,40,10,1,-2.3025850929940455
589,AAGTCTACTAT,TAACGACCCTTTAA,3,50,6,1,-1.791759469228055
590,AAGTCTACTAT,TAACGACCCTTTAA,3,60,20,2,-2.3025850929940455
591,AAGTCTACTAT,TAACGACCCTTTAA,4,5,5,2,-0.916290731874155
592,AAGTCTACTAT,TAACGACCCTTTAA,4,10,11,6,-0.6061358035703156
593,AAGTCTACTAT,TAACGACCCTTTAA,4,20,9,3,-1.0986122886681098
594,AAGTCTACTAT,TAACGACCCTTTAA,4,40,7,1,-1.9459101490553132
595,AAGTCTACTAT,TAACGACCCTTTAA,4,50,10,4,-0.916290731874155
596,AAGTCTACTAT,TAACGACCCTTTAA,4,60,22,3,-1.992430164690206
597,AAGTCTAGAAA,GCATAGTAACACGG,2,0,30,2,-2.70805020110221
598,AAGTCTAGAAA,GCATAGTAACACGG,2,2,32,3,-2.367123614131617
599,AAGTCTAGAAA,GCATAGTAACACGG,2,5,12,2,-1.791759469228055
600,AAGTCTAGAAA,GCATAGTAACACGG,2,10,30,5,-1.791759469228055
601,AAGTCTAGAAA,GCATAGTAACACGG,2,15,42,10,-1.4350845252893227
602,AAGTCTAGAAA,GCATAGTAACACGG,2,20,31,4,-2.0476928433652555
603,AAGTCTAGAAA,GCATAGTAACACGG,2,30,53,8,-1.8908503718722858
604,AAGTCTAGAAA,GCATAGTAACACGG,2,50,36,9,-1.3862943611198906
605,AAGTCTAGAAA,GCATAGTAACACGG,2,60,36,12,-1.0986122886681098
606,AAGTCTAGAAA,GCATAGTAACACGG,3,0,22,2,-2.3978952727983707
607,AAGTCTAGAAA,GCATAGTAACACGG,3,2,28,4,-1.9459101490553132
608,AAGTCTAGAAA,GCATAGTAACACGG,3,5,34,3,-2.4277482359480516
609,AAGTCTAGAAA,GCATAGTAACACGG,3,10,21,6,-1.252762968495368
610,AAGTCTAGAAA,GCATAGTAACACGG,3,15,50,6,-2.120263536200091
611,AAGTCTAGAAA,GCATAGTAACACGG,3,20,43,11,-1.3633048428951917
612,AAGTCTAGAAA,GCATAGTAACACGG,3,30,25,4,-1.83258146374831
613,AAGTCTAGAAA,GCATAGTAACACGG,3,40,28,4,-1.9459101490553132
614,AAGTCTAGAAA,GCATAGTAACACGG,3,50,40,7,-1.742969305058623
615,AAGTCTAGAAA,GCATAGTAACACGG,3,60,30,14,-0.7621400520468967
616,AAGTCTAGAAA,GCATAGTAACACGG,4,0,30,4,-2.0149030205422647
617,AAGTCTAGAAA,GCATAGTAACACGG,4,2,32,5,-1.856297990365626
618,AAGTCTAGAAA,GCATAGTAACACGG,4,5,22,2,-2.3978952727983707
619,AAGTCTAGAAA,GCATAGTAACACGG,4,10,56,8,-1.9459101490553132
620,AAGTCTAGAAA,GCATAGTAACACGG,4,15,28,6,-1.5404450409471488
621,AAGTCTAGAAA,GCATAGTAACACGG,4,20,35,1,-3.5553480614894135
622,AAGTCTAGAAA,GCATAGTAACACGG,4,30,34,4,-2.1400661634962708
623,AAGTCTAGAAA,GCATAGTAACACGG,4,40,38,9,-1.4403615823901663
624,AAGTCTAGAAA,GCATAGTAACACGG,4,50,47,11,-1.452252328911688
625,AAGTCTAGAAA,GCATAGTAACACGG,4,60,30,1,-3.4011973816621555
626,AAGTCTTGAGG,TAGCGGCACGACTC,2,0,22,2,-2.3978952727983707
627,AAGTCTTGAGG,TAGCGGCACGACTC,2,2,28,4,-1.9459101490553132
628,AAGTCTTGAGG,TAGCGGCACGACTC,2,5,18,2,-2.1972245773362196
629,AAGTCTTGAGG,TAGCGGCACGACTC,2,10,29,22,-0.27625337662815824
630,AAGTCTTGAGG,TAGCGGCACGACTC,2,15,43,5,-2.151762203259462
631,AAGTCTTGAGG,TAGCGGCACGACTC,2,20,33,21,-0.4519851237430572
632,AAGTCTTGAGG,TAGCGGCACGACTC,2,30,28,51,0.5996211225491218
633,AAGTCTTGAGG,TAGCGGCACGACTC,2,40,16,3,-1.6739764335716716
634,AAGTCTTGAGG,TAGCGGCACGACTC,2,50,47,53,0.12014431184206321
635,AAGTCTTGAGG,TAGCGGCACGACTC,2,60,18,52,1.0608719606852626
636,AAGTCTTGAGG,TAGCGGCACGACTC,3,0,29,5,-1.7578579175523736
637,AAGTCTTGAGG,TAGCGGCACGACTC,3,2,21,1,-3.044522437723423
638,AAGTCTTGAGG,TAGCGGCACGACTC,3,5,37,5,-2.001480000210124
639,AAGTCTTGAGG,TAGCGGCACGACTC,3,10,23,34,0.39086630868701167
640,AAGTCTTGAGG,TAGCGGCACGACTC,3,15,33,16,-0.723918839226699
641,AAGTCTTGAGG,TAGCGGCACGACTC,3,20,34,94,1.0169342576538425
642,AAGTCTTGAGG,TAGCGGCACGACTC,3,30,35,31,-0.12136085700426748
643,AAGTCTTGAGG,TAGCGGCACGACTC,3,40,28,12,-0.8472978603872037
644,AAGTCTTGAGG,TAGCGGCACGACTC,3,50,23,115,1.6094379124341003
645,AAGTCTTGAGG,TAGCGGCACGACTC,3,60,32,69,0.7683706017975328
646,AAGTCTTGAGG,TAGCGGCACGACTC,4,2,26,1,-3.2580965380214817
647,AAGTCTTGAGG,TAGCGGCACGACTC,4,5,37,4,-2.2246235515243336
648,AAGTCTTGAGG,TAGCGGCACGACTC,4,10,22,9,-0.8938178760220964
649,AAGTCTTGAGG,TAGCGGCACGACTC,4,15,19,13,-0.37948962170490375
650,AAGTCTTGAGG,TAGCGGCACGACTC,4,20,40,31,-0.25489224962879004
651,AAGTCTTGAGG,TAGCGGCACGACTC,4,30,32,68,0.7537718023763801
652,AAGTCTTGAGG,TAGCGGCACGACTC,4,40,41,47,0.1365755350057507
653,AAGTCTTGAGG,TAGCGGCACGACTC,4,50,27,15,-0.587786664902119
654,AAGTCTTGAGG,TAGCGGCACGACTC,4,60,31,39,0.22957444164450017
655,AAGTTAAGATC,TGGCGGGATCGTTA,2,0,14,2,-1.9459101490553132
656,AAGTTAAGATC,TGGCGGGATCGTTA,2,2,42,7,-1.791759469228055
657,AAGTTAAGATC,TGGCGGGATCGTTA,2,5,39,2,-2.970414465569701
658,AAGTTAAGATC,TGGCGGGATCGTTA,2,10,38,20,-0.6418538861723948
659,AAGTTAAGATC,TGGCGGGATCGTTA,2,15,50,17,-1.0788096613719298
660,AAGTTAAGATC,TGGCGGGATCGTTA,2,20,35,21,-0.5108256237659907
661,AAGTTAAGATC,TGGCGGGATCGTTA,2,30,46,33,-0.3321338350226148
662,AAGTTAAGATC,TGGCGGGATCGTTA,2,40,48,16,-1.0986122886681098
663,AAGTTAAGATC,TGGCGGGATCGTTA,2,50,51,16,-1.1592369104845446
664,AAGTTAAGATC,TGGCGGGATCGTTA,2,60,53,20,-0.9745596399981307
665,AAGTTAAGATC,TGGCGGGATCGTTA,3,0,40,7,-1.742969305058623
666,AAGTTAAGATC,TGGCGGGATCGTTA,3,2,36,5,-1.9740810260220094
667,AAGTTAAGATC,TGGCGGGATCGTTA,3,5,36,16,-0.8109302162163288
668,AAGTTAAGATC,TGGCGGGATCGTTA,3,10,41,10,-1.410986973710262
669,AAGTTAAGATC,TGGCGGGATCGTTA,3,15,48,17,-1.0379876668516748
670,AAGTTAAGATC,TGGCGGGATCGTTA,3,20,51,13,-1.366876275262789
671,AAGTTAAGATC,TGGCGGGATCGTTA,3,30,69,33,-0.7375989431307791
672,AAGTTAAGATC,TGGCGGGATCGTTA,3,40,17,4,-1.4469189829363254
673,AAGTTAAGATC,TGGCGGGATCGTTA,3,50,55,11,-1.6094379124341003
674,AAGTTAAGATC,TGGCGGGATCGTTA,3,60,32,18,-0.5753641449035618
675,AAGTTAAGATC,TGGCGGGATCGTTA,4,0,49,11,-1.493925025312256
676,AAGTTAAGATC,TGGCGGGATCGTTA,4,5,30,4,-2.0149030205422647
677,AAGTTAAGATC,TGGCGGGATCGTTA,4,10,46,24,-0.6505875661411494
678,AAGTTAAGATC,TGGCGGGATCGTTA,4,15,28,9,-1.1349799328389845
679,AAGTTAAGATC,TGGCGGGATCGTTA,4,20,26,7,-1.3121863889661687
680,AAGTTAAGATC,TGGCGGGATCGTTA,4,30,32,7,-1.519825753744413
681,AAGTTAAGATC,TGGCGGGATCGTTA,4,40,35,18,-0.6649763035932491
682,AAGTTAAGATC,TGGCGGGATCGTTA,4,50,37,30,-0.20972053098206903
683,AAGTTAAGATC,TGGCGGGATCGTTA,4,60,22,16,-0.3184537311185346
684,AAGTTTAAGTC,GGACATTACCCTTT,2,0,8,1,-2.0794415416798357
685,AAGTTTAAGTC,GGACATTACCCTTT,2,5,16,1,-2.772588722239781
686,AAGTTTAAGTC,GGACATTACCCTTT,2,10,24,1,-3.1780538303479458
687,AAGTTTAAGTC,GGACATTACCCTTT,2,15,7,1,-1.9459101490553132
688,AAGTTTAAGTC,GGACATTACCCTTT,2,20,14,2,-1.9459101490553132
689,AAGTTTAAGTC,GGACATTACCCTTT,2,30,5,4,-0.2231435513142097
690,AAGTTTAAGTC,GGACATTACCCTTT,2,40,22,1,-3.0910424533583156
691,AAGTTTAAGTC,GGACATTACCCTTT,4,0,9,1,-2.1972245773362196
692,AAGTTTAAGTC,GGACATTACCCTTT,4,5,9,1,-2.1972245773362196
693,AAGTTTAAGTC,GGACATTACCCTTT,4,30,13,1,-2.5649493574615367
694,AAGTTTAAGTC,GGACATTACCCTTT,4,60,6,1,-1.791759469228055
695,AAGTTTTTTAC,GTTATCTTAAAACA,2,5,1,2,0.6931471805599453
696,AATAAAAGAAT,TATTGCCAGATTTT,2,0,63,2,-3.449987545831587
697,AATAAAAGAAT,TATTGCCAGATTTT,2,2,57,8,-1.9636097261547143
698,AATAAAAGAAT,TATTGCCAGATTTT,2,5,37,8,-1.5314763709643884
699,AATAAAAGAAT,TATTGCCAGATTTT,2,10,66,14,-1.5505974124111668
700,AATAAAAGAAT,TATTGCCAGATTTT,2,15,71,8,-2.1832383353614793
701,AATAAAAGAAT,TATTGCCAGATTTT,2,20,43,16,-0.9886113934537811
702,AATAAAAGAAT,TATTGCCAGATTTT,2,30,29,7,-1.4213856809311607
703,AATAAAAGAAT,TATTGCCAGATTTT,2,40,62,13,-1.5621850275835547
704,AATAAAAGAAT,TATTGCCAGATTTT,2,50,94,33,-1.0467872208035236
705,AATAAAAGAAT,TATTGCCAGATTTT,2,60,39,20,-0.6678293725756556
706,AATAAAAGAAT,TATTGCCAGATTTT,3,0,54,8,-1.9095425048844383
707,AATAAAAGAAT,TATTGCCAGATTTT,3,2,72,6,-2.4849066497880004
708,AATAAAAGAAT,TATTGCCAGATTTT,3,5,51,6,-2.1400661634962708
709,AATAAAAGAAT,TATTGCCAGATTTT,3,10,71,13,-1.6977305195797787
710,AATAAAAGAAT,TATTGCCAGATTTT,3,15,37,10,-1.3083328196501787
711,AATAAAAGAAT,TATTGCCAGATTTT,3,20,69,25,-1.0152306797290587
712,AATAAAAGAAT,TATTGCCAGATTTT,3,30,51,14,-1.292768303109067
713,AATAAAAGAAT,TATTGCCAGATTTT,3,40,32,1,-3.4657359027997265
714,AATAAAAGAAT,TATTGCCAGATTTT,3,50,30,13,-0.8362480242006186
715,AATAAAAGAAT,TATTGCCAGATTTT,3,60,54,9,-1.791759469228055
716,AATAAAAGAAT,TATTGCCAGATTTT,4,2,66,9,-1.992430164690206
717,AATAAAAGAAT,TATTGCCAGATTTT,4,5,36,6,-1.791759469228055
718,AATAAAAGAAT,TATTGCCAGATTTT,4,10,38,6,-1.8458266904983307
719,AATAAAAGAAT,TATTGCCAGATTTT,4,15,53,17,-1.1370785694959058
720,AATAAAAGAAT,TATTGCCAGATTTT,4,20,35,3,-2.456735772821304
721,AATAAAAGAAT,TATTGCCAGATTTT,4,30,49,13,-1.3268709406490897
722,AATAAAAGAAT,TATTGCCAGATTTT,4,40,56,22,-0.9343092373768334
723,AATAAAAGAAT,TATTGCCAGATTTT,4,50,49,14,-1.252762968495368
724,AATAAAAGAAT,TATTGCCAGATTTT,4,60,40,8,-1.6094379124341003
725,AATAATGAATA,CTAAGACACTCTTC,2,15,1,126,4.836281906951478
726,AATAATGAATA,CTAAGACACTCTTC,3,20,1,249,5.517452896464707
727,AATACAAACTA,AAGAAAAAGACCAA,3,20,1,14,2.6390573296152584
728,AATACGTAATG,TCAGAGGCATCTAT,2,0,13,1,-2.5649493574615367
729,AATACGTAATG,TCAGAGGCATCTAT,2,2,29,8,-1.287854288306638
730,AATACGTAATG,TCAGAGGCATCTAT,2,10,26,2,-2.5649493574615367
731,AATACGTAATG,TCAGAGGCATCTAT,2,15,26,4,-1.8718021769015913
732,AATACGTAATG,TCAGAGGCATCTAT,2,20,24,4,-1.791759469228055
733,AATACGTAATG,TCAGAGGCATCTAT,2,30,39,2,-2.970414465569701
734,AATACGTAATG,TCAGAGGCATCTAT,2,40,45,3,-2.70805020110221
735,AATACGTAATG,TCAGAGGCATCTAT,2,50,52,10,-1.6486586255873816
736,AATACGTAATG,TCAGAGGCATCTAT,2,60,27,9,-1.0986122886681098
737,AATACGTAATG,TCAGAGGCATCTAT,3,0,24,2,-2.4849066497880004
738,AATACGTAATG,TCAGAGGCATCTAT,3,2,20,1,-2.995732273553991
739,AATACGTAATG,TCAGAGGCATCTAT,3,5,22,1,-3.0910424533583156
740,AATACGTAATG,TCAGAGGCATCTAT,3,10,46,1,-3.828641396489095
741,AATACGTAATG,TCAGAGGCATCTAT,3,15,29,2,-2.6741486494265287
742,AATACGTAATG,TCAGAGGCATCTAT,3,20,44,3,-2.6855773452501515
743,AATACGTAATG,TCAGAGGCATCTAT,3,30,12,1,-2.4849066497880004
744,AATACGTAATG,TCAGAGGCATCTAT,3,40,23,1,-3.1354942159291497
745,AATACGTAATG,TCAGAGGCATCTAT,3,50,20,3,-1.8971199848858813
746,AATACGTAATG,TCAGAGGCATCTAT,3,60,23,4,-1.749199854809259
747,AATACGTAATG,TCAGAGGCATCTAT,4,0,26,3,-2.159484249353372
748,AATACGTAATG,TCAGAGGCATCTAT,4,2,34,3,-2.4277482359480516
749,AATACGTAATG,TCAGAGGCATCTAT,4,10,26,2,-2.5649493574615367
750,AATACGTAATG,TCAGAGGCATCTAT,4,15,28,2,-2.6390573296152584
751,AATACGTAATG,TCAGAGGCATCTAT,4,20,25,2,-2.525728644308255
752,AATACGTAATG,TCAGAGGCATCTAT,4,30,40,4,-2.3025850929940455
753,AATACGTAATG,TCAGAGGCATCTAT,4,40,45,6,-2.0149030205422647
754,AATACGTAATG,TCAGAGGCATCTAT,4,50,37,4,-2.2246235515243336
755,AATACGTAATG,TCAGAGGCATCTAT,4,60,27,4,-1.9095425048844383
756,AATAGATTCGT,AACAACGTGTTCTC,2,0,20,3,-1.8971199848858813
757,AATAGATTCGT,AACAACGTGTTCTC,2,2,11,3,-1.2992829841302609
758,AATAGATTCGT,AACAACGTGTTCTC,2,5,21,3,-1.9459101490553132
759,AATAGATTCGT,AACAACGTGTTCTC,2,10,11,15,0.3101549283038394
760,AATAGATTCGT,AACAACGTGTTCTC,2,15,27,35,0.25951119548508456
761,AATAGATTCGT,AACAACGTGTTCTC,2,20,19,28,0.38776553100876343
762,AATAGATTCGT,AACAACGTGTTCTC,2,30,23,6,-1.3437347467010947
763,AATAGATTCGT,AACAACGTGTTCTC,2,40,17,14,-0.1941560144409575
764,AATAGATTCGT,AACAACGTGTTCTC,2,50,22,31,0.3429447511268304
765,AATAGATTCGT,AACAACGTGTTCTC,2,60,13,25,0.653926467406664
766,AATAGATTCGT,AACAACGTGTTCTC,3,0,11,2,-1.7047480922384253
767,AATAGATTCGT,AACAACGTGTTCTC,3,2,19,1,-2.9444389791664403
768,AATAGATTCGT,AACAACGTGTTCTC,3,5,8,1,-2.0794415416798357
769,AATAGATTCGT,AACAACGTGTTCTC,3,10,16,11,-0.3746934494414107
770,AATAGATTCGT,AACAACGTGTTCTC,3,15,16,9,-0.5753641449035618
771,AATAGATTCGT,AACAACGTGTTCTC,3,20,17,25,0.38566248081198473
772,AATAGATTCGT,AACAACGTGTTCTC,3,30,14,21,0.4054651081081644
773,AATAGATTCGT,AACAACGTGTTCTC,3,40,12,65,1.6894806201076369
774,AATAGATTCGT,AACAACGTGTTCTC,3,50,12,14,0.15415067982725836
775,AATAGATTCGT,AACAACGTGTTCTC,3,60,15,12,-0.2231435513142097
776,AATAGATTCGT,AACAACGTGTTCTC,4,2,21,1,-3.044522437723423
777,AATAGATTCGT,AACAACGTGTTCTC,4,5,22,1,-3.0910424533583156
778,AATAGATTCGT,AACAACGTGTTCTC,4,15,18,15,-0.1823215567939546
779,AATAGATTCGT,AACAACGTGTTCTC,4,20,14,13,-0.07410797215372183
780,AATAGATTCGT,AACAACGTGTTCTC,4,30,23,4,-1.749199854809259
781,AATAGATTCGT,AACAACGTGTTCTC,4,40,9,2,-1.5040773967762742
782,AATAGATTCGT,AACAACGTGTTCTC,4,50,14,21,0.4054651081081644
783,AATAGATTCGT,AACAACGTGTTCTC,4,60,28,16,-0.5596157879354227
784,AATAGATTGTG,ACGCGTGTCTTATC,2,2,19,4,-1.55814461804655
785,AATAGATTGTG,ACGCGTGTCTTATC,2,5,34,5,-1.9169226121820608
786,AATAGATTGTG,ACGCGTGTCTTATC,2,10,36,3,-2.4849066497880004
787,AATAGATTGTG,ACGCGTGTCTTATC,2,15,13,6,-0.7731898882334817
788,AATAGATTGTG,ACGCGTGTCTTATC,2,20,16,4,-1.3862943611198906
789,AATAGATTGTG,ACGCGTGTCTTATC,2,30,14,6,-0.8472978603872037
790,AATAGATTGTG,ACGCGTGTCTTATC,2,40,26,5,-1.6486586255873816
791,AATAGATTGTG,ACGCGTGTCTTATC,2,50,12,6,-0.6931471805599453
792,AATAGATTGTG,ACGCGTGTCTTATC,2,60,12,3,-1.3862943611198906
793,AATAGATTGTG,ACGCGTGTCTTATC,3,0,11,1,-2.3978952727983707
794,AATAGATTGTG,ACGCGTGTCTTATC,3,2,33,2,-2.803360380906535
795,AATAGATTGTG,ACGCGTGTCTTATC,3,5,16,1,-2.772588722239781
796,AATAGATTGTG,ACGCGTGTCTTATC,3,10,18,7,-0.9444616088408513
797,AATAGATTGTG,ACGCGTGTCTTATC,3,15,22,6,-1.2992829841302609
798,AATAGATTGTG,ACGCGTGTCTTATC,3,20,22,6,-1.2992829841302609
799,AATAGATTGTG,ACGCGTGTCTTATC,3,30,15,5,-1.0986122886681098
800,AATAGATTGTG,ACGCGTGTCTTATC,3,40,26,2,-2.5649493574615367
801,AATAGATTGTG,ACGCGTGTCTTATC,3,50,16,6,-0.9808292530117262
802,AATAGATTGTG,ACGCGTGTCTTATC,3,60,21,5,-1.4350845252893227
803,AATAGATTGTG,ACGCGTGTCTTATC,4,0,12,1,-2.4849066497880004
804,AATAGATTGTG,ACGCGTGTCTTATC,4,2,18,4,-1.5040773967762742
805,AATAGATTGTG,ACGCGTGTCTTATC,4,10,16,5,-1.1631508098056809
806,AATAGATTGTG,ACGCGTGTCTTATC,4,15,9,3,-1.0986122886681098
807,AATAGATTGTG,ACGCGTGTCTTATC,4,20,20,9,-0.7985076962177715
808,AATAGATTGTG,ACGCGTGTCTTATC,4,30,20,3,-1.8971199848858813
809,AATAGATTGTG,ACGCGTGTCTTATC,4,40,29,8,-1.287854288306638
810,AATAGATTGTG,ACGCGTGTCTTATC,4,50,28,9,-1.1349799328389845
811,AATAGATTGTG,ACGCGTGTCTTATC,4,60,30,11,-1.0033021088637848
812,AATAGCTTCAT,GGAGCTTTCGGAAT,2,5,8,1,-2.0794415416798357
813,AATAGCTTCAT,GGAGCTTTCGGAAT,2,10,33,7,-1.5505974124111668
814,AATAGCTTCAT,GGAGCTTTCGGAAT,2,15,20,3,-1.8971199848858813
815,AATAGCTTCAT,GGAGCTTTCGGAAT,2,20,19,3,-1.8458266904983307
816,AATAGCTTCAT,GGAGCTTTCGGAAT,2,40,26,3,-2.159484249353372
817,AATAGCTTCAT,GGAGCTTTCGGAAT,2,60,34,8,-1.4469189829363254
818,AATAGCTTCAT,GGAGCTTTCGGAAT,3,0,20,2,-2.3025850929940455
819,AATAGCTTCAT,GGAGCTTTCGGAAT,3,5,29,2,-2.6741486494265287
820,AATAGCTTCAT,GGAGCTTTCGGAAT,3,10,31,2,-2.740840023925201
821,AATAGCTTCAT,GGAGCTTTCGGAAT,3,15,29,8,-1.287854288306638
822,AATAGCTTCAT,GGAGCTTTCGGAAT,3,20,19,6,-1.1526795099383855
823,AATAGCTTCAT,GGAGCTTTCGGAAT,3,30,24,9,-0.9808292530117262
824,AATAGCTTCAT,GGAGCTTTCGGAAT,3,40,12,5,-0.8754687373538999
825,AATAGCTTCAT,GGAGCTTTCGGAAT,3,50,35,6,-1.7635885922613586
826,AATAGCTTCAT,GGAGCTTTCGGAAT,3,60,30,1,-3.4011973816621555
827,AATAGCTTCAT,GGAGCTTTCGGAAT,4,0,28,2,-2.6390573296152584
828,AATAGCTTCAT,GGAGCTTTCGGAAT,4,2,10,1,-2.3025850929940455
829,AATAGCTTCAT,GGAGCTTTCGGAAT,4,5,25,2,-2.525728644308255
830,AATAGCTTCAT,GGAGCTTTCGGAAT,4,10,24,2,-2.4849066497880004
831,AATAGCTTCAT,GGAGCTTTCGGAAT,4,20,45,10,-1.5040773967762742
832,AATAGCTTCAT,GGAGCTTTCGGAAT,4,30,27,7,-1.3499267169490157
833,AATAGCTTCAT,GGAGCTTTCGGAAT,4,40,23,7,-1.1895840668738362
834,AATAGCTTCAT,GGAGCTTTCGGAAT,4,50,22,18,-0.2006706954621511
835,AATAGCTTCAT,GGAGCTTTCGGAAT,4,60,32,8,-1.3862943611198906
836,AATATCGACAG,GATCCTCAGTAGAC,2,0,17,15,-0.12516314295400605
837,AATATCGACAG,GATCCTCAGTAGAC,2,2,21,17,-0.2113090936672069
838,AATATCGACAG,GATCCTCAGTAGAC,2,5,19,16,-0.17185025692665928
839,AATATCGACAG,GATCCTCAGTAGAC,2,10,18,23,0.2451224580329849
840,AATATCGACAG,GATCCTCAGTAGAC,2,15,21,32,0.4212134650763035
841,AATATCGACAG,GATCCTCAGTAGAC,2,20,31,48,0.43721380642274466
842,AATATCGACAG,GATCCTCAGTAGAC,2,30,32,61,0.6451379613735847
843,AATATCGACAG,GATCCTCAGTAGAC,2,40,31,81,0.9604619501872924
844,AATATCGACAG,GATCCTCAGTAGAC,2,50,22,50,0.8209805520698303
845,AATATCGACAG,GATCCTCAGTAGAC,2,60,31,36,0.14953173397096384
846,AATATCGACAG,GATCCTCAGTAGAC,3,0,15,13,-0.1431008436406733
847,AATATCGACAG,GATCCTCAGTAGAC,3,2,10,12,0.1823215567939546
848,AATATCGACAG,GATCCTCAGTAGAC,3,5,45,22,-0.7156200364120039
849,AATATCGACAG,GATCCTCAGTAGAC,3,10,29,31,0.06669137449867214
850,AATATCGACAG,GATCCTCAGTAGAC,3,15,36,53,0.3867729750960119
851,AATATCGACAG,GATCCTCAGTAGAC,3,20,28,38,0.30538164955118186
852,AATATCGACAG,GATCCTCAGTAGAC,3,30,17,20,0.16251892949777494
853,AATATCGACAG,GATCCTCAGTAGAC,3,40,22,49,0.8007778447523106
854,AATATCGACAG,GATCCTCAGTAGAC,3,50,31,40,0.25489224962879004
855,AATATCGACAG,GATCCTCAGTAGAC,3,60,25,30,0.1823215567939546
856,AATATCGACAG,GATCCTCAGTAGAC,4,0,14,19,0.30538164955118186
857,AATATCGACAG,GATCCTCAGTAGAC,4,2,29,18,-0.4769240720903093
858,AATATCGACAG,GATCCTCAGTAGAC,4,5,13,17,0.2682639865946793
859,AATATCGACAG,GATCCTCAGTAGAC,4,10,28,29,0.03509131981127019
860,AATATCGACAG,GATCCTCAGTAGAC,4,15,25,25,0.0
861,AATATCGACAG,GATCCTCAGTAGAC,4,20,28,42,0.4054651081081644
862,AATATCGACAG,GATCCTCAGTAGAC,4,30,12,44,1.2992829841302607
863,AATATCGACAG,GATCCTCAGTAGAC,4,40,29,68,0.8522118751896326
864,AATATCGACAG,GATCCTCAGTAGAC,4,50,16,70,1.4759065198095778
865,AATATCGACAG,GATCCTCAGTAGAC,4,60,24,33,0.3184537311185346
866,AATCAAAGTCA,CACACACCGGTAGA,2,0,27,3,-2.1972245773362196
867,AATCAAAGTCA,CACACACCGGTAGA,2,2,40,5,-2.0794415416798357
868,AATCAAAGTCA,CACACACCGGTAGA,2,5,40,11,-1.2909841813155656
869,AATCAAAGTCA,CACACACCGGTAGA,2,10,40,4,-2.3025850929940455
870,AATCAAAGTCA,CACACACCGGTAGA,2,15,45,4,-2.420368128650429
871,AATCAAAGTCA,CACACACCGGTAGA,2,20,47,5,-2.240709689275958
872,AATCAAAGTCA,CACACACCGGTAGA,2,30,51,7,-1.9859154836690123
873,AATCAAAGTCA,CACACACCGGTAGA,2,40,30,4,-2.0149030205422647
874,AATCAAAGTCA,CACACACCGGTAGA,2,50,25,3,-2.120263536200091
875,AATCAAAGTCA,CACACACCGGTAGA,2,60,20,5,-1.3862943611198906
876,AATCAAAGTCA,CACACACCGGTAGA,3,0,29,4,-1.9810014688665833
877,AATCAAAGTCA,CACACACCGGTAGA,3,2,30,3,-2.3025850929940455
878,AATCAAAGTCA,CACACACCGGTAGA,3,5,22,1,-3.0910424533583156
879,AATCAAAGTCA,CACACACCGGTAGA,3,10,40,3,-2.5902671654458267
880,AATCAAAGTCA,CACACACCGGTAGA,3,15,31,5,-1.8245492920510458
881,AATCAAAGTCA,CACACACCGGTAGA,3,20,43,1,-3.7612001156935624
882,AATCAAAGTCA,CACACACCGGTAGA,3,30,20,2,-2.3025850929940455
883,AATCAAAGTCA,CACACACCGGTAGA,3,40,40,6,-1.8971199848858813
884,AATCAAAGTCA,CACACACCGGTAGA,3,50,29,5,-1.7578579175523736
885,AATCAAAGTCA,CACACACCGGTAGA,3,60,33,3,-2.3978952727983707
886,AATCAAAGTCA,CACACACCGGTAGA,4,0,43,2,-3.068052935133617
887,AATCAAAGTCA,CACACACCGGTAGA,4,2,30,2,-2.70805020110221
888,AATCAAAGTCA,CACACACCGGTAGA,4,5,30,1,-3.4011973816621555
889,AATCAAAGTCA,CACACACCGGTAGA,4,10,19,5,-1.3350010667323402
890,AATCAAAGTCA,CACACACCGGTAGA,4,15,21,1,-3.044522437723423
891,AATCAAAGTCA,CACACACCGGTAGA,4,20,24,3,-2.0794415416798357
892,AATCAAAGTCA,CACACACCGGTAGA,4,30,25,4,-1.83258146374831
893,AATCAAAGTCA,CACACACCGGTAGA,4,40,25,7,-1.2729656758128873
894,AATCAAAGTCA,CACACACCGGTAGA,4,50,37,2,-2.917770732084279
895,AATCAAAGTCA,CACACACCGGTAGA,4,60,28,5,-1.7227665977411035
896,AATCACTACTG,TTGGAACAAAGCTG,2,15,1,65,4.174387269895637
897,AATCACTACTG,TTGGAACAAAGCTG,3,40,1,123,4.812184355372417
898,AATCGAATGAC,CAAAGATGCGAATA,2,2,14,1,-2.6390573296152584
899,AATCGAATGAC,CAAAGATGCGAATA,2,15,27,2,-2.6026896854443837
900,AATCGAATGAC,CAAAGATGCGAATA,2,20,17,2,-2.1400661634962708
901,AATCGAATGAC,CAAAGATGCGAATA,2,30,11,1,-2.3978952727983707
902,AATCGAATGAC,CAAAGATGCGAATA,2,40,6,2,-1.0986122886681098
903,AATCGAATGAC,CAAAGATGCGAATA,2,50,15,2,-2.0149030205422647
904,AATCGAATGAC,CAAAGATGCGAATA,2,60,18,2,-2.1972245773362196
905,AATCGAATGAC,CAAAGATGCGAATA,3,5,20,1,-2.995732273553991
906,AATCGAATGAC,CAAAGATGCGAATA,3,10,11,2,-1.7047480922384253
907,AATCGAATGAC,CAAAGATGCGAATA,3,15,10,2,-1.6094379124341003
908,AATCGAATGAC,CAAAGATGCGAATA,3,20,5,2,-0.916290731874155
909,AATCGAATGAC,CAAAGATGCGAATA,3,30,4,1,-1.3862943611198906
910,AATCGAATGAC,CAAAGATGCGAATA,3,40,13,6,-0.7731898882334817
911,AATCGAATGAC,CAAAGATGCGAATA,4,0,9,1,-2.1972245773362196
912,AATCGAATGAC,CAAAGATGCGAATA,4,2,15,4,-1.3217558399823195
913,AATCGAATGAC,CAAAGATGCGAATA,4,5,2,1,-0.6931471805599453
914,AATCGAATGAC,CAAAGATGCGAATA,4,10,6,1,-1.791759469228055
915,AATCGAATGAC,CAAAGATGCGAATA,4,15,21,2,-2.3513752571634776
916,AATCGAATGAC,CAAAGATGCGAATA,4,30,16,2,-2.0794415416798357
917,AATCGAATGAC,CAAAGATGCGAATA,4,40,21,2,-2.3513752571634776
918,AATCGTATAGA,CCGTTCTTAGACCC,2,30,1,47,3.8501476017100584
919,AATCGTATAGA,CCGTTCTTAGACCC,3,0,1,13,2.5649493574615367
920,AATCGTATAGA,CCGTTCTTAGACCC,3,15,1,20,2.995732273553991
921,AATCGTATAGA,CCGTTCTTAGACCC,3,40,1,42,3.737669618283368
922,AATCGTATAGA,CCGTTCTTAGACCC,4,15,2,19,2.251291798606495
923,AATCGTATAGA,CCGTTCTTAGACCC,4,40,1,47,3.8501476017100584
924,AATCTAACGAC,AAAGCTAATTATAA,2,0,70,3,-3.1498829533812494
925,AATCTAACGAC,AAAGCTAATTATAA,2,5,84,2,-3.7376696182833684
926,AATCTAACGAC,AAAGCTAATTATAA,2,10,100,3,-3.506557897319982
927,AATCTAACGAC,AAAGCTAATTATAA,2,15,101,1,-4.61512051684126
928,AATCTAACGAC,AAAGCTAATTATAA,2,20,91,9,-2.3136349291806306
929,AATCTAACGAC,AAAGCTAATTATAA,2,30,131,10,-2.5726122302071057
930,AATCTAACGAC,AAAGCTAATTATAA,2,40,75,7,-2.371577964480997
931,AATCTAACGAC,AAAGCTAATTATAA,2,50,111,16,-1.9369414790725528
932,AATCTAACGAC,AAAGCTAATTATAA,2,60,96,7,-2.6184380424125226
933,AATCTAACGAC,AAAGCTAATTATAA,3,0,79,2,-3.676300671907076
934,AATCTAACGAC,AAAGCTAATTATAA,3,2,46,4,-2.4423470353692043
935,AATCTAACGAC,AAAGCTAATTATAA,3,5,76,4,-2.9444389791664403
936,AATCTAACGAC,AAAGCTAATTATAA,3,10,76,6,-2.538973871058276
937,AATCTAACGAC,AAAGCTAATTATAA,3,15,117,8,-2.68273239311792
938,AATCTAACGAC,AAAGCTAATTATAA,3,20,141,3,-3.8501476017100584
939,AATCTAACGAC,AAAGCTAATTATAA,3,30,64,7,-2.2129729343043585
940,AATCTAACGAC,AAAGCTAATTATAA,3,40,99,11,-2.1972245773362196
941,AATCTAACGAC,AAAGCTAATTATAA,3,50,79,13,-1.8044984950054848
942,AATCTAACGAC,AAAGCTAATTATAA,3,60,69,8,-2.1546649629174235
943,AATCTAACGAC,AAAGCTAATTATAA,4,2,87,3,-3.3672958299864737
944,AATCTAACGAC,AAAGCTAATTATAA,4,15,81,4,-3.0081547935525483
945,AATCTAACGAC,AAAGCTAATTATAA,4,20,67,2,-3.5115454388310208
946,AATCTAACGAC,AAAGCTAATTATAA,4,30,91,3,-3.41224721784874
947,AATCTAACGAC,AAAGCTAATTATAA,4,40,105,8,-2.5745188084776873
948,AATCTAACGAC,AAAGCTAATTATAA,4,50,88,13,-1.9123874570166697
949,AATCTAACGAC,AAAGCTAATTATAA,4,60,99,7,-2.6492097010792763
950,AATGAGGGCGG,TCAGGCCAAAAAGA,2,2,3,1,-1.0986122886681098
951,AATGAGGGCGG,TCAGGCCAAAAAGA,2,10,16,2,-2.0794415416798357
952,AATGAGGGCGG,TCAGGCCAAAAAGA,2,20,5,2,-0.916290731874155
953,AATGAGGGCGG,TCAGGCCAAAAAGA,2,30,6,1,-1.791759469228055
954,AATGAGGGCGG,TCAGGCCAAAAAGA,2,60,4,3,-0.2876820724517809
955,AATGAGGGCGG,TCAGGCCAAAAAGA,3,0,2,1,-0.6931471805599453
956,AATGAGGGCGG,TCAGGCCAAAAAGA,3,2,12,1,-2.4849066497880004
957,AATGAGGGCGG,TCAGGCCAAAAAGA,3,10,15,2,-2.0149030205422647
958,AATGAGGGCGG,TCAGGCCAAAAAGA,3,20,1,2,0.6931471805599453
959,AATGAGGGCGG,TCAGGCCAAAAAGA,3,30,2,1,-0.6931471805599453
960,AATGAGGGCGG,TCAGGCCAAAAAGA,3,40,6,3,-0.6931471805599453
961,AATGAGGGCGG,TCAGGCCAAAAAGA,3,50,8,3,-0.9808292530117262
962,AATGAGGGCGG,TCAGGCCAAAAAGA,4,0,6,1,-1.791759469228055
963,AATGAGGGCGG,TCAGGCCAAAAAGA,4,15,2,2,0.0
964,AATGAGGGCGG,TCAGGCCAAAAAGA,4,20,10,2,-1.6094379124341003
965,AATGAGGGCGG,TCAGGCCAAAAAGA,4,30,8,4,-0.6931471805599453
966,AATGAGGGCGG,TCAGGCCAAAAAGA,4,40,23,3,-2.03688192726104
967,AATGAGGGCGG,TCAGGCCAAAAAGA,4,50,13,2,-1.8718021769015913
968,AATGAGGGCGG,TCAGGCCAAAAAGA,4,60,5,3,-0.5108256237659907
969,AATGGAATATA,TGACGAACTAAGTA,2,0,13,2,-1.8718021769015913
970,AATGGAATATA,TGACGAACTAAGTA,2,2,11,1,-2.3978952727983707
971,AATGGAATATA,TGACGAACTAAGTA,2,10,9,2,-1.5040773967762742
972,AATGGAATATA,TGACGAACTAAGTA,2,20,7,1,-1.9459101490553132
973,AATGGAATATA,TGACGAACTAAGTA,2,30,12,4,-1.0986122886681098
974,AATGGAATATA,TGACGAACTAAGTA,2,50,17,1,-2.833213344056216
975,AATGGAATATA,TGACGAACTAAGTA,2,60,6,3,-0.6931471805599453
976,AATGGAATATA,TGACGAACTAAGTA,3,0,12,2,-1.791759469228055
977,AATGGAATATA,TGACGAACTAAGTA,3,2,2,4,0.6931471805599453
978,AATGGAATATA,TGACGAACTAAGTA,3,5,1,1,0.0
979,AATGGAATATA,TGACGAACTAAGTA,3,10,12,1,-2.4849066497880004
980,AATGGAATATA,TGACGAACTAAGTA,3,15,12,1,-2.4849066497880004
981,AATGGAATATA,TGACGAACTAAGTA,3,20,5,2,-0.916290731874155
982,AATGGAATATA,TGACGAACTAAGTA,3,30,5,1,-1.6094379124341003
983,AATGGAATATA,TGACGAACTAAGTA,3,40,5,1,-1.6094379124341003
984,AATGGAATATA,TGACGAACTAAGTA,3,50,9,1,-2.1972245773362196
985,AATGGAATATA,TGACGAACTAAGTA,3,60,6,1,-1.791759469228055
986,AATGGAATATA,TGACGAACTAAGTA,4,10,12,1,-2.4849066497880004
987,AATGGAATATA,TGACGAACTAAGTA,4,40,13,1,-2.5649493574615367
988,AATGGAATATA,TGACGAACTAAGTA,4,60,1,1,0.0
989,AATGTAGGTAT,TGCATGAATATTGT,2,0,6,6,0.0
990,AATGTAGGTAT,TGCATGAATATTGT,2,2,24,3,-2.0794415416798357
991,AATGTAGGTAT,TGCATGAATATTGT,2,5,24,4,-1.791759469228055
992,AATGTAGGTAT,TGCATGAATATTGT,2,10,28,3,-2.2335922215070942
993,AATGTAGGTAT,TGCATGAATATTGT,2,15,30,9,-1.203972804325936
994,AATGTAGGTAT,TGCATGAATATTGT,2,20,23,9,-0.9382696385929302
995,AATGTAGGTAT,TGCATGAATATTGT,2,30,34,18,-0.6359887667199966
996,AATGTAGGTAT,TGCATGAATATTGT,2,40,35,8,-1.4759065198095778
997,AATGTAGGTAT,TGCATGAATATTGT,2,50,38,16,-0.8649974374866045
998,AATGTAGGTAT,TGCATGAATATTGT,2,60,22,13,-0.5260930958967791
999,AATGTAGGTAT,TGCATGAATATTGT,3,0,15,1,-2.70805020110221
1000,AATGTAGGTAT,TGCATGAATATTGT,3,2,32,1,-3.4657359027997265
1001,AATGTAGGTAT,TGCATGAATATTGT,3,5,15,5,-1.0986122886681098
1002,AATGTAGGTAT,TGCATGAATATTGT,3,10,18,9,-0.6931471805599453
1003,AATGTAGGTAT,TGCATGAATATTGT,3,15,25,3,-2.120263536200091
1004,AATGTAGGTAT,TGCATGAATATTGT,3,20,21,6,-1.252762968495368
1005,AATGTAGGTAT,TGCATGAATATTGT,3,30,21,5,-1.4350845252893227
1006,AATGTAGGTAT,TGCATGAATATTGT,3,40,12,5,-0.8754687373538999
1007,AATGTAGGTAT,TGCATGAATATTGT,3,50,17,9,-0.6359887667199966
1008,AATGTAGGTAT,TGCATGAATATTGT,3,60,21,7,-1.0986122886681098
1009,AATGTAGGTAT,TGCATGAATATTGT,4,0,43,7,-1.815289966638249
1010,AATGTAGGTAT,TGCATGAATATTGT,4,2,21,7,-1.0986122886681098
1011,AATGTAGGTAT,TGCATGAATATTGT,4,5,49,8,-1.8123787564307907
1012,AATGTAGGTAT,TGCATGAATATTGT,4,10,18,5,-1.2809338454620642
1013,AATGTAGGTAT,TGCATGAATATTGT,4,15,14,1,-2.6390573296152584
1014,AATGTAGGTAT,TGCATGAATATTGT,4,20,20,5,-1.3862943611198906
1015,AATGTAGGTAT,TGCATGAATATTGT,4,30,21,6,-1.252762968495368
1016,AATGTAGGTAT,TGCATGAATATTGT,4,40,19,3,-1.8458266904983307
1017,AATGTAGGTAT,TGCATGAATATTGT,4,50,31,7,-1.4880770554298328
1018,AATGTAGGTAT,TGCATGAATATTGT,4,60,13,5,-0.9555114450274362
1019,AATGTTGTGCA,CTGATTAAAATGCC,2,40,6,2,-1.0986122886681098
1020,AATGTTGTGCA,CTGATTAAAATGCC,3,20,6,1,-1.791759469228055
1021,AATGTTGTGCA,CTGATTAAAATGCC,4,2,16,4,-1.3862943611198906
1022,AATGTTGTGCA,CTGATTAAAATGCC,4,10,24,2,-2.4849066497880004
1023,AATGTTTAGGA,TGGATTTATCTTCA,2,0,44,2,-3.0910424533583156
1024,AATGTTTAGGA,TGGATTTATCTTCA,2,2,58,3,-2.9618307218783095
1025,AATGTTTAGGA,TGGATTTATCTTCA,2,5,43,1,-3.7612001156935624
1026,AATGTTTAGGA,TGGATTTATCTTCA,2,10,36,3,-2.4849066497880004
1027,AATGTTTAGGA,TGGATTTATCTTCA,2,15,64,11,-1.7609878105613013
1028,AATGTTTAGGA,TGGATTTATCTTCA,2,20,55,10,-1.7047480922384253
1029,AATGTTTAGGA,TGGATTTATCTTCA,2,30,63,5,-2.533696813957432
1030,AATGTTTAGGA,TGGATTTATCTTCA,2,40,23,10,-0.832909122935104
1031,AATGTTTAGGA,TGGATTTATCTTCA,2,50,51,14,-1.292768303109067
1032,AATGTTTAGGA,TGGATTTATCTTCA,2,60,37,22,-0.5198754592859085
1033,AATGTTTAGGA,TGGATTTATCTTCA,3,0,28,4,-1.9459101490553132
1034,AATGTTTAGGA,TGGATTTATCTTCA,3,2,52,3,-2.8526314299133175
1035,AATGTTTAGGA,TGGATTTATCTTCA,3,5,40,4,-2.3025850929940455
1036,AATGTTTAGGA,TGGATTTATCTTCA,3,10,50,6,-2.120263536200091
1037,AATGTTTAGGA,TGGATTTATCTTCA,3,15,40,9,-1.491654876777717
1038,AATGTTTAGGA,TGGATTTATCTTCA,3,20,43,4,-2.3749057545736716
1039,AATGTTTAGGA,TGGATTTATCTTCA,3,30,46,24,-0.6505875661411494
1040,AATGTTTAGGA,TGGATTTATCTTCA,3,40,43,17,-0.9279867716373464
1041,AATGTTTAGGA,TGGATTTATCTTCA,3,50,45,20,-0.8109302162163288
1042,AATGTTTAGGA,TGGATTTATCTTCA,3,60,55,24,-0.8292793548845253
1043,AATGTTTAGGA,TGGATTTATCTTCA,4,0,42,1,-3.7376696182833684
1044,AATGTTTAGGA,TGGATTTATCTTCA,4,2,49,5,-2.282382385676526
1045,AATGTTTAGGA,TGGATTTATCTTCA,4,5,37,1,-3.6109179126442243
1046,AATGTTTAGGA,TGGATTTATCTTCA,4,10,35,9,-1.3581234841531944
1047,AATGTTTAGGA,TGGATTTATCTTCA,4,15,57,16,-1.270462545594769
1048,AATGTTTAGGA,TGGATTTATCTTCA,4,20,55,18,-1.1169614273363062
1049,AATGTTTAGGA,TGGATTTATCTTCA,4,30,59,29,-0.7102416139192453
1050,AATGTTTAGGA,TGGATTTATCTTCA,4,40,48,29,-0.503905180921417
1051,AATGTTTAGGA,TGGATTTATCTTCA,4,50,58,24,-0.8823891801984737
1052,AATGTTTAGGA,TGGATTTATCTTCA,4,60,23,19,-0.19105523676270925
1053,AATTAGAAGGT,ATGTCTTCAGATTC,4,2,1,6,1.791759469228055
1054,AATTAGAAGGT,ATGTCTTCAGATTC,4,10,1,7,1.9459101490553132
1055,AATTGCCAATT,TTGAATCTATAACG,2,15,11,4,-1.0116009116784799
1056,AATTGCCAATT,TTGAATCTATAACG,2,20,14,2,-1.9459101490553132
1057,AATTGCCAATT,TTGAATCTATAACG,2,40,20,15,-0.2876820724517809
1058,AATTGCCAATT,TTGAATCTATAACG,2,50,14,3,-1.5404450409471488
1059,AATTGCCAATT,TTGAATCTATAACG,2,60,41,5,-2.1041341542702074
1060,AATTGCCAATT,TTGAATCTATAACG,3,2,9,1,-2.1972245773362196
1061,AATTGCCAATT,TTGAATCTATAACG,3,5,3,1,-1.0986122886681098
1062,AATTGCCAATT,TTGAATCTATAACG,3,10,10,1,-2.3025850929940455
1063,AATTGCCAATT,TTGAATCTATAACG,3,15,13,3,-1.466337068793427
1064,AATTGCCAATT,TTGAATCTATAACG,3,20,11,2,-1.7047480922384253
1065,AATTGCCAATT,TTGAATCTATAACG,3,30,5,3,-0.5108256237659907
1066,AATTGCCAATT,TTGAATCTATAACG,3,40,21,7,-1.0986122886681098
1067,AATTGCCAATT,TTGAATCTATAACG,3,60,13,2,-1.8718021769015913
1068,AATTGCCAATT,TTGAATCTATAACG,4,2,25,1,-3.2188758248682006
1069,AATTGCCAATT,TTGAATCTATAACG,4,10,23,2,-2.4423470353692043
1070,AATTGCCAATT,TTGAATCTATAACG,4,15,15,1,-2.70805020110221
1071,AATTGCCAATT,TTGAATCTATAACG,4,30,9,2,-1.5040773967762742
1072,AATTGCCAATT,TTGAATCTATAACG,4,40,3,1,-1.0986122886681098
1073,ACAAACGAGAA,ATTGTAATGTGTTG,2,0,1,1,0.0
1074,ACAAATAGAAA,GTCGCCTTCCAGAC,2,20,1,4,1.3862943611198906
1075,ACAAATAGAAA,GTCGCCTTCCAGAC,3,20,1,3,1.0986122886681096
1076,ACAAATAGAAA,GTCGCCTTCCAGAC,3,60,1,2,0.6931471805599453
1077,ACAAATAGAAA,GTCGCCTTCCAGAC,4,30,1,9,2.197224577336219
1078,ACAAATGGAGT,GAAAGGCCAGGGTA,2,15,1,9,2.197224577336219
1079,ACAAATGGAGT,GAAAGGCCAGGGTA,3,10,1,12,2.4849066497880004
1080,ACAACAACGTC,TCGGCGGATTTGGT,2,0,13,2,-1.8718021769015913
1081,ACAACAACGTC,TCGGCGGATTTGGT,2,2,7,2,-1.252762968495368
1082,ACAACAACGTC,TCGGCGGATTTGGT,2,5,2,2,0.0
1083,ACAACAACGTC,TCGGCGGATTTGGT,2,10,8,2,-1.3862943611198906
1084,ACAACAACGTC,TCGGCGGATTTGGT,2,20,4,1,-1.3862943611198906
1085,ACAACAACGTC,TCGGCGGATTTGGT,3,20,14,1,-2.6390573296152584
1086,ACAACAACGTC,TCGGCGGATTTGGT,3,50,2,1,-0.6931471805599453
1087,ACAACAACGTC,TCGGCGGATTTGGT,4,10,2,1,-0.6931471805599453
1088,ACAACAACGTC,TCGGCGGATTTGGT,4,40,9,8,-0.11778303565638351
1089,ACAACACAATC,CGCTTCGAAAGAAA,2,0,1,2,0.6931471805599453
1090,ACAACACAATC,CGCTTCGAAAGAAA,3,30,1,11,2.3978952727983707
1091,ACAACACAATC,CGCTTCGAAAGAAA,4,2,1,6,1.791759469228055
1092,ACAACACAATC,CGCTTCGAAAGAAA,4,30,1,7,1.9459101490553132
1093,ACAACACACGG,TTCGCGTCGTCACA,2,0,23,3,-2.03688192726104
1094,ACAACACACGG,TTCGCGTCGTCACA,2,2,20,1,-2.995732273553991
1095,ACAACACACGG,TTCGCGTCGTCACA,2,10,24,1,-3.1780538303479458
1096,ACAACACACGG,TTCGCGTCGTCACA,2,15,9,1,-2.1972245773362196
1097,ACAACACACGG,TTCGCGTCGTCACA,2,20,23,4,-1.749199854809259
1098,ACAACACACGG,TTCGCGTCGTCACA,2,30,18,4,-1.5040773967762742
1099,ACAACACACGG,TTCGCGTCGTCACA,2,40,18,7,-0.9444616088408513
1100,ACAACACACGG,TTCGCGTCGTCACA,2,50,13,5,-0.9555114450274362
1101,ACAACACACGG,TTCGCGTCGTCACA,2,60,29,3,-2.268683541318364
1102,ACAACACACGG,TTCGCGTCGTCACA,3,0,16,2,-2.0794415416798357
1103,ACAACACACGG,TTCGCGTCGTCACA,3,10,30,7,-1.455287232606842
1104,ACAACACACGG,TTCGCGTCGTCACA,3,15,34,15,-0.8183103235139513
1105,ACAACACACGG,TTCGCGTCGTCACA,3,20,11,3,-1.2992829841302609
1106,ACAACACACGG,TTCGCGTCGTCACA,3,40,19,1,-2.9444389791664403
1107,ACAACACACGG,TTCGCGTCGTCACA,3,50,20,3,-1.8971199848858813
1108,ACAACACACGG,TTCGCGTCGTCACA,3,60,17,7,-0.8873031950009028
1109,ACAACACACGG,TTCGCGTCGTCACA,4,0,30,1,-3.4011973816621555
1110,ACAACACACGG,TTCGCGTCGTCACA,4,2,21,3,-1.9459101490553132
1111,ACAACACACGG,TTCGCGTCGTCACA,4,5,14,1,-2.6390573296152584
1112,ACAACACACGG,TTCGCGTCGTCACA,4,10,17,2,-2.1400661634962708
1113,ACAACACACGG,TTCGCGTCGTCACA,4,15,35,6,-1.7635885922613586
1114,ACAACACACGG,TTCGCGTCGTCACA,4,20,36,2,-2.8903717578961645
1115,ACAACACACGG,TTCGCGTCGTCACA,4,30,19,3,-1.8458266904983307
1116,ACAACACACGG,TTCGCGTCGTCACA,4,40,43,3,-2.662587827025453
1117,ACAACACACGG,TTCGCGTCGTCACA,4,50,13,2,-1.8718021769015913
1118,ACAACACACGG,TTCGCGTCGTCACA,4,60,15,1,-2.70805020110221
1119,ACAACCCCTTG,CGTGTTGTAAAGGA,2,0,119,2,-4.085976312551584
1120,ACAACCCCTTG,CGTGTTGTAAAGGA,2,2,113,3,-3.628775530044231
1121,ACAACCCCTTG,CGTGTTGTAAAGGA,2,5,100,1,-4.605170185988091
1122,ACAACCCCTTG,CGTGTTGTAAAGGA,2,10,146,7,-3.037696472653023
1123,ACAACCCCTTG,CGTGTTGTAAAGGA,2,15,97,8,-2.4952694368235466
1124,ACAACCCCTTG,CGTGTTGTAAAGGA,2,20,174,8,-3.079613757534693
1125,ACAACCCCTTG,CGTGTTGTAAAGGA,2,30,114,4,-3.349904087274605
1126,ACAACCCCTTG,CGTGTTGTAAAGGA,2,40,134,14,-2.2587824703356527
1127,ACAACCCCTTG,CGTGTTGTAAAGGA,2,50,115,12,-2.26002547857525
1128,ACAACCCCTTG,CGTGTTGTAAAGGA,2,60,106,2,-3.9702919135521215
1129,ACAACCCCTTG,CGTGTTGTAAAGGA,3,0,92,6,-2.730029107820985
1130,ACAACCCCTTG,CGTGTTGTAAAGGA,3,2,120,4,-3.4011973816621555
1131,ACAACCCCTTG,CGTGTTGTAAAGGA,3,5,155,7,-3.0975149678639333
1132,ACAACCCCTTG,CGTGTTGTAAAGGA,3,10,124,5,-3.2108436531709366
1133,ACAACCCCTTG,CGTGTTGTAAAGGA,3,20,160,17,-2.241960471177611
1134,ACAACCCCTTG,CGTGTTGTAAAGGA,3,30,116,6,-2.9618307218783095
1135,ACAACCCCTTG,CGTGTTGTAAAGGA,3,40,90,15,-1.791759469228055
1136,ACAACCCCTTG,CGTGTTGTAAAGGA,3,50,100,12,-2.120263536200091
1137,ACAACCCCTTG,CGTGTTGTAAAGGA,3,60,122,33,-1.307513483266776
1138,ACAACCCCTTG,CGTGTTGTAAAGGA,4,0,88,1,-4.477336814478206
1139,ACAACCCCTTG,CGTGTTGTAAAGGA,4,2,116,4,-3.3672958299864737
1140,ACAACCCCTTG,CGTGTTGTAAAGGA,4,5,81,1,-4.394449154672438
1141,ACAACCCCTTG,CGTGTTGTAAAGGA,4,10,147,9,-2.793208009442517
1142,ACAACCCCTTG,CGTGTTGTAAAGGA,4,15,122,4,-3.417726683613366
1143,ACAACCCCTTG,CGTGTTGTAAAGGA,4,20,68,4,-2.833213344056216
1144,ACAACCCCTTG,CGTGTTGTAAAGGA,4,30,94,11,-2.145399509471633
1145,ACAACCCCTTG,CGTGTTGTAAAGGA,4,40,126,6,-3.044522437723423
1146,ACAACCCCTTG,CGTGTTGTAAAGGA,4,50,106,19,-1.7190001149456267
1147,ACAACCCCTTG,CGTGTTGTAAAGGA,4,60,108,8,-2.6026896854443837
1148,ACAACGGTAAA,TCGCACCCCAGGGT,2,0,77,5,-2.7343675094195836
1149,ACAACGGTAAA,TCGCACCCCAGGGT,2,5,59,6,-2.2857779746776643
1150,ACAACGGTAAA,TCGCACCCCAGGGT,2,10,46,3,-2.730029107820985
1151,ACAACGGTAAA,TCGCACCCCAGGGT,2,15,59,13,-1.5125880864441827
1152,ACAACGGTAAA,TCGCACCCCAGGGT,2,20,65,4,-2.7880929087757464
1153,ACAACGGTAAA,TCGCACCCCAGGGT,2,30,72,11,-1.8787708462176846
1154,ACAACGGTAAA,TCGCACCCCAGGGT,2,40,73,13,-1.7255100836868544
1155,ACAACGGTAAA,TCGCACCCCAGGGT,2,50,58,3,-2.9618307218783095
1156,ACAACGGTAAA,TCGCACCCCAGGGT,2,60,60,6,-2.3025850929940455
1157,ACAACGGTAAA,TCGCACCCCAGGGT,3,0,25,5,-1.6094379124341003
1158,ACAACGGTAAA,TCGCACCCCAGGGT,3,2,36,3,-2.4849066497880004
1159,ACAACGGTAAA,TCGCACCCCAGGGT,3,5,54,6,-2.1972245773362196
1160,ACAACGGTAAA,TCGCACCCCAGGGT,3,10,69,6,-2.4423470353692043
1161,ACAACGGTAAA,TCGCACCCCAGGGT,3,15,60,4,-2.70805020110221
1162,ACAACGGTAAA,TCGCACCCCAGGGT,3,20,37,2,-2.917770732084279
1163,ACAACGGTAAA,TCGCACCCCAGGGT,3,30,41,5,-2.1041341542702074
1164,ACAACGGTAAA,TCGCACCCCAGGGT,3,40,52,7,-2.005333569526114
1165,ACAACGGTAAA,TCGCACCCCAGGGT,3,50,60,5,-2.4849066497880004
1166,ACAACGGTAAA,TCGCACCCCAGGGT,3,60,45,4,-2.420368128650429
1167,ACAACGGTAAA,TCGCACCCCAGGGT,4,0,70,2,-3.5553480614894135
1168,ACAACGGTAAA,TCGCACCCCAGGGT,4,2,82,4,-3.0204248861443626
1169,ACAACGGTAAA,TCGCACCCCAGGGT,4,5,41,1,-3.7135720667043075
1170,ACAACGGTAAA,TCGCACCCCAGGGT,4,10,78,5,-2.747270914255491
1171,ACAACGGTAAA,TCGCACCCCAGGGT,4,15,59,1,-4.07753744390572
1172,ACAACGGTAAA,TCGCACCCCAGGGT,4,20,53,1,-3.9702919135521215
1173,ACAACGGTAAA,TCGCACCCCAGGGT,4,30,94,16,-1.7707060600302227
1174,ACAACGGTAAA,TCGCACCCCAGGGT,4,40,76,6,-2.538973871058276
1175,ACAACGGTAAA,TCGCACCCCAGGGT,4,50,72,14,-1.6376087894007967
1176,ACAACGGTAAA,TCGCACCCCAGGGT,4,60,63,12,-1.6582280766035324
1177,ACAATCACGCA,TTGATTCTTGTATT,2,20,1,10,2.3025850929940455
1178,ACAATCACGCA,TTGATTCTTGTATT,2,40,1,6,1.791759469228055
1179,ACAATCACGCA,TTGATTCTTGTATT,4,60,1,11,2.3978952727983707
1180,ACAATTGCTTA,ACTTCAACATTTAA,2,0,429,5,-4.4520190064939165
1181,ACAATTGCTTA,ACTTCAACATTTAA,2,2,454,5,-4.508659285607248
1182,ACAATTGCTTA,ACTTCAACATTTAA,2,5,417,9,-3.835861644462582
1183,ACAATTGCTTA,ACTTCAACATTTAA,2,10,473,13,-3.5941460310303963
1184,ACAATTGCTTA,ACTTCAACATTTAA,2,15,460,6,-4.339467020255086
1185,ACAATTGCTTA,ACTTCAACATTTAA,2,20,503,15,-3.512539968997529
1186,ACAATTGCTTA,ACTTCAACATTTAA,2,30,492,15,-3.490428515390098
1187,ACAATTGCTTA,ACTTCAACATTTAA,2,40,499,14,-3.57354876613626
1188,ACAATTGCTTA,ACTTCAACATTTAA,2,50,476,12,-3.6805112044434196
1189,ACAATTGCTTA,ACTTCAACATTTAA,2,60,383,23,-2.812540773251496
1190,ACAATTGCTTA,ACTTCAACATTTAA,3,0,432,12,-3.58351893845611
1191,ACAATTGCTTA,ACTTCAACATTTAA,3,2,357,7,-3.9318256327243257
1192,ACAATTGCTTA,ACTTCAACATTTAA,3,5,372,13,-3.35394449681161
1193,ACAATTGCTTA,ACTTCAACATTTAA,3,10,504,16,-3.449987545831587
1194,ACAATTGCTTA,ACTTCAACATTTAA,3,15,409,14,-3.374657826427543
1195,ACAATTGCTTA,ACTTCAACATTTAA,3,20,486,18,-3.295836866004329
1196,ACAATTGCTTA,ACTTCAACATTTAA,3,30,401,13,-3.429012069845032
1197,ACAATTGCTTA,ACTTCAACATTTAA,3,40,517,13,-3.6830935170468924
1198,ACAATTGCTTA,ACTTCAACATTTAA,3,50,481,14,-3.5368099404905022
1199,ACAATTGCTTA,ACTTCAACATTTAA,3,60,386,11,-3.5579420966664603
1200,ACAATTGCTTA,ACTTCAACATTTAA,4,0,373,5,-4.312140507209715
1201,ACAATTGCTTA,ACTTCAACATTTAA,4,2,473,17,-3.325882044435717
1202,ACAATTGCTTA,ACTTCAACATTTAA,4,5,286,8,-3.5765502691400166
1203,ACAATTGCTTA,ACTTCAACATTTAA,4,10,429,19,-3.1170179397615767
1204,ACAATTGCTTA,ACTTCAACATTTAA,4,15,405,22,-2.912844613748223
1205,ACAATTGCTTA,ACTTCAACATTTAA,4,20,369,14,-3.2717393144252687
1206,ACAATTGCTTA,ACTTCAACATTTAA,4,30,442,14,-3.4522525524624394
1207,ACAATTGCTTA,ACTTCAACATTTAA,4,40,563,31,-2.899292423654544
1208,ACAATTGCTTA,ACTTCAACATTTAA,4,50,537,40,-2.5971186403949282
1209,ACAATTGCTTA,ACTTCAACATTTAA,4,60,476,21,-3.120895416507997
1210,ACACAAGGTGC,ATTTAAGTACGACA,2,40,1,3,1.0986122886681096
1211,ACACAAGGTGC,ATTTAAGTACGACA,3,0,1,4,1.3862943611198906
1212,ACACACCTCTT,TCTGTCCCTCTACA,2,20,94,3,-3.4446824936018943
1213,ACACACCTCTT,TCTGTCCCTCTACA,2,40,71,2,-3.56953269648137
1214,ACACACCTCTT,TCTGTCCCTCTACA,2,50,93,2,-3.8394523125933104
1215,ACACACCTCTT,TCTGTCCCTCTACA,2,60,98,2,-3.8918202981106265
1216,ACACACCTCTT,TCTGTCCCTCTACA,3,5,106,3,-3.5648268054439574
1217,ACACACCTCTT,TCTGTCCCTCTACA,3,20,114,4,-3.349904087274605
1218,ACACACCTCTT,TCTGTCCCTCTACA,3,30,78,2,-3.6635616461296463
1219,ACACACCTCTT,TCTGTCCCTCTACA,3,40,108,14,-2.043073897508961
1220,ACACACCTCTT,TCTGTCCCTCTACA,3,60,131,2,-4.182050142641206
1221,ACACACCTCTT,TCTGTCCCTCTACA,4,40,99,2,-3.9019726695746444
1222,ACACACCTCTT,TCTGTCCCTCTACA,4,50,106,10,-2.3608540011180215
1223,ACACACCTCTT,TCTGTCCCTCTACA,4,60,83,1,-4.418840607796597
1224,ACACATCATCG,GCACAGATTCTCAT,2,10,1,6,1.791759469228055
1225,ACACCAATTAC,TAGAACTATTGCTA,2,2,1,95,4.553876891600541
1226,ACACCAATTAC,TAGAACTATTGCTA,2,20,2,1254,6.44094654063292
1227,ACACCAATTAC,TAGAACTATTGCTA,2,30,1,1857,7.526717561352705
1228,ACACCAATTAC,TAGAACTATTGCTA,2,40,1,1924,7.562161631225652
1229,ACACCAATTAC,TAGAACTATTGCTA,2,50,1,2841,7.951911381854187
1230,ACACCAATTAC,TAGAACTATTGCTA,2,60,4,2146,6.285066562070753
1231,ACACCAATTAC,TAGAACTATTGCTA,3,0,3,77,3.245193133185574
1232,ACACCAATTAC,TAGAACTATTGCTA,3,5,1,112,4.718498871295094
1233,ACACCAATTAC,TAGAACTATTGCTA,3,15,4,731,5.208119098629888
1234,ACACCAATTAC,TAGAACTATTGCTA,3,20,2,1338,6.505784060128228
1235,ACACCAATTAC,TAGAACTATTGCTA,3,30,3,1205,5.995622557256645
1236,ACACCAATTAC,TAGAACTATTGCTA,3,40,2,1957,6.886020786836131
1237,ACACCAATTAC,TAGAACTATTGCTA,4,0,1,50,3.912023005428146
1238,ACACCAATTAC,TAGAACTATTGCTA,4,2,1,85,4.442651256490317
1239,ACACCAATTAC,TAGAACTATTGCTA,4,5,1,45,3.8066624897703196
1240,ACACCAATTAC,TAGAACTATTGCTA,4,10,1,389,5.963579343618446
1241,ACACCAATTAC,TAGAACTATTGCTA,4,15,3,436,4.979029954680924
1242,ACACCAATTAC,TAGAACTATTGCTA,4,20,3,730,5.494432245474327
1243,ACACCAATTAC,TAGAACTATTGCTA,4,30,2,1410,6.558197802812268
1244,ACACCAATTAC,TAGAACTATTGCTA,4,40,3,2491,6.721827226594071
1245,ACACCAATTAC,TAGAACTATTGCTA,4,50,2,2577,7.1612340300924195
1246,ACACCGCTCTT,AGAAGTTTGCACCT,2,5,8,1,-2.0794415416798357
1247,ACACCGCTCTT,AGAAGTTTGCACCT,2,10,12,1,-2.4849066497880004
1248,ACACCGCTCTT,AGAAGTTTGCACCT,2,20,5,1,-1.6094379124341003
1249,ACACCGCTCTT,AGAAGTTTGCACCT,2,30,4,6,0.4054651081081644
1250,ACACCGCTCTT,AGAAGTTTGCACCT,2,40,8,3,-0.9808292530117262
1251,ACACCGCTCTT,AGAAGTTTGCACCT,2,50,17,3,-1.7346010553881062
1252,ACACCGCTCTT,AGAAGTTTGCACCT,3,10,25,1,-3.2188758248682006
1253,ACACCGCTCTT,AGAAGTTTGCACCT,3,15,27,3,-2.1972245773362196
1254,ACACCGCTCTT,AGAAGTTTGCACCT,3,20,19,5,-1.3350010667323402
1255,ACACCGCTCTT,AGAAGTTTGCACCT,3,30,15,1,-2.70805020110221
1256,ACACCGCTCTT,AGAAGTTTGCACCT,3,40,8,2,-1.3862943611198906
1257,ACACCGCTCTT,AGAAGTTTGCACCT,3,60,11,2,-1.7047480922384253
1258,ACACCGCTCTT,AGAAGTTTGCACCT,4,2,15,1,-2.70805020110221
1259,ACACCGCTCTT,AGAAGTTTGCACCT,4,10,36,4,-2.1972245773362196
1260,ACACCGCTCTT,AGAAGTTTGCACCT,4,15,10,1,-2.3025850929940455
1261,ACACCGCTCTT,AGAAGTTTGCACCT,4,20,12,5,-0.8754687373538999
1262,ACACCGCTCTT,AGAAGTTTGCACCT,4,30,14,2,-1.9459101490553132
1263,ACACCGCTCTT,AGAAGTTTGCACCT,4,50,14,9,-0.4418327522790392
1264,ACACCGCTCTT,AGAAGTTTGCACCT,4,60,10,3,-1.203972804325936
1265,ACACCGTGCGT,TCCACTAACCCCGT,2,0,14,4,-1.252762968495368
1266,ACACCGTGCGT,TCCACTAACCCCGT,2,2,20,3,-1.8971199848858813
1267,ACACCGTGCGT,TCCACTAACCCCGT,2,5,24,6,-1.3862943611198906
1268,ACACCGTGCGT,TCCACTAACCCCGT,2,10,9,5,-0.587786664902119
1269,ACACCGTGCGT,TCCACTAACCCCGT,2,15,13,2,-1.8718021769015913
1270,ACACCGTGCGT,TCCACTAACCCCGT,2,20,18,2,-2.1972245773362196
1271,ACACCGTGCGT,TCCACTAACCCCGT,2,30,17,4,-1.4469189829363254
1272,ACACCGTGCGT,TCCACTAACCCCGT,2,40,18,1,-2.8903717578961645
1273,ACACCGTGCGT,TCCACTAACCCCGT,2,50,35,5,-1.9459101490553132
1274,ACACCGTGCGT,TCCACTAACCCCGT,2,60,14,7,-0.6931471805599453
1275,ACACCGTGCGT,TCCACTAACCCCGT,3,0,14,1,-2.6390573296152584
1276,ACACCGTGCGT,TCCACTAACCCCGT,3,2,16,3,-1.6739764335716716
1277,ACACCGTGCGT,TCCACTAACCCCGT,3,10,18,4,-1.5040773967762742
1278,ACACCGTGCGT,TCCACTAACCCCGT,3,15,14,1,-2.6390573296152584
1279,ACACCGTGCGT,TCCACTAACCCCGT,3,20,18,4,-1.5040773967762742
1280,ACACCGTGCGT,TCCACTAACCCCGT,3,30,7,3,-0.8472978603872037
1281,ACACCGTGCGT,TCCACTAACCCCGT,3,40,11,3,-1.2992829841302609
1282,ACACCGTGCGT,TCCACTAACCCCGT,3,50,22,2,-2.3978952727983707
1283,ACACCGTGCGT,TCCACTAACCCCGT,3,60,20,5,-1.3862943611198906
1284,ACACCGTGCGT,TCCACTAACCCCGT,4,2,29,7,-1.4213856809311607
1285,ACACCGTGCGT,TCCACTAACCCCGT,4,5,13,1,-2.5649493574615367
1286,ACACCGTGCGT,TCCACTAACCCCGT,4,10,15,9,-0.5108256237659907
1287,ACACCGTGCGT,TCCACTAACCCCGT,4,15,18,1,-2.8903717578961645
1288,ACACCGTGCGT,TCCACTAACCCCGT,4,20,10,1,-2.3025850929940455
1289,ACACCGTGCGT,TCCACTAACCCCGT,4,30,9,2,-1.5040773967762742
1290,ACACCGTGCGT,TCCACTAACCCCGT,4,40,15,7,-0.7621400520468967
1291,ACACCGTGCGT,TCCACTAACCCCGT,4,50,22,1,-3.0910424533583156
1292,ACACCGTGCGT,TCCACTAACCCCGT,4,60,20,3,-1.8971199848858813
1293,ACACTTCCTTC,CCCTTCCCGTCTCC,3,0,1,10,2.3025850929940455
1294,ACAGACGATCC,TTAGACATGAAACA,3,0,1,2,0.6931471805599453
1295,ACAGACGATCC,TTAGACATGAAACA,3,50,1,2,0.6931471805599453
1296,ACAGCGTAAAA,TAGTGCTATAATGT,2,40,1,18,2.8903717578961645
1297,ACAGCGTAAAA,TAGTGCTATAATGT,2,50,1,43,3.7612001156935624
1298,ACAGTACATAA,CTACCGCTAGATAC,2,0,122,9,-2.606796467397037
1299,ACAGTACATAA,CTACCGCTAGATAC,2,2,189,4,-3.855452653939752
1300,ACAGTACATAA,CTACCGCTAGATAC,2,5,129,4,-3.4735180432417816
1301,ACAGTACATAA,CTACCGCTAGATAC,2,10,136,14,-2.2735975561207935
1302,ACAGTACATAA,CTACCGCTAGATAC,2,15,158,13,-2.49764567556543
1303,ACAGTACATAA,CTACCGCTAGATAC,2,20,157,19,-2.1118068261818674
1304,ACAGTACATAA,CTACCGCTAGATAC,2,30,161,9,-2.8841797876482436
1305,ACAGTACATAA,CTACCGCTAGATAC,2,40,170,9,-2.9385738597140425
1306,ACAGTACATAA,CTACCGCTAGATAC,2,50,160,25,-1.856297990365626
1307,ACAGTACATAA,CTACCGCTAGATAC,2,60,145,8,-2.8972922007407385
1308,ACAGTACATAA,CTACCGCTAGATAC,3,0,122,13,-2.23907168727172
1309,ACAGTACATAA,CTACCGCTAGATAC,3,2,106,5,-3.0540011816779664
1310,ACAGTACATAA,CTACCGCTAGATAC,3,5,162,13,-2.5226469777708473
1311,ACAGTACATAA,CTACCGCTAGATAC,3,10,218,19,-2.4400560836226486
1312,ACAGTACATAA,CTACCGCTAGATAC,3,15,189,24,-2.063693184711697
1313,ACAGTACATAA,CTACCGCTAGATAC,3,20,218,14,-2.7454377331738304
1314,ACAGTACATAA,CTACCGCTAGATAC,3,30,100,10,-2.3025850929940455
1315,ACAGTACATAA,CTACCGCTAGATAC,3,40,194,14,-2.6288008294480694
1316,ACAGTACATAA,CTACCGCTAGATAC,3,50,180,23,-2.0574626349610607
1317,ACAGTACATAA,CTACCGCTAGATAC,3,60,118,16,-1.9980959022258835
1318,ACAGTACATAA,CTACCGCTAGATAC,4,0,133,8,-2.810907586541918
1319,ACAGTACATAA,CTACCGCTAGATAC,4,2,137,5,-3.3105430133940246
1320,ACAGTACATAA,CTACCGCTAGATAC,4,5,89,1,-4.48863636973214
1321,ACAGTACATAA,CTACCGCTAGATAC,4,10,174,13,-2.594105941752992
1322,ACAGTACATAA,CTACCGCTAGATAC,4,15,186,10,-2.9231615807191553
1323,ACAGTACATAA,CTACCGCTAGATAC,4,20,143,16,-2.190255908020126
1324,ACAGTACATAA,CTACCGCTAGATAC,4,30,176,24,-1.992430164690206
1325,ACAGTACATAA,CTACCGCTAGATAC,4,40,182,33,-1.7074991256103151
1326,ACAGTACATAA,CTACCGCTAGATAC,4,50,171,31,-1.7076763520175136
1327,ACAGTACATAA,CTACCGCTAGATAC,4,60,156,11,-2.6519607344511664
1328,ACAGTTATGGA,GTTATTCGACATTA,2,0,18,1,-2.8903717578961645
1329,ACAGTTATGGA,GTTATTCGACATTA,2,2,9,1,-2.1972245773362196
1330,ACAGTTATGGA,GTTATTCGACATTA,2,5,6,2,-1.0986122886681098
1331,ACAGTTATGGA,GTTATTCGACATTA,2,20,13,2,-1.8718021769015913
1332,ACAGTTATGGA,GTTATTCGACATTA,2,30,9,2,-1.5040773967762742
1333,ACAGTTATGGA,GTTATTCGACATTA,2,50,14,2,-1.9459101490553132
1334,ACAGTTATGGA,GTTATTCGACATTA,2,60,27,2,-2.6026896854443837
1335,ACAGTTATGGA,GTTATTCGACATTA,3,2,4,1,-1.3862943611198906
1336,ACAGTTATGGA,GTTATTCGACATTA,3,10,37,4,-2.2246235515243336
1337,ACAGTTATGGA,GTTATTCGACATTA,3,20,18,1,-2.8903717578961645
1338,ACAGTTATGGA,GTTATTCGACATTA,3,30,32,1,-3.4657359027997265
1339,ACAGTTATGGA,GTTATTCGACATTA,3,40,4,1,-1.3862943611198906
1340,ACAGTTATGGA,GTTATTCGACATTA,3,50,23,1,-3.1354942159291497
1341,ACAGTTATGGA,GTTATTCGACATTA,3,60,17,1,-2.833213344056216
1342,ACAGTTATGGA,GTTATTCGACATTA,4,0,21,2,-2.3513752571634776
1343,ACAGTTATGGA,GTTATTCGACATTA,4,2,10,3,-1.203972804325936
1344,ACAGTTATGGA,GTTATTCGACATTA,4,10,17,1,-2.833213344056216
1345,ACAGTTATGGA,GTTATTCGACATTA,4,20,29,1,-3.3672958299864737
1346,ACAGTTATGGA,GTTATTCGACATTA,4,30,16,2,-2.0794415416798357
1347,ACAGTTATGGA,GTTATTCGACATTA,4,40,14,1,-2.6390573296152584
1348,ACAGTTATGGA,GTTATTCGACATTA,4,50,22,1,-3.0910424533583156
1349,ACAGTTATGGA,GTTATTCGACATTA,4,60,5,1,-1.6094379124341003
1350,ACATATGAAAA,ATATCTATAGGTTA,2,0,1,2,0.6931471805599453
1351,ACATATGAAAA,ATATCTATAGGTTA,2,5,7,1,-1.9459101490553132
1352,ACATATGAAAA,ATATCTATAGGTTA,2,15,6,1,-1.791759469228055
1353,ACATATGAAAA,ATATCTATAGGTTA,2,40,8,6,-0.2876820724517809
1354,ACATATGAAAA,ATATCTATAGGTTA,2,50,2,1,-0.6931471805599453
1355,ACATATGAAAA,ATATCTATAGGTTA,3,5,14,1,-2.6390573296152584
1356,ACATATGAAAA,ATATCTATAGGTTA,3,10,4,4,0.0
1357,ACATATGAAAA,ATATCTATAGGTTA,3,15,13,4,-1.178654996341646
1358,ACATATGAAAA,ATATCTATAGGTTA,3,20,4,3,-0.2876820724517809
1359,ACATATGAAAA,ATATCTATAGGTTA,3,30,6,1,-1.791759469228055
1360,ACATATGAAAA,ATATCTATAGGTTA,3,40,15,11,-0.31015492830383956
1361,ACATATGAAAA,ATATCTATAGGTTA,3,50,7,2,-1.252762968495368
1362,ACATATGAAAA,ATATCTATAGGTTA,3,60,1,1,0.0
1363,ACATATGAAAA,ATATCTATAGGTTA,4,0,5,3,-0.5108256237659907
1364,ACATATGAAAA,ATATCTATAGGTTA,4,10,9,3,-1.0986122886681098
1365,ACATATGAAAA,ATATCTATAGGTTA,4,15,7,2,-1.252762968495368
1366,ACATATGAAAA,ATATCTATAGGTTA,4,20,8,3,-0.9808292530117262
1367,ACATATGAAAA,ATATCTATAGGTTA,4,30,7,4,-0.5596157879354227
1368,ACATATGAAAA,ATATCTATAGGTTA,4,40,6,4,-0.40546510810816444
1369,ACATATGAAAA,ATATCTATAGGTTA,4,50,3,1,-1.0986122886681098
1370,ACATATGAAAA,ATATCTATAGGTTA,4,60,27,15,-0.587786664902119
1371,ACATCATTTGT,CAATTGTCTTAAAA,2,50,1,7,1.9459101490553132
1372,ACATGATCGCG,CCCGCCTATCACTC,2,0,21,5,-1.4350845252893227
1373,ACATGATCGCG,CCCGCCTATCACTC,2,2,12,5,-0.8754687373538999
1374,ACATGATCGCG,CCCGCCTATCACTC,2,5,10,3,-1.203972804325936
1375,ACATGATCGCG,CCCGCCTATCACTC,2,10,23,6,-1.3437347467010947
1376,ACATGATCGCG,CCCGCCTATCACTC,2,15,23,4,-1.749199854809259
1377,ACATGATCGCG,CCCGCCTATCACTC,2,20,23,9,-0.9382696385929302
1378,ACATGATCGCG,CCCGCCTATCACTC,2,30,24,6,-1.3862943611198906
1379,ACATGATCGCG,CCCGCCTATCACTC,2,40,23,5,-1.5260563034950494
1380,ACATGATCGCG,CCCGCCTATCACTC,2,50,26,4,-1.8718021769015913
1381,ACATGATCGCG,CCCGCCTATCACTC,2,60,12,5,-0.8754687373538999
1382,ACATGATCGCG,CCCGCCTATCACTC,3,0,30,3,-2.3025850929940455
1383,ACATGATCGCG,CCCGCCTATCACTC,3,2,14,4,-1.252762968495368
1384,ACATGATCGCG,CCCGCCTATCACTC,3,5,15,2,-2.0149030205422647
1385,ACATGATCGCG,CCCGCCTATCACTC,3,10,17,14,-0.1941560144409575
1386,ACATGATCGCG,CCCGCCTATCACTC,3,15,19,12,-0.4595323293784402
1387,ACATGATCGCG,CCCGCCTATCACTC,3,20,12,7,-0.5389965007326869
1388,ACATGATCGCG,CCCGCCTATCACTC,3,30,20,4,-1.6094379124341003
1389,ACATGATCGCG,CCCGCCTATCACTC,3,40,29,8,-1.287854288306638
1390,ACATGATCGCG,CCCGCCTATCACTC,3,50,10,3,-1.203972804325936
1391,ACATGATCGCG,CCCGCCTATCACTC,3,60,15,8,-0.6286086594223741
1392,ACATGATCGCG,CCCGCCTATCACTC,4,0,12,2,-1.791759469228055
1393,ACATGATCGCG,CCCGCCTATCACTC,4,2,27,7,-1.3499267169490157
1394,ACATGATCGCG,CCCGCCTATCACTC,4,5,15,4,-1.3217558399823195
1395,ACATGATCGCG,CCCGCCTATCACTC,4,10,27,5,-1.6863989535702286
1396,ACATGATCGCG,CCCGCCTATCACTC,4,15,9,4,-0.8109302162163288
1397,ACATGATCGCG,CCCGCCTATCACTC,4,20,20,5,-1.3862943611198906
1398,ACATGATCGCG,CCCGCCTATCACTC,4,30,17,5,-1.2237754316221157
1399,ACATGATCGCG,CCCGCCTATCACTC,4,40,15,6,-0.916290731874155
1400,ACATGATCGCG,CCCGCCTATCACTC,4,50,16,7,-0.8266785731844679
1401,ACATGATCGCG,CCCGCCTATCACTC,4,60,24,10,-0.8754687373538999
1402,ACATGCAAAAG,CTACGCTTATCTCC,3,60,1,17,2.833213344056216
1403,ACATGGGGCTT,TGACCATGACAATC,2,0,3,2,-0.40546510810816444
1404,ACATGGGGCTT,TGACCATGACAATC,2,50,7,3,-0.8472978603872037
1405,ACATGGGGCTT,TGACCATGACAATC,3,0,3,4,0.28768207245178085
1406,ACATGGGGCTT,TGACCATGACAATC,3,15,8,1,-2.0794415416798357
1407,ACATGGGGCTT,TGACCATGACAATC,3,20,6,3,-0.6931471805599453
1408,ACATGTAATTT,AATCCCACCTGTCA,3,30,1,1,0.0
1409,ACATGTAATTT,AATCCCACCTGTCA,3,40,1,17,2.833213344056216
1410,ACATGTAATTT,AATCCCACCTGTCA,3,50,1,10,2.3025850929940455
1411,ACATGTAATTT,AATCCCACCTGTCA,4,10,1,5,1.6094379124341003
1412,ACATTCCGAGT,TGCCTGTTGATTGA,2,10,11,2,-1.7047480922384253
1413,ACATTCCGAGT,TGCCTGTTGATTGA,2,15,27,13,-0.7308875085427924
1414,ACATTCCGAGT,TGCCTGTTGATTGA,2,20,18,7,-0.9444616088408513
1415,ACATTCCGAGT,TGCCTGTTGATTGA,2,30,13,2,-1.8718021769015913
1416,ACATTCCGAGT,TGCCTGTTGATTGA,2,40,27,2,-2.6026896854443837
1417,ACATTCCGAGT,TGCCTGTTGATTGA,2,50,17,4,-1.4469189829363254
1418,ACATTCCGAGT,TGCCTGTTGATTGA,2,60,22,5,-1.4816045409242156
1419,ACATTCCGAGT,TGCCTGTTGATTGA,3,0,11,1,-2.3978952727983707
1420,ACATTCCGAGT,TGCCTGTTGATTGA,3,5,10,1,-2.3025850929940455
1421,ACATTCCGAGT,TGCCTGTTGATTGA,3,10,30,6,-1.6094379124341003
1422,ACATTCCGAGT,TGCCTGTTGATTGA,3,15,16,3,-1.6739764335716716
1423,ACATTCCGAGT,TGCCTGTTGATTGA,3,20,16,1,-2.772588722239781
1424,ACATTCCGAGT,TGCCTGTTGATTGA,3,30,11,2,-1.7047480922384253
1425,ACATTCCGAGT,TGCCTGTTGATTGA,3,40,14,3,-1.5404450409471488
1426,ACATTCCGAGT,TGCCTGTTGATTGA,3,50,14,5,-1.0296194171811581
1427,ACATTCCGAGT,TGCCTGTTGATTGA,3,60,9,3,-1.0986122886681098
1428,ACATTCCGAGT,TGCCTGTTGATTGA,4,0,18,2,-2.1972245773362196
1429,ACATTCCGAGT,TGCCTGTTGATTGA,4,2,20,3,-1.8971199848858813
1430,ACATTCCGAGT,TGCCTGTTGATTGA,4,5,13,2,-1.8718021769015913
1431,ACATTCCGAGT,TGCCTGTTGATTGA,4,10,17,4,-1.4469189829363254
1432,ACATTCCGAGT,TGCCTGTTGATTGA,4,20,8,5,-0.4700036292457356
1433,ACATTCCGAGT,TGCCTGTTGATTGA,4,30,20,10,-0.6931471805599453
1434,ACATTCCGAGT,TGCCTGTTGATTGA,4,40,22,9,-0.8938178760220964
1435,ACATTCCGAGT,TGCCTGTTGATTGA,4,50,26,10,-0.9555114450274362
1436,ACATTCCGAGT,TGCCTGTTGATTGA,4,60,14,6,-0.8472978603872037
1437,ACCAAAATCCC,ACCAACACCGTAGT,2,0,94,1,-4.543294782270004
1438,ACCAAAATCCC,ACCAACACCGTAGT,2,2,45,3,-2.70805020110221
1439,ACCAAAATCCC,ACCAACACCGTAGT,2,5,56,2,-3.332204510175204
1440,ACCAAAATCCC,ACCAACACCGTAGT,2,10,44,1,-3.784189633918261
1441,ACCAAAATCCC,ACCAACACCGTAGT,2,15,47,7,-1.9042374526547452
1442,ACCAAAATCCC,ACCAACACCGTAGT,2,20,56,5,-2.4159137783010487
1443,ACCAAAATCCC,ACCAACACCGTAGT,2,30,70,41,-0.5349231753450512
1444,ACCAAAATCCC,ACCAACACCGTAGT,2,40,82,12,-1.9218125974762528
1445,ACCAAAATCCC,ACCAACACCGTAGT,2,50,106,20,-1.667706820558076
1446,ACCAAAATCCC,ACCAACACCGTAGT,2,60,46,5,-2.2192034840549946
1447,ACCAAAATCCC,ACCAACACCGTAGT,3,0,37,5,-2.001480000210124
1448,ACCAAAATCCC,ACCAACACCGTAGT,3,2,20,2,-2.3025850929940455
1449,ACCAAAATCCC,ACCAACACCGTAGT,3,5,56,3,-2.9267394020670396
1450,ACCAAAATCCC,ACCAACACCGTAGT,3,10,72,6,-2.4849066497880004
1451,ACCAAAATCCC,ACCAACACCGTAGT,3,15,57,6,-2.2512917986064953
1452,ACCAAAATCCC,ACCAACACCGTAGT,3,20,84,7,-2.4849066497880004
1453,ACCAAAATCCC,ACCAACACCGTAGT,3,30,43,5,-2.151762203259462
1454,ACCAAAATCCC,ACCAACACCGTAGT,3,40,71,13,-1.6977305195797787
1455,ACCAAAATCCC,ACCAACACCGTAGT,3,50,30,8,-1.3217558399823195
1456,ACCAAAATCCC,ACCAACACCGTAGT,3,60,35,7,-1.6094379124341003
1457,ACCAAAATCCC,ACCAACACCGTAGT,4,0,37,3,-2.512305623976115
1458,ACCAAAATCCC,ACCAACACCGTAGT,4,2,45,3,-2.70805020110221
1459,ACCAAAATCCC,ACCAACACCGTAGT,4,5,63,5,-2.533696813957432
1460,ACCAAAATCCC,ACCAACACCGTAGT,4,10,69,9,-2.03688192726104
1461,ACCAAAATCCC,ACCAACACCGTAGT,4,15,21,2,-2.3513752571634776
1462,ACCAAAATCCC,ACCAACACCGTAGT,4,20,58,7,-2.114532861491106
1463,ACCAAAATCCC,ACCAACACCGTAGT,4,30,58,12,-1.575536360758419
1464,ACCAAAATCCC,ACCAACACCGTAGT,4,40,64,13,-1.5939337258981352
1465,ACCAAAATCCC,ACCAACACCGTAGT,4,50,53,9,-1.7730673362159024
1466,ACCAAAATCCC,ACCAACACCGTAGT,4,60,20,2,-2.3025850929940455
1467,ACCACAACTGC,GTAGCCCAAACCGT,2,0,498,35,-2.6552520155352393
1468,ACCACAACTGC,GTAGCCCAAACCGT,2,2,500,34,-2.6882475738060303
1469,ACCACAACTGC,GTAGCCCAAACCGT,2,5,401,36,-2.410442488850459
1470,ACCACAACTGC,GTAGCCCAAACCGT,2,10,586,56,-2.3479680988418634
1471,ACCACAACTGC,GTAGCCCAAACCGT,2,15,553,80,-1.933331366848453
1472,ACCACAACTGC,GTAGCCCAAACCGT,2,20,677,130,-1.6501368224566926
1473,ACCACAACTGC,GTAGCCCAAACCGT,2,30,556,149,-1.316821988305123
1474,ACCACAACTGC,GTAGCCCAAACCGT,2,40,608,182,-1.2061681948893717
1475,ACCACAACTGC,GTAGCCCAAACCGT,2,50,623,155,-1.3911214018682065
1476,ACCACAACTGC,GTAGCCCAAACCGT,2,60,574,152,-1.32874887547329
1477,ACCACAACTGC,GTAGCCCAAACCGT,3,0,498,31,-2.7766128725395065
1478,ACCACAACTGC,GTAGCCCAAACCGT,3,2,438,24,-2.9041650800285006
1479,ACCACAACTGC,GTAGCCCAAACCGT,3,5,448,41,-2.3912211657106774
1480,ACCACAACTGC,GTAGCCCAAACCGT,3,10,594,68,-2.1673716141865382
1481,ACCACAACTGC,GTAGCCCAAACCGT,3,15,591,155,-1.3383909004868515
1482,ACCACAACTGC,GTAGCCCAAACCGT,3,20,747,159,-1.5471609829125856
1483,ACCACAACTGC,GTAGCCCAAACCGT,3,30,442,85,-1.6486586255873816
1484,ACCACAACTGC,GTAGCCCAAACCGT,3,40,547,131,-1.4292514792208297
1485,ACCACAACTGC,GTAGCCCAAACCGT,3,50,446,137,-1.1803380261919392
1486,ACCACAACTGC,GTAGCCCAAACCGT,3,60,490,127,-1.350218304646081
1487,ACCACAACTGC,GTAGCCCAAACCGT,4,0,510,36,-2.6508917872622613
1488,ACCACAACTGC,GTAGCCCAAACCGT,4,2,630,40,-2.7568403652716422
1489,ACCACAACTGC,GTAGCCCAAACCGT,4,5,496,23,-3.0710817107957777
1490,ACCACAACTGC,GTAGCCCAAACCGT,4,10,765,72,-2.3632097148104805
1491,ACCACAACTGC,GTAGCCCAAACCGT,4,15,480,60,-2.0794415416798357
1492,ACCACAACTGC,GTAGCCCAAACCGT,4,20,509,82,-1.8257287692862696
1493,ACCACAACTGC,GTAGCCCAAACCGT,4,30,515,109,-1.5528190184345925
1494,ACCACAACTGC,GTAGCCCAAACCGT,4,40,583,171,-1.2265236298478324
1495,ACCACAACTGC,GTAGCCCAAACCGT,4,50,636,170,-1.3194001262898603
1496,ACCACAACTGC,GTAGCCCAAACCGT,4,60,525,140,-1.3217558399823195
1497,ACCAGAGTACA,TACATGCTGGATTG,2,0,6,2,-1.0986122886681098
1498,ACCAGAGTACA,TACATGCTGGATTG,2,2,9,2,-1.5040773967762742
1499,ACCAGAGTACA,TACATGCTGGATTG,2,5,7,2,-1.252762968495368
1500,ACCAGAGTACA,TACATGCTGGATTG,2,10,15,1,-2.70805020110221
1501,ACCAGAGTACA,TACATGCTGGATTG,2,15,9,1,-2.1972245773362196
1502,ACCAGAGTACA,TACATGCTGGATTG,2,20,5,2,-0.916290731874155
1503,ACCAGAGTACA,TACATGCTGGATTG,2,30,6,3,-0.6931471805599453
1504,ACCAGAGTACA,TACATGCTGGATTG,2,50,13,2,-1.8718021769015913
1505,ACCAGAGTACA,TACATGCTGGATTG,2,60,13,2,-1.8718021769015913
1506,ACCAGAGTACA,TACATGCTGGATTG,3,15,11,2,-1.7047480922384253
1507,ACCAGAGTACA,TACATGCTGGATTG,3,20,7,4,-0.5596157879354227
1508,ACCAGAGTACA,TACATGCTGGATTG,3,30,12,1,-2.4849066497880004
1509,ACCAGAGTACA,TACATGCTGGATTG,3,40,4,1,-1.3862943611198906
1510,ACCAGAGTACA,TACATGCTGGATTG,3,50,18,4,-1.5040773967762742
1511,ACCAGAGTACA,TACATGCTGGATTG,3,60,17,1,-2.833213344056216
1512,ACCAGAGTACA,TACATGCTGGATTG,4,2,17,3,-1.7346010553881062
1513,ACCAGAGTACA,TACATGCTGGATTG,4,10,10,2,-1.6094379124341003
1514,ACCAGAGTACA,TACATGCTGGATTG,4,15,7,2,-1.252762968495368
1515,ACCAGAGTACA,TACATGCTGGATTG,4,40,12,2,-1.791759469228055
1516,ACCAGAGTACA,TACATGCTGGATTG,4,50,7,6,-0.15415067982725836
1517,ACCAGAGTACA,TACATGCTGGATTG,4,60,3,1,-1.0986122886681098
1518,ACCAGGCCTCA,TAAACCCCACTTGG,2,5,1,7,1.9459101490553132
1519,ACCATAGTCCT,TCACCGATCCCTTT,2,0,66,7,-2.243744592971112
1520,ACCATAGTCCT,TCACCGATCCCTTT,2,2,43,3,-2.662587827025453
1521,ACCATAGTCCT,TCACCGATCCCTTT,2,5,32,4,-2.0794415416798357
1522,ACCATAGTCCT,TCACCGATCCCTTT,2,10,64,2,-3.4657359027997265
1523,ACCATAGTCCT,TCACCGATCCCTTT,2,15,66,12,-1.7047480922384253
1524,ACCATAGTCCT,TCACCGATCCCTTT,2,20,71,8,-2.1832383353614793
1525,ACCATAGTCCT,TCACCGATCCCTTT,2,30,65,1,-4.174387269895637
1526,ACCATAGTCCT,TCACCGATCCCTTT,2,40,81,11,-1.9965538818740682
1527,ACCATAGTCCT,TCACCGATCCCTTT,2,50,81,9,-2.1972245773362196
1528,ACCATAGTCCT,TCACCGATCCCTTT,2,60,34,11,-1.128465251817791
1529,ACCATAGTCCT,TCACCGATCCCTTT,3,0,60,6,-2.3025850929940455
1530,ACCATAGTCCT,TCACCGATCCCTTT,3,2,44,2,-3.0910424533583156
1531,ACCATAGTCCT,TCACCGATCCCTTT,3,5,72,3,-3.1780538303479458
1532,ACCATAGTCCT,TCACCGATCCCTTT,3,10,81,5,-2.785011242238338
1533,ACCATAGTCCT,TCACCGATCCCTTT,3,15,58,3,-2.9618307218783095
1534,ACCATAGTCCT,TCACCGATCCCTTT,3,20,66,9,-1.992430164690206
1535,ACCATAGTCCT,TCACCGATCCCTTT,3,30,43,6,-1.9694406464655074
1536,ACCATAGTCCT,TCACCGATCCCTTT,3,40,66,8,-2.1102132003465894
1537,ACCATAGTCCT,TCACCGATCCCTTT,3,50,51,7,-1.9859154836690123
1538,ACCATAGTCCT,TCACCGATCCCTTT,3,60,47,6,-2.0583881324820035
1539,ACCATAGTCCT,TCACCGATCCCTTT,4,0,52,5,-2.341805806147327
1540,ACCATAGTCCT,TCACCGATCCCTTT,4,2,40,1,-3.6888794541139363
1541,ACCATAGTCCT,TCACCGATCCCTTT,4,5,61,5,-2.501435951739211
1542,ACCATAGTCCT,TCACCGATCCCTTT,4,10,63,4,-2.7568403652716422
1543,ACCATAGTCCT,TCACCGATCCCTTT,4,15,59,11,-1.6796421711073488
1544,ACCATAGTCCT,TCACCGATCCCTTT,4,20,52,7,-2.005333569526114
1545,ACCATAGTCCT,TCACCGATCCCTTT,4,30,61,7,-2.164963715117998
1546,ACCATAGTCCT,TCACCGATCCCTTT,4,40,61,11,-1.7129785913749407
1547,ACCATAGTCCT,TCACCGATCCCTTT,4,50,93,13,-1.9676501356917193
1548,ACCATAGTCCT,TCACCGATCCCTTT,4,60,47,3,-2.751535313041949
1549,ACCATATATTA,TCGGATAAGTATTA,2,0,22,2,-2.3978952727983707
1550,ACCATATATTA,TCGGATAAGTATTA,2,2,27,4,-1.9095425048844383
1551,ACCATATATTA,TCGGATAAGTATTA,2,5,25,3,-2.120263536200091
1552,ACCATATATTA,TCGGATAAGTATTA,2,10,42,8,-1.6582280766035324
1553,ACCATATATTA,TCGGATAAGTATTA,2,15,37,10,-1.3083328196501787
1554,ACCATATATTA,TCGGATAAGTATTA,2,20,26,4,-1.8718021769015913
1555,ACCATATATTA,TCGGATAAGTATTA,2,30,31,6,-1.6422277352570913
1556,ACCATATATTA,TCGGATAAGTATTA,2,40,34,7,-1.580450375560848
1557,ACCATATATTA,TCGGATAAGTATTA,2,50,28,5,-1.7227665977411035
1558,ACCATATATTA,TCGGATAAGTATTA,2,60,23,9,-0.9382696385929302
1559,ACCATATATTA,TCGGATAAGTATTA,3,0,30,8,-1.3217558399823195
1560,ACCATATATTA,TCGGATAAGTATTA,3,2,18,5,-1.2809338454620642
1561,ACCATATATTA,TCGGATAAGTATTA,3,5,13,5,-0.9555114450274362
1562,ACCATATATTA,TCGGATAAGTATTA,3,10,19,7,-0.9985288301111271
1563,ACCATATATTA,TCGGATAAGTATTA,3,15,33,7,-1.5505974124111668
1564,ACCATATATTA,TCGGATAAGTATTA,3,20,38,9,-1.4403615823901663
1565,ACCATATATTA,TCGGATAAGTATTA,3,30,28,5,-1.7227665977411035
1566,ACCATATATTA,TCGGATAAGTATTA,3,40,37,7,-1.6650077635889111
1567,ACCATATATTA,TCGGATAAGTATTA,3,50,22,11,-0.6931471805599453
1568,ACCATATATTA,TCGGATAAGTATTA,3,60,18,4,-1.5040773967762742
1569,ACCATATATTA,TCGGATAAGTATTA,4,0,13,3,-1.466337068793427
1570,ACCATATATTA,TCGGATAAGTATTA,4,2,39,6,-1.8718021769015913
1571,ACCATATATTA,TCGGATAAGTATTA,4,5,28,8,-1.252762968495368
1572,ACCATATATTA,TCGGATAAGTATTA,4,10,21,6,-1.252762968495368
1573,ACCATATATTA,TCGGATAAGTATTA,4,15,30,3,-2.3025850929940455
1574,ACCATATATTA,TCGGATAAGTATTA,4,20,20,1,-2.995732273553991
1575,ACCATATATTA,TCGGATAAGTATTA,4,30,18,10,-0.587786664902119
1576,ACCATATATTA,TCGGATAAGTATTA,4,40,18,8,-0.8109302162163288
1577,ACCATATATTA,TCGGATAAGTATTA,4,50,16,2,-2.0794415416798357
1578,ACCATATATTA,TCGGATAAGTATTA,4,60,24,7,-1.2321436812926323
1579,ACCCCCTGAAC,CTGGACCAAGAAGC,2,10,1,37,3.6109179126442243
1580,ACCCCCTGAAC,CTGGACCAAGAAGC,2,40,1,149,5.003946305945459
1581,ACCCCCTGAAC,CTGGACCAAGAAGC,3,40,1,111,4.709530201312334
1582,ACCCCCTGAAC,CTGGACCAAGAAGC,4,0,1,16,2.772588722239781
1583,ACCCCTCTGCA,CCTCACCCTTCGGA,2,10,4,1,-1.3862943611198906
1584,ACCCCTCTGCA,CCTCACCCTTCGGA,2,20,7,1,-1.9459101490553132
1585,ACCCCTCTGCA,CCTCACCCTTCGGA,2,30,7,2,-1.252762968495368
1586,ACCCCTCTGCA,CCTCACCCTTCGGA,2,50,9,1,-2.1972245773362196
1587,ACCCCTCTGCA,CCTCACCCTTCGGA,2,60,11,1,-2.3978952727983707
1588,ACCCCTCTGCA,CCTCACCCTTCGGA,3,10,3,3,0.0
1589,ACCCCTCTGCA,CCTCACCCTTCGGA,3,30,4,2,-0.6931471805599453
1590,ACCCCTCTGCA,CCTCACCCTTCGGA,3,60,9,4,-0.8109302162163288
1591,ACCCCTCTGCA,CCTCACCCTTCGGA,4,0,6,1,-1.791759469228055
1592,ACCCCTCTGCA,CCTCACCCTTCGGA,4,2,3,1,-1.0986122886681098
1593,ACCCCTCTGCA,CCTCACCCTTCGGA,4,40,18,4,-1.5040773967762742
1594,ACCCGCATTAA,TGTATTGTTGTCTT,2,0,2,1,-0.6931471805599453
1595,ACCCGCATTAA,TGTATTGTTGTCTT,2,10,10,2,-1.6094379124341003
1596,ACCCGCATTAA,TGTATTGTTGTCTT,2,20,13,1,-2.5649493574615367
1597,ACCCGCATTAA,TGTATTGTTGTCTT,2,60,13,1,-2.5649493574615367
1598,ACCCGCATTAA,TGTATTGTTGTCTT,3,0,2,1,-0.6931471805599453
1599,ACCCGCATTAA,TGTATTGTTGTCTT,3,2,14,1,-2.6390573296152584
1600,ACCCGCATTAA,TGTATTGTTGTCTT,3,10,8,1,-2.0794415416798357
1601,ACCCGCATTAA,TGTATTGTTGTCTT,3,15,6,3,-0.6931471805599453
1602,ACCCGCATTAA,TGTATTGTTGTCTT,3,20,10,1,-2.3025850929940455
1603,ACCCGCATTAA,TGTATTGTTGTCTT,4,10,1,1,0.0
1604,ACCCGCATTAA,TGTATTGTTGTCTT,4,20,3,1,-1.0986122886681098
1605,ACCCGCATTAA,TGTATTGTTGTCTT,4,50,7,1,-1.9459101490553132
1606,ACCCTACCCAA,ATACTGAACTAGCG,2,15,55,1,-4.007333185232471
1607,ACCCTACCCAA,ATACTGAACTAGCG,2,40,80,8,-2.3025850929940455
1608,ACCCTACCCAA,ATACTGAACTAGCG,2,60,63,3,-3.044522437723423
1609,ACCCTACCCAA,ATACTGAACTAGCG,4,15,67,1,-4.204692619390966
1610,ACCCTACCCAA,ATACTGAACTAGCG,4,30,29,1,-3.3672958299864737
1611,ACCCTACCCAA,ATACTGAACTAGCG,4,60,90,1,-4.499809670330265
1612,ACCCTCCCATA,ATGCCGACTAATGC,2,40,1,2,0.6931471805599453
1613,ACCCTGACCGC,TTCCCCCATATAGC,2,5,10,1,-2.3025850929940455
1614,ACCCTGACCGC,TTCCCCCATATAGC,2,20,8,2,-1.3862943611198906
1615,ACCCTGACCGC,TTCCCCCATATAGC,2,30,5,1,-1.6094379124341003
1616,ACCCTGACCGC,TTCCCCCATATAGC,2,50,16,2,-2.0794415416798357
1617,ACCCTGACCGC,TTCCCCCATATAGC,2,60,12,5,-0.8754687373538999
1618,ACCCTGACCGC,TTCCCCCATATAGC,3,0,9,1,-2.1972245773362196
1619,ACCCTGACCGC,TTCCCCCATATAGC,3,2,17,1,-2.833213344056216
1620,ACCCTGACCGC,TTCCCCCATATAGC,3,10,18,2,-2.1972245773362196
1621,ACCCTGACCGC,TTCCCCCATATAGC,3,20,12,6,-0.6931471805599453
1622,ACCCTGACCGC,TTCCCCCATATAGC,3,30,2,1,-0.6931471805599453
1623,ACCCTGACCGC,TTCCCCCATATAGC,3,40,2,1,-0.6931471805599453
1624,ACCCTGACCGC,TTCCCCCATATAGC,3,50,6,8,0.28768207245178085
1625,ACCCTGACCGC,TTCCCCCATATAGC,3,60,12,3,-1.3862943611198906
1626,ACCCTGACCGC,TTCCCCCATATAGC,4,15,14,1,-2.6390573296152584
1627,ACCCTGACCGC,TTCCCCCATATAGC,4,20,13,2,-1.8718021769015913
1628,ACCCTGACCGC,TTCCCCCATATAGC,4,30,17,6,-1.041453874828161
1629,ACCCTGACCGC,TTCCCCCATATAGC,4,40,8,6,-0.2876820724517809
1630,ACCCTGACCGC,TTCCCCCATATAGC,4,50,14,7,-0.6931471805599453
1631,ACCCTGACCGC,TTCCCCCATATAGC,4,60,9,5,-0.587786664902119
1632,ACCGAACTATT,GGATCAAGTACTGG,2,0,1,1,0.0
1633,ACCGAATGCAA,TTCAACGCTTTGAT,2,2,8,5,-0.4700036292457356
1634,ACCGAATGCAA,TTCAACGCTTTGAT,2,5,17,1,-2.833213344056216
1635,ACCGAATGCAA,TTCAACGCTTTGAT,2,10,32,3,-2.367123614131617
1636,ACCGAATGCAA,TTCAACGCTTTGAT,2,20,20,5,-1.3862943611198906
1637,ACCGAATGCAA,TTCAACGCTTTGAT,2,30,25,5,-1.6094379124341003
1638,ACCGAATGCAA,TTCAACGCTTTGAT,2,50,13,4,-1.178654996341646
1639,ACCGAATGCAA,TTCAACGCTTTGAT,2,60,11,4,-1.0116009116784799
1640,ACCGAATGCAA,TTCAACGCTTTGAT,3,2,11,2,-1.7047480922384253
1641,ACCGAATGCAA,TTCAACGCTTTGAT,3,10,12,2,-1.791759469228055
1642,ACCGAATGCAA,TTCAACGCTTTGAT,3,15,16,4,-1.3862943611198906
1643,ACCGAATGCAA,TTCAACGCTTTGAT,3,20,8,1,-2.0794415416798357
1644,ACCGAATGCAA,TTCAACGCTTTGAT,3,30,16,2,-2.0794415416798357
1645,ACCGAATGCAA,TTCAACGCTTTGAT,3,40,25,6,-1.4271163556401458
1646,ACCGAATGCAA,TTCAACGCTTTGAT,3,50,20,3,-1.8971199848858813
1647,ACCGAATGCAA,TTCAACGCTTTGAT,4,0,18,1,-2.8903717578961645
1648,ACCGAATGCAA,TTCAACGCTTTGAT,4,15,13,5,-0.9555114450274362
1649,ACCGAATGCAA,TTCAACGCTTTGAT,4,30,9,2,-1.5040773967762742
1650,ACCGAATGCAA,TTCAACGCTTTGAT,4,40,28,9,-1.1349799328389845
1651,ACCGAATGCAA,TTCAACGCTTTGAT,4,50,6,6,0.0
1652,ACCGCAGCGCT,TTATTTAATTTACA,2,20,1,13,2.5649493574615367
1653,ACCGCAGCGCT,TTATTTAATTTACA,4,0,1,4,1.3862943611198906
1654,ACCGCAGCGCT,TTATTTAATTTACA,4,10,1,19,2.9444389791664403
1655,ACCGCCGCACC,GGCAACGTACCAGC,2,2,16,1,-2.772588722239781
1656,ACCGCCGCACC,GGCAACGTACCAGC,2,5,8,1,-2.0794415416798357
1657,ACCGCCGCACC,GGCAACGTACCAGC,2,15,10,1,-2.3025850929940455
1658,ACCGCCGCACC,GGCAACGTACCAGC,2,20,16,2,-2.0794415416798357
1659,ACCGCCGCACC,GGCAACGTACCAGC,2,30,11,5,-0.7884573603642702
1660,ACCGCCGCACC,GGCAACGTACCAGC,2,50,16,5,-1.1631508098056809
1661,ACCGCCGCACC,GGCAACGTACCAGC,2,60,12,2,-1.791759469228055
1662,ACCGCCGCACC,GGCAACGTACCAGC,3,0,20,2,-2.3025850929940455
1663,ACCGCCGCACC,GGCAACGTACCAGC,3,5,4,2,-0.6931471805599453
1664,ACCGCCGCACC,GGCAACGTACCAGC,3,10,7,2,-1.252762968495368
1665,ACCGCCGCACC,GGCAACGTACCAGC,3,20,17,4,-1.4469189829363254
1666,ACCGCCGCACC,GGCAACGTACCAGC,3,30,10,1,-2.3025850929940455
1667,ACCGCCGCACC,GGCAACGTACCAGC,3,40,6,2,-1.0986122886681098
1668,ACCGCCGCACC,GGCAACGTACCAGC,3,50,6,5,-0.1823215567939546
1669,ACCGCCGCACC,GGCAACGTACCAGC,3,60,2,2,0.0
1670,ACCGCCGCACC,GGCAACGTACCAGC,4,0,6,1,-1.791759469228055
1671,ACCGCCGCACC,GGCAACGTACCAGC,4,10,12,1,-2.4849066497880004
1672,ACCGCCGCACC,GGCAACGTACCAGC,4,15,3,2,-0.40546510810816444
1673,ACCGCCGCACC,GGCAACGTACCAGC,4,20,10,2,-1.6094379124341003
1674,ACCGCCGCACC,GGCAACGTACCAGC,4,40,10,1,-2.3025850929940455
1675,ACCGCCGCACC,GGCAACGTACCAGC,4,50,15,3,-1.6094379124341003
1676,ACCGCCGCACC,GGCAACGTACCAGC,4,60,4,2,-0.6931471805599453
1677,ACCGGTATGCC,TACATACACCCATT,2,50,1,46,3.828641396489095
1678,ACCGGTGGAGA,TTGGTGGTCGGTCG,4,15,1,15,2.70805020110221
1679,ACCGGTGGAGA,TTGGTGGTCGGTCG,4,20,1,22,3.0910424533583156
1680,ACCGTACTACC,CCCGCTCCGCCAAT,2,0,37,3,-2.512305623976115
1681,ACCGTACTACC,CCCGCTCCGCCAAT,2,2,34,2,-2.833213344056216
1682,ACCGTACTACC,CCCGCTCCGCCAAT,2,5,28,2,-2.6390573296152584
1683,ACCGTACTACC,CCCGCTCCGCCAAT,2,10,62,4,-2.740840023925201
1684,ACCGTACTACC,CCCGCTCCGCCAAT,2,15,43,3,-2.662587827025453
1685,ACCGTACTACC,CCCGCTCCGCCAAT,2,20,28,1,-3.332204510175204
1686,ACCGTACTACC,CCCGCTCCGCCAAT,2,30,44,4,-2.3978952727983707
1687,ACCGTACTACC,CCCGCTCCGCCAAT,2,40,35,9,-1.3581234841531944
1688,ACCGTACTACC,CCCGCTCCGCCAAT,2,50,46,2,-3.1354942159291497
1689,ACCGTACTACC,CCCGCTCCGCCAAT,2,60,42,6,-1.9459101490553132
1690,ACCGTACTACC,CCCGCTCCGCCAAT,3,0,24,3,-2.0794415416798357
1691,ACCGTACTACC,CCCGCTCCGCCAAT,3,2,17,1,-2.833213344056216
1692,ACCGTACTACC,CCCGCTCCGCCAAT,3,5,28,1,-3.332204510175204
1693,ACCGTACTACC,CCCGCTCCGCCAAT,3,10,27,2,-2.6026896854443837
1694,ACCGTACTACC,CCCGCTCCGCCAAT,3,15,45,4,-2.420368128650429
1695,ACCGTACTACC,CCCGCTCCGCCAAT,3,20,54,6,-2.1972245773362196
1696,ACCGTACTACC,CCCGCTCCGCCAAT,3,30,23,2,-2.4423470353692043
1697,ACCGTACTACC,CCCGCTCCGCCAAT,3,40,30,10,-1.0986122886681098
1698,ACCGTACTACC,CCCGCTCCGCCAAT,3,50,31,9,-1.2367626271489267
1699,ACCGTACTACC,CCCGCTCCGCCAAT,3,60,32,8,-1.3862943611198906
1700,ACCGTACTACC,CCCGCTCCGCCAAT,4,0,59,5,-2.468099531471619
1701,ACCGTACTACC,CCCGCTCCGCCAAT,4,2,33,1,-3.4965075614664802
1702,ACCGTACTACC,CCCGCTCCGCCAAT,4,5,32,1,-3.4657359027997265
1703,ACCGTACTACC,CCCGCTCCGCCAAT,4,10,36,1,-3.58351893845611
1704,ACCGTACTACC,CCCGCTCCGCCAAT,4,15,33,1,-3.4965075614664802
1705,ACCGTACTACC,CCCGCTCCGCCAAT,4,20,32,3,-2.367123614131617
1706,ACCGTACTACC,CCCGCTCCGCCAAT,4,30,57,9,-1.8458266904983307
1707,ACCGTACTACC,CCCGCTCCGCCAAT,4,40,52,10,-1.6486586255873816
1708,ACCGTACTACC,CCCGCTCCGCCAAT,4,50,59,17,-1.2443240998495033
1709,ACCGTACTACC,CCCGCTCCGCCAAT,4,60,43,3,-2.662587827025453
1710,ACCGTCGGGAC,GTGGTATCCCCTCC,2,0,11,5,-0.7884573603642702
1711,ACCGTCGGGAC,GTGGTATCCCCTCC,2,2,7,7,0.0
1712,ACCGTCGGGAC,GTGGTATCCCCTCC,2,5,1,4,1.3862943611198906
1713,ACCGTCGGGAC,GTGGTATCCCCTCC,2,10,1,9,2.197224577336219
1714,ACCGTCGGGAC,GTGGTATCCCCTCC,2,15,3,8,0.9808292530117262
1715,ACCGTCGGGAC,GTGGTATCCCCTCC,2,30,1,21,3.044522437723423
1716,ACCGTCGGGAC,GTGGTATCCCCTCC,2,50,3,36,2.4849066497880004
1717,ACCGTCGGGAC,GTGGTATCCCCTCC,2,60,15,21,0.33647223662121284
1718,ACCGTCGGGAC,GTGGTATCCCCTCC,3,0,8,5,-0.4700036292457356
1719,ACCGTCGGGAC,GTGGTATCCCCTCC,3,2,10,2,-1.6094379124341003
1720,ACCGTCGGGAC,GTGGTATCCCCTCC,3,10,11,15,0.3101549283038394
1721,ACCGTCGGGAC,GTGGTATCCCCTCC,3,20,22,46,0.7375989431307791
1722,ACCGTCGGGAC,GTGGTATCCCCTCC,3,50,6,25,1.4271163556401458
1723,ACCGTCGGGAC,GTGGTATCCCCTCC,3,60,2,32,2.772588722239781
1724,ACCGTCGGGAC,GTGGTATCCCCTCC,4,0,4,18,1.504077396776274
1725,ACCGTCGGGAC,GTGGTATCCCCTCC,4,2,1,9,2.197224577336219
1726,ACCGTCGGGAC,GTGGTATCCCCTCC,4,10,5,21,1.4350845252893225
1727,ACCGTCGGGAC,GTGGTATCCCCTCC,4,15,21,18,-0.15415067982725836
1728,ACCGTCGGGAC,GTGGTATCCCCTCC,4,20,7,9,0.2513144282809061
1729,ACCGTCGGGAC,GTGGTATCCCCTCC,4,30,3,26,2.159484249353372
1730,ACCGTCGGGAC,GTGGTATCCCCTCC,4,40,8,17,0.7537718023763801
1731,ACCGTCGGGAC,GTGGTATCCCCTCC,4,50,4,56,2.6390573296152584
1732,ACCGTCGGGAC,GTGGTATCCCCTCC,4,60,1,35,3.5553480614894135
1733,ACCTAAAATAT,ATGCAAATTAATGT,2,20,5,1,-1.6094379124341003
1734,ACCTAAAATAT,ATGCAAATTAATGT,2,30,4,1,-1.3862943611198906
1735,ACCTAAAATAT,ATGCAAATTAATGT,2,50,6,3,-0.6931471805599453
1736,ACCTAAAATAT,ATGCAAATTAATGT,3,10,6,2,-1.0986122886681098
1737,ACCTAAAATAT,ATGCAAATTAATGT,3,50,2,1,-0.6931471805599453
1738,ACCTAAAATAT,ATGCAAATTAATGT,4,2,2,3,0.4054651081081644
1739,ACCTAAAATAT,ATGCAAATTAATGT,4,15,1,1,0.0
1740,ACCTAAAATAT,ATGCAAATTAATGT,4,20,15,4,-1.3217558399823195
1741,ACCTTTCTCTA,AGATCCAACCTTTC,2,0,7,1,-1.9459101490553132
1742,ACCTTTCTCTA,AGATCCAACCTTTC,2,2,2,2,0.0
1743,ACCTTTCTCTA,AGATCCAACCTTTC,2,5,25,1,-3.2188758248682006
1744,ACCTTTCTCTA,AGATCCAACCTTTC,2,10,33,11,-1.0986122886681098
1745,ACCTTTCTCTA,AGATCCAACCTTTC,2,15,7,1,-1.9459101490553132
1746,ACCTTTCTCTA,AGATCCAACCTTTC,2,20,21,7,-1.0986122886681098
1747,ACCTTTCTCTA,AGATCCAACCTTTC,2,30,15,4,-1.3217558399823195
1748,ACCTTTCTCTA,AGATCCAACCTTTC,2,40,12,3,-1.3862943611198906
1749,ACCTTTCTCTA,AGATCCAACCTTTC,2,50,19,9,-0.7472144018302211
1750,ACCTTTCTCTA,AGATCCAACCTTTC,2,60,13,3,-1.466337068793427
1751,ACCTTTCTCTA,AGATCCAACCTTTC,3,0,11,1,-2.3978952727983707
1752,ACCTTTCTCTA,AGATCCAACCTTTC,3,5,12,1,-2.4849066497880004
1753,ACCTTTCTCTA,AGATCCAACCTTTC,3,10,16,5,-1.1631508098056809
1754,ACCTTTCTCTA,AGATCCAACCTTTC,3,15,28,8,-1.252762968495368
1755,ACCTTTCTCTA,AGATCCAACCTTTC,3,20,19,6,-1.1526795099383855
1756,ACCTTTCTCTA,AGATCCAACCTTTC,3,30,27,5,-1.6863989535702286
1757,ACCTTTCTCTA,AGATCCAACCTTTC,3,40,18,10,-0.587786664902119
1758,ACCTTTCTCTA,AGATCCAACCTTTC,3,50,26,15,-0.5500463369192721
1759,ACCTTTCTCTA,AGATCCAACCTTTC,3,60,32,6,-1.6739764335716716
1760,ACCTTTCTCTA,AGATCCAACCTTTC,4,0,20,4,-1.6094379124341003
1761,ACCTTTCTCTA,AGATCCAACCTTTC,4,2,21,3,-1.9459101490553132
1762,ACCTTTCTCTA,AGATCCAACCTTTC,4,10,14,3,-1.5404450409471488
1763,ACCTTTCTCTA,AGATCCAACCTTTC,4,15,19,3,-1.8458266904983307
1764,ACCTTTCTCTA,AGATCCAACCTTTC,4,20,20,4,-1.6094379124341003
1765,ACCTTTCTCTA,AGATCCAACCTTTC,4,30,20,18,-0.10536051565782628
1766,ACCTTTCTCTA,AGATCCAACCTTTC,4,40,16,6,-0.9808292530117262
1767,ACCTTTCTCTA,AGATCCAACCTTTC,4,50,15,3,-1.6094379124341003
1768,ACCTTTCTCTA,AGATCCAACCTTTC,4,60,12,5,-0.8754687373538999
1769,ACGAAGATGAA,ATGCCGATGCTGAA,2,0,115,10,-2.4423470353692043
1770,ACGAAGATGAA,ATGCCGATGCTGAA,2,2,117,16,-1.9895852125579747
1771,ACGAAGATGAA,ATGCCGATGCTGAA,2,5,91,11,-2.1129642337184795
1772,ACGAAGATGAA,ATGCCGATGCTGAA,2,10,113,31,-1.2934006142271943
1773,ACGAAGATGAA,ATGCCGATGCTGAA,2,15,138,95,-0.373376793556664
1774,ACGAAGATGAA,ATGCCGATGCTGAA,2,20,113,134,0.17045198123857086
1775,ACGAAGATGAA,ATGCCGATGCTGAA,2,30,110,214,0.6654956492294353
1776,ACGAAGATGAA,ATGCCGATGCTGAA,2,40,219,233,0.06196672374919985
1777,ACGAAGATGAA,ATGCCGATGCTGAA,2,50,161,334,0.7297366279922375
1778,ACGAAGATGAA,ATGCCGATGCTGAA,2,60,120,204,0.5306282510621704
1779,ACGAAGATGAA,ATGCCGATGCTGAA,3,0,97,12,-2.0898043287153825
1780,ACGAAGATGAA,ATGCCGATGCTGAA,3,2,104,12,-2.159484249353372
1781,ACGAAGATGAA,ATGCCGATGCTGAA,3,5,151,24,-1.8392260064669785
1782,ACGAAGATGAA,ATGCCGATGCTGAA,3,10,111,57,-0.666478933477784
1783,ACGAAGATGAA,ATGCCGATGCTGAA,3,15,142,99,-0.3607072074666709
1784,ACGAAGATGAA,ATGCCGATGCTGAA,3,20,169,116,-0.37630852381670893
1785,ACGAAGATGAA,ATGCCGATGCTGAA,3,30,116,235,0.7059953230377943
1786,ACGAAGATGAA,ATGCCGATGCTGAA,3,40,129,165,0.2461330695389085
1787,ACGAAGATGAA,ATGCCGATGCTGAA,3,50,118,212,0.5859016502063478
1788,ACGAAGATGAA,ATGCCGATGCTGAA,3,60,128,149,0.15191604202584197
1789,ACGAAGATGAA,ATGCCGATGCTGAA,4,0,106,8,-2.583997552432231
1790,ACGAAGATGAA,ATGCCGATGCTGAA,4,2,122,17,-1.9708077006770406
1791,ACGAAGATGAA,ATGCCGATGCTGAA,4,5,103,10,-2.33214389523559
1792,ACGAAGATGAA,ATGCCGATGCTGAA,4,10,122,23,-1.6685268288041069
1793,ACGAAGATGAA,ATGCCGATGCTGAA,4,15,145,115,-0.2318016140573243
1794,ACGAAGATGAA,ATGCCGATGCTGAA,4,20,59,72,0.1991286751103359
1795,ACGAAGATGAA,ATGCCGATGCTGAA,4,30,104,188,0.5920510636885765
1796,ACGAAGATGAA,ATGCCGATGCTGAA,4,40,116,247,0.7557981455216126
1797,ACGAAGATGAA,ATGCCGATGCTGAA,4,50,168,388,0.8370413602200144
1798,ACGAAGATGAA,ATGCCGATGCTGAA,4,60,81,97,0.18026182383094405
1799,ACGAAGTAAGT,TAACTGGGCATTAG,2,0,2,1,-0.6931471805599453
1800,ACGAAGTAAGT,TAACTGGGCATTAG,2,2,7,1,-1.9459101490553132
1801,ACGAAGTAAGT,TAACTGGGCATTAG,2,5,6,1,-1.791759469228055
1802,ACGAAGTAAGT,TAACTGGGCATTAG,2,15,8,2,-1.3862943611198906
1803,ACGAAGTAAGT,TAACTGGGCATTAG,2,20,27,10,-0.9932517730102834
1804,ACGAAGTAAGT,TAACTGGGCATTAG,2,30,15,6,-0.916290731874155
1805,ACGAAGTAAGT,TAACTGGGCATTAG,2,50,14,4,-1.252762968495368
1806,ACGAAGTAAGT,TAACTGGGCATTAG,2,60,14,2,-1.9459101490553132
1807,ACGAAGTAAGT,TAACTGGGCATTAG,3,2,22,4,-1.7047480922384253
1808,ACGAAGTAAGT,TAACTGGGCATTAG,3,5,12,1,-2.4849066497880004
1809,ACGAAGTAAGT,TAACTGGGCATTAG,3,10,19,2,-2.2512917986064953
1810,ACGAAGTAAGT,TAACTGGGCATTAG,3,15,5,3,-0.5108256237659907
1811,ACGAAGTAAGT,TAACTGGGCATTAG,3,30,24,2,-2.4849066497880004
1812,ACGAAGTAAGT,TAACTGGGCATTAG,3,60,6,1,-1.791759469228055
1813,ACGAAGTAAGT,TAACTGGGCATTAG,4,0,7,1,-1.9459101490553132
1814,ACGAAGTAAGT,TAACTGGGCATTAG,4,10,10,2,-1.6094379124341003
1815,ACGAAGTAAGT,TAACTGGGCATTAG,4,30,18,4,-1.5040773967762742
1816,ACGAAGTAAGT,TAACTGGGCATTAG,4,40,13,2,-1.8718021769015913
1817,ACGAAGTAAGT,TAACTGGGCATTAG,4,50,11,1,-2.3978952727983707
1818,ACGAAGTAAGT,TAACTGGGCATTAG,4,60,6,3,-0.6931471805599453
1819,ACGAATCACAA,TGTTAAGATACATT,2,0,160,22,-1.984131361875511
1820,ACGAATCACAA,TGTTAAGATACATT,2,2,174,21,-2.114532861491106
1821,ACGAATCACAA,TGTTAAGATACATT,2,5,132,14,-2.243744592971112
1822,ACGAATCACAA,TGTTAAGATACATT,2,10,212,16,-2.583997552432231
1823,ACGAATCACAA,TGTTAAGATACATT,2,15,218,25,-2.1656192379208883
1824,ACGAATCACAA,TGTTAAGATACATT,2,20,217,36,-1.7963784150843494
1825,ACGAATCACAA,TGTTAAGATACATT,2,30,173,30,-1.7520942128356236
1826,ACGAATCACAA,TGTTAAGATACATT,2,40,213,22,-2.270249712351109
1827,ACGAATCACAA,TGTTAAGATACATT,2,50,224,31,-1.9776588473698935
1828,ACGAATCACAA,TGTTAAGATACATT,2,60,126,18,-1.9459101490553132
1829,ACGAATCACAA,TGTTAAGATACATT,3,0,94,15,-1.8352445811677938
1830,ACGAATCACAA,TGTTAAGATACATT,3,2,131,15,-2.1671471220989416
1831,ACGAATCACAA,TGTTAAGATACATT,3,5,140,20,-1.9459101490553132
1832,ACGAATCACAA,TGTTAAGATACATT,3,10,214,21,-2.3214535772984286
1833,ACGAATCACAA,TGTTAAGATACATT,3,15,181,11,-2.800601758467455
1834,ACGAATCACAA,TGTTAAGATACATT,3,20,140,19,-1.9972034434428638
1835,ACGAATCACAA,TGTTAAGATACATT,3,30,137,16,-2.1473922035883435
1836,ACGAATCACAA,TGTTAAGATACATT,3,40,142,17,-2.1226137135450447
1837,ACGAATCACAA,TGTTAAGATACATT,3,50,177,21,-2.1316272948504063
1838,ACGAATCACAA,TGTTAAGATACATT,3,60,107,13,-2.1078794770003695
1839,ACGAATCACAA,TGTTAAGATACATT,4,0,142,17,-2.1226137135450447
1840,ACGAATCACAA,TGTTAAGATACATT,4,2,167,14,-2.4789364828014966
1841,ACGAATCACAA,TGTTAAGATACATT,4,5,122,13,-2.23907168727172
1842,ACGAATCACAA,TGTTAAGATACATT,4,10,148,11,-2.5993170009657445
1843,ACGAATCACAA,TGTTAAGATACATT,4,15,187,14,-2.592051287239328
1844,ACGAATCACAA,TGTTAAGATACATT,4,20,114,11,-2.338303175596125
1845,ACGAATCACAA,TGTTAAGATACATT,4,30,129,22,-1.7687699510033563
1846,ACGAATCACAA,TGTTAAGATACATT,4,40,202,30,-1.9070703157390494
1847,ACGAATCACAA,TGTTAAGATACATT,4,50,122,16,-2.031432322493475
1848,ACGAATCACAA,TGTTAAGATACATT,4,60,157,20,-2.060513531794317
1849,ACGAATGGCAG,TGTTATGTAACTGA,2,0,90,13,-1.9348603128687283
1850,ACGAATGGCAG,TGTTATGTAACTGA,2,2,109,14,-2.052290552613885
1851,ACGAATGGCAG,TGTTATGTAACTGA,2,5,98,16,-1.8123787564307907
1852,ACGAATGGCAG,TGTTATGTAACTGA,2,10,170,17,-2.3025850929940455
1853,ACGAATGGCAG,TGTTATGTAACTGA,2,15,151,23,-1.8817856208857746
1854,ACGAATGGCAG,TGTTATGTAACTGA,2,20,149,24,-1.8258924755975134
1855,ACGAATGGCAG,TGTTATGTAACTGA,2,30,137,32,-1.4542450230283983
1856,ACGAATGGCAG,TGTTATGTAACTGA,2,40,83,15,-1.7107904066943878
1857,ACGAATGGCAG,TGTTATGTAACTGA,2,50,139,33,-1.4379663716642115
1858,ACGAATGGCAG,TGTTATGTAACTGA,2,60,120,27,-1.491654876777717
1859,ACGAATGGCAG,TGTTATGTAACTGA,3,0,103,12,-2.1498223384416355
1860,ACGAATGGCAG,TGTTATGTAACTGA,3,2,65,9,-1.9771626925594177
1861,ACGAATGGCAG,TGTTATGTAACTGA,3,5,125,17,-1.995100393246085
1862,ACGAATGGCAG,TGTTATGTAACTGA,3,10,145,26,-1.7186372043990923
1863,ACGAATGGCAG,TGTTATGTAACTGA,3,15,141,24,-1.7707060600302227
1864,ACGAATGGCAG,TGTTATGTAACTGA,3,20,142,17,-2.1226137135450447
1865,ACGAATGGCAG,TGTTATGTAACTGA,3,30,126,21,-1.791759469228055
1866,ACGAATGGCAG,TGTTATGTAACTGA,3,40,72,24,-1.0986122886681098
1867,ACGAATGGCAG,TGTTATGTAACTGA,3,50,96,21,-1.519825753744413
1868,ACGAATGGCAG,TGTTATGTAACTGA,3,60,104,32,-1.178654996341646
1869,ACGAATGGCAG,TGTTATGTAACTGA,4,0,113,12,-2.24248116892434
1870,ACGAATGGCAG,TGTTATGTAACTGA,4,2,105,8,-2.5745188084776873
1871,ACGAATGGCAG,TGTTATGTAACTGA,4,5,86,14,-1.815289966638249
1872,ACGAATGGCAG,TGTTATGTAACTGA,4,10,122,26,-1.5459245067117746
1873,ACGAATGGCAG,TGTTATGTAACTGA,4,15,93,11,-2.134704220354885
1874,ACGAATGGCAG,TGTTATGTAACTGA,4,20,94,17,-1.7100814382137877
1875,ACGAATGGCAG,TGTTATGTAACTGA,4,30,129,18,-1.9694406464655074
1876,ACGAATGGCAG,TGTTATGTAACTGA,4,40,124,27,-1.5244446996007077
1877,ACGAATGGCAG,TGTTATGTAACTGA,4,50,162,47,-1.2374487335223254
1878,ACGAATGGCAG,TGTTATGTAACTGA,4,60,97,21,-1.5301885407799598
1879,ACGACAATTGT,ATACTTCAAGTCGC,2,0,23,3,-2.03688192726104
1880,ACGACAATTGT,ATACTTCAAGTCGC,2,2,19,2,-2.2512917986064953
1881,ACGACAATTGT,ATACTTCAAGTCGC,2,20,21,1,-3.044522437723423
1882,ACGACAATTGT,ATACTTCAAGTCGC,2,40,27,4,-1.9095425048844383
1883,ACGACAATTGT,ATACTTCAAGTCGC,2,60,13,4,-1.178654996341646
1884,ACGACAATTGT,ATACTTCAAGTCGC,3,2,15,2,-2.0149030205422647
1885,ACGACAATTGT,ATACTTCAAGTCGC,3,5,20,1,-2.995732273553991
1886,ACGACAATTGT,ATACTTCAAGTCGC,3,10,18,3,-1.791759469228055
1887,ACGACAATTGT,ATACTTCAAGTCGC,3,15,22,2,-2.3978952727983707
1888,ACGACAATTGT,ATACTTCAAGTCGC,3,20,39,6,-1.8718021769015913
1889,ACGACAATTGT,ATACTTCAAGTCGC,3,30,16,2,-2.0794415416798357
1890,ACGACAATTGT,ATACTTCAAGTCGC,3,40,26,1,-3.2580965380214817
1891,ACGACAATTGT,ATACTTCAAGTCGC,3,50,14,4,-1.252762968495368
1892,ACGACAATTGT,ATACTTCAAGTCGC,3,60,20,2,-2.3025850929940455
1893,ACGACAATTGT,ATACTTCAAGTCGC,4,0,7,1,-1.9459101490553132
1894,ACGACAATTGT,ATACTTCAAGTCGC,4,2,34,3,-2.4277482359480516
1895,ACGACAATTGT,ATACTTCAAGTCGC,4,10,24,2,-2.4849066497880004
1896,ACGACAATTGT,ATACTTCAAGTCGC,4,20,19,1,-2.9444389791664403
1897,ACGACAATTGT,ATACTTCAAGTCGC,4,30,13,4,-1.178654996341646
1898,ACGACAATTGT,ATACTTCAAGTCGC,4,40,25,3,-2.120263536200091
1899,ACGACAATTGT,ATACTTCAAGTCGC,4,50,23,2,-2.4423470353692043
1900,ACGACAATTGT,ATACTTCAAGTCGC,4,60,43,3,-2.662587827025453
1901,ACGACCTGGTA,TGCGCCTTTCTAAG,2,0,20,8,-0.916290731874155
1902,ACGACCTGGTA,TGCGCCTTTCTAAG,2,2,14,3,-1.5404450409471488
1903,ACGACCTGGTA,TGCGCCTTTCTAAG,2,5,31,3,-2.3353749158170363
1904,ACGACCTGGTA,TGCGCCTTTCTAAG,2,10,44,9,-1.5869650565820417
1905,ACGACCTGGTA,TGCGCCTTTCTAAG,2,15,23,12,-0.6505875661411494
1906,ACGACCTGGTA,TGCGCCTTTCTAAG,2,20,44,15,-1.0761394328160512
1907,ACGACCTGGTA,TGCGCCTTTCTAAG,2,30,30,8,-1.3217558399823195
1908,ACGACCTGGTA,TGCGCCTTTCTAAG,2,40,12,19,0.4595323293784401
1909,ACGACCTGGTA,TGCGCCTTTCTAAG,2,50,29,15,-0.6592456288842639
1910,ACGACCTGGTA,TGCGCCTTTCTAAG,2,60,23,26,0.12260232209233228
1911,ACGACCTGGTA,TGCGCCTTTCTAAG,3,0,12,2,-1.791759469228055
1912,ACGACCTGGTA,TGCGCCTTTCTAAG,3,2,32,2,-2.772588722239781
1913,ACGACCTGGTA,TGCGCCTTTCTAAG,3,5,46,1,-3.828641396489095
1914,ACGACCTGGTA,TGCGCCTTTCTAAG,3,10,24,8,-1.0986122886681098
1915,ACGACCTGGTA,TGCGCCTTTCTAAG,3,15,37,15,-0.9028677115420143
1916,ACGACCTGGTA,TGCGCCTTTCTAAG,3,20,26,7,-1.3121863889661687
1917,ACGACCTGGTA,TGCGCCTTTCTAAG,3,30,28,7,-1.3862943611198906
1918,ACGACCTGGTA,TGCGCCTTTCTAAG,3,40,48,24,-0.6931471805599453
1919,ACGACCTGGTA,TGCGCCTTTCTAAG,3,50,29,14,-0.7282385003712153
1920,ACGACCTGGTA,TGCGCCTTTCTAAG,3,60,25,15,-0.5108256237659907
1921,ACGACCTGGTA,TGCGCCTTTCTAAG,4,0,12,3,-1.3862943611198906
1922,ACGACCTGGTA,TGCGCCTTTCTAAG,4,2,24,3,-2.0794415416798357
1923,ACGACCTGGTA,TGCGCCTTTCTAAG,4,5,25,4,-1.83258146374831
1924,ACGACCTGGTA,TGCGCCTTTCTAAG,4,10,33,9,-1.2992829841302609
1925,ACGACCTGGTA,TGCGCCTTTCTAAG,4,15,31,4,-2.0476928433652555
1926,ACGACCTGGTA,TGCGCCTTTCTAAG,4,20,15,8,-0.6286086594223741
1927,ACGACCTGGTA,TGCGCCTTTCTAAG,4,30,21,8,-0.965080896043587
1928,ACGACCTGGTA,TGCGCCTTTCTAAG,4,40,40,17,-0.8556661100577202
1929,ACGACCTGGTA,TGCGCCTTTCTAAG,4,50,18,11,-0.49247648509779407
1930,ACGACCTGGTA,TGCGCCTTTCTAAG,4,60,31,7,-1.4880770554298328
1931,ACGACTCACCC,TAGCCAGTTGCTGC,2,0,1,3,1.0986122886681096
1932,ACGACTCACCC,TAGCCAGTTGCTGC,2,2,1,9,2.197224577336219
1933,ACGACTCACCC,TAGCCAGTTGCTGC,2,10,1,10,2.3025850929940455
1934,ACGACTCACCC,TAGCCAGTTGCTGC,2,15,1,19,2.9444389791664403
1935,ACGACTCACCC,TAGCCAGTTGCTGC,2,30,1,15,2.70805020110221
1936,ACGACTCACCC,TAGCCAGTTGCTGC,3,2,2,4,0.6931471805599453
1937,ACGACTCACCC,TAGCCAGTTGCTGC,3,30,1,11,2.3978952727983707
1938,ACGACTCACCC,TAGCCAGTTGCTGC,3,60,1,9,2.197224577336219
1939,ACGACTCACCC,TAGCCAGTTGCTGC,4,0,1,6,1.791759469228055
1940,ACGATGTAGGT,ACTTCGATTCCCAA,2,0,3,1,-1.0986122886681098
1941,ACGATGTAGGT,ACTTCGATTCCCAA,2,2,6,3,-0.6931471805599453
1942,ACGATGTAGGT,ACTTCGATTCCCAA,2,5,8,1,-2.0794415416798357
1943,ACGATGTAGGT,ACTTCGATTCCCAA,2,10,15,2,-2.0149030205422647
1944,ACGATGTAGGT,ACTTCGATTCCCAA,2,15,22,4,-1.7047480922384253
1945,ACGATGTAGGT,ACTTCGATTCCCAA,2,40,21,2,-2.3513752571634776
1946,ACGATGTAGGT,ACTTCGATTCCCAA,3,0,6,2,-1.0986122886681098
1947,ACGATGTAGGT,ACTTCGATTCCCAA,3,5,14,3,-1.5404450409471488
1948,ACGATGTAGGT,ACTTCGATTCCCAA,3,15,15,3,-1.6094379124341003
1949,ACGATGTAGGT,ACTTCGATTCCCAA,3,20,2,1,-0.6931471805599453
1950,ACGATGTAGGT,ACTTCGATTCCCAA,3,30,11,1,-2.3978952727983707
1951,ACGATGTAGGT,ACTTCGATTCCCAA,4,0,8,2,-1.3862943611198906
1952,ACGATGTAGGT,ACTTCGATTCCCAA,4,2,6,1,-1.791759469228055
1953,ACGATGTAGGT,ACTTCGATTCCCAA,4,5,6,1,-1.791759469228055
1954,ACGATGTAGGT,ACTTCGATTCCCAA,4,10,22,2,-2.3978952727983707
1955,ACGATGTAGGT,ACTTCGATTCCCAA,4,30,21,2,-2.3513752571634776
1956,ACGATGTAGGT,ACTTCGATTCCCAA,4,50,5,1,-1.6094379124341003
1957,ACGCCCCTTCC,CGCGCGCCTTGTAG,2,30,1,26,3.2580965380214817
1958,ACGCCCCTTCC,CGCGCGCCTTGTAG,3,20,1,28,3.332204510175204
1959,ACGCCCCTTCC,CGCGCGCCTTGTAG,3,60,1,45,3.8066624897703196
1960,ACGCCCCTTCC,CGCGCGCCTTGTAG,4,0,1,6,1.791759469228055
1961,ACGCCCCTTCC,CGCGCGCCTTGTAG,4,15,2,18,2.197224577336219
1962,ACGCCTTCATT,ATACTCTGGTGATA,2,0,11,2,-1.7047480922384253
1963,ACGCCTTCATT,ATACTCTGGTGATA,2,10,29,4,-1.9810014688665833
1964,ACGCCTTCATT,ATACTCTGGTGATA,2,15,30,5,-1.791759469228055
1965,ACGCCTTCATT,ATACTCTGGTGATA,2,40,30,13,-0.8362480242006186
1966,ACGCCTTCATT,ATACTCTGGTGATA,2,50,58,23,-0.9249487946172696
1967,ACGCCTTCATT,ATACTCTGGTGATA,2,60,19,3,-1.8458266904983307
1968,ACGCCTTCATT,ATACTCTGGTGATA,3,2,15,2,-2.0149030205422647
1969,ACGCCTTCATT,ATACTCTGGTGATA,3,5,21,2,-2.3513752571634776
1970,ACGCCTTCATT,ATACTCTGGTGATA,3,10,26,3,-2.159484249353372
1971,ACGCCTTCATT,ATACTCTGGTGATA,3,15,21,10,-0.7419373447293773
1972,ACGCCTTCATT,ATACTCTGGTGATA,3,20,55,3,-2.908720896564361
1973,ACGCCTTCATT,ATACTCTGGTGATA,3,30,17,2,-2.1400661634962708
1974,ACGCCTTCATT,ATACTCTGGTGATA,3,40,21,8,-0.965080896043587
1975,ACGCCTTCATT,ATACTCTGGTGATA,3,50,31,8,-1.3545456628053103
1976,ACGCCTTCATT,ATACTCTGGTGATA,3,60,17,6,-1.041453874828161
1977,ACGCCTTCATT,ATACTCTGGTGATA,4,0,13,2,-1.8718021769015913
1978,ACGCCTTCATT,ATACTCTGGTGATA,4,2,11,2,-1.7047480922384253
1979,ACGCCTTCATT,ATACTCTGGTGATA,4,5,22,1,-3.0910424533583156
1980,ACGCCTTCATT,ATACTCTGGTGATA,4,10,27,4,-1.9095425048844383
1981,ACGCCTTCATT,ATACTCTGGTGATA,4,15,26,3,-2.159484249353372
1982,ACGCCTTCATT,ATACTCTGGTGATA,4,20,29,2,-2.6741486494265287
1983,ACGCCTTCATT,ATACTCTGGTGATA,4,30,18,6,-1.0986122886681098
1984,ACGCCTTCATT,ATACTCTGGTGATA,4,40,48,7,-1.9252908618525775
1985,ACGCCTTCATT,ATACTCTGGTGATA,4,50,22,2,-2.3978952727983707
1986,ACGCCTTCATT,ATACTCTGGTGATA,4,60,15,3,-1.6094379124341003
1987,ACGCGCCAAAA,ATAGACCAATAGCC,2,0,19,2,-2.2512917986064953
1988,ACGCGCCAAAA,ATAGACCAATAGCC,2,2,24,1,-3.1780538303479458
1989,ACGCGCCAAAA,ATAGACCAATAGCC,2,5,33,4,-2.1102132003465894
1990,ACGCGCCAAAA,ATAGACCAATAGCC,2,10,23,4,-1.749199854809259
1991,ACGCGCCAAAA,ATAGACCAATAGCC,2,15,28,5,-1.7227665977411035
1992,ACGCGCCAAAA,ATAGACCAATAGCC,2,30,28,4,-1.9459101490553132
1993,ACGCGCCAAAA,ATAGACCAATAGCC,2,40,22,4,-1.7047480922384253
1994,ACGCGCCAAAA,ATAGACCAATAGCC,2,50,18,6,-1.0986122886681098
1995,ACGCGCCAAAA,ATAGACCAATAGCC,3,0,27,6,-1.5040773967762742
1996,ACGCGCCAAAA,ATAGACCAATAGCC,3,2,36,2,-2.8903717578961645
1997,ACGCGCCAAAA,ATAGACCAATAGCC,3,5,23,4,-1.749199854809259
1998,ACGCGCCAAAA,ATAGACCAATAGCC,3,10,22,1,-3.0910424533583156
1999,ACGCGCCAAAA,ATAGACCAATAGCC,3,15,19,1,-2.9444389791664403
2000,ACGCGCCAAAA,ATAGACCAATAGCC,3,20,17,1,-2.833213344056216
2001,ACGCGCCAAAA,ATAGACCAATAGCC,3,30,7,2,-1.252762968495368
2002,ACGCGCCAAAA,ATAGACCAATAGCC,3,40,14,5,-1.0296194171811581
2003,ACGCGCCAAAA,ATAGACCAATAGCC,3,50,12,1,-2.4849066497880004
2004,ACGCGCCAAAA,ATAGACCAATAGCC,4,15,9,1,-2.1972245773362196
2005,ACGCGCCAAAA,ATAGACCAATAGCC,4,20,17,1,-2.833213344056216
2006,ACGCGCCAAAA,ATAGACCAATAGCC,4,30,17,2,-2.1400661634962708
2007,ACGCGCCAAAA,ATAGACCAATAGCC,4,40,20,5,-1.3862943611198906
2008,ACGCGCCAAAA,ATAGACCAATAGCC,4,50,9,3,-1.0986122886681098
2009,ACGCTCCGCCG,ACCCCGCCGGCTGG,2,0,48,1,-3.8712010109078907
2010,ACGCTCCGCCG,ACCCCGCCGGCTGG,2,2,34,1,-3.526360524616161
2011,ACGCTCCGCCG,ACCCCGCCGGCTGG,2,5,36,2,-2.8903717578961645
2012,ACGCTCCGCCG,ACCCCGCCGGCTGG,2,10,43,3,-2.662587827025453
2013,ACGCTCCGCCG,ACCCCGCCGGCTGG,2,15,33,6,-1.7047480922384253
2014,ACGCTCCGCCG,ACCCCGCCGGCTGG,2,20,37,2,-2.917770732084279
2015,ACGCTCCGCCG,ACCCCGCCGGCTGG,2,30,47,1,-3.8501476017100584
2016,ACGCTCCGCCG,ACCCCGCCGGCTGG,2,40,39,6,-1.8718021769015913
2017,ACGCTCCGCCG,ACCCCGCCGGCTGG,2,50,25,3,-2.120263536200091
2018,ACGCTCCGCCG,ACCCCGCCGGCTGG,2,60,58,5,-2.451005098112319
2019,ACGCTCCGCCG,ACCCCGCCGGCTGG,3,2,17,1,-2.833213344056216
2020,ACGCTCCGCCG,ACCCCGCCGGCTGG,3,5,38,2,-2.9444389791664403
2021,ACGCTCCGCCG,ACCCCGCCGGCTGG,3,10,44,4,-2.3978952727983707
2022,ACGCTCCGCCG,ACCCCGCCGGCTGG,3,20,41,8,-1.6341305250244718
2023,ACGCTCCGCCG,ACCCCGCCGGCTGG,3,30,42,3,-2.6390573296152584
2024,ACGCTCCGCCG,ACCCCGCCGGCTGG,3,40,23,3,-2.03688192726104
2025,ACGCTCCGCCG,ACCCCGCCGGCTGG,3,60,38,1,-3.6375861597263857
2026,ACGCTCCGCCG,ACCCCGCCGGCTGG,4,0,40,1,-3.6888794541139363
2027,ACGCTCCGCCG,ACCCCGCCGGCTGG,4,2,32,1,-3.4657359027997265
2028,ACGCTCCGCCG,ACCCCGCCGGCTGG,4,5,25,1,-3.2188758248682006
2029,ACGCTCCGCCG,ACCCCGCCGGCTGG,4,10,39,4,-2.277267285009756
2030,ACGCTCCGCCG,ACCCCGCCGGCTGG,4,15,42,2,-3.044522437723423
2031,ACGCTCCGCCG,ACCCCGCCGGCTGG,4,20,32,4,-2.0794415416798357
2032,ACGCTCCGCCG,ACCCCGCCGGCTGG,4,30,34,3,-2.4277482359480516
2033,ACGCTCCGCCG,ACCCCGCCGGCTGG,4,50,49,3,-2.793208009442517
2034,ACGCTCCGCCG,ACCCCGCCGGCTGG,4,60,31,7,-1.4880770554298328
2035,ACGGAAATTGT,AAGATGACGAGGTG,2,0,76,2,-3.6375861597263857
2036,ACGGAAATTGT,AAGATGACGAGGTG,2,2,72,8,-2.1972245773362196
2037,ACGGAAATTGT,AAGATGACGAGGTG,2,5,46,2,-3.1354942159291497
2038,ACGGAAATTGT,AAGATGACGAGGTG,2,10,61,14,-1.4718165345580525
2039,ACGGAAATTGT,AAGATGACGAGGTG,2,15,86,14,-1.815289966638249
2040,ACGGAAATTGT,AAGATGACGAGGTG,2,20,122,29,-1.4367252147467826
2041,ACGGAAATTGT,AAGATGACGAGGTG,2,30,86,42,-0.7166776779701395
2042,ACGGAAATTGT,AAGATGACGAGGTG,2,40,120,37,-1.1765738301378215
2043,ACGGAAATTGT,AAGATGACGAGGTG,2,50,109,36,-1.1078289437730335
2044,ACGGAAATTGT,AAGATGACGAGGTG,2,60,71,15,-1.5546296759391054
2045,ACGGAAATTGT,AAGATGACGAGGTG,3,0,79,8,-2.2900063107871853
2046,ACGGAAATTGT,AAGATGACGAGGTG,3,2,72,4,-2.8903717578961645
2047,ACGGAAATTGT,AAGATGACGAGGTG,3,5,115,7,-2.7990219793079367
2048,ACGGAAATTGT,AAGATGACGAGGTG,3,10,107,11,-2.2749335616635356
2049,ACGGAAATTGT,AAGATGACGAGGTG,3,15,57,6,-2.2512917986064953
2050,ACGGAAATTGT,AAGATGACGAGGTG,3,20,108,14,-2.043073897508961
2051,ACGGAAATTGT,AAGATGACGAGGTG,3,30,60,12,-1.6094379124341003
2052,ACGGAAATTGT,AAGATGACGAGGTG,3,40,85,20,-1.4469189829363254
2053,ACGGAAATTGT,AAGATGACGAGGTG,3,50,125,43,-1.0671136216087387
2054,ACGGAAATTGT,AAGATGACGAGGTG,3,60,56,18,-1.1349799328389845
2055,ACGGAAATTGT,AAGATGACGAGGTG,4,0,77,9,-2.1465808445174646
2056,ACGGAAATTGT,AAGATGACGAGGTG,4,2,78,4,-2.970414465569701
2057,ACGGAAATTGT,AAGATGACGAGGTG,4,5,48,4,-2.4849066497880004
2058,ACGGAAATTGT,AAGATGACGAGGTG,4,10,82,11,-2.0088239744658822
2059,ACGGAAATTGT,AAGATGACGAGGTG,4,15,67,6,-2.412933150162911
2060,ACGGAAATTGT,AAGATGACGAGGTG,4,20,59,10,-1.7749523509116738
2061,ACGGAAATTGT,AAGATGACGAGGTG,4,30,59,23,-0.9420432279765697
2062,ACGGAAATTGT,AAGATGACGAGGTG,4,40,63,33,-0.6466271649250523
2063,ACGGAAATTGT,AAGATGACGAGGTG,4,50,81,36,-0.8109302162163288
2064,ACGGAAATTGT,AAGATGACGAGGTG,4,60,129,32,-1.3940765015619456
2065,ACGGAGGGGAA,ATAGGAATAACATG,2,0,97,11,-2.176815705705012
2066,ACGGAGGGGAA,ATAGGAATAACATG,2,2,83,15,-1.7107904066943878
2067,ACGGAGGGGAA,ATAGGAATAACATG,2,5,75,12,-1.83258146374831
2068,ACGGAGGGGAA,ATAGGAATAACATG,2,10,68,31,-0.7855205006909605
2069,ACGGAGGGGAA,ATAGGAATAACATG,2,15,89,34,-0.9622758451159785
2070,ACGGAGGGGAA,ATAGGAATAACATG,2,20,107,99,-0.07770898432731625
2071,ACGGAGGGGAA,ATAGGAATAACATG,2,30,105,134,0.2438794497933879
2072,ACGGAGGGGAA,ATAGGAATAACATG,2,40,129,117,-0.09763846956391606
2073,ACGGAGGGGAA,ATAGGAATAACATG,2,50,62,164,0.9727320427791067
2074,ACGGAGGGGAA,ATAGGAATAACATG,2,60,89,225,0.9274640324722803
2075,ACGGAGGGGAA,ATAGGAATAACATG,3,0,93,12,-2.0476928433652555
2076,ACGGAGGGGAA,ATAGGAATAACATG,3,2,65,6,-2.382627800667582
2077,ACGGAGGGGAA,ATAGGAATAACATG,3,5,83,13,-1.853891250335061
2078,ACGGAGGGGAA,ATAGGAATAACATG,3,10,79,32,-0.903711949667295
2079,ACGGAGGGGAA,ATAGGAATAACATG,3,15,74,36,-0.7205461547480597
2080,ACGGAGGGGAA,ATAGGAATAACATG,3,20,82,70,-0.15822400521489416
2081,ACGGAGGGGAA,ATAGGAATAACATG,3,30,62,45,-0.32047189527477177
2082,ACGGAGGGGAA,ATAGGAATAACATG,3,40,94,98,0.04167269640056808
2083,ACGGAGGGGAA,ATAGGAATAACATG,3,50,54,95,0.5648928450362665
2084,ACGGAGGGGAA,ATAGGAATAACATG,3,60,76,110,0.3697470255060852
2085,ACGGAGGGGAA,ATAGGAATAACATG,4,0,69,12,-1.749199854809259
2086,ACGGAGGGGAA,ATAGGAATAACATG,4,2,70,8,-2.169053700369523
2087,ACGGAGGGGAA,ATAGGAATAACATG,4,5,48,8,-1.791759469228055
2088,ACGGAGGGGAA,ATAGGAATAACATG,4,10,53,23,-0.8347976976229721
2089,ACGGAGGGGAA,ATAGGAATAACATG,4,15,103,39,-0.9711673420999893
2090,ACGGAGGGGAA,ATAGGAATAACATG,4,20,38,44,0.14660347419187544
2091,ACGGAGGGGAA,ATAGGAATAACATG,4,30,70,91,0.26236426446749106
2092,ACGGAGGGGAA,ATAGGAATAACATG,4,40,71,150,0.7479554170549403
2093,ACGGAGGGGAA,ATAGGAATAACATG,4,50,69,103,0.40062248363237635
2094,ACGGAGGGGAA,ATAGGAATAACATG,4,60,58,73,0.23001643060197174
2095,ACGGGCAGGAT,GAAGGCGAGATGTC,2,0,40,1,-3.6888794541139363
2096,ACGGGCAGGAT,GAAGGCGAGATGTC,2,2,35,4,-2.169053700369523
2097,ACGGGCAGGAT,GAAGGCGAGATGTC,2,5,50,7,-1.9661128563728325
2098,ACGGGCAGGAT,GAAGGCGAGATGTC,2,10,45,4,-2.420368128650429
2099,ACGGGCAGGAT,GAAGGCGAGATGTC,2,15,43,5,-2.151762203259462
2100,ACGGGCAGGAT,GAAGGCGAGATGTC,2,20,36,7,-1.6376087894007967
2101,ACGGGCAGGAT,GAAGGCGAGATGTC,2,30,84,9,-2.2335922215070942
2102,ACGGGCAGGAT,GAAGGCGAGATGTC,2,40,54,10,-1.6863989535702286
2103,ACGGGCAGGAT,GAAGGCGAGATGTC,2,50,48,3,-2.772588722239781
2104,ACGGGCAGGAT,GAAGGCGAGATGTC,2,60,26,7,-1.3121863889661687
2105,ACGGGCAGGAT,GAAGGCGAGATGTC,3,0,24,4,-1.791759469228055
2106,ACGGGCAGGAT,GAAGGCGAGATGTC,3,2,20,4,-1.6094379124341003
2107,ACGGGCAGGAT,GAAGGCGAGATGTC,3,10,61,10,-1.8082887711792657
2108,ACGGGCAGGAT,GAAGGCGAGATGTC,3,15,54,11,-1.5910887737659039
2109,ACGGGCAGGAT,GAAGGCGAGATGTC,3,20,59,4,-2.691243082785829
2110,ACGGGCAGGAT,GAAGGCGAGATGTC,3,30,31,9,-1.2367626271489267
2111,ACGGGCAGGAT,GAAGGCGAGATGTC,3,40,43,8,-1.6817585740137264
2112,ACGGGCAGGAT,GAAGGCGAGATGTC,3,50,48,10,-1.5686159179138452
2113,ACGGGCAGGAT,GAAGGCGAGATGTC,3,60,24,7,-1.2321436812926323
2114,ACGGGCAGGAT,GAAGGCGAGATGTC,4,0,28,3,-2.2335922215070942
2115,ACGGGCAGGAT,GAAGGCGAGATGTC,4,2,27,7,-1.3499267169490157
2116,ACGGGCAGGAT,GAAGGCGAGATGTC,4,5,21,5,-1.4350845252893227
2117,ACGGGCAGGAT,GAAGGCGAGATGTC,4,10,40,12,-1.203972804325936
2118,ACGGGCAGGAT,GAAGGCGAGATGTC,4,15,33,4,-2.1102132003465894
2119,ACGGGCAGGAT,GAAGGCGAGATGTC,4,20,26,4,-1.8718021769015913
2120,ACGGGCAGGAT,GAAGGCGAGATGTC,4,30,38,4,-2.2512917986064953
2121,ACGGGCAGGAT,GAAGGCGAGATGTC,4,40,37,5,-2.001480000210124
2122,ACGGGCAGGAT,GAAGGCGAGATGTC,4,50,83,9,-2.2216160304603783
2123,ACGGGCAGGAT,GAAGGCGAGATGTC,4,60,42,9,-1.5404450409471488
2124,ACGGGCAGGGC,ACAATCGGCGGCAT,2,60,1,14,2.6390573296152584
2125,ACGGGCAGGGC,ACAATCGGCGGCAT,3,30,1,6,1.791759469228055
2126,ACGGGCAGGGC,ACAATCGGCGGCAT,4,2,1,13,2.5649493574615367
2127,ACGGGCAGGGC,ACAATCGGCGGCAT,4,50,1,9,2.197224577336219
2128,ACGGGCAGGGC,ACAATCGGCGGCAT,4,60,1,1,0.0
2129,ACGGGTCAATC,TTCCAATAATATAG,2,0,8,1,-2.0794415416798357
2130,ACGGGTCAATC,TTCCAATAATATAG,2,15,23,10,-0.832909122935104
2131,ACGGGTCAATC,TTCCAATAATATAG,2,20,25,1,-3.2188758248682006
2132,ACGGGTCAATC,TTCCAATAATATAG,2,40,19,3,-1.8458266904983307
2133,ACGGGTCAATC,TTCCAATAATATAG,2,50,26,12,-0.7731898882334817
2134,ACGGGTCAATC,TTCCAATAATATAG,3,0,6,2,-1.0986122886681098
2135,ACGGGTCAATC,TTCCAATAATATAG,3,5,6,1,-1.791759469228055
2136,ACGGGTCAATC,TTCCAATAATATAG,3,15,19,2,-2.2512917986064953
2137,ACGGGTCAATC,TTCCAATAATATAG,3,20,10,3,-1.203972804325936
2138,ACGGGTCAATC,TTCCAATAATATAG,3,30,14,1,-2.6390573296152584
2139,ACGGGTCAATC,TTCCAATAATATAG,3,40,16,2,-2.0794415416798357
2140,ACGGGTCAATC,TTCCAATAATATAG,3,50,16,9,-0.5753641449035618
2141,ACGGGTCAATC,TTCCAATAATATAG,3,60,7,3,-0.8472978603872037
2142,ACGGGTCAATC,TTCCAATAATATAG,4,2,16,2,-2.0794415416798357
2143,ACGGGTCAATC,TTCCAATAATATAG,4,10,21,1,-3.044522437723423
2144,ACGGGTCAATC,TTCCAATAATATAG,4,20,34,2,-2.833213344056216
2145,ACGGGTCAATC,TTCCAATAATATAG,4,30,19,3,-1.8458266904983307
2146,ACGGGTCAATC,TTCCAATAATATAG,4,50,22,1,-3.0910424533583156
2147,ACGGGTCAATC,TTCCAATAATATAG,4,60,14,5,-1.0296194171811581
2148,ACGGTACGTGA,CACATGCCACTTGG,2,2,5,1,-1.6094379124341003
2149,ACGGTACGTGA,CACATGCCACTTGG,2,10,16,2,-2.0794415416798357
2150,ACGGTACGTGA,CACATGCCACTTGG,2,30,15,1,-2.70805020110221
2151,ACGGTACGTGA,CACATGCCACTTGG,2,60,1,5,1.6094379124341003
2152,ACGGTACGTGA,CACATGCCACTTGG,3,5,5,3,-0.5108256237659907
2153,ACGGTACGTGA,CACATGCCACTTGG,3,15,17,10,-0.5306282510621704
2154,ACGGTACGTGA,CACATGCCACTTGG,3,20,21,1,-3.044522437723423
2155,ACGGTACGTGA,CACATGCCACTTGG,3,40,7,1,-1.9459101490553132
2156,ACGGTACGTGA,CACATGCCACTTGG,3,60,6,2,-1.0986122886681098
2157,ACGGTACGTGA,CACATGCCACTTGG,4,0,14,1,-2.6390573296152584
2158,ACGGTACGTGA,CACATGCCACTTGG,4,15,2,1,-0.6931471805599453
2159,ACGGTACGTGA,CACATGCCACTTGG,4,30,14,1,-2.6390573296152584
2160,ACGGTACGTGA,CACATGCCACTTGG,4,40,5,2,-0.916290731874155
2161,ACGGTACGTGA,CACATGCCACTTGG,4,50,1,2,0.6931471805599453
2162,ACGGTACGTGA,CACATGCCACTTGG,4,60,5,1,-1.6094379124341003
2163,ACGTAAAGTGA,GTGATCCTTTAGAA,2,0,9,1,-2.1972245773362196
2164,ACGTAAAGTGA,GTGATCCTTTAGAA,2,5,15,8,-0.6286086594223741
2165,ACGTAAAGTGA,GTGATCCTTTAGAA,2,10,32,125,1.3625778345025745
2166,ACGTAAAGTGA,GTGATCCTTTAGAA,2,15,12,50,1.4271163556401458
2167,ACGTAAAGTGA,GTGATCCTTTAGAA,2,20,30,197,1.882006347075833
2168,ACGTAAAGTGA,GTGATCCTTTAGAA,2,30,17,220,2.5604142022961454
2169,ACGTAAAGTGA,GTGATCCTTTAGAA,2,40,16,256,2.772588722239781
2170,ACGTAAAGTGA,GTGATCCTTTAGAA,2,50,13,217,2.814947996078923
2171,ACGTAAAGTGA,GTGATCCTTTAGAA,2,60,35,395,2.423537703411708
2172,ACGTAAAGTGA,GTGATCCTTTAGAA,3,0,23,2,-2.4423470353692043
2173,ACGTAAAGTGA,GTGATCCTTTAGAA,3,2,14,1,-2.6390573296152584
2174,ACGTAAAGTGA,GTGATCCTTTAGAA,3,5,16,18,0.11778303565638346
2175,ACGTAAAGTGA,GTGATCCTTTAGAA,3,10,18,73,1.4000876832522264
2176,ACGTAAAGTGA,GTGATCCTTTAGAA,3,15,27,268,2.2951501145065274
2177,ACGTAAAGTGA,GTGATCCTTTAGAA,3,20,22,203,2.2221635256834715
2178,ACGTAAAGTGA,GTGATCCTTTAGAA,3,30,14,169,2.4908413853078146
2179,ACGTAAAGTGA,GTGATCCTTTAGAA,3,40,23,537,3.150503878579715
2180,ACGTAAAGTGA,GTGATCCTTTAGAA,3,50,37,422,2.4340874013917873
2181,ACGTAAAGTGA,GTGATCCTTTAGAA,3,60,13,244,2.932218867831665
2182,ACGTAAAGTGA,GTGATCCTTTAGAA,4,0,19,2,-2.2512917986064953
2183,ACGTAAAGTGA,GTGATCCTTTAGAA,4,2,23,1,-3.1354942159291497
2184,ACGTAAAGTGA,GTGATCCTTTAGAA,4,5,7,7,0.0
2185,ACGTAAAGTGA,GTGATCCTTTAGAA,4,10,36,199,1.7097858862683823
2186,ACGTAAAGTGA,GTGATCCTTTAGAA,4,15,9,54,1.791759469228055
2187,ACGTAAAGTGA,GTGATCCTTTAGAA,4,20,8,99,2.515678308454754
2188,ACGTAAAGTGA,GTGATCCTTTAGAA,4,30,20,299,2.704711299836695
2189,ACGTAAAGTGA,GTGATCCTTTAGAA,4,40,17,220,2.5604142022961454
2190,ACGTAAAGTGA,GTGATCCTTTAGAA,4,50,34,397,2.4575757560710287
2191,ACGTAAAGTGA,GTGATCCTTTAGAA,4,60,27,257,2.2532392188908905
2192,ACGTATACTGC,TTGGAGACTTGTAC,2,0,18,3,-1.791759469228055
2193,ACGTATACTGC,TTGGAGACTTGTAC,2,2,36,2,-2.8903717578961645
2194,ACGTATACTGC,TTGGAGACTTGTAC,2,10,50,7,-1.9661128563728325
2195,ACGTATACTGC,TTGGAGACTTGTAC,2,15,74,8,-2.2246235515243336
2196,ACGTATACTGC,TTGGAGACTTGTAC,2,20,51,12,-1.4469189829363254
2197,ACGTATACTGC,TTGGAGACTTGTAC,2,30,37,12,-1.126011262856224
2198,ACGTATACTGC,TTGGAGACTTGTAC,2,40,53,14,-1.3312345839368631
2199,ACGTATACTGC,TTGGAGACTTGTAC,2,50,21,7,-1.0986122886681098
2200,ACGTATACTGC,TTGGAGACTTGTAC,2,60,39,13,-1.0986122886681098
2201,ACGTATACTGC,TTGGAGACTTGTAC,3,2,44,4,-2.3978952727983707
2202,ACGTATACTGC,TTGGAGACTTGTAC,3,5,26,4,-1.8718021769015913
2203,ACGTATACTGC,TTGGAGACTTGTAC,3,10,52,4,-2.5649493574615367
2204,ACGTATACTGC,TTGGAGACTTGTAC,3,15,55,8,-1.927891643552635
2205,ACGTATACTGC,TTGGAGACTTGTAC,3,20,77,22,-1.252762968495368
2206,ACGTATACTGC,TTGGAGACTTGTAC,3,30,42,4,-2.3513752571634776
2207,ACGTATACTGC,TTGGAGACTTGTAC,3,40,63,15,-1.4350845252893227
2208,ACGTATACTGC,TTGGAGACTTGTAC,3,50,55,8,-1.927891643552635
2209,ACGTATACTGC,TTGGAGACTTGTAC,3,60,34,5,-1.9169226121820608
2210,ACGTATACTGC,TTGGAGACTTGTAC,4,0,33,2,-2.803360380906535
2211,ACGTATACTGC,TTGGAGACTTGTAC,4,2,51,5,-2.322387720290225
2212,ACGTATACTGC,TTGGAGACTTGTAC,4,5,26,3,-2.159484249353372
2213,ACGTATACTGC,TTGGAGACTTGTAC,4,10,36,4,-2.1972245773362196
2214,ACGTATACTGC,TTGGAGACTTGTAC,4,15,58,5,-2.451005098112319
2215,ACGTATACTGC,TTGGAGACTTGTAC,4,20,32,7,-1.519825753744413
2216,ACGTATACTGC,TTGGAGACTTGTAC,4,30,22,9,-0.8938178760220964
2217,ACGTATACTGC,TTGGAGACTTGTAC,4,40,43,6,-1.9694406464655074
2218,ACGTATACTGC,TTGGAGACTTGTAC,4,50,40,23,-0.5533852381847867
2219,ACGTATACTGC,TTGGAGACTTGTAC,4,60,41,9,-1.5163474893680884
2220,ACGTGCTCAAC,TGAAAAGGCCCCTG,2,15,22,2,-2.3978952727983707
2221,ACGTGCTCAAC,TGAAAAGGCCCCTG,2,20,12,8,-0.40546510810816444
2222,ACGTGCTCAAC,TGAAAAGGCCCCTG,2,30,7,1,-1.9459101490553132
2223,ACGTGCTCAAC,TGAAAAGGCCCCTG,2,40,3,12,1.3862943611198906
2224,ACGTGCTCAAC,TGAAAAGGCCCCTG,2,60,5,4,-0.2231435513142097
2225,ACGTGCTCAAC,TGAAAAGGCCCCTG,3,5,20,2,-2.3025850929940455
2226,ACGTGCTCAAC,TGAAAAGGCCCCTG,3,20,7,4,-0.5596157879354227
2227,ACGTGCTCAAC,TGAAAAGGCCCCTG,4,5,2,1,-0.6931471805599453
2228,ACGTGCTCAAC,TGAAAAGGCCCCTG,4,15,10,5,-0.6931471805599453
2229,ACGTGCTCAAC,TGAAAAGGCCCCTG,4,30,5,1,-1.6094379124341003
2230,ACGTGCTCAAC,TGAAAAGGCCCCTG,4,40,32,10,-1.1631508098056809
2231,ACGTTAATCTA,TATCAACACAACAT,3,5,1,10,2.3025850929940455
2232,ACGTTAATCTA,TATCAACACAACAT,4,20,1,10,2.3025850929940455
2233,ACTAAACTTAG,ACAAAGATGTAAAA,2,0,406,36,-2.4228342211456226
2234,ACTAAACTTAG,ACAAAGATGTAAAA,2,2,487,46,-2.3596227265934946
2235,ACTAAACTTAG,ACAAAGATGTAAAA,2,5,404,39,-2.3378532318315037
2236,ACTAAACTTAG,ACAAAGATGTAAAA,2,10,511,94,-1.6930748079337006
2237,ACTAAACTTAG,ACAAAGATGTAAAA,2,15,572,125,-1.5208252540774967
2238,ACTAAACTTAG,ACAAAGATGTAAAA,2,20,641,211,-1.1111713234446035
2239,ACTAAACTTAG,ACAAAGATGTAAAA,2,30,595,233,-0.9375229519799292
2240,ACTAAACTTAG,ACAAAGATGTAAAA,2,40,581,318,-0.6026993740717344
2241,ACTAAACTTAG,ACAAAGATGTAAAA,2,50,448,300,-0.4010107577587842
2242,ACTAAACTTAG,ACAAAGATGTAAAA,2,60,459,244,-0.6318819847673431
2243,ACTAAACTTAG,ACAAAGATGTAAAA,3,0,628,48,-2.571339155560308
2244,ACTAAACTTAG,ACAAAGATGTAAAA,3,2,566,44,-2.5544044442849216
2245,ACTAAACTTAG,ACAAAGATGTAAAA,3,5,492,57,-2.155427448657758
2246,ACTAAACTTAG,ACAAAGATGTAAAA,3,10,536,110,-1.5836537952783858
2247,ACTAAACTTAG,ACAAAGATGTAAAA,3,15,687,167,-1.414340479805594
2248,ACTAAACTTAG,ACAAAGATGTAAAA,3,20,646,213,-1.1095073380731768
2249,ACTAAACTTAG,ACAAAGATGTAAAA,3,30,422,194,-0.7771471549726837
2250,ACTAAACTTAG,ACAAAGATGTAAAA,3,40,524,264,-0.6855425811747261
2251,ACTAAACTTAG,ACAAAGATGTAAAA,3,50,506,199,-0.9332318445629731
2252,ACTAAACTTAG,ACAAAGATGTAAAA,3,60,482,249,-0.6604912175858926
2253,ACTAAACTTAG,ACAAAGATGTAAAA,4,0,475,42,-2.425645185751273
2254,ACTAAACTTAG,ACAAAGATGTAAAA,4,2,531,40,-2.5858825671280026
2255,ACTAAACTTAG,ACAAAGATGTAAAA,4,5,363,22,-2.803360380906535
2256,ACTAAACTTAG,ACAAAGATGTAAAA,4,10,592,105,-1.7295462847264824
2257,ACTAAACTTAG,ACAAAGATGTAAAA,4,15,515,88,-1.7668300861855297
2258,ACTAAACTTAG,ACAAAGATGTAAAA,4,20,413,102,-1.3984747796767616
2259,ACTAAACTTAG,ACAAAGATGTAAAA,4,30,560,262,-0.7595922799680981
2260,ACTAAACTTAG,ACAAAGATGTAAAA,4,40,525,315,-0.5108256237659907
2261,ACTAAACTTAG,ACAAAGATGTAAAA,4,50,731,435,-0.5190674286610943
2262,ACTAAACTTAG,ACAAAGATGTAAAA,4,60,411,228,-0.5892475855417938
2263,ACTAAATTACC,TGCTGAGTAGAAAA,2,15,3,1,-1.0986122886681098
2264,ACTAAATTACC,TGCTGAGTAGAAAA,2,20,2,2,0.0
2265,ACTAAATTACC,TGCTGAGTAGAAAA,2,40,4,3,-0.2876820724517809
2266,ACTAAATTACC,TGCTGAGTAGAAAA,2,60,4,2,-0.6931471805599453
2267,ACTAAATTACC,TGCTGAGTAGAAAA,3,20,8,3,-0.9808292530117262
2268,ACTAAATTACC,TGCTGAGTAGAAAA,3,30,5,2,-0.916290731874155
2269,ACTAAATTACC,TGCTGAGTAGAAAA,3,50,4,1,-1.3862943611198906
2270,ACTAAATTACC,TGCTGAGTAGAAAA,3,60,8,10,0.22314355131420974
2271,ACTAAATTACC,TGCTGAGTAGAAAA,4,0,9,1,-2.1972245773362196
2272,ACTAAATTACC,TGCTGAGTAGAAAA,4,2,6,1,-1.791759469228055
2273,ACTAAATTACC,TGCTGAGTAGAAAA,4,40,4,3,-0.2876820724517809
2274,ACTAAATTACC,TGCTGAGTAGAAAA,4,50,7,4,-0.5596157879354227
2275,ACTAAATTACC,TGCTGAGTAGAAAA,4,60,7,4,-0.5596157879354227
2276,ACTAAGTATTC,TGCACCGTTATAAG,2,50,1,8,2.0794415416798357
2277,ACTACCGTCCC,TTCCCCGGTCGAGG,3,10,1,5,1.6094379124341003
2278,ACTACGAAGTC,CCACACGTTTATTT,2,0,15,1,-2.70805020110221
2279,ACTACGAAGTC,CCACACGTTTATTT,2,2,37,2,-2.917770732084279
2280,ACTACGAAGTC,CCACACGTTTATTT,2,5,27,2,-2.6026896854443837
2281,ACTACGAAGTC,CCACACGTTTATTT,2,10,18,2,-2.1972245773362196
2282,ACTACGAAGTC,CCACACGTTTATTT,2,15,7,2,-1.252762968495368
2283,ACTACGAAGTC,CCACACGTTTATTT,2,20,11,5,-0.7884573603642702
2284,ACTACGAAGTC,CCACACGTTTATTT,2,30,14,7,-0.6931471805599453
2285,ACTACGAAGTC,CCACACGTTTATTT,2,40,33,16,-0.723918839226699
2286,ACTACGAAGTC,CCACACGTTTATTT,2,50,5,6,0.1823215567939546
2287,ACTACGAAGTC,CCACACGTTTATTT,2,60,25,2,-2.525728644308255
2288,ACTACGAAGTC,CCACACGTTTATTT,3,0,10,1,-2.3025850929940455
2289,ACTACGAAGTC,CCACACGTTTATTT,3,2,15,1,-2.70805020110221
2290,ACTACGAAGTC,CCACACGTTTATTT,3,10,5,6,0.1823215567939546
2291,ACTACGAAGTC,CCACACGTTTATTT,3,15,12,7,-0.5389965007326869
2292,ACTACGAAGTC,CCACACGTTTATTT,3,20,12,4,-1.0986122886681098
2293,ACTACGAAGTC,CCACACGTTTATTT,3,30,5,11,0.7884573603642703
2294,ACTACGAAGTC,CCACACGTTTATTT,3,40,6,3,-0.6931471805599453
2295,ACTACGAAGTC,CCACACGTTTATTT,3,50,3,4,0.28768207245178085
2296,ACTACGAAGTC,CCACACGTTTATTT,3,60,14,3,-1.5404450409471488
2297,ACTACGAAGTC,CCACACGTTTATTT,4,0,6,2,-1.0986122886681098
2298,ACTACGAAGTC,CCACACGTTTATTT,4,2,20,1,-2.995732273553991
2299,ACTACGAAGTC,CCACACGTTTATTT,4,10,11,2,-1.7047480922384253
2300,ACTACGAAGTC,CCACACGTTTATTT,4,15,3,1,-1.0986122886681098
2301,ACTACGAAGTC,CCACACGTTTATTT,4,20,10,6,-0.5108256237659907
2302,ACTACGAAGTC,CCACACGTTTATTT,4,30,5,2,-0.916290731874155
2303,ACTACGAAGTC,CCACACGTTTATTT,4,40,9,3,-1.0986122886681098
2304,ACTACGAAGTC,CCACACGTTTATTT,4,50,22,12,-0.6061358035703156
2305,ACTACGAAGTC,CCACACGTTTATTT,4,60,6,3,-0.6931471805599453
2306,ACTACTCAATC,AACTTTAATCGTTC,2,10,1,6,1.791759469228055
2307,ACTACTCAATC,AACTTTAATCGTTC,2,15,1,10,2.3025850929940455
2308,ACTACTCAATC,AACTTTAATCGTTC,3,2,1,4,1.3862943611198906
2309,ACTACTCAATC,AACTTTAATCGTTC,3,10,1,7,1.9459101490553132
2310,ACTACTCAATC,AACTTTAATCGTTC,4,40,1,23,3.1354942159291497
2311,ACTACTCAATC,AACTTTAATCGTTC,4,60,1,4,1.3862943611198906
2312,ACTATATCGTT,TAAATCGGGAAAGA,2,0,2,1,-0.6931471805599453
2313,ACTATATCGTT,TAAATCGGGAAAGA,2,10,7,1,-1.9459101490553132
2314,ACTATATCGTT,TAAATCGGGAAAGA,2,30,16,2,-2.0794415416798357
2315,ACTATATCGTT,TAAATCGGGAAAGA,2,60,15,2,-2.0149030205422647
2316,ACTATATCGTT,TAAATCGGGAAAGA,3,10,2,1,-0.6931471805599453
2317,ACTATATCGTT,TAAATCGGGAAAGA,3,15,12,2,-1.791759469228055
2318,ACTATATCGTT,TAAATCGGGAAAGA,3,20,1,1,0.0
2319,ACTATATCGTT,TAAATCGGGAAAGA,3,40,14,1,-2.6390573296152584
2320,ACTATATCGTT,TAAATCGGGAAAGA,3,60,8,2,-1.3862943611198906
2321,ACTATATCGTT,TAAATCGGGAAAGA,4,10,19,1,-2.9444389791664403
2322,ACTATATCGTT,TAAATCGGGAAAGA,4,30,7,2,-1.252762968495368
2323,ACTATATCGTT,TAAATCGGGAAAGA,4,50,11,3,-1.2992829841302609
2324,ACTATGTTTGA,TTGAACCTTTTGTC,2,2,1,4,1.3862943611198906
2325,ACTATGTTTGA,TTGAACCTTTTGTC,2,20,2,7,1.252762968495368
2326,ACTATGTTTGA,TTGAACCTTTTGTC,2,40,3,6,0.6931471805599453
2327,ACTATGTTTGA,TTGAACCTTTTGTC,2,50,3,13,1.466337068793427
2328,ACTATGTTTGA,TTGAACCTTTTGTC,3,2,2,3,0.4054651081081644
2329,ACTATGTTTGA,TTGAACCTTTTGTC,3,10,4,15,1.3217558399823195
2330,ACTATGTTTGA,TTGAACCTTTTGTC,4,2,1,7,1.9459101490553132
2331,ACTATGTTTGA,TTGAACCTTTTGTC,4,10,1,9,2.197224577336219
2332,ACTATGTTTGA,TTGAACCTTTTGTC,4,50,3,11,1.2992829841302607
2333,ACTATTAAGTC,TTGGACCAGCTAAG,2,0,95,13,-1.988927534139004
2334,ACTATTAAGTC,TTGGACCAGCTAAG,2,2,79,14,-1.7303905228517629
2335,ACTATTAAGTC,TTGGACCAGCTAAG,2,5,60,4,-2.70805020110221
2336,ACTATTAAGTC,TTGGACCAGCTAAG,2,10,79,15,-1.6613976513648114
2337,ACTATTAAGTC,TTGGACCAGCTAAG,2,15,92,16,-1.749199854809259
2338,ACTATTAAGTC,TTGGACCAGCTAAG,2,20,75,18,-1.4271163556401458
2339,ACTATTAAGTC,TTGGACCAGCTAAG,2,30,63,12,-1.6582280766035324
2340,ACTATTAAGTC,TTGGACCAGCTAAG,2,40,84,21,-1.3862943611198906
2341,ACTATTAAGTC,TTGGACCAGCTAAG,2,50,98,44,-0.8007778447523107
2342,ACTATTAAGTC,TTGGACCAGCTAAG,2,60,96,26,-1.3062516534463542
2343,ACTATTAAGTC,TTGGACCAGCTAAG,3,0,60,12,-1.6094379124341003
2344,ACTATTAAGTC,TTGGACCAGCTAAG,3,2,69,15,-1.5260563034950494
2345,ACTATTAAGTC,TTGGACCAGCTAAG,3,5,119,20,-1.7833912195575383
2346,ACTATTAAGTC,TTGGACCAGCTAAG,3,10,94,20,-1.547562508716013
2347,ACTATTAAGTC,TTGGACCAGCTAAG,3,15,74,16,-1.5314763709643884
2348,ACTATTAAGTC,TTGGACCAGCTAAG,3,20,92,16,-1.749199854809259
2349,ACTATTAAGTC,TTGGACCAGCTAAG,3,30,79,20,-1.3737155789130304
2350,ACTATTAAGTC,TTGGACCAGCTAAG,3,40,106,40,-0.9745596399981307
2351,ACTATTAAGTC,TTGGACCAGCTAAG,3,50,78,23,-1.221214610760442
2352,ACTATTAAGTC,TTGGACCAGCTAAG,3,60,85,15,-1.7346010553881062
2353,ACTATTAAGTC,TTGGACCAGCTAAG,4,0,96,15,-1.856297990365626
2354,ACTATTAAGTC,TTGGACCAGCTAAG,4,2,87,6,-2.6741486494265287
2355,ACTATTAAGTC,TTGGACCAGCTAAG,4,5,85,10,-2.1400661634962708
2356,ACTATTAAGTC,TTGGACCAGCTAAG,4,10,75,11,-1.91959284073794
2357,ACTATTAAGTC,TTGGACCAGCTAAG,4,15,114,12,-2.2512917986064953
2358,ACTATTAAGTC,TTGGACCAGCTAAG,4,20,64,12,-1.6739764335716716
2359,ACTATTAAGTC,TTGGACCAGCTAAG,4,30,73,15,-1.582409240046181
2360,ACTATTAAGTC,TTGGACCAGCTAAG,4,40,106,31,-1.2294518896269209
2361,ACTATTAAGTC,TTGGACCAGCTAAG,4,50,100,18,-1.7147984280919266
2362,ACTATTAAGTC,TTGGACCAGCTAAG,4,60,119,32,-1.3133875903118029
2363,ACTCAGCATCG,CGACCCTGACCCCT,2,0,52,4,-2.5649493574615367
2364,ACTCAGCATCG,CGACCCTGACCCCT,2,2,24,1,-3.1780538303479458
2365,ACTCAGCATCG,CGACCCTGACCCCT,2,10,53,3,-2.871679624884012
2366,ACTCAGCATCG,CGACCCTGACCCCT,2,15,50,3,-2.8134107167600364
2367,ACTCAGCATCG,CGACCCTGACCCCT,2,20,36,2,-2.8903717578961645
2368,ACTCAGCATCG,CGACCCTGACCCCT,2,30,62,4,-2.740840023925201
2369,ACTCAGCATCG,CGACCCTGACCCCT,2,40,39,1,-3.6635616461296463
2370,ACTCAGCATCG,CGACCCTGACCCCT,2,50,59,4,-2.691243082785829
2371,ACTCAGCATCG,CGACCCTGACCCCT,2,60,47,6,-2.0583881324820035
2372,ACTCAGCATCG,CGACCCTGACCCCT,3,0,30,2,-2.70805020110221
2373,ACTCAGCATCG,CGACCCTGACCCCT,3,2,24,3,-2.0794415416798357
2374,ACTCAGCATCG,CGACCCTGACCCCT,3,5,57,5,-2.4336133554004498
2375,ACTCAGCATCG,CGACCCTGACCCCT,3,10,45,4,-2.420368128650429
2376,ACTCAGCATCG,CGACCCTGACCCCT,3,20,33,5,-1.8870696490323797
2377,ACTCAGCATCG,CGACCCTGACCCCT,3,40,39,3,-2.5649493574615367
2378,ACTCAGCATCG,CGACCCTGACCCCT,3,60,29,1,-3.3672958299864737
2379,ACTCAGCATCG,CGACCCTGACCCCT,4,0,46,1,-3.828641396489095
2380,ACTCAGCATCG,CGACCCTGACCCCT,4,2,23,1,-3.1354942159291497
2381,ACTCAGCATCG,CGACCCTGACCCCT,4,5,33,1,-3.4965075614664802
2382,ACTCAGCATCG,CGACCCTGACCCCT,4,10,59,3,-2.9789251552376097
2383,ACTCAGCATCG,CGACCCTGACCCCT,4,15,39,4,-2.277267285009756
2384,ACTCAGCATCG,CGACCCTGACCCCT,4,30,35,1,-3.5553480614894135
2385,ACTCAGCATCG,CGACCCTGACCCCT,4,40,49,4,-2.505525936990736
2386,ACTCAGCATCG,CGACCCTGACCCCT,4,50,68,2,-3.526360524616161
2387,ACTCATCTCTA,TCTCCTTAACGGCG,2,0,20,1,-2.995732273553991
2388,ACTCATCTCTA,TCTCCTTAACGGCG,2,2,23,3,-2.03688192726104
2389,ACTCATCTCTA,TCTCCTTAACGGCG,2,5,53,4,-2.583997552432231
2390,ACTCATCTCTA,TCTCCTTAACGGCG,2,15,40,14,-1.0498221244986778
2391,ACTCATCTCTA,TCTCCTTAACGGCG,2,20,43,6,-1.9694406464655074
2392,ACTCATCTCTA,TCTCCTTAACGGCG,2,30,70,14,-1.6094379124341003
2393,ACTCATCTCTA,TCTCCTTAACGGCG,2,40,41,9,-1.5163474893680884
2394,ACTCATCTCTA,TCTCCTTAACGGCG,2,50,29,10,-1.0647107369924282
2395,ACTCATCTCTA,TCTCCTTAACGGCG,2,60,59,14,-1.4384801142904609
2396,ACTCATCTCTA,TCTCCTTAACGGCG,3,0,34,4,-2.1400661634962708
2397,ACTCATCTCTA,TCTCCTTAACGGCG,3,2,46,9,-1.6314168191528755
2398,ACTCATCTCTA,TCTCCTTAACGGCG,3,5,58,4,-2.6741486494265287
2399,ACTCATCTCTA,TCTCCTTAACGGCG,3,10,68,5,-2.610069792742006
2400,ACTCATCTCTA,TCTCCTTAACGGCG,3,15,60,12,-1.6094379124341003
2401,ACTCATCTCTA,TCTCCTTAACGGCG,3,20,124,13,-2.2553322081435
2402,ACTCATCTCTA,TCTCCTTAACGGCG,3,30,52,8,-1.8718021769015913
2403,ACTCATCTCTA,TCTCCTTAACGGCG,3,40,45,6,-2.0149030205422647
2404,ACTCATCTCTA,TCTCCTTAACGGCG,3,50,45,10,-1.5040773967762742
2405,ACTCATCTCTA,TCTCCTTAACGGCG,3,60,41,6,-1.9218125974762528
2406,ACTCATCTCTA,TCTCCTTAACGGCG,4,0,57,6,-2.2512917986064953
2407,ACTCATCTCTA,TCTCCTTAACGGCG,4,2,60,7,-2.1484344131667874
2408,ACTCATCTCTA,TCTCCTTAACGGCG,4,5,57,5,-2.4336133554004498
2409,ACTCATCTCTA,TCTCCTTAACGGCG,4,10,60,5,-2.4849066497880004
2410,ACTCATCTCTA,TCTCCTTAACGGCG,4,15,23,1,-3.1354942159291497
2411,ACTCATCTCTA,TCTCCTTAACGGCG,4,20,40,2,-2.995732273553991
2412,ACTCATCTCTA,TCTCCTTAACGGCG,4,30,72,10,-1.9740810260220094
2413,ACTCATCTCTA,TCTCCTTAACGGCG,4,40,51,11,-1.533930359925955
2414,ACTCATCTCTA,TCTCCTTAACGGCG,4,50,54,12,-1.5040773967762742
2415,ACTCATCTCTA,TCTCCTTAACGGCG,4,60,58,12,-1.575536360758419
2416,ACTCCACGTAG,AAGAACTTTCTTAT,2,0,25,2,-2.525728644308255
2417,ACTCCACGTAG,AAGAACTTTCTTAT,2,5,21,1,-3.044522437723423
2418,ACTCCACGTAG,AAGAACTTTCTTAT,2,10,29,1,-3.3672958299864737
2419,ACTCCACGTAG,AAGAACTTTCTTAT,2,15,28,4,-1.9459101490553132
2420,ACTCCACGTAG,AAGAACTTTCTTAT,2,20,34,2,-2.833213344056216
2421,ACTCCACGTAG,AAGAACTTTCTTAT,2,30,35,2,-2.862200880929468
2422,ACTCCACGTAG,AAGAACTTTCTTAT,2,40,29,1,-3.3672958299864737
2423,ACTCCACGTAG,AAGAACTTTCTTAT,2,50,22,1,-3.0910424533583156
2424,ACTCCACGTAG,AAGAACTTTCTTAT,2,60,66,5,-2.580216829592325
2425,ACTCCACGTAG,AAGAACTTTCTTAT,3,0,25,3,-2.120263536200091
2426,ACTCCACGTAG,AAGAACTTTCTTAT,3,2,26,4,-1.8718021769015913
2427,ACTCCACGTAG,AAGAACTTTCTTAT,3,5,22,3,-1.992430164690206
2428,ACTCCACGTAG,AAGAACTTTCTTAT,3,15,18,2,-2.1972245773362196
2429,ACTCCACGTAG,AAGAACTTTCTTAT,3,20,26,7,-1.3121863889661687
2430,ACTCCACGTAG,AAGAACTTTCTTAT,3,40,19,4,-1.55814461804655
2431,ACTCCACGTAG,AAGAACTTTCTTAT,3,50,23,4,-1.749199854809259
2432,ACTCCACGTAG,AAGAACTTTCTTAT,3,60,33,2,-2.803360380906535
2433,ACTCCACGTAG,AAGAACTTTCTTAT,4,0,20,3,-1.8971199848858813
2434,ACTCCACGTAG,AAGAACTTTCTTAT,4,2,44,1,-3.784189633918261
2435,ACTCCACGTAG,AAGAACTTTCTTAT,4,5,13,1,-2.5649493574615367
2436,ACTCCACGTAG,AAGAACTTTCTTAT,4,10,29,1,-3.3672958299864737
2437,ACTCCACGTAG,AAGAACTTTCTTAT,4,15,27,3,-2.1972245773362196
2438,ACTCCACGTAG,AAGAACTTTCTTAT,4,20,18,1,-2.8903717578961645
2439,ACTCCACGTAG,AAGAACTTTCTTAT,4,40,37,4,-2.2246235515243336
2440,ACTCCACGTAG,AAGAACTTTCTTAT,4,50,29,6,-1.575536360758419
2441,ACTCCACGTAG,AAGAACTTTCTTAT,4,60,26,5,-1.6486586255873816
2442,ACTCCCTGTCG,TCCCAAAAACACTA,2,0,27,2,-2.6026896854443837
2443,ACTCCCTGTCG,TCCCAAAAACACTA,2,5,27,1,-3.295836866004329
2444,ACTCCCTGTCG,TCCCAAAAACACTA,2,10,53,6,-2.1785324443240666
2445,ACTCCCTGTCG,TCCCAAAAACACTA,2,15,27,2,-2.6026896854443837
2446,ACTCCCTGTCG,TCCCAAAAACACTA,2,30,61,6,-2.3191143949452564
2447,ACTCCCTGTCG,TCCCAAAAACACTA,2,40,77,6,-2.5520459526256287
2448,ACTCCCTGTCG,TCCCAAAAACACTA,2,50,25,1,-3.2188758248682006
2449,ACTCCCTGTCG,TCCCAAAAACACTA,2,60,50,2,-3.2188758248682006
2450,ACTCCCTGTCG,TCCCAAAAACACTA,3,0,30,2,-2.70805020110221
2451,ACTCCCTGTCG,TCCCAAAAACACTA,3,5,32,2,-2.772588722239781
2452,ACTCCCTGTCG,TCCCAAAAACACTA,3,10,40,5,-2.0794415416798357
2453,ACTCCCTGTCG,TCCCAAAAACACTA,3,15,28,2,-2.6390573296152584
2454,ACTCCCTGTCG,TCCCAAAAACACTA,3,20,32,2,-2.772588722239781
2455,ACTCCCTGTCG,TCCCAAAAACACTA,3,30,29,1,-3.3672958299864737
2456,ACTCCCTGTCG,TCCCAAAAACACTA,3,40,19,4,-1.55814461804655
2457,ACTCCCTGTCG,TCCCAAAAACACTA,3,60,19,2,-2.2512917986064953
2458,ACTCCCTGTCG,TCCCAAAAACACTA,4,0,35,2,-2.862200880929468
2459,ACTCCCTGTCG,TCCCAAAAACACTA,4,2,44,5,-2.174751721484161
2460,ACTCCCTGTCG,TCCCAAAAACACTA,4,5,41,2,-3.0204248861443626
2461,ACTCCCTGTCG,TCCCAAAAACACTA,4,10,46,9,-1.6314168191528755
2462,ACTCCCTGTCG,TCCCAAAAACACTA,4,15,39,1,-3.6635616461296463
2463,ACTCCCTGTCG,TCCCAAAAACACTA,4,20,44,8,-1.7047480922384253
2464,ACTCCCTGTCG,TCCCAAAAACACTA,4,30,45,6,-2.0149030205422647
2465,ACTCCCTGTCG,TCCCAAAAACACTA,4,50,36,6,-1.791759469228055
2466,ACTCCCTGTCG,TCCCAAAAACACTA,4,60,13,4,-1.178654996341646
2467,ACTCCTCCCTC,CCCCGCTCACCCGG,2,30,1,722,6.582025138892826
2468,ACTCCTCCCTC,CCCCGCTCACCCGG,3,10,1,226,5.420534999272285
2469,ACTCCTCCCTC,CCCCGCTCACCCGG,4,2,1,16,2.772588722239781
2470,ACTCTGGAAAC,TCACAGATTCCCAT,2,0,94,2,-3.8501476017100584
2471,ACTCTGGAAAC,TCACAGATTCCCAT,2,2,109,10,-2.388762789235098
2472,ACTCTGGAAAC,TCACAGATTCCCAT,2,5,112,2,-4.025351690735149
2473,ACTCTGGAAAC,TCACAGATTCCCAT,2,10,122,4,-3.417726683613366
2474,ACTCTGGAAAC,TCACAGATTCCCAT,2,15,115,8,-2.665490586683414
2475,ACTCTGGAAAC,TCACAGATTCCCAT,2,20,107,5,-3.0633909220278057
2476,ACTCTGGAAAC,TCACAGATTCCCAT,2,30,135,2,-4.212127597878484
2477,ACTCTGGAAAC,TCACAGATTCCCAT,2,40,122,3,-3.7054087560651467
2478,ACTCTGGAAAC,TCACAGATTCCCAT,2,50,136,5,-3.3032169733019514
2479,ACTCTGGAAAC,TCACAGATTCCCAT,2,60,91,3,-3.41224721784874
2480,ACTCTGGAAAC,TCACAGATTCCCAT,3,0,85,4,-3.056356895370426
2481,ACTCTGGAAAC,TCACAGATTCCCAT,3,2,78,6,-2.5649493574615367
2482,ACTCTGGAAAC,TCACAGATTCCCAT,3,5,99,12,-2.1102132003465894
2483,ACTCTGGAAAC,TCACAGATTCCCAT,3,10,95,2,-3.8607297110405954
2484,ACTCTGGAAAC,TCACAGATTCCCAT,3,15,145,4,-3.590439381300684
2485,ACTCTGGAAAC,TCACAGATTCCCAT,3,20,124,2,-4.127134385045092
2486,ACTCTGGAAAC,TCACAGATTCCCAT,3,30,79,3,-3.2708355637989115
2487,ACTCTGGAAAC,TCACAGATTCCCAT,3,40,106,3,-3.5648268054439574
2488,ACTCTGGAAAC,TCACAGATTCCCAT,3,50,134,3,-3.7992275112828016
2489,ACTCTGGAAAC,TCACAGATTCCCAT,3,60,100,3,-3.506557897319982
2490,ACTCTGGAAAC,TCACAGATTCCCAT,4,0,70,7,-2.3025850929940455
2491,ACTCTGGAAAC,TCACAGATTCCCAT,4,2,95,2,-3.8607297110405954
2492,ACTCTGGAAAC,TCACAGATTCCCAT,4,5,85,4,-3.056356895370426
2493,ACTCTGGAAAC,TCACAGATTCCCAT,4,10,132,4,-3.4965075614664802
2494,ACTCTGGAAAC,TCACAGATTCCCAT,4,15,88,6,-2.6855773452501515
2495,ACTCTGGAAAC,TCACAGATTCCCAT,4,20,96,6,-2.772588722239781
2496,ACTCTGGAAAC,TCACAGATTCCCAT,4,30,102,2,-3.9318256327243257
2497,ACTCTGGAAAC,TCACAGATTCCCAT,4,40,117,3,-3.6635616461296463
2498,ACTCTGGAAAC,TCACAGATTCCCAT,4,50,178,4,-3.7954891891721942
2499,ACTCTGGAAAC,TCACAGATTCCCAT,4,60,101,2,-3.921973336281314
2500,ACTCTGGCAGA,ATGAAATCTCACAC,2,5,38,1,-3.6375861597263857
2501,ACTGAAGATGC,TAACGCTTCCTATG,2,10,24,2,-2.4849066497880004
2502,ACTGAAGATGC,TAACGCTTCCTATG,2,30,12,2,-1.791759469228055
2503,ACTGAAGATGC,TAACGCTTCCTATG,2,40,9,5,-0.587786664902119
2504,ACTGAAGATGC,TAACGCTTCCTATG,3,0,9,1,-2.1972245773362196
2505,ACTGAAGATGC,TAACGCTTCCTATG,3,2,8,1,-2.0794415416798357
2506,ACTGAAGATGC,TAACGCTTCCTATG,3,15,7,1,-1.9459101490553132
2507,ACTGAAGATGC,TAACGCTTCCTATG,3,40,1,1,0.0
2508,ACTGAAGATGC,TAACGCTTCCTATG,3,50,11,1,-2.3978952727983707
2509,ACTGAAGATGC,TAACGCTTCCTATG,3,60,10,5,-0.6931471805599453
2510,ACTGAAGATGC,TAACGCTTCCTATG,4,10,10,1,-2.3025850929940455
2511,ACTGAAGATGC,TAACGCTTCCTATG,4,30,1,1,0.0
2512,ACTGAAGATGC,TAACGCTTCCTATG,4,60,12,1,-2.4849066497880004
2513,ACTGCAATGAT,CAAATAAACGCAAC,2,30,17,2,-2.1400661634962708
2514,ACTGCAATGAT,CAAATAAACGCAAC,2,40,3,1,-1.0986122886681098
2515,ACTGCAATGAT,CAAATAAACGCAAC,3,0,2,1,-0.6931471805599453
2516,ACTGCAATGAT,CAAATAAACGCAAC,3,20,4,2,-0.6931471805599453
2517,ACTGCACCCTA,CATCCTGGCTGGAT,2,0,12,2,-1.791759469228055
2518,ACTGCACCCTA,CATCCTGGCTGGAT,2,2,22,2,-2.3978952727983707
2519,ACTGCACCCTA,CATCCTGGCTGGAT,2,10,55,4,-2.6210388241125804
2520,ACTGCACCCTA,CATCCTGGCTGGAT,2,15,35,6,-1.7635885922613586
2521,ACTGCACCCTA,CATCCTGGCTGGAT,2,20,24,2,-2.4849066497880004
2522,ACTGCACCCTA,CATCCTGGCTGGAT,2,30,41,3,-2.614959778036198
2523,ACTGCACCCTA,CATCCTGGCTGGAT,2,40,18,2,-2.1972245773362196
2524,ACTGCACCCTA,CATCCTGGCTGGAT,2,50,60,39,-0.4307829160924542
2525,ACTGCACCCTA,CATCCTGGCTGGAT,2,60,49,7,-1.9459101490553132
2526,ACTGCACCCTA,CATCCTGGCTGGAT,3,0,26,1,-3.2580965380214817
2527,ACTGCACCCTA,CATCCTGGCTGGAT,3,2,19,1,-2.9444389791664403
2528,ACTGCACCCTA,CATCCTGGCTGGAT,3,10,32,3,-2.367123614131617
2529,ACTGCACCCTA,CATCCTGGCTGGAT,3,15,43,7,-1.815289966638249
2530,ACTGCACCCTA,CATCCTGGCTGGAT,3,20,52,12,-1.466337068793427
2531,ACTGCACCCTA,CATCCTGGCTGGAT,3,30,21,4,-1.6582280766035324
2532,ACTGCACCCTA,CATCCTGGCTGGAT,3,40,42,14,-1.0986122886681098
2533,ACTGCACCCTA,CATCCTGGCTGGAT,3,50,13,8,-0.48550781578170077
2534,ACTGCACCCTA,CATCCTGGCTGGAT,3,60,26,6,-1.466337068793427
2535,ACTGCACCCTA,CATCCTGGCTGGAT,4,0,28,4,-1.9459101490553132
2536,ACTGCACCCTA,CATCCTGGCTGGAT,4,2,47,2,-3.157000421150113
2537,ACTGCACCCTA,CATCCTGGCTGGAT,4,5,20,1,-2.995732273553991
2538,ACTGCACCCTA,CATCCTGGCTGGAT,4,10,25,1,-3.2188758248682006
2539,ACTGCACCCTA,CATCCTGGCTGGAT,4,15,29,3,-2.268683541318364
2540,ACTGCACCCTA,CATCCTGGCTGGAT,4,20,8,2,-1.3862943611198906
2541,ACTGCACCCTA,CATCCTGGCTGGAT,4,30,30,7,-1.455287232606842
2542,ACTGCACCCTA,CATCCTGGCTGGAT,4,40,58,12,-1.575536360758419
2543,ACTGCACCCTA,CATCCTGGCTGGAT,4,50,10,9,-0.10536051565782628
2544,ACTGCACCCTA,CATCCTGGCTGGAT,4,60,49,12,-1.4069136483226263
2545,ACTTACTTAAT,TTGTTTGTTGCTGG,2,10,14,1,-2.6390573296152584
2546,ACTTACTTAAT,TTGTTTGTTGCTGG,2,15,3,1,-1.0986122886681098
2547,ACTTACTTAAT,TTGTTTGTTGCTGG,2,20,16,3,-1.6739764335716716
2548,ACTTACTTAAT,TTGTTTGTTGCTGG,2,40,12,2,-1.791759469228055
2549,ACTTACTTAAT,TTGTTTGTTGCTGG,2,50,2,1,-0.6931471805599453
2550,ACTTACTTAAT,TTGTTTGTTGCTGG,4,5,2,1,-0.6931471805599453
2551,ACTTACTTAAT,TTGTTTGTTGCTGG,4,10,25,3,-2.120263536200091
2552,ACTTACTTAAT,TTGTTTGTTGCTGG,4,60,12,2,-1.791759469228055
2553,ACTTATTGCCC,TAAGTGAGCATTAT,2,2,11,1,-2.3978952727983707
2554,ACTTATTGCCC,TAAGTGAGCATTAT,2,10,13,2,-1.8718021769015913
2555,ACTTATTGCCC,TAAGTGAGCATTAT,2,15,16,1,-2.772588722239781
2556,ACTTATTGCCC,TAAGTGAGCATTAT,2,20,10,2,-1.6094379124341003
2557,ACTTATTGCCC,TAAGTGAGCATTAT,2,30,24,1,-3.1780538303479458
2558,ACTTATTGCCC,TAAGTGAGCATTAT,2,50,4,1,-1.3862943611198906
2559,ACTTATTGCCC,TAAGTGAGCATTAT,2,60,9,2,-1.5040773967762742
2560,ACTTATTGCCC,TAAGTGAGCATTAT,3,10,8,1,-2.0794415416798357
2561,ACTTATTGCCC,TAAGTGAGCATTAT,3,15,12,2,-1.791759469228055
2562,ACTTATTGCCC,TAAGTGAGCATTAT,3,20,16,5,-1.1631508098056809
2563,ACTTATTGCCC,TAAGTGAGCATTAT,3,30,5,1,-1.6094379124341003
2564,ACTTATTGCCC,TAAGTGAGCATTAT,3,40,6,1,-1.791759469228055
2565,ACTTATTGCCC,TAAGTGAGCATTAT,4,2,10,1,-2.3025850929940455
2566,ACTTATTGCCC,TAAGTGAGCATTAT,4,10,10,1,-2.3025850929940455
2567,ACTTATTGCCC,TAAGTGAGCATTAT,4,15,14,2,-1.9459101490553132
2568,ACTTATTGCCC,TAAGTGAGCATTAT,4,30,14,2,-1.9459101490553132
2569,ACTTATTGCCC,TAAGTGAGCATTAT,4,40,9,3,-1.0986122886681098
2570,ACTTATTGCCC,TAAGTGAGCATTAT,4,50,9,2,-1.5040773967762742
2571,ACTTCTACAAA,TTACACCAATTAAG,2,20,1,9,2.197224577336219
2572,ACTTCTACAAA,TTACACCAATTAAG,2,60,1,17,2.833213344056216
2573,ACTTCTATTTT,TAATGCATGTAGCG,2,0,5,1,-1.6094379124341003
2574,ACTTCTATTTT,TAATGCATGTAGCG,2,10,1,3,1.0986122886681096
2575,ACTTCTATTTT,TAATGCATGTAGCG,2,15,1,4,1.3862943611198906
2576,ACTTCTATTTT,TAATGCATGTAGCG,2,40,1,6,1.791759469228055
2577,ACTTCTATTTT,TAATGCATGTAGCG,2,50,2,1,-0.6931471805599453
2578,ACTTCTATTTT,TAATGCATGTAGCG,2,60,8,34,1.4469189829363254
2579,ACTTCTATTTT,TAATGCATGTAGCG,3,2,8,1,-2.0794415416798357
2580,ACTTCTATTTT,TAATGCATGTAGCG,3,10,1,4,1.3862943611198906
2581,ACTTCTATTTT,TAATGCATGTAGCG,3,20,2,1,-0.6931471805599453
2582,ACTTCTATTTT,TAATGCATGTAGCG,3,30,1,1,0.0
2583,ACTTCTATTTT,TAATGCATGTAGCG,3,50,9,34,1.329135947279942
2584,ACTTCTATTTT,TAATGCATGTAGCG,4,15,4,6,0.4054651081081644
2585,ACTTCTATTTT,TAATGCATGTAGCG,4,20,1,6,1.791759469228055
2586,ACTTCTATTTT,TAATGCATGTAGCG,4,40,17,126,2.003068562895262
2587,ACTTCTATTTT,TAATGCATGTAGCG,4,60,5,3,-0.5108256237659907
2588,ACTTCTGAATC,CGAAATATGAGGAA,2,5,94,1,-4.543294782270004
2589,ACTTCTGAATC,CGAAATATGAGGAA,2,50,94,1,-4.543294782270004
2590,ACTTCTGAATC,CGAAATATGAGGAA,2,60,131,2,-4.182050142641206
2591,ACTTCTGAATC,CGAAATATGAGGAA,3,0,79,3,-3.2708355637989115
2592,ACTTCTGAATC,CGAAATATGAGGAA,3,5,102,1,-4.624972813284271
2593,ACTTCTGAATC,CGAAATATGAGGAA,3,10,119,1,-4.77912349311153
2594,ACTTCTGAATC,CGAAATATGAGGAA,3,30,72,1,-4.276666119016055
2595,ACTTCTGAATC,CGAAATATGAGGAA,3,40,118,3,-3.672072335797555
2596,ACTTCTGAATC,CGAAATATGAGGAA,3,60,63,3,-3.044522437723423
2597,ACTTCTGAATC,CGAAATATGAGGAA,4,5,87,2,-3.7727609380946383
2598,ACTTCTGAATC,CGAAATATGAGGAA,4,15,79,1,-4.3694478524670215
2599,ACTTCTGAATC,CGAAATATGAGGAA,4,30,74,1,-4.304065093204169
2600,ACTTCTGAATC,CGAAATATGAGGAA,4,60,114,4,-3.349904087274605
2601,ACTTCTGAATC,CGAAATATGAGGAG,2,0,94,6,-2.751535313041949
2602,ACTTCTGAATC,CGAAATATGAGGAG,2,2,60,2,-3.4011973816621555
2603,ACTTCTGAATC,CGAAATATGAGGAG,2,5,94,4,-3.157000421150113
2604,ACTTCTGAATC,CGAAATATGAGGAG,2,10,65,2,-3.481240089335692
2605,ACTTCTGAATC,CGAAATATGAGGAG,2,15,106,8,-2.583997552432231
2606,ACTTCTGAATC,CGAAATATGAGGAG,2,20,135,7,-2.959364629383116
2607,ACTTCTGAATC,CGAAATATGAGGAG,2,30,97,2,-3.8815637979434374
2608,ACTTCTGAATC,CGAAATATGAGGAG,2,40,139,31,-1.5004867286455454
2609,ACTTCTGAATC,CGAAATATGAGGAG,2,50,94,19,-1.5988558031035636
2610,ACTTCTGAATC,CGAAATATGAGGAG,2,60,131,8,-2.7957557815213154
2611,ACTTCTGAATC,CGAAATATGAGGAG,3,0,79,6,-2.5776883832389665
2612,ACTTCTGAATC,CGAAATATGAGGAG,3,2,82,2,-3.7135720667043075
2613,ACTTCTGAATC,CGAAATATGAGGAG,3,5,102,9,-2.4277482359480516
2614,ACTTCTGAATC,CGAAATATGAGGAG,3,10,119,5,-3.1696855806774287
2615,ACTTCTGAATC,CGAAATATGAGGAG,3,15,124,3,-3.721669276936927
2616,ACTTCTGAATC,CGAAATATGAGGAG,3,20,144,6,-3.1780538303479458
2617,ACTTCTGAATC,CGAAATATGAGGAG,3,30,72,11,-1.8787708462176846
2618,ACTTCTGAATC,CGAAATATGAGGAG,3,40,118,24,-1.5926307941177191
2619,ACTTCTGAATC,CGAAATATGAGGAG,3,50,100,20,-1.6094379124341003
2620,ACTTCTGAATC,CGAAATATGAGGAG,3,60,63,17,-1.3099213823353166
2621,ACTTCTGAATC,CGAAATATGAGGAG,4,2,89,2,-3.7954891891721942
2622,ACTTCTGAATC,CGAAATATGAGGAG,4,5,87,4,-3.079613757534693
2623,ACTTCTGAATC,CGAAATATGAGGAG,4,10,95,7,-2.6079667425452273
2624,ACTTCTGAATC,CGAAATATGAGGAG,4,15,79,13,-1.8044984950054848
2625,ACTTCTGAATC,CGAAATATGAGGAG,4,20,86,12,-1.9694406464655074
2626,ACTTCTGAATC,CGAAATATGAGGAG,4,30,74,7,-2.3581549441488563
2627,ACTTCTGAATC,CGAAATATGAGGAG,4,40,123,30,-1.410986973710262
2628,ACTTCTGAATC,CGAAATATGAGGAG,4,50,122,11,-2.406125771934886
2629,ACTTCTGAATC,CGAAATATGAGGAG,4,60,114,16,-1.9636097261547143
2630,ACTTCTGAATC,CGAAATATGAGTAG,3,0,79,1,-4.3694478524670215
2631,ACTTCTGAATC,CGAAATATGAGTAG,3,10,119,1,-4.77912349311153
2632,ACTTCTGAATC,CGAAATATGAGTAG,3,40,118,1,-4.770684624465664
2633,ACTTCTGAATC,CGAAATATGAGTAG,3,50,100,1,-4.605170185988091
2634,ACTTCTGAATC,CGAAATATGAGTAG,4,30,74,1,-4.304065093204169
2635,ACTTCTGAATC,CGAAATATGAGTAG,4,40,123,1,-4.812184355372417
2636,ACTTCTGAATC,CGAAATATGAGTAG,4,60,114,1,-4.736198448394496
2637,ACTTGACTTTT,AGCTTCGATATGCA,2,0,30,3,-2.3025850929940455
2638,ACTTGACTTTT,AGCTTCGATATGCA,2,10,26,5,-1.6486586255873816
2639,ACTTGACTTTT,AGCTTCGATATGCA,2,15,18,1,-2.8903717578961645
2640,ACTTGACTTTT,AGCTTCGATATGCA,2,20,5,4,-0.2231435513142097
2641,ACTTGACTTTT,AGCTTCGATATGCA,2,30,14,6,-0.8472978603872037
2642,ACTTGACTTTT,AGCTTCGATATGCA,2,40,14,2,-1.9459101490553132
2643,ACTTGACTTTT,AGCTTCGATATGCA,2,50,23,3,-2.03688192726104
2644,ACTTGACTTTT,AGCTTCGATATGCA,2,60,9,2,-1.5040773967762742
2645,ACTTGACTTTT,AGCTTCGATATGCA,3,0,53,7,-2.0243817644968085
2646,ACTTGACTTTT,AGCTTCGATATGCA,3,2,22,4,-1.7047480922384253
2647,ACTTGACTTTT,AGCTTCGATATGCA,3,5,45,17,-0.9734491457141037
2648,ACTTGACTTTT,AGCTTCGATATGCA,3,10,8,1,-2.0794415416798357
2649,ACTTGACTTTT,AGCTTCGATATGCA,3,20,37,3,-2.512305623976115
2650,ACTTGACTTTT,AGCTTCGATATGCA,3,30,8,2,-1.3862943611198906
2651,ACTTGACTTTT,AGCTTCGATATGCA,3,50,21,6,-1.252762968495368
2652,ACTTGACTTTT,AGCTTCGATATGCA,3,60,18,2,-2.1972245773362196
2653,ACTTGACTTTT,AGCTTCGATATGCA,4,2,8,3,-0.9808292530117262
2654,ACTTGACTTTT,AGCTTCGATATGCA,4,5,15,1,-2.70805020110221
2655,ACTTGACTTTT,AGCTTCGATATGCA,4,10,11,4,-1.0116009116784799
2656,ACTTGACTTTT,AGCTTCGATATGCA,4,15,13,1,-2.5649493574615367
2657,ACTTGACTTTT,AGCTTCGATATGCA,4,20,12,4,-1.0986122886681098
2658,ACTTGACTTTT,AGCTTCGATATGCA,4,30,20,3,-1.8971199848858813
2659,ACTTGACTTTT,AGCTTCGATATGCA,4,40,19,3,-1.8458266904983307
2660,ACTTGACTTTT,AGCTTCGATATGCA,4,50,31,1,-3.4339872044851463
2661,ACTTGACTTTT,AGCTTCGATATGCA,4,60,4,2,-0.6931471805599453
2662,ACTTGGATCCA,CTCGAACACTTGAC,2,0,70,4,-2.862200880929468
2663,ACTTGGATCCA,CTCGAACACTTGAC,2,2,75,8,-2.2380465718564744
2664,ACTTGGATCCA,CTCGAACACTTGAC,2,5,42,4,-2.3513752571634776
2665,ACTTGGATCCA,CTCGAACACTTGAC,2,10,72,4,-2.8903717578961645
2666,ACTTGGATCCA,CTCGAACACTTGAC,2,15,94,8,-2.463853240590168
2667,ACTTGGATCCA,CTCGAACACTTGAC,2,20,69,2,-3.540959324037314
2668,ACTTGGATCCA,CTCGAACACTTGAC,2,30,67,4,-2.8183982582710754
2669,ACTTGGATCCA,CTCGAACACTTGAC,2,40,75,4,-2.9311937524164198
2670,ACTTGGATCCA,CTCGAACACTTGAC,2,50,78,4,-2.970414465569701
2671,ACTTGGATCCA,CTCGAACACTTGAC,2,60,92,7,-2.575878427993727
2672,ACTTGGATCCA,CTCGAACACTTGAC,3,0,67,4,-2.8183982582710754
2673,ACTTGGATCCA,CTCGAACACTTGAC,3,2,51,4,-2.545531271604435
2674,ACTTGGATCCA,CTCGAACACTTGAC,3,5,84,5,-2.8213788864092133
2675,ACTTGGATCCA,CTCGAACACTTGAC,3,10,78,9,-2.159484249353372
2676,ACTTGGATCCA,CTCGAACACTTGAC,3,15,106,12,-2.1785324443240666
2677,ACTTGGATCCA,CTCGAACACTTGAC,3,20,85,4,-3.056356895370426
2678,ACTTGGATCCA,CTCGAACACTTGAC,3,30,49,6,-2.1000608288825715
2679,ACTTGGATCCA,CTCGAACACTTGAC,3,40,81,7,-2.4485390056171257
2680,ACTTGGATCCA,CTCGAACACTTGAC,3,50,71,6,-2.4709204078132605
2681,ACTTGGATCCA,CTCGAACACTTGAC,3,60,49,3,-2.793208009442517
2682,ACTTGGATCCA,CTCGAACACTTGAC,4,0,71,5,-2.653241964607215
2683,ACTTGGATCCA,CTCGAACACTTGAC,4,2,76,3,-3.2321210516182215
2684,ACTTGGATCCA,CTCGAACACTTGAC,4,5,75,2,-3.6243409329763647
2685,ACTTGGATCCA,CTCGAACACTTGAC,4,10,63,5,-2.533696813957432
2686,ACTTGGATCCA,CTCGAACACTTGAC,4,15,57,6,-2.2512917986064953
2687,ACTTGGATCCA,CTCGAACACTTGAC,4,20,63,4,-2.7568403652716422
2688,ACTTGGATCCA,CTCGAACACTTGAC,4,30,96,10,-2.2617630984737906
2689,ACTTGGATCCA,CTCGAACACTTGAC,4,40,77,3,-3.245193133185574
2690,ACTTGGATCCA,CTCGAACACTTGAC,4,50,56,13,-1.4604023332736125
2691,ACTTGGATCCA,CTCGAACACTTGAC,4,60,78,8,-2.277267285009756
2692,ACTTTACAGCA,ACCACGTGGAGTAT,2,0,42,5,-2.128231705849268
2693,ACTTTACAGCA,ACCACGTGGAGTAT,2,2,68,13,-1.65455834771457
2694,ACTTTACAGCA,ACCACGTGGAGTAT,2,5,34,4,-2.1400661634962708
2695,ACTTTACAGCA,ACCACGTGGAGTAT,2,10,56,12,-1.5404450409471488
2696,ACTTTACAGCA,ACCACGTGGAGTAT,2,15,90,16,-1.7272209480904837
2697,ACTTTACAGCA,ACCACGTGGAGTAT,2,20,69,21,-1.1895840668738362
2698,ACTTTACAGCA,ACCACGTGGAGTAT,2,30,73,20,-1.2947271675944
2699,ACTTTACAGCA,ACCACGTGGAGTAT,2,40,31,7,-1.4880770554298328
2700,ACTTTACAGCA,ACCACGTGGAGTAT,2,50,79,31,-0.9354606479818752
2701,ACTTTACAGCA,ACCACGTGGAGTAT,2,60,59,31,-0.6435502394205731
2702,ACTTTACAGCA,ACCACGTGGAGTAT,3,0,81,7,-2.4485390056171257
2703,ACTTTACAGCA,ACCACGTGGAGTAT,3,2,66,6,-2.3978952727983707
2704,ACTTTACAGCA,ACCACGTGGAGTAT,3,5,66,11,-1.791759469228055
2705,ACTTTACAGCA,ACCACGTGGAGTAT,3,10,78,14,-1.717651497074333
2706,ACTTTACAGCA,ACCACGTGGAGTAT,3,15,63,25,-0.924258901523332
2707,ACTTTACAGCA,ACCACGTGGAGTAT,3,20,39,7,-1.717651497074333
2708,ACTTTACAGCA,ACCACGTGGAGTAT,3,30,57,12,-1.55814461804655
2709,ACTTTACAGCA,ACCACGTGGAGTAT,3,40,75,35,-0.7621400520468967
2710,ACTTTACAGCA,ACCACGTGGAGTAT,3,50,67,23,-1.0691984034618165
2711,ACTTTACAGCA,ACCACGTGGAGTAT,3,60,47,19,-0.9057086225436182
2712,ACTTTACAGCA,ACCACGTGGAGTAT,4,0,52,6,-2.159484249353372
2713,ACTTTACAGCA,ACCACGTGGAGTAT,4,2,59,9,-1.8803128665695
2714,ACTTTACAGCA,ACCACGTGGAGTAT,4,5,59,8,-1.9980959022258835
2715,ACTTTACAGCA,ACCACGTGGAGTAT,4,10,85,17,-1.6094379124341003
2716,ACTTTACAGCA,ACCACGTGGAGTAT,4,15,62,4,-2.740840023925201
2717,ACTTTACAGCA,ACCACGTGGAGTAT,4,20,50,11,-1.5141277326297755
2718,ACTTTACAGCA,ACCACGTGGAGTAT,4,30,88,22,-1.3862943611198906
2719,ACTTTACAGCA,ACCACGTGGAGTAT,4,40,44,16,-1.0116009116784799
2720,ACTTTACAGCA,ACCACGTGGAGTAT,4,50,80,58,-0.3215836241274623
2721,ACTTTACAGCA,ACCACGTGGAGTAT,4,60,54,19,-1.0445450673978338
2722,ACTTTATCGGC,AATGAATAATCATC,2,2,29,2,-2.6741486494265287
2723,ACTTTATCGGC,AATGAATAATCATC,2,20,33,2,-2.803360380906535
2724,ACTTTATCGGC,AATGAATAATCATC,2,30,8,3,-0.9808292530117262
2725,ACTTTATCGGC,AATGAATAATCATC,2,40,20,15,-0.2876820724517809
2726,ACTTTATCGGC,AATGAATAATCATC,2,50,20,13,-0.4307829160924542
2727,ACTTTATCGGC,AATGAATAATCATC,3,40,9,1,-2.1972245773362196
2728,ACTTTATCGGC,AATGAATAATCATC,4,40,27,25,-0.07696104113612831
2729,ACTTTATCGGC,AATGAATAATCATC,4,50,30,20,-0.40546510810816444
2730,ACTTTATCGGC,AATGAATAATCATC,4,60,32,9,-1.2685113254635072
2731,ACTTTGAGGGA,CATCACGAAGTAGC,3,5,1,2,0.6931471805599453
2732,ACTTTTGAATT,GAGAAATTACACTA,2,0,30,1,-3.4011973816621555
2733,ACTTTTGAATT,GAGAAATTACACTA,2,2,110,8,-2.6210388241125804
2734,ACTTTTGAATT,GAGAAATTACACTA,2,5,35,1,-3.5553480614894135
2735,ACTTTTGAATT,GAGAAATTACACTA,2,10,89,9,-2.2914117923959205
2736,ACTTTTGAATT,GAGAAATTACACTA,2,15,45,9,-1.6094379124341003
2737,ACTTTTGAATT,GAGAAATTACACTA,2,20,73,17,-1.457246097092175
2738,ACTTTTGAATT,GAGAAATTACACTA,2,30,118,2,-4.07753744390572
2739,ACTTTTGAATT,GAGAAATTACACTA,2,40,141,38,-1.3111737306517826
2740,ACTTTTGAATT,GAGAAATTACACTA,2,50,76,23,-1.1952391243571814
2741,ACTTTTGAATT,GAGAAATTACACTA,2,60,40,12,-1.203972804325936
2742,ACTTTTGAATT,GAGAAATTACACTA,3,0,55,4,-2.6210388241125804
2743,ACTTTTGAATT,GAGAAATTACACTA,3,2,62,3,-3.0285220963769817
2744,ACTTTTGAATT,GAGAAATTACACTA,3,5,77,7,-2.3978952727983707
2745,ACTTTTGAATT,GAGAAATTACACTA,3,10,80,13,-1.817077277212345
2746,ACTTTTGAATT,GAGAAATTACACTA,3,15,57,10,-1.7404661748405044
2747,ACTTTTGAATT,GAGAAATTACACTA,3,20,90,14,-1.8607523407150064
2748,ACTTTTGAATT,GAGAAATTACACTA,3,30,77,20,-1.3480731482996928
2749,ACTTTTGAATT,GAGAAATTACACTA,3,40,31,10,-1.1314021114911006
2750,ACTTTTGAATT,GAGAAATTACACTA,3,50,62,21,-1.0826119473216687
2751,ACTTTTGAATT,GAGAAATTACACTA,3,60,40,6,-1.8971199848858813
2752,ACTTTTGAATT,GAGAAATTACACTA,4,0,59,7,-2.1316272948504063
2753,ACTTTTGAATT,GAGAAATTACACTA,4,2,47,2,-3.157000421150113
2754,ACTTTTGAATT,GAGAAATTACACTA,4,5,38,1,-3.6375861597263857
2755,ACTTTTGAATT,GAGAAATTACACTA,4,10,88,7,-2.531426665422893
2756,ACTTTTGAATT,GAGAAATTACACTA,4,15,56,4,-2.6390573296152584
2757,ACTTTTGAATT,GAGAAATTACACTA,4,20,76,9,-2.1335087629501115
2758,ACTTTTGAATT,GAGAAATTACACTA,4,30,94,26,-1.2851982442485217
2759,ACTTTTGAATT,GAGAAATTACACTA,4,40,76,42,-0.5930637220029626
2760,ACTTTTGAATT,GAGAAATTACACTA,4,50,82,16,-1.6341305250244718
2761,ACTTTTGAATT,GAGAAATTACACTA,4,60,71,16,-1.490091154801534
2762,AGAAACCAAAA,ACGGGTACCTGCGG,2,0,2,7,1.252762968495368
2763,AGAAACCAAAA,ACGGGTACCTGCGG,2,2,1,10,2.3025850929940455
2764,AGAAACCAAAA,ACGGGTACCTGCGG,2,5,1,3,1.0986122886681096
2765,AGAAACCAAAA,ACGGGTACCTGCGG,2,10,4,11,1.0116009116784799
2766,AGAAACCAAAA,ACGGGTACCTGCGG,2,15,5,7,0.33647223662121284
2767,AGAAACCAAAA,ACGGGTACCTGCGG,2,20,3,3,0.0
2768,AGAAACCAAAA,ACGGGTACCTGCGG,2,30,4,6,0.4054651081081644
2769,AGAAACCAAAA,ACGGGTACCTGCGG,2,40,2,3,0.4054651081081644
2770,AGAAACCAAAA,ACGGGTACCTGCGG,2,50,2,6,1.0986122886681096
2771,AGAAACCAAAA,ACGGGTACCTGCGG,2,60,3,4,0.28768207245178085
2772,AGAAACCAAAA,ACGGGTACCTGCGG,3,0,5,8,0.4700036292457356
2773,AGAAACCAAAA,ACGGGTACCTGCGG,3,2,2,7,1.252762968495368
2774,AGAAACCAAAA,ACGGGTACCTGCGG,3,5,1,5,1.6094379124341003
2775,AGAAACCAAAA,ACGGGTACCTGCGG,3,10,3,9,1.0986122886681096
2776,AGAAACCAAAA,ACGGGTACCTGCGG,3,15,2,13,1.8718021769015913
2777,AGAAACCAAAA,ACGGGTACCTGCGG,3,20,2,5,0.916290731874155
2778,AGAAACCAAAA,ACGGGTACCTGCGG,3,30,1,3,1.0986122886681096
2779,AGAAACCAAAA,ACGGGTACCTGCGG,3,40,1,3,1.0986122886681096
2780,AGAAACCAAAA,ACGGGTACCTGCGG,3,50,2,5,0.916290731874155
2781,AGAAACCAAAA,ACGGGTACCTGCGG,3,60,3,5,0.5108256237659907
2782,AGAAACCAAAA,ACGGGTACCTGCGG,4,2,2,11,1.7047480922384253
2783,AGAAACCAAAA,ACGGGTACCTGCGG,4,10,2,12,1.791759469228055
2784,AGAAACCAAAA,ACGGGTACCTGCGG,4,15,3,9,1.0986122886681096
2785,AGAAACCAAAA,ACGGGTACCTGCGG,4,20,2,4,0.6931471805599453
2786,AGAAACCAAAA,ACGGGTACCTGCGG,4,30,1,10,2.3025850929940455
2787,AGAAACCAAAA,ACGGGTACCTGCGG,4,40,1,7,1.9459101490553132
2788,AGAAACCAAAA,ACGGGTACCTGCGG,4,50,2,8,1.3862943611198906
2789,AGAAACCAAAA,ACGGGTACCTGCGG,4,60,3,8,0.9808292530117262
2790,AGAAACGGGCT,TCGCTCGAATTACT,2,0,12,4,-1.0986122886681098
2791,AGAAACGGGCT,TCGCTCGAATTACT,2,2,9,1,-2.1972245773362196
2792,AGAAACGGGCT,TCGCTCGAATTACT,2,5,18,2,-2.1972245773362196
2793,AGAAACGGGCT,TCGCTCGAATTACT,2,10,8,2,-1.3862943611198906
2794,AGAAACGGGCT,TCGCTCGAATTACT,2,15,26,1,-3.2580965380214817
2795,AGAAACGGGCT,TCGCTCGAATTACT,2,20,6,2,-1.0986122886681098
2796,AGAAACGGGCT,TCGCTCGAATTACT,2,30,15,2,-2.0149030205422647
2797,AGAAACGGGCT,TCGCTCGAATTACT,2,40,14,3,-1.5404450409471488
2798,AGAAACGGGCT,TCGCTCGAATTACT,2,50,22,2,-2.3978952727983707
2799,AGAAACGGGCT,TCGCTCGAATTACT,3,5,20,4,-1.6094379124341003
2800,AGAAACGGGCT,TCGCTCGAATTACT,3,10,5,1,-1.6094379124341003
2801,AGAAACGGGCT,TCGCTCGAATTACT,3,20,15,7,-0.7621400520468967
2802,AGAAACGGGCT,TCGCTCGAATTACT,3,30,5,2,-0.916290731874155
2803,AGAAACGGGCT,TCGCTCGAATTACT,3,40,16,2,-2.0794415416798357
2804,AGAAACGGGCT,TCGCTCGAATTACT,3,50,14,6,-0.8472978603872037
2805,AGAAACGGGCT,TCGCTCGAATTACT,4,0,3,1,-1.0986122886681098
2806,AGAAACGGGCT,TCGCTCGAATTACT,4,2,5,3,-0.5108256237659907
2807,AGAAACGGGCT,TCGCTCGAATTACT,4,5,10,1,-2.3025850929940455
2808,AGAAACGGGCT,TCGCTCGAATTACT,4,10,8,3,-0.9808292530117262
2809,AGAAACGGGCT,TCGCTCGAATTACT,4,15,15,3,-1.6094379124341003
2810,AGAAACGGGCT,TCGCTCGAATTACT,4,20,13,2,-1.8718021769015913
2811,AGAAACGGGCT,TCGCTCGAATTACT,4,30,7,1,-1.9459101490553132
2812,AGAAACGGGCT,TCGCTCGAATTACT,4,40,14,1,-2.6390573296152584
2813,AGAAACGGGCT,TCGCTCGAATTACT,4,50,2,1,-0.6931471805599453
2814,AGAAACGGGCT,TCGCTCGAATTACT,4,60,9,1,-2.1972245773362196
2815,AGAAATATCTG,AATCCAAGCCTTGC,3,5,1,2,0.6931471805599453
2816,AGAACCAATAT,AACCTGATTTCCAA,2,50,1,28,3.332204510175204
2817,AGAACCAATAT,AACCTGATTTCCAA,3,50,1,21,3.044522437723423
2818,AGAACCAATAT,AACCTGATTTCCAA,4,60,1,25,3.2188758248682006
2819,AGAAGGAAGTG,AACTTTCTGCCATC,3,60,1,1,0.0
2820,AGACATACACG,AAGGTACTAAATAC,2,0,35,1,-3.5553480614894135
2821,AGACATACACG,AAGGTACTAAATAC,2,2,14,2,-1.9459101490553132
2822,AGACATACACG,AAGGTACTAAATAC,2,5,33,2,-2.803360380906535
2823,AGACATACACG,AAGGTACTAAATAC,2,10,47,6,-2.0583881324820035
2824,AGACATACACG,AAGGTACTAAATAC,2,15,31,12,-0.9490805546971459
2825,AGACATACACG,AAGGTACTAAATAC,2,20,31,6,-1.6422277352570913
2826,AGACATACACG,AAGGTACTAAATAC,2,30,31,9,-1.2367626271489267
2827,AGACATACACG,AAGGTACTAAATAC,2,40,47,13,-1.2851982442485217
2828,AGACATACACG,AAGGTACTAAATAC,2,50,54,11,-1.5910887737659039
2829,AGACATACACG,AAGGTACTAAATAC,2,60,37,27,-0.3150810466398954
2830,AGACATACACG,AAGGTACTAAATAC,3,0,42,9,-1.5404450409471488
2831,AGACATACACG,AAGGTACTAAATAC,3,2,34,2,-2.833213344056216
2832,AGACATACACG,AAGGTACTAAATAC,3,5,23,3,-2.03688192726104
2833,AGACATACACG,AAGGTACTAAATAC,3,10,43,6,-1.9694406464655074
2834,AGACATACACG,AAGGTACTAAATAC,3,15,28,6,-1.5404450409471488
2835,AGACATACACG,AAGGTACTAAATAC,3,20,35,27,-0.25951119548508456
2836,AGACATACACG,AAGGTACTAAATAC,3,30,45,30,-0.40546510810816444
2837,AGACATACACG,AAGGTACTAAATAC,3,40,56,6,-2.2335922215070942
2838,AGACATACACG,AAGGTACTAAATAC,3,50,18,12,-0.40546510810816444
2839,AGACATACACG,AAGGTACTAAATAC,3,60,48,12,-1.3862943611198906
2840,AGACATACACG,AAGGTACTAAATAC,4,0,14,2,-1.9459101490553132
2841,AGACATACACG,AAGGTACTAAATAC,4,5,22,1,-3.0910424533583156
2842,AGACATACACG,AAGGTACTAAATAC,4,10,27,6,-1.5040773967762742
2843,AGACATACACG,AAGGTACTAAATAC,4,20,17,3,-1.7346010553881062
2844,AGACATACACG,AAGGTACTAAATAC,4,30,24,18,-0.2876820724517809
2845,AGACATACACG,AAGGTACTAAATAC,4,40,39,17,-0.8303483020734304
2846,AGACATACACG,AAGGTACTAAATAC,4,50,24,18,-0.2876820724517809
2847,AGACATACACG,AAGGTACTAAATAC,4,60,21,4,-1.6582280766035324
2848,AGACATTAGCA,GATATCATCACGAT,2,0,28,5,-1.7227665977411035
2849,AGACATTAGCA,GATATCATCACGAT,2,2,37,3,-2.512305623976115
2850,AGACATTAGCA,GATATCATCACGAT,2,5,71,2,-3.56953269648137
2851,AGACATTAGCA,GATATCATCACGAT,2,10,62,14,-1.4880770554298328
2852,AGACATTAGCA,GATATCATCACGAT,2,15,58,11,-1.6625477377480489
2853,AGACATTAGCA,GATATCATCACGAT,2,20,59,11,-1.6796421711073488
2854,AGACATTAGCA,GATATCATCACGAT,2,30,45,19,-0.8622235106038793
2855,AGACATTAGCA,GATATCATCACGAT,2,40,79,14,-1.7303905228517629
2856,AGACATTAGCA,GATATCATCACGAT,2,50,61,55,-0.10354067894084033
2857,AGACATTAGCA,GATATCATCACGAT,2,60,79,26,-1.1113513144455394
2858,AGACATTAGCA,GATATCATCACGAT,3,0,49,10,-1.5892352051165808
2859,AGACATTAGCA,GATATCATCACGAT,3,2,41,2,-3.0204248861443626
2860,AGACATTAGCA,GATATCATCACGAT,3,5,37,4,-2.2246235515243336
2861,AGACATTAGCA,GATATCATCACGAT,3,10,84,15,-1.7227665977411035
2862,AGACATTAGCA,GATATCATCACGAT,3,15,56,15,-1.3173014896329391
2863,AGACATTAGCA,GATATCATCACGAT,3,20,67,21,-1.160170181667543
2864,AGACATTAGCA,GATATCATCACGAT,3,30,61,14,-1.4718165345580525
2865,AGACATTAGCA,GATATCATCACGAT,3,40,46,20,-0.832909122935104
2866,AGACATTAGCA,GATATCATCACGAT,3,50,71,17,-1.4294665329850993
2867,AGACATTAGCA,GATATCATCACGAT,3,60,92,31,-1.087801372563894
2868,AGACATTAGCA,GATATCATCACGAT,4,0,46,6,-2.03688192726104
2869,AGACATTAGCA,GATATCATCACGAT,4,2,65,9,-1.9771626925594177
2870,AGACATTAGCA,GATATCATCACGAT,4,5,35,1,-3.5553480614894135
2871,AGACATTAGCA,GATATCATCACGAT,4,10,59,22,-0.9864949905474036
2872,AGACATTAGCA,GATATCATCACGAT,4,15,67,7,-2.2587824703356527
2873,AGACATTAGCA,GATATCATCACGAT,4,20,30,8,-1.3217558399823195
2874,AGACATTAGCA,GATATCATCACGAT,4,30,70,20,-1.252762968495368
2875,AGACATTAGCA,GATATCATCACGAT,4,40,89,36,-0.9051174312760298
2876,AGACATTAGCA,GATATCATCACGAT,4,50,50,12,-1.4271163556401458
2877,AGACATTAGCA,GATATCATCACGAT,4,60,51,30,-0.5306282510621704
2878,AGACTACCGTA,TAACAAAATAAGAC,2,0,72,3,-3.1780538303479458
2879,AGACTACCGTA,TAACAAAATAAGAC,2,2,61,15,-1.402823663071101
2880,AGACTACCGTA,TAACAAAATAAGAC,2,5,30,5,-1.791759469228055
2881,AGACTACCGTA,TAACAAAATAAGAC,2,10,56,9,-1.8281271133989296
2882,AGACTACCGTA,TAACAAAATAAGAC,2,15,64,19,-1.2144441041932312
2883,AGACTACCGTA,TAACAAAATAAGAC,2,20,42,14,-1.0986122886681098
2884,AGACTACCGTA,TAACAAAATAAGAC,2,30,47,19,-0.9057086225436182
2885,AGACTACCGTA,TAACAAAATAAGAC,2,40,59,25,-0.8586616190375187
2886,AGACTACCGTA,TAACAAAATAAGAC,2,50,61,32,-0.6451379613735846
2887,AGACTACCGTA,TAACAAAATAAGAC,2,60,71,44,-0.4784902431230543
2888,AGACTACCGTA,TAACAAAATAAGAC,3,0,59,6,-2.2857779746776643
2889,AGACTACCGTA,TAACAAAATAAGAC,3,2,29,4,-1.9810014688665833
2890,AGACTACCGTA,TAACAAAATAAGAC,3,5,42,4,-2.3513752571634776
2891,AGACTACCGTA,TAACAAAATAAGAC,3,10,63,12,-1.6582280766035324
2892,AGACTACCGTA,TAACAAAATAAGAC,3,15,59,20,-1.0818051703517284
2893,AGACTACCGTA,TAACAAAATAAGAC,3,20,61,33,-0.6143663027068309
2894,AGACTACCGTA,TAACAAAATAAGAC,3,30,45,14,-1.1676051601550612
2895,AGACTACCGTA,TAACAAAATAAGAC,3,40,41,15,-1.0055218656020977
2896,AGACTACCGTA,TAACAAAATAAGAC,3,50,76,29,-0.9634375102998569
2897,AGACTACCGTA,TAACAAAATAAGAC,3,60,49,27,-0.5959834321062976
2898,AGACTACCGTA,TAACAAAATAAGAC,4,0,57,11,-1.6451559950361796
2899,AGACTACCGTA,TAACAAAATAAGAC,4,2,54,11,-1.5910887737659039
2900,AGACTACCGTA,TAACAAAATAAGAC,4,5,48,7,-1.9252908618525775
2901,AGACTACCGTA,TAACAAAATAAGAC,4,10,48,12,-1.3862943611198906
2902,AGACTACCGTA,TAACAAAATAAGAC,4,15,49,10,-1.5892352051165808
2903,AGACTACCGTA,TAACAAAATAAGAC,4,20,44,15,-1.0761394328160512
2904,AGACTACCGTA,TAACAAAATAAGAC,4,30,73,23,-1.1549652252192415
2905,AGACTACCGTA,TAACAAAATAAGAC,4,40,90,27,-1.203972804325936
2906,AGACTACCGTA,TAACAAAATAAGAC,4,50,101,62,-0.4879861317961679
2907,AGACTACCGTA,TAACAAAATAAGAC,4,60,58,31,-0.6264558060612732
2908,AGACTCGGCGT,GGGGAAATCAGGAA,2,20,3,2,-0.40546510810816444
2909,AGACTCGGCGT,GGGGAAATCAGGAA,2,60,9,1,-2.1972245773362196
2910,AGACTCGGCGT,GGGGAAATCAGGAA,3,20,9,1,-2.1972245773362196
2911,AGACTCGGCGT,GGGGAAATCAGGAA,3,50,29,1,-3.3672958299864737
2912,AGACTCGGCGT,GGGGAAATCAGGAA,3,60,1,1,0.0
2913,AGACTCGGCGT,GGGGAAATCAGGAA,4,0,1,2,0.6931471805599453
2914,AGACTCGGCGT,GGGGAAATCAGGAA,4,2,1,1,0.0
2915,AGACTCGGCGT,GGGGAAATCAGGAA,4,10,2,1,-0.6931471805599453
2916,AGACTCGGCGT,GGGGAAATCAGGAA,4,50,6,2,-1.0986122886681098
2917,AGAGATGAAAT,AGACAAATCTTGAT,2,0,75,4,-2.9311937524164198
2918,AGAGATGAAAT,AGACAAATCTTGAT,2,2,77,4,-2.957511060733793
2919,AGAGATGAAAT,AGACAAATCTTGAT,2,5,78,6,-2.5649493574615367
2920,AGAGATGAAAT,AGACAAATCTTGAT,2,10,111,12,-2.2246235515243336
2921,AGAGATGAAAT,AGACAAATCTTGAT,2,15,74,8,-2.2246235515243336
2922,AGAGATGAAAT,AGACAAATCTTGAT,2,20,85,16,-1.670062534250535
2923,AGAGATGAAAT,AGACAAATCTTGAT,2,30,86,21,-1.4098248585300848
2924,AGAGATGAAAT,AGACAAATCTTGAT,2,40,106,19,-1.7190001149456267
2925,AGAGATGAAAT,AGACAAATCTTGAT,2,50,128,28,-1.519825753744413
2926,AGAGATGAAAT,AGACAAATCTTGAT,2,60,111,35,-1.1541821398229204
2927,AGAGATGAAAT,AGACAAATCTTGAT,3,0,90,10,-2.1972245773362196
2928,AGAGATGAAAT,AGACAAATCTTGAT,3,2,75,6,-2.525728644308255
2929,AGAGATGAAAT,AGACAAATCTTGAT,3,5,86,10,-2.151762203259462
2930,AGAGATGAAAT,AGACAAATCTTGAT,3,10,103,21,-1.5902065505062128
2931,AGAGATGAAAT,AGACAAATCTTGAT,3,15,110,24,-1.5224265354444706
2932,AGAGATGAAAT,AGACAAATCTTGAT,3,20,117,13,-2.1972245773362196
2933,AGAGATGAAAT,AGACAAATCTTGAT,3,30,92,18,-1.6314168191528755
2934,AGAGATGAAAT,AGACAAATCTTGAT,3,40,157,27,-1.760408939343979
2935,AGAGATGAAAT,AGACAAATCTTGAT,3,50,126,47,-0.9861343052414193
2936,AGAGATGAAAT,AGACAAATCTTGAT,3,60,104,26,-1.3862943611198906
2937,AGAGATGAAAT,AGACAAATCTTGAT,4,0,62,4,-2.740840023925201
2938,AGAGATGAAAT,AGACAAATCTTGAT,4,2,154,9,-2.8397280250774095
2939,AGAGATGAAAT,AGACAAATCTTGAT,4,5,59,4,-2.691243082785829
2940,AGAGATGAAAT,AGACAAATCTTGAT,4,10,118,20,-1.7749523509116738
2941,AGAGATGAAAT,AGACAAATCTTGAT,4,15,91,27,-1.2150226405125208
2942,AGAGATGAAAT,AGACAAATCTTGAT,4,20,107,13,-2.1078794770003695
2943,AGAGATGAAAT,AGACAAATCTTGAT,4,30,93,32,-1.0668635903535293
2944,AGAGATGAAAT,AGACAAATCTTGAT,4,40,116,37,-1.1426722784621401
2945,AGAGATGAAAT,AGACAAATCTTGAT,4,50,146,50,-1.0715836162801904
2946,AGAGATGAAAT,AGACAAATCTTGAT,4,60,92,23,-1.3862943611198906
2947,AGAGCGGTGCC,TAGGACTGGGGTAT,2,0,3,1,-1.0986122886681098
2948,AGAGCGGTGCC,TAGGACTGGGGTAT,2,5,3,1,-1.0986122886681098
2949,AGAGCGGTGCC,TAGGACTGGGGTAT,2,10,24,4,-1.791759469228055
2950,AGAGCGGTGCC,TAGGACTGGGGTAT,2,30,27,3,-2.1972245773362196
2951,AGAGCGGTGCC,TAGGACTGGGGTAT,3,0,2,1,-0.6931471805599453
2952,AGAGCGGTGCC,TAGGACTGGGGTAT,3,2,7,1,-1.9459101490553132
2953,AGAGCGGTGCC,TAGGACTGGGGTAT,3,5,15,3,-1.6094379124341003
2954,AGAGCGGTGCC,TAGGACTGGGGTAT,3,15,7,2,-1.252762968495368
2955,AGAGCGGTGCC,TAGGACTGGGGTAT,3,30,2,2,0.0
2956,AGAGCGGTGCC,TAGGACTGGGGTAT,4,2,1,1,0.0
2957,AGAGCGGTGCC,TAGGACTGGGGTAT,4,10,12,1,-2.4849066497880004
2958,AGAGCGGTGCC,TAGGACTGGGGTAT,4,15,15,3,-1.6094379124341003
2959,AGAGCGGTGCC,TAGGACTGGGGTAT,4,20,4,1,-1.3862943611198906
2960,AGAGCGGTGCC,TAGGACTGGGGTAT,4,30,3,5,0.5108256237659907
2961,AGAGCGGTGCC,TAGGACTGGGGTAT,4,40,3,2,-0.40546510810816444
2962,AGAGCGGTGCC,TAGGACTGGGGTAT,4,50,6,4,-0.40546510810816444
2963,AGAGCGGTGCC,TAGGACTGGGGTAT,4,60,29,2,-2.6741486494265287
2964,AGAGGAAGGGT,TGCTGCCCAAGAAG,2,0,39,2,-2.970414465569701
2965,AGAGGAAGGGT,TGCTGCCCAAGAAG,2,2,45,3,-2.70805020110221
2966,AGAGGAAGGGT,TGCTGCCCAAGAAG,2,5,42,1,-3.7376696182833684
2967,AGAGGAAGGGT,TGCTGCCCAAGAAG,2,10,45,2,-3.1135153092103742
2968,AGAGGAAGGGT,TGCTGCCCAAGAAG,2,15,31,4,-2.0476928433652555
2969,AGAGGAAGGGT,TGCTGCCCAAGAAG,2,20,30,1,-3.4011973816621555
2970,AGAGGAAGGGT,TGCTGCCCAAGAAG,2,30,37,1,-3.6109179126442243
2971,AGAGGAAGGGT,TGCTGCCCAAGAAG,2,40,60,1,-4.0943445622221
2972,AGAGGAAGGGT,TGCTGCCCAAGAAG,2,50,39,1,-3.6635616461296463
2973,AGAGGAAGGGT,TGCTGCCCAAGAAG,2,60,45,3,-2.70805020110221
2974,AGAGGAAGGGT,TGCTGCCCAAGAAG,3,2,27,1,-3.295836866004329
2975,AGAGGAAGGGT,TGCTGCCCAAGAAG,3,10,58,3,-2.9618307218783095
2976,AGAGGAAGGGT,TGCTGCCCAAGAAG,3,15,36,1,-3.58351893845611
2977,AGAGGAAGGGT,TGCTGCCCAAGAAG,3,20,35,3,-2.456735772821304
2978,AGAGGAAGGGT,TGCTGCCCAAGAAG,3,30,40,1,-3.6888794541139363
2979,AGAGGAAGGGT,TGCTGCCCAAGAAG,4,0,50,4,-2.525728644308255
2980,AGAGGAAGGGT,TGCTGCCCAAGAAG,4,2,41,6,-1.9218125974762528
2981,AGAGGAAGGGT,TGCTGCCCAAGAAG,4,5,23,1,-3.1354942159291497
2982,AGAGGAAGGGT,TGCTGCCCAAGAAG,4,10,68,3,-3.120895416507997
2983,AGAGGAAGGGT,TGCTGCCCAAGAAG,4,15,29,1,-3.3672958299864737
2984,AGAGGAAGGGT,TGCTGCCCAAGAAG,4,20,30,2,-2.70805020110221
2985,AGAGGAAGGGT,TGCTGCCCAAGAAG,4,40,34,2,-2.833213344056216
2986,AGAGGAAGGGT,TGCTGCCCAAGAAG,4,50,64,3,-3.060270794691562
2987,AGAGGAAGGGT,TGCTGCCCAAGAAG,4,60,76,3,-3.2321210516182215
2988,AGAGGGGTCTA,CCATAAAAAACAAT,2,0,12,1,-2.4849066497880004
2989,AGAGGGGTCTA,CCATAAAAAACAAT,2,2,10,3,-1.203972804325936
2990,AGAGGGGTCTA,CCATAAAAAACAAT,2,5,13,2,-1.8718021769015913
2991,AGAGGGGTCTA,CCATAAAAAACAAT,2,15,24,2,-2.4849066497880004
2992,AGAGGGGTCTA,CCATAAAAAACAAT,2,20,13,3,-1.466337068793427
2993,AGAGGGGTCTA,CCATAAAAAACAAT,2,30,9,3,-1.0986122886681098
2994,AGAGGGGTCTA,CCATAAAAAACAAT,2,40,15,1,-2.70805020110221
2995,AGAGGGGTCTA,CCATAAAAAACAAT,2,50,30,7,-1.455287232606842
2996,AGAGGGGTCTA,CCATAAAAAACAAT,2,60,12,1,-2.4849066497880004
2997,AGAGGGGTCTA,CCATAAAAAACAAT,3,0,21,2,-2.3513752571634776
2998,AGAGGGGTCTA,CCATAAAAAACAAT,3,5,21,1,-3.044522437723423
2999,AGAGGGGTCTA,CCATAAAAAACAAT,3,10,21,1,-3.044522437723423
3000,AGAGGGGTCTA,CCATAAAAAACAAT,3,20,6,1,-1.791759469228055
3001,AGAGGGGTCTA,CCATAAAAAACAAT,3,30,7,2,-1.252762968495368
3002,AGAGGGGTCTA,CCATAAAAAACAAT,3,50,19,1,-2.9444389791664403
3003,AGAGGGGTCTA,CCATAAAAAACAAT,4,5,11,2,-1.7047480922384253
3004,AGAGGGGTCTA,CCATAAAAAACAAT,4,15,29,4,-1.9810014688665833
3005,AGAGGGGTCTA,CCATAAAAAACAAT,4,30,15,2,-2.0149030205422647
3006,AGAGGGGTCTA,CCATAAAAAACAAT,4,40,16,9,-0.5753641449035618
3007,AGAGGGGTCTA,CCATAAAAAACAAT,4,50,19,8,-0.8649974374866045
3008,AGAGGGGTCTA,CCATAAAAAACAAT,4,60,9,1,-2.1972245773362196
3009,AGATAATGCAA,AAATAAAATGCAGA,2,0,119,19,-1.834684513945089
3010,AGATAATGCAA,AAATAAAATGCAGA,2,2,121,19,-1.8513515664303006
3011,AGATAATGCAA,AAATAAAATGCAGA,2,5,76,11,-1.9328380674879604
3012,AGATAATGCAA,AAATAAAATGCAGA,2,10,150,13,-2.445685936634719
3013,AGATAATGCAA,AAATAAAATGCAGA,2,15,168,19,-2.1795250002368185
3014,AGATAATGCAA,AAATAAAATGCAGA,2,20,126,25,-1.6174060820832772
3015,AGATAATGCAA,AAATAAAATGCAGA,2,30,106,11,-2.2655438213136967
3016,AGATAATGCAA,AAATAAAATGCAGA,2,40,163,15,-2.3856999997045523
3017,AGATAATGCAA,AAATAAAATGCAGA,2,50,128,20,-1.856297990365626
3018,AGATAATGCAA,AAATAAAATGCAGA,2,60,158,14,-2.423537703411708
3019,AGATAATGCAA,AAATAAAATGCAGA,3,0,107,13,-2.1078794770003695
3020,AGATAATGCAA,AAATAAAATGCAGA,3,2,101,23,-1.4796263009121098
3021,AGATAATGCAA,AAATAAAATGCAGA,3,5,124,15,-2.1122313645028266
3022,AGATAATGCAA,AAATAAAATGCAGA,3,10,146,17,-2.15039327765212
3023,AGATAATGCAA,AAATAAAATGCAGA,3,15,105,16,-1.881371627917742
3024,AGATAATGCAA,AAATAAAATGCAGA,3,20,152,20,-2.028148247292285
3025,AGATAATGCAA,AAATAAAATGCAGA,3,30,108,13,-2.1171818696626827
3026,AGATAATGCAA,AAATAAAATGCAGA,3,40,162,19,-2.1431573560659434
3027,AGATAATGCAA,AAATAAAATGCAGA,3,50,113,26,-1.4692912806908585
3028,AGATAATGCAA,AAATAAAATGCAGA,3,60,111,12,-2.2246235515243336
3029,AGATAATGCAA,AAATAAAATGCAGA,4,0,135,17,-2.0720614343822135
3030,AGATAATGCAA,AAATAAAATGCAGA,4,2,172,32,-1.6817585740137264
3031,AGATAATGCAA,AAATAAAATGCAGA,4,5,122,7,-2.8581108956779433
3032,AGATAATGCAA,AAATAAAATGCAGA,4,10,126,18,-1.9459101490553132
3033,AGATAATGCAA,AAATAAAATGCAGA,4,15,99,14,-1.9560625205193314
3034,AGATAATGCAA,AAATAAAATGCAGA,4,20,105,19,-1.7095213709910828
3035,AGATAATGCAA,AAATAAAATGCAGA,4,30,139,16,-2.1618852108909103
3036,AGATAATGCAA,AAATAAAATGCAGA,4,40,149,26,-1.745849767923977
3037,AGATAATGCAA,AAATAAAATGCAGA,4,50,116,16,-1.9810014688665833
3038,AGATAATGCAA,AAATAAAATGCAGA,4,60,105,14,-2.0149030205422647
3039,AGATACATCAC,AGAGTGACTACTGT,4,30,1,18,2.8903717578961645
3040,AGATACATCAC,AGAGTGACTACTGT,4,50,1,32,3.4657359027997265
3041,AGATCTACAGT,AGCACCTTCTGAGA,2,0,102,10,-2.322387720290225
3042,AGATCTACAGT,AGCACCTTCTGAGA,2,2,107,11,-2.2749335616635356
3043,AGATCTACAGT,AGCACCTTCTGAGA,2,5,120,11,-2.3895964699836756
3044,AGATCTACAGT,AGCACCTTCTGAGA,2,10,124,22,-1.729239112246721
3045,AGATCTACAGT,AGCACCTTCTGAGA,2,15,161,45,-1.2747418752141433
3046,AGATCTACAGT,AGCACCTTCTGAGA,2,20,182,39,-1.5404450409471488
3047,AGATCTACAGT,AGCACCTTCTGAGA,2,30,157,48,-1.1850447944404172
3048,AGATCTACAGT,AGCACCTTCTGAGA,2,40,183,48,-1.33828514193353
3049,AGATCTACAGT,AGCACCTTCTGAGA,2,50,159,52,-1.1176604836388042
3050,AGATCTACAGT,AGCACCTTCTGAGA,2,60,157,73,-0.7657863641999169
3051,AGATCTACAGT,AGCACCTTCTGAGA,3,0,126,14,-2.1972245773362196
3052,AGATCTACAGT,AGCACCTTCTGAGA,3,2,81,16,-1.6218604324326575
3053,AGATCTACAGT,AGCACCTTCTGAGA,3,5,115,7,-2.7990219793079367
3054,AGATCTACAGT,AGCACCTTCTGAGA,3,10,144,31,-1.5358260950908542
3055,AGATCTACAGT,AGCACCTTCTGAGA,3,15,131,34,-1.34883679858499
3056,AGATCTACAGT,AGCACCTTCTGAGA,3,20,140,25,-1.7227665977411035
3057,AGATCTACAGT,AGCACCTTCTGAGA,3,30,128,39,-1.1884686177899706
3058,AGATCTACAGT,AGCACCTTCTGAGA,3,40,175,48,-1.293584963015623
3059,AGATCTACAGT,AGCACCTTCTGAGA,3,50,111,43,-0.9483300856187717
3060,AGATCTACAGT,AGCACCTTCTGAGA,3,60,160,37,-1.4642559025896025
3061,AGATCTACAGT,AGCACCTTCTGAGA,4,0,101,7,-2.669210367785946
3062,AGATCTACAGT,AGCACCTTCTGAGA,4,2,133,11,-2.492453855423383
3063,AGATCTACAGT,AGCACCTTCTGAGA,4,5,80,7,-2.436116485618568
3064,AGATCTACAGT,AGCACCTTCTGAGA,4,10,134,32,-1.4321038971511848
3065,AGATCTACAGT,AGCACCTTCTGAGA,4,15,86,18,-1.563975538357343
3066,AGATCTACAGT,AGCACCTTCTGAGA,4,20,105,24,-1.4759065198095778
3067,AGATCTACAGT,AGCACCTTCTGAGA,4,30,133,38,-1.252762968495368
3068,AGATCTACAGT,AGCACCTTCTGAGA,4,40,121,45,-0.9891280558264213
3069,AGATCTACAGT,AGCACCTTCTGAGA,4,50,179,68,-0.9678781006646483
3070,AGATCTACAGT,AGCACCTTCTGAGA,4,60,111,20,-1.713797927758343
3071,AGATGGTATCA,CTTGGCATGTTGCG,2,0,29,1,-3.3672958299864737
3072,AGATGGTATCA,CTTGGCATGTTGCG,2,2,24,2,-2.4849066497880004
3073,AGATGGTATCA,CTTGGCATGTTGCG,2,5,13,1,-2.5649493574615367
3074,AGATGGTATCA,CTTGGCATGTTGCG,2,10,22,3,-1.992430164690206
3075,AGATGGTATCA,CTTGGCATGTTGCG,2,15,23,3,-2.03688192726104
3076,AGATGGTATCA,CTTGGCATGTTGCG,2,20,16,7,-0.8266785731844679
3077,AGATGGTATCA,CTTGGCATGTTGCG,2,40,27,2,-2.6026896854443837
3078,AGATGGTATCA,CTTGGCATGTTGCG,2,60,33,5,-1.8870696490323797
3079,AGATGGTATCA,CTTGGCATGTTGCG,3,0,29,4,-1.9810014688665833
3080,AGATGGTATCA,CTTGGCATGTTGCG,3,5,22,1,-3.0910424533583156
3081,AGATGGTATCA,CTTGGCATGTTGCG,3,10,36,5,-1.9740810260220094
3082,AGATGGTATCA,CTTGGCATGTTGCG,3,15,32,3,-2.367123614131617
3083,AGATGGTATCA,CTTGGCATGTTGCG,3,20,16,5,-1.1631508098056809
3084,AGATGGTATCA,CTTGGCATGTTGCG,3,30,39,10,-1.3609765531356008
3085,AGATGGTATCA,CTTGGCATGTTGCG,3,40,19,2,-2.2512917986064953
3086,AGATGGTATCA,CTTGGCATGTTGCG,3,50,47,1,-3.8501476017100584
3087,AGATGGTATCA,CTTGGCATGTTGCG,3,60,34,2,-2.833213344056216
3088,AGATGGTATCA,CTTGGCATGTTGCG,4,2,25,2,-2.525728644308255
3089,AGATGGTATCA,CTTGGCATGTTGCG,4,5,30,1,-3.4011973816621555
3090,AGATGGTATCA,CTTGGCATGTTGCG,4,10,36,3,-2.4849066497880004
3091,AGATGGTATCA,CTTGGCATGTTGCG,4,15,20,2,-2.3025850929940455
3092,AGATGGTATCA,CTTGGCATGTTGCG,4,30,25,15,-0.5108256237659907
3093,AGATGGTATCA,CTTGGCATGTTGCG,4,40,29,4,-1.9810014688665833
3094,AGATGGTATCA,CTTGGCATGTTGCG,4,50,38,10,-1.3350010667323402
3095,AGATGGTATCA,CTTGGCATGTTGCG,4,60,41,7,-1.7676619176489945
3096,AGATTAATATA,CAATGAATATTAAT,2,50,1,134,4.897839799950911
3097,AGATTAATATA,CAATGAATATTAAT,2,60,1,100,4.605170185988091
3098,AGATTAATATA,CAATGAATATTAAT,4,60,1,58,4.060443010546419
3099,AGATTCTTGCC,TAGTGTGATGTAGC,3,20,1,13,2.5649493574615367
3100,AGATTCTTGCC,TAGTGTGATGTAGC,4,60,1,6,1.791759469228055
3101,AGCAACCGTTG,CCAAGAAGCATCCA,2,0,24,1,-3.1780538303479458
3102,AGCAACCGTTG,CCAAGAAGCATCCA,2,2,25,2,-2.525728644308255
3103,AGCAACCGTTG,CCAAGAAGCATCCA,2,15,21,3,-1.9459101490553132
3104,AGCAACCGTTG,CCAAGAAGCATCCA,2,20,29,1,-3.3672958299864737
3105,AGCAACCGTTG,CCAAGAAGCATCCA,2,30,21,3,-1.9459101490553132
3106,AGCAACCGTTG,CCAAGAAGCATCCA,2,40,54,8,-1.9095425048844383
3107,AGCAACCGTTG,CCAAGAAGCATCCA,2,50,33,2,-2.803360380906535
3108,AGCAACCGTTG,CCAAGAAGCATCCA,2,60,23,1,-3.1354942159291497
3109,AGCAACCGTTG,CCAAGAAGCATCCA,3,2,9,1,-2.1972245773362196
3110,AGCAACCGTTG,CCAAGAAGCATCCA,3,15,23,4,-1.749199854809259
3111,AGCAACCGTTG,CCAAGAAGCATCCA,3,20,18,3,-1.791759469228055
3112,AGCAACCGTTG,CCAAGAAGCATCCA,3,40,22,3,-1.992430164690206
3113,AGCAACCGTTG,CCAAGAAGCATCCA,3,50,17,1,-2.833213344056216
3114,AGCAACCGTTG,CCAAGAAGCATCCA,4,0,34,4,-2.1400661634962708
3115,AGCAACCGTTG,CCAAGAAGCATCCA,4,2,17,1,-2.833213344056216
3116,AGCAACCGTTG,CCAAGAAGCATCCA,4,5,27,2,-2.6026896854443837
3117,AGCAACCGTTG,CCAAGAAGCATCCA,4,10,28,5,-1.7227665977411035
3118,AGCAACCGTTG,CCAAGAAGCATCCA,4,15,13,3,-1.466337068793427
3119,AGCAACCGTTG,CCAAGAAGCATCCA,4,20,12,1,-2.4849066497880004
3120,AGCAACCGTTG,CCAAGAAGCATCCA,4,30,22,1,-3.0910424533583156
3121,AGCAACCGTTG,CCAAGAAGCATCCA,4,40,18,3,-1.791759469228055
3122,AGCAACCGTTG,CCAAGAAGCATCCA,4,50,17,1,-2.833213344056216
3123,AGCAACCGTTG,CCAAGAAGCATCCA,4,60,36,3,-2.4849066497880004
3124,AGCAGCCCTAA,CGATCGCGTGCCTA,2,0,174,7,-3.2131451501592156
3125,AGCAGCCCTAA,CGATCGCGTGCCTA,2,2,207,10,-3.0301337002713233
3126,AGCAGCCCTAA,CGATCGCGTGCCTA,2,5,164,6,-3.3081069585961433
3127,AGCAGCCCTAA,CGATCGCGTGCCTA,2,10,200,36,-1.7147984280919266
3128,AGCAGCCCTAA,CGATCGCGTGCCTA,2,15,140,31,-1.507655218124158
3129,AGCAGCCCTAA,CGATCGCGTGCCTA,2,20,217,30,-1.978699971878304
3130,AGCAGCCCTAA,CGATCGCGTGCCTA,2,30,280,76,-1.3040562628829186
3131,AGCAGCCCTAA,CGATCGCGTGCCTA,2,40,183,26,-1.9513896148199388
3132,AGCAGCCCTAA,CGATCGCGTGCCTA,2,50,193,43,-1.5014900732113232
3133,AGCAGCCCTAA,CGATCGCGTGCCTA,2,60,238,38,-1.834684513945089
3134,AGCAGCCCTAA,CGATCGCGTGCCTA,3,0,125,10,-2.525728644308255
3135,AGCAGCCCTAA,CGATCGCGTGCCTA,3,2,177,12,-2.691243082785829
3136,AGCAGCCCTAA,CGATCGCGTGCCTA,3,5,164,9,-2.9026418504879787
3137,AGCAGCCCTAA,CGATCGCGTGCCTA,3,10,251,31,-2.0914657346466377
3138,AGCAGCCCTAA,CGATCGCGTGCCTA,3,15,157,39,-1.3926841592186616
3139,AGCAGCCCTAA,CGATCGCGTGCCTA,3,20,149,22,-1.9129038525871431
3140,AGCAGCCCTAA,CGATCGCGTGCCTA,3,30,128,33,-1.3555227024531369
3141,AGCAGCCCTAA,CGATCGCGTGCCTA,3,40,222,48,-1.5314763709643884
3142,AGCAGCCCTAA,CGATCGCGTGCCTA,3,50,179,55,-1.180052620608284
3143,AGCAGCCCTAA,CGATCGCGTGCCTA,3,60,208,26,-2.0794415416798357
3144,AGCAGCCCTAA,CGATCGCGTGCCTA,4,0,137,6,-3.1282214566000697
3145,AGCAGCCCTAA,CGATCGCGTGCCTA,4,2,150,12,-2.525728644308255
3146,AGCAGCCCTAA,CGATCGCGTGCCTA,4,5,109,3,-3.592735593561034
3147,AGCAGCCCTAA,CGATCGCGTGCCTA,4,10,177,27,-1.8803128665695
3148,AGCAGCCCTAA,CGATCGCGTGCCTA,4,15,161,20,-2.085672091430472
3149,AGCAGCCCTAA,CGATCGCGTGCCTA,4,20,197,24,-2.1051498983900427
3150,AGCAGCCCTAA,CGATCGCGTGCCTA,4,30,178,44,-1.397593916373824
3151,AGCAGCCCTAA,CGATCGCGTGCCTA,4,40,203,54,-1.3242219324775129
3152,AGCAGCCCTAA,CGATCGCGTGCCTA,4,50,225,54,-1.4271163556401458
3153,AGCAGCCCTAA,CGATCGCGTGCCTA,4,60,198,25,-2.069391205826334
3154,AGCCACTTGCT,AGTTCGCCCCCCAC,2,20,1,19,2.9444389791664403
3155,AGCGGCTGCAT,GATGACGTGAGTCT,3,5,1,5,1.6094379124341003
3156,AGCTACACTCA,TCACGCCTTAAATA,2,0,618,68,-2.206980752281584
3157,AGCTACACTCA,TCACGCCTTAAATA,2,2,720,62,-2.4521168269650095
3158,AGCTACACTCA,TCACGCCTTAAATA,2,5,684,44,-2.743768283704289
3159,AGCTACACTCA,TCACGCCTTAAATA,2,10,851,67,-2.541719509182408
3160,AGCTACACTCA,TCACGCCTTAAATA,2,15,850,80,-2.3632097148104805
3161,AGCTACACTCA,TCACGCCTTAAATA,2,20,919,110,-2.1228057565632708
3162,AGCTACACTCA,TCACGCCTTAAATA,2,30,918,99,-2.2270775404859005
3163,AGCTACACTCA,TCACGCCTTAAATA,2,40,928,104,-2.1886408336448278
3164,AGCTACACTCA,TCACGCCTTAAATA,2,50,806,142,-1.7362566849053676
3165,AGCTACACTCA,TCACGCCTTAAATA,2,60,777,103,-2.0207113621380115
3166,AGCTACACTCA,TCACGCCTTAAATA,3,0,714,54,-2.58189891577531
3167,AGCTACACTCA,TCACGCCTTAAATA,3,2,644,49,-2.575878427993727
3168,AGCTACACTCA,TCACGCCTTAAATA,3,5,718,75,-2.2589814555119134
3169,AGCTACACTCA,TCACGCCTTAAATA,3,10,960,101,-2.2518127676206223
3170,AGCTACACTCA,TCACGCCTTAAATA,3,15,987,112,-2.176171168138387
3171,AGCTACACTCA,TCACGCCTTAAATA,3,20,792,94,-2.1312666095444217
3172,AGCTACACTCA,TCACGCCTTAAATA,3,30,655,92,-1.9628466585862114
3173,AGCTACACTCA,TCACGCCTTAAATA,3,40,792,99,-2.0794415416798357
3174,AGCTACACTCA,TCACGCCTTAAATA,3,50,839,135,-1.8269359280287767
3175,AGCTACACTCA,TCACGCCTTAAATA,3,60,743,105,-1.9567356945602357
3176,AGCTACACTCA,TCACGCCTTAAATA,4,0,610,46,-2.5848175606782617
3177,AGCTACACTCA,TCACGCCTTAAATA,4,2,855,76,-2.420368128650429
3178,AGCTACACTCA,TCACGCCTTAAATA,4,5,622,48,-2.561739081831288
3179,AGCTACACTCA,TCACGCCTTAAATA,4,10,833,101,-2.1099131253255834
3180,AGCTACACTCA,TCACGCCTTAAATA,4,15,575,35,-2.7990219793079367
3181,AGCTACACTCA,TCACGCCTTAAATA,4,20,658,75,-2.1717168177890067
3182,AGCTACACTCA,TCACGCCTTAAATA,4,30,616,82,-2.0165277162692665
3183,AGCTACACTCA,TCACGCCTTAAATA,4,40,897,152,-1.7751753412125195
3184,AGCTACACTCA,TCACGCCTTAAATA,4,50,858,153,-1.7241661780955266
3185,AGCTACACTCA,TCACGCCTTAAATA,4,60,763,95,-2.083381139683916
3186,AGCTATACGCA,TACTGCTCTTAGTA,2,5,1,2,0.6931471805599453
3187,AGCTATTCCTT,GTAAGAGCCTTGCA,2,50,1,13,2.5649493574615367
3188,AGCTCAGGGCT,GTAACCATCTGCGG,2,0,11,1,-2.3978952727983707
3189,AGCTCAGGGCT,GTAACCATCTGCGG,2,2,20,2,-2.3025850929940455
3190,AGCTCAGGGCT,GTAACCATCTGCGG,2,15,22,2,-2.3978952727983707
3191,AGCTCAGGGCT,GTAACCATCTGCGG,2,20,11,2,-1.7047480922384253
3192,AGCTCAGGGCT,GTAACCATCTGCGG,2,40,12,3,-1.3862943611198906
3193,AGCTCAGGGCT,GTAACCATCTGCGG,2,50,16,5,-1.1631508098056809
3194,AGCTCAGGGCT,GTAACCATCTGCGG,2,60,17,4,-1.4469189829363254
3195,AGCTCAGGGCT,GTAACCATCTGCGG,3,2,15,1,-2.70805020110221
3196,AGCTCAGGGCT,GTAACCATCTGCGG,3,5,15,2,-2.0149030205422647
3197,AGCTCAGGGCT,GTAACCATCTGCGG,3,10,17,2,-2.1400661634962708
3198,AGCTCAGGGCT,GTAACCATCTGCGG,3,15,17,6,-1.041453874828161
3199,AGCTCAGGGCT,GTAACCATCTGCGG,3,20,15,3,-1.6094379124341003
3200,AGCTCAGGGCT,GTAACCATCTGCGG,3,30,10,2,-1.6094379124341003
3201,AGCTCAGGGCT,GTAACCATCTGCGG,3,50,18,3,-1.791759469228055
3202,AGCTCAGGGCT,GTAACCATCTGCGG,3,60,27,3,-2.1972245773362196
3203,AGCTCAGGGCT,GTAACCATCTGCGG,4,0,15,1,-2.70805020110221
3204,AGCTCAGGGCT,GTAACCATCTGCGG,4,2,19,2,-2.2512917986064953
3205,AGCTCAGGGCT,GTAACCATCTGCGG,4,10,20,7,-1.0498221244986778
3206,AGCTCAGGGCT,GTAACCATCTGCGG,4,15,12,2,-1.791759469228055
3207,AGCTCAGGGCT,GTAACCATCTGCGG,4,20,14,2,-1.9459101490553132
3208,AGCTCAGGGCT,GTAACCATCTGCGG,4,40,29,8,-1.287854288306638
3209,AGCTCAGGGCT,GTAACCATCTGCGG,4,50,35,4,-2.169053700369523
3210,AGCTGTTGGGT,TTCTCAGCTAAGAG,2,2,6,1,-1.791759469228055
3211,AGCTGTTGGGT,TTCTCAGCTAAGAG,2,15,8,1,-2.0794415416798357
3212,AGCTGTTGGGT,TTCTCAGCTAAGAG,2,60,5,1,-1.6094379124341003
3213,AGCTGTTGGGT,TTCTCAGCTAAGAG,3,5,23,3,-2.03688192726104
3214,AGCTGTTGGGT,TTCTCAGCTAAGAG,3,10,6,1,-1.791759469228055
3215,AGCTGTTGGGT,TTCTCAGCTAAGAG,3,15,17,1,-2.833213344056216
3216,AGCTGTTGGGT,TTCTCAGCTAAGAG,3,50,12,1,-2.4849066497880004
3217,AGCTGTTGGGT,TTCTCAGCTAAGAG,3,60,4,1,-1.3862943611198906
3218,AGCTGTTGGGT,TTCTCAGCTAAGAG,4,10,12,2,-1.791759469228055
3219,AGCTGTTGGGT,TTCTCAGCTAAGAG,4,50,39,2,-2.970414465569701
3220,AGGAAAGTTGA,GCCACGTTAAACAG,4,15,1,8,2.0794415416798357
3221,AGGAAAGTTGA,GCCACGTTAAACAG,4,40,1,7,1.9459101490553132
3222,AGGAACTGTTG,TAAGGGACCTAACA,4,20,1,1,0.0
3223,AGGAATGTCTG,TACTCTTCGTATAT,2,0,15,1,-2.70805020110221
3224,AGGAATGTCTG,TACTCTTCGTATAT,2,2,9,1,-2.1972245773362196
3225,AGGAATGTCTG,TACTCTTCGTATAT,2,10,17,2,-2.1400661634962708
3226,AGGAATGTCTG,TACTCTTCGTATAT,2,20,3,3,0.0
3227,AGGAATGTCTG,TACTCTTCGTATAT,2,50,23,7,-1.1895840668738362
3228,AGGAATGTCTG,TACTCTTCGTATAT,2,60,8,1,-2.0794415416798357
3229,AGGAATGTCTG,TACTCTTCGTATAT,3,2,4,1,-1.3862943611198906
3230,AGGAATGTCTG,TACTCTTCGTATAT,3,10,18,3,-1.791759469228055
3231,AGGAATGTCTG,TACTCTTCGTATAT,3,15,14,1,-2.6390573296152584
3232,AGGAATGTCTG,TACTCTTCGTATAT,3,20,13,4,-1.178654996341646
3233,AGGAATGTCTG,TACTCTTCGTATAT,3,30,20,1,-2.995732273553991
3234,AGGAATGTCTG,TACTCTTCGTATAT,3,40,19,3,-1.8458266904983307
3235,AGGAATGTCTG,TACTCTTCGTATAT,3,50,17,1,-2.833213344056216
3236,AGGAATGTCTG,TACTCTTCGTATAT,3,60,9,3,-1.0986122886681098
3237,AGGAATGTCTG,TACTCTTCGTATAT,4,2,11,1,-2.3978952727983707
3238,AGGAATGTCTG,TACTCTTCGTATAT,4,10,19,1,-2.9444389791664403
3239,AGGAATGTCTG,TACTCTTCGTATAT,4,40,11,4,-1.0116009116784799
3240,AGGAATGTCTG,TACTCTTCGTATAT,4,50,12,3,-1.3862943611198906
3241,AGGAATGTCTG,TACTCTTCGTATAT,4,60,11,1,-2.3978952727983707
3242,AGGCACGCTGA,TGACCCTATTACAG,2,10,4,1,-1.3862943611198906
3243,AGGCACGCTGA,TGACCCTATTACAG,2,20,19,3,-1.8458266904983307
3244,AGGCACGCTGA,TGACCCTATTACAG,2,30,9,1,-2.1972245773362196
3245,AGGCACGCTGA,TGACCCTATTACAG,2,50,7,1,-1.9459101490553132
3246,AGGCACGCTGA,TGACCCTATTACAG,3,30,3,2,-0.40546510810816444
3247,AGGCACGCTGA,TGACCCTATTACAG,3,40,4,4,0.0
3248,AGGCACGCTGA,TGACCCTATTACAG,3,50,3,1,-1.0986122886681098
3249,AGGCACGCTGA,TGACCCTATTACAG,4,0,6,1,-1.791759469228055
3250,AGGGGAAAAGG,ACGCGGACTAGTCA,3,60,1,1,0.0
3251,AGGGGAAAAGG,ACGCGGACTAGTCA,4,60,1,3,1.0986122886681096
3252,AGGGTGATATG,CCCTATGATACAAG,4,50,1,4,1.3862943611198906
3253,AGGTCCGCAAC,ACTGCGGAAAAAAA,2,0,54,6,-2.1972245773362196
3254,AGGTCCGCAAC,ACTGCGGAAAAAAA,2,2,66,7,-2.243744592971112
3255,AGGTCCGCAAC,ACTGCGGAAAAAAA,2,5,66,4,-2.803360380906535
3256,AGGTCCGCAAC,ACTGCGGAAAAAAA,2,10,106,9,-2.466214516775848
3257,AGGTCCGCAAC,ACTGCGGAAAAAAA,2,15,110,13,-2.1355310083308794
3258,AGGTCCGCAAC,ACTGCGGAAAAAAA,2,20,90,26,-1.241713132308783
3259,AGGTCCGCAAC,ACTGCGGAAAAAAA,2,30,85,18,-1.5522794985941517
3260,AGGTCCGCAAC,ACTGCGGAAAAAAA,2,40,50,24,-0.7339691750802004
3261,AGGTCCGCAAC,ACTGCGGAAAAAAA,2,50,83,46,-0.5901992113075029
3262,AGGTCCGCAAC,ACTGCGGAAAAAAA,2,60,88,29,-1.1100409844917325
3263,AGGTCCGCAAC,ACTGCGGAAAAAAA,3,0,97,7,-2.6288008294480694
3264,AGGTCCGCAAC,ACTGCGGAAAAAAA,3,2,60,2,-3.4011973816621555
3265,AGGTCCGCAAC,ACTGCGGAAAAAAA,3,5,82,4,-3.0204248861443626
3266,AGGTCCGCAAC,ACTGCGGAAAAAAA,3,10,77,12,-1.8588987720656835
3267,AGGTCCGCAAC,ACTGCGGAAAAAAA,3,15,97,13,-2.009761621041846
3268,AGGTCCGCAAC,ACTGCGGAAAAAAA,3,20,133,40,-1.2014696741078175
3269,AGGTCCGCAAC,ACTGCGGAAAAAAA,3,30,57,12,-1.55814461804655
3270,AGGTCCGCAAC,ACTGCGGAAAAAAA,3,40,59,18,-1.1871656860095547
3271,AGGTCCGCAAC,ACTGCGGAAAAAAA,3,50,107,35,-1.1174807729724925
3272,AGGTCCGCAAC,ACTGCGGAAAAAAA,3,60,74,20,-1.3083328196501787
3273,AGGTCCGCAAC,ACTGCGGAAAAAAA,4,0,94,8,-2.463853240590168
3274,AGGTCCGCAAC,ACTGCGGAAAAAAA,4,2,90,5,-2.8903717578961645
3275,AGGTCCGCAAC,ACTGCGGAAAAAAA,4,5,62,8,-2.0476928433652555
3276,AGGTCCGCAAC,ACTGCGGAAAAAAA,4,10,126,21,-1.791759469228055
3277,AGGTCCGCAAC,ACTGCGGAAAAAAA,4,15,37,5,-2.001480000210124
3278,AGGTCCGCAAC,ACTGCGGAAAAAAA,4,20,110,20,-1.7047480922384253
3279,AGGTCCGCAAC,ACTGCGGAAAAAAA,4,30,85,13,-1.8777018990287795
3280,AGGTCCGCAAC,ACTGCGGAAAAAAA,4,40,125,28,-1.496109227127097
3281,AGGTCCGCAAC,ACTGCGGAAAAAAA,4,50,97,41,-0.861138911799075
3282,AGGTCCGCAAC,ACTGCGGAAAAAAA,4,60,74,27,-1.0082282271998406
3283,AGGTGTGATGC,AGACAAAGGAATTA,2,0,7,2,-1.252762968495368
3284,AGGTGTGATGC,AGACAAAGGAATTA,2,2,27,2,-2.6026896854443837
3285,AGGTGTGATGC,AGACAAAGGAATTA,2,10,23,3,-2.03688192726104
3286,AGGTGTGATGC,AGACAAAGGAATTA,2,15,4,1,-1.3862943611198906
3287,AGGTGTGATGC,AGACAAAGGAATTA,2,20,10,8,-0.2231435513142097
3288,AGGTGTGATGC,AGACAAAGGAATTA,2,30,23,19,-0.19105523676270925
3289,AGGTGTGATGC,AGACAAAGGAATTA,2,40,24,18,-0.2876820724517809
3290,AGGTGTGATGC,AGACAAAGGAATTA,2,50,18,28,0.44183275227903923
3291,AGGTGTGATGC,AGACAAAGGAATTA,2,60,10,10,0.0
3292,AGGTGTGATGC,AGACAAAGGAATTA,3,10,21,16,-0.2719337154836418
3293,AGGTGTGATGC,AGACAAAGGAATTA,3,15,7,4,-0.5596157879354227
3294,AGGTGTGATGC,AGACAAAGGAATTA,3,20,6,10,0.5108256237659907
3295,AGGTGTGATGC,AGACAAAGGAATTA,3,30,12,5,-0.8754687373538999
3296,AGGTGTGATGC,AGACAAAGGAATTA,3,40,11,8,-0.3184537311185346
3297,AGGTGTGATGC,AGACAAAGGAATTA,3,50,7,10,0.3566749439387324
3298,AGGTGTGATGC,AGACAAAGGAATTA,3,60,10,9,-0.10536051565782628
3299,AGGTGTGATGC,AGACAAAGGAATTA,4,0,8,3,-0.9808292530117262
3300,AGGTGTGATGC,AGACAAAGGAATTA,4,2,13,1,-2.5649493574615367
3301,AGGTGTGATGC,AGACAAAGGAATTA,4,5,16,2,-2.0794415416798357
3302,AGGTGTGATGC,AGACAAAGGAATTA,4,10,5,3,-0.5108256237659907
3303,AGGTGTGATGC,AGACAAAGGAATTA,4,15,12,11,-0.0870113769896298
3304,AGGTGTGATGC,AGACAAAGGAATTA,4,20,4,1,-1.3862943611198906
3305,AGGTGTGATGC,AGACAAAGGAATTA,4,30,7,1,-1.9459101490553132
3306,AGGTGTGATGC,AGACAAAGGAATTA,4,40,5,11,0.7884573603642703
3307,AGGTGTGATGC,AGACAAAGGAATTA,4,50,13,14,0.07410797215372183
3308,AGGTGTGATGC,AGACAAAGGAATTA,4,60,10,19,0.6418538861723947
3309,AGTAAAGTTGA,GTATGCCTAGTCCA,2,5,1,1,0.0
3310,AGTAAAGTTGA,GTATGCCTAGTCCA,2,30,2,30,2.70805020110221
3311,AGTAAAGTTGA,GTATGCCTAGTCCA,3,20,1,3,1.0986122886681096
3312,AGTAAAGTTGA,GTATGCCTAGTCCA,4,10,1,26,3.2580965380214817
3313,AGTAACGCAGG,TTAATATAGCCGCT,2,0,1,1,0.0
3314,AGTAAGAACTC,GTGGGTAGCTCTAC,2,0,7,1,-1.9459101490553132
3315,AGTAAGAACTC,GTGGGTAGCTCTAC,2,2,31,5,-1.8245492920510458
3316,AGTAAGAACTC,GTGGGTAGCTCTAC,2,5,23,1,-3.1354942159291497
3317,AGTAAGAACTC,GTGGGTAGCTCTAC,2,10,31,3,-2.3353749158170363
3318,AGTAAGAACTC,GTGGGTAGCTCTAC,2,20,44,1,-3.784189633918261
3319,AGTAAGAACTC,GTGGGTAGCTCTAC,2,30,43,8,-1.6817585740137264
3320,AGTAAGAACTC,GTGGGTAGCTCTAC,2,40,39,2,-2.970414465569701
3321,AGTAAGAACTC,GTGGGTAGCTCTAC,2,50,24,5,-1.5686159179138452
3322,AGTAAGAACTC,GTGGGTAGCTCTAC,2,60,14,4,-1.252762968495368
3323,AGTAAGAACTC,GTGGGTAGCTCTAC,3,2,25,2,-2.525728644308255
3324,AGTAAGAACTC,GTGGGTAGCTCTAC,3,5,43,4,-2.3749057545736716
3325,AGTAAGAACTC,GTGGGTAGCTCTAC,3,10,43,4,-2.3749057545736716
3326,AGTAAGAACTC,GTGGGTAGCTCTAC,3,15,30,3,-2.3025850929940455
3327,AGTAAGAACTC,GTGGGTAGCTCTAC,3,20,21,1,-3.044522437723423
3328,AGTAAGAACTC,GTGGGTAGCTCTAC,3,30,37,2,-2.917770732084279
3329,AGTAAGAACTC,GTGGGTAGCTCTAC,3,40,70,8,-2.169053700369523
3330,AGTAAGAACTC,GTGGGTAGCTCTAC,3,50,14,2,-1.9459101490553132
3331,AGTAAGAACTC,GTGGGTAGCTCTAC,3,60,24,5,-1.5686159179138452
3332,AGTAAGAACTC,GTGGGTAGCTCTAC,4,0,36,6,-1.791759469228055
3333,AGTAAGAACTC,GTGGGTAGCTCTAC,4,5,15,2,-2.0149030205422647
3334,AGTAAGAACTC,GTGGGTAGCTCTAC,4,10,33,6,-1.7047480922384253
3335,AGTAAGAACTC,GTGGGTAGCTCTAC,4,20,18,4,-1.5040773967762742
3336,AGTAAGAACTC,GTGGGTAGCTCTAC,4,30,21,3,-1.9459101490553132
3337,AGTAAGAACTC,GTGGGTAGCTCTAC,4,50,23,6,-1.3437347467010947
3338,AGTAAGAACTC,GTGGGTAGCTCTAC,4,60,25,5,-1.6094379124341003
3339,AGTAATAATCC,TGCTCCTGGCGATT,2,0,31,3,-2.3353749158170363
3340,AGTAATAATCC,TGCTCCTGGCGATT,2,2,28,5,-1.7227665977411035
3341,AGTAATAATCC,TGCTCCTGGCGATT,2,5,14,2,-1.9459101490553132
3342,AGTAATAATCC,TGCTCCTGGCGATT,2,10,23,3,-2.03688192726104
3343,AGTAATAATCC,TGCTCCTGGCGATT,2,15,22,4,-1.7047480922384253
3344,AGTAATAATCC,TGCTCCTGGCGATT,2,20,39,4,-2.277267285009756
3345,AGTAATAATCC,TGCTCCTGGCGATT,2,30,21,3,-1.9459101490553132
3346,AGTAATAATCC,TGCTCCTGGCGATT,2,40,19,4,-1.55814461804655
3347,AGTAATAATCC,TGCTCCTGGCGATT,2,50,37,6,-1.8191584434161694
3348,AGTAATAATCC,TGCTCCTGGCGATT,2,60,38,7,-1.6916760106710724
3349,AGTAATAATCC,TGCTCCTGGCGATT,3,0,30,4,-2.0149030205422647
3350,AGTAATAATCC,TGCTCCTGGCGATT,3,2,21,4,-1.6582280766035324
3351,AGTAATAATCC,TGCTCCTGGCGATT,3,5,37,5,-2.001480000210124
3352,AGTAATAATCC,TGCTCCTGGCGATT,3,10,18,2,-2.1972245773362196
3353,AGTAATAATCC,TGCTCCTGGCGATT,3,15,27,6,-1.5040773967762742
3354,AGTAATAATCC,TGCTCCTGGCGATT,3,20,31,4,-2.0476928433652555
3355,AGTAATAATCC,TGCTCCTGGCGATT,3,30,26,6,-1.466337068793427
3356,AGTAATAATCC,TGCTCCTGGCGATT,3,40,27,3,-2.1972245773362196
3357,AGTAATAATCC,TGCTCCTGGCGATT,3,50,47,8,-1.7707060600302227
3358,AGTAATAATCC,TGCTCCTGGCGATT,3,60,28,2,-2.6390573296152584
3359,AGTAATAATCC,TGCTCCTGGCGATT,4,0,19,2,-2.2512917986064953
3360,AGTAATAATCC,TGCTCCTGGCGATT,4,2,44,4,-2.3978952727983707
3361,AGTAATAATCC,TGCTCCTGGCGATT,4,5,25,1,-3.2188758248682006
3362,AGTAATAATCC,TGCTCCTGGCGATT,4,10,15,1,-2.70805020110221
3363,AGTAATAATCC,TGCTCCTGGCGATT,4,15,33,4,-2.1102132003465894
3364,AGTAATAATCC,TGCTCCTGGCGATT,4,20,19,6,-1.1526795099383855
3365,AGTAATAATCC,TGCTCCTGGCGATT,4,30,40,3,-2.5902671654458267
3366,AGTAATAATCC,TGCTCCTGGCGATT,4,40,50,9,-1.7147984280919266
3367,AGTAATAATCC,TGCTCCTGGCGATT,4,50,56,6,-2.2335922215070942
3368,AGTAATAATCC,TGCTCCTGGCGATT,4,60,20,1,-2.995732273553991
3369,AGTACATCCAA,AGGAGATATTCCAA,2,0,44,3,-2.6855773452501515
3370,AGTACATCCAA,AGGAGATATTCCAA,2,2,60,6,-2.3025850929940455
3371,AGTACATCCAA,AGGAGATATTCCAA,2,5,40,2,-2.995732273553991
3372,AGTACATCCAA,AGGAGATATTCCAA,2,10,39,2,-2.970414465569701
3373,AGTACATCCAA,AGGAGATATTCCAA,2,15,45,3,-2.70805020110221
3374,AGTACATCCAA,AGGAGATATTCCAA,2,20,41,11,-1.315676793905937
3375,AGTACATCCAA,AGGAGATATTCCAA,2,30,96,26,-1.3062516534463542
3376,AGTACATCCAA,AGGAGATATTCCAA,2,40,86,49,-0.5625269981428811
3377,AGTACATCCAA,AGGAGATATTCCAA,2,50,54,17,-1.1557707025080584
3378,AGTACATCCAA,AGGAGATATTCCAA,2,60,29,12,-0.8823891801984737
3379,AGTACATCCAA,AGGAGATATTCCAA,3,0,34,4,-2.1400661634962708
3380,AGTACATCCAA,AGGAGATATTCCAA,3,2,44,1,-3.784189633918261
3381,AGTACATCCAA,AGGAGATATTCCAA,3,5,43,4,-2.3749057545736716
3382,AGTACATCCAA,AGGAGATATTCCAA,3,10,46,6,-2.03688192726104
3383,AGTACATCCAA,AGGAGATATTCCAA,3,15,48,10,-1.5686159179138452
3384,AGTACATCCAA,AGGAGATATTCCAA,3,20,54,8,-1.9095425048844383
3385,AGTACATCCAA,AGGAGATATTCCAA,3,30,35,12,-1.0704414117014134
3386,AGTACATCCAA,AGGAGATATTCCAA,3,40,31,22,-0.34294475112683037
3387,AGTACATCCAA,AGGAGATATTCCAA,3,50,50,23,-0.7765287894989963
3388,AGTACATCCAA,AGGAGATATTCCAA,3,60,26,9,-1.0608719606852626
3389,AGTACATCCAA,AGGAGATATTCCAA,4,0,64,6,-2.367123614131617
3390,AGTACATCCAA,AGGAGATATTCCAA,4,5,40,3,-2.5902671654458267
3391,AGTACATCCAA,AGGAGATATTCCAA,4,10,36,18,-0.6931471805599453
3392,AGTACATCCAA,AGGAGATATTCCAA,4,15,30,10,-1.0986122886681098
3393,AGTACATCCAA,AGGAGATATTCCAA,4,20,59,8,-1.9980959022258835
3394,AGTACATCCAA,AGGAGATATTCCAA,4,30,32,16,-0.6931471805599453
3395,AGTACATCCAA,AGGAGATATTCCAA,4,40,36,39,0.08004270767353636
3396,AGTACATCCAA,AGGAGATATTCCAA,4,50,62,22,-1.0360919316867756
3397,AGTACATCCAA,AGGAGATATTCCAA,4,60,59,12,-1.5926307941177191
3398,AGTACTAAATA,TAGGTTTTTTGCAA,2,2,6,1,-1.791759469228055
3399,AGTACTAAATA,TAGGTTTTTTGCAA,2,30,9,1,-2.1972245773362196
3400,AGTACTAAATA,TAGGTTTTTTGCAA,2,40,4,1,-1.3862943611198906
3401,AGTACTAAATA,TAGGTTTTTTGCAA,2,50,6,2,-1.0986122886681098
3402,AGTACTAAATA,TAGGTTTTTTGCAA,2,60,12,7,-0.5389965007326869
3403,AGTACTAAATA,TAGGTTTTTTGCAA,3,0,7,3,-0.8472978603872037
3404,AGTACTAAATA,TAGGTTTTTTGCAA,3,10,4,1,-1.3862943611198906
3405,AGTACTAAATA,TAGGTTTTTTGCAA,3,15,6,1,-1.791759469228055
3406,AGTACTAAATA,TAGGTTTTTTGCAA,3,60,16,4,-1.3862943611198906
3407,AGTACTAAATA,TAGGTTTTTTGCAA,4,10,2,1,-0.6931471805599453
3408,AGTACTAAATA,TAGGTTTTTTGCAA,4,30,9,1,-2.1972245773362196
3409,AGTACTAAATA,TAGGTTTTTTGCAA,4,40,10,1,-2.3025850929940455
3410,AGTACTAAATA,TAGGTTTTTTGCAA,4,60,10,1,-2.3025850929940455
3411,AGTAGGACCGA,GAATCCGCTAGCCT,2,0,67,4,-2.8183982582710754
3412,AGTAGGACCGA,GAATCCGCTAGCCT,2,2,63,2,-3.449987545831587
3413,AGTAGGACCGA,GAATCCGCTAGCCT,2,5,65,3,-3.0757749812275272
3414,AGTAGGACCGA,GAATCCGCTAGCCT,2,10,73,4,-2.9041650800285006
3415,AGTAGGACCGA,GAATCCGCTAGCCT,2,15,120,6,-2.995732273553991
3416,AGTAGGACCGA,GAATCCGCTAGCCT,2,20,164,13,-2.5349170703626616
3417,AGTAGGACCGA,GAATCCGCTAGCCT,2,30,76,3,-3.2321210516182215
3418,AGTAGGACCGA,GAATCCGCTAGCCT,2,40,112,14,-2.0794415416798357
3419,AGTAGGACCGA,GAATCCGCTAGCCT,2,50,112,6,-2.9267394020670396
3420,AGTAGGACCGA,GAATCCGCTAGCCT,2,60,92,20,-1.5260563034950494
3421,AGTAGGACCGA,GAATCCGCTAGCCT,3,0,78,10,-2.0541237336955462
3422,AGTAGGACCGA,GAATCCGCTAGCCT,3,2,74,2,-3.6109179126442243
3423,AGTAGGACCGA,GAATCCGCTAGCCT,3,5,101,5,-3.005682604407159
3424,AGTAGGACCGA,GAATCCGCTAGCCT,3,10,106,8,-2.583997552432231
3425,AGTAGGACCGA,GAATCCGCTAGCCT,3,15,106,14,-2.0243817644968085
3426,AGTAGGACCGA,GAATCCGCTAGCCT,3,20,80,8,-2.3025850929940455
3427,AGTAGGACCGA,GAATCCGCTAGCCT,3,30,98,13,-2.020018121209035
3428,AGTAGGACCGA,GAATCCGCTAGCCT,3,40,96,18,-1.6739764335716716
3429,AGTAGGACCGA,GAATCCGCTAGCCT,3,50,90,4,-3.1135153092103742
3430,AGTAGGACCGA,GAATCCGCTAGCCT,3,60,58,6,-2.268683541318364
3431,AGTAGGACCGA,GAATCCGCTAGCCT,4,0,115,7,-2.7990219793079367
3432,AGTAGGACCGA,GAATCCGCTAGCCT,4,2,109,7,-2.7454377331738304
3433,AGTAGGACCGA,GAATCCGCTAGCCT,4,5,88,6,-2.6855773452501515
3434,AGTAGGACCGA,GAATCCGCTAGCCT,4,10,122,13,-2.23907168727172
3435,AGTAGGACCGA,GAATCCGCTAGCCT,4,15,62,9,-1.929909807708872
3436,AGTAGGACCGA,GAATCCGCTAGCCT,4,20,79,11,-1.9715525796686508
3437,AGTAGGACCGA,GAATCCGCTAGCCT,4,30,116,14,-2.114532861491106
3438,AGTAGGACCGA,GAATCCGCTAGCCT,4,40,161,26,-1.823307826962981
3439,AGTAGGACCGA,GAATCCGCTAGCCT,4,50,131,13,-2.310247965739615
3440,AGTAGGACCGA,GAATCCGCTAGCCT,4,60,90,11,-2.1019143975318944
3441,AGTAGTGACAC,TTGCTTAGCAGTAG,2,0,3,1,-1.0986122886681098
3442,AGTAGTGACAC,TTGCTTAGCAGTAG,2,40,9,2,-1.5040773967762742
3443,AGTAGTGACAC,TTGCTTAGCAGTAG,2,50,5,1,-1.6094379124341003
3444,AGTAGTGACAC,TTGCTTAGCAGTAG,3,40,3,1,-1.0986122886681098
3445,AGTAGTGACAC,TTGCTTAGCAGTAG,4,10,4,2,-0.6931471805599453
3446,AGTATCTGTAA,AAAGAGGATCCACA,2,0,7,1,-1.9459101490553132
3447,AGTATCTGTAA,AAAGAGGATCCACA,2,10,22,2,-2.3978952727983707
3448,AGTATCTGTAA,AAAGAGGATCCACA,2,15,18,2,-2.1972245773362196
3449,AGTATCTGTAA,AAAGAGGATCCACA,2,20,14,1,-2.6390573296152584
3450,AGTATCTGTAA,AAAGAGGATCCACA,2,40,19,3,-1.8458266904983307
3451,AGTATCTGTAA,AAAGAGGATCCACA,3,0,2,1,-0.6931471805599453
3452,AGTATCTGTAA,AAAGAGGATCCACA,3,10,21,1,-3.044522437723423
3453,AGTATCTGTAA,AAAGAGGATCCACA,3,20,10,1,-2.3025850929940455
3454,AGTATCTGTAA,AAAGAGGATCCACA,3,40,10,1,-2.3025850929940455
3455,AGTATCTGTAA,AAAGAGGATCCACA,3,50,9,1,-2.1972245773362196
3456,AGTATCTGTAA,AAAGAGGATCCACA,4,0,3,1,-1.0986122886681098
3457,AGTATCTGTAA,AAAGAGGATCCACA,4,2,11,1,-2.3978952727983707
3458,AGTATCTGTAA,AAAGAGGATCCACA,4,5,5,2,-0.916290731874155
3459,AGTATCTGTAA,AAAGAGGATCCACA,4,15,7,1,-1.9459101490553132
3460,AGTATCTGTAA,AAAGAGGATCCACA,4,50,14,1,-2.6390573296152584
3461,AGTCAATCGGT,GATAAGTTTACGCG,2,0,45,8,-1.7272209480904837
3462,AGTCAATCGGT,GATAAGTTTACGCG,2,2,50,6,-2.120263536200091
3463,AGTCAATCGGT,GATAAGTTTACGCG,2,5,46,2,-3.1354942159291497
3464,AGTCAATCGGT,GATAAGTTTACGCG,2,10,75,5,-2.70805020110221
3465,AGTCAATCGGT,GATAAGTTTACGCG,2,15,35,7,-1.6094379124341003
3466,AGTCAATCGGT,GATAAGTTTACGCG,2,20,39,1,-3.6635616461296463
3467,AGTCAATCGGT,GATAAGTTTACGCG,2,30,54,4,-2.6026896854443837
3468,AGTCAATCGGT,GATAAGTTTACGCG,2,40,42,3,-2.6390573296152584
3469,AGTCAATCGGT,GATAAGTTTACGCG,2,50,64,4,-2.772588722239781
3470,AGTCAATCGGT,GATAAGTTTACGCG,2,60,73,3,-3.1918471524802814
3471,AGTCAATCGGT,GATAAGTTTACGCG,3,0,37,2,-2.917770732084279
3472,AGTCAATCGGT,GATAAGTTTACGCG,3,2,39,3,-2.5649493574615367
3473,AGTCAATCGGT,GATAAGTTTACGCG,3,5,93,10,-2.2300144001592104
3474,AGTCAATCGGT,GATAAGTTTACGCG,3,10,58,6,-2.268683541318364
3475,AGTCAATCGGT,GATAAGTTTACGCG,3,15,72,3,-3.1780538303479458
3476,AGTCAATCGGT,GATAAGTTTACGCG,3,20,46,4,-2.4423470353692043
3477,AGTCAATCGGT,GATAAGTTTACGCG,3,30,57,3,-2.9444389791664403
3478,AGTCAATCGGT,GATAAGTTTACGCG,3,40,75,3,-3.2188758248682006
3479,AGTCAATCGGT,GATAAGTTTACGCG,3,50,35,2,-2.862200880929468
3480,AGTCAATCGGT,GATAAGTTTACGCG,3,60,58,1,-4.060443010546419
3481,AGTCAATCGGT,GATAAGTTTACGCG,4,0,45,4,-2.420368128650429
3482,AGTCAATCGGT,GATAAGTTTACGCG,4,2,68,8,-2.1400661634962708
3483,AGTCAATCGGT,GATAAGTTTACGCG,4,10,51,4,-2.545531271604435
3484,AGTCAATCGGT,GATAAGTTTACGCG,4,15,20,2,-2.3025850929940455
3485,AGTCAATCGGT,GATAAGTTTACGCG,4,20,52,8,-1.8718021769015913
3486,AGTCAATCGGT,GATAAGTTTACGCG,4,30,53,6,-2.1785324443240666
3487,AGTCAATCGGT,GATAAGTTTACGCG,4,40,101,4,-3.228826155721369
3488,AGTCAATCGGT,GATAAGTTTACGCG,4,50,60,5,-2.4849066497880004
3489,AGTCAATCGGT,GATAAGTTTACGCG,4,60,42,1,-3.7376696182833684
3490,AGTCACTCCAT,CTAACAGAACCAAC,2,10,1,13,2.5649493574615367
3491,AGTCACTCCAT,CTAACAGAACCAAC,3,20,1,21,3.044522437723423
3492,AGTCACTCCAT,CTAACAGAACCAAC,4,10,1,14,2.6390573296152584
3493,AGTCACTCCAT,CTAACAGAACCAAC,4,40,1,52,3.951243718581427
3494,AGTCCCACCCG,AGTCCATATTCAAT,2,0,15,1,-2.70805020110221
3495,AGTCCCACCCG,AGTCCATATTCAAT,2,2,39,1,-3.6635616461296463
3496,AGTCCCACCCG,AGTCCATATTCAAT,2,5,17,4,-1.4469189829363254
3497,AGTCCCACCCG,AGTCCATATTCAAT,2,10,48,1,-3.8712010109078907
3498,AGTCCCACCCG,AGTCCATATTCAAT,2,20,33,2,-2.803360380906535
3499,AGTCCCACCCG,AGTCCATATTCAAT,2,30,47,1,-3.8501476017100584
3500,AGTCCCACCCG,AGTCCATATTCAAT,2,40,56,10,-1.7227665977411035
3501,AGTCCCACCCG,AGTCCATATTCAAT,2,50,36,1,-3.58351893845611
3502,AGTCCCACCCG,AGTCCATATTCAAT,2,60,50,1,-3.912023005428146
3503,AGTCCCACCCG,AGTCCATATTCAAT,3,0,28,2,-2.6390573296152584
3504,AGTCCCACCCG,AGTCCATATTCAAT,3,5,30,3,-2.3025850929940455
3505,AGTCCCACCCG,AGTCCATATTCAAT,3,10,49,2,-3.1986731175506815
3506,AGTCCCACCCG,AGTCCATATTCAAT,3,15,82,2,-3.7135720667043075
3507,AGTCCCACCCG,AGTCCATATTCAAT,3,30,14,1,-2.6390573296152584
3508,AGTCCCACCCG,AGTCCATATTCAAT,3,50,14,1,-2.6390573296152584
3509,AGTCCCACCCG,AGTCCATATTCAAT,4,0,25,2,-2.525728644308255
3510,AGTCCCACCCG,AGTCCATATTCAAT,4,2,41,3,-2.614959778036198
3511,AGTCCCACCCG,AGTCCATATTCAAT,4,5,20,1,-2.995732273553991
3512,AGTCCCACCCG,AGTCCATATTCAAT,4,10,57,2,-3.349904087274605
3513,AGTCCCACCCG,AGTCCATATTCAAT,4,15,48,2,-3.1780538303479458
3514,AGTCCCACCCG,AGTCCATATTCAAT,4,20,22,2,-2.3978952727983707
3515,AGTCCCACCCG,AGTCCATATTCAAT,4,30,46,2,-3.1354942159291497
3516,AGTCCCACCCG,AGTCCATATTCAAT,4,40,40,1,-3.6888794541139363
3517,AGTCCCACCCG,AGTCCATATTCAAT,4,50,40,1,-3.6888794541139363
3518,AGTCCCACCCG,AGTCCATATTCAAT,4,60,31,2,-2.740840023925201
3519,AGTCGCTCTCC,TTGCTTTGTGTCGG,2,2,18,5,-1.2809338454620642
3520,AGTCGCTCTCC,TTGCTTTGTGTCGG,2,5,20,4,-1.6094379124341003
3521,AGTCGCTCTCC,TTGCTTTGTGTCGG,2,10,10,1,-2.3025850929940455
3522,AGTCGCTCTCC,TTGCTTTGTGTCGG,2,15,19,8,-0.8649974374866045
3523,AGTCGCTCTCC,TTGCTTTGTGTCGG,2,30,8,6,-0.2876820724517809
3524,AGTCGCTCTCC,TTGCTTTGTGTCGG,2,40,9,1,-2.1972245773362196
3525,AGTCGCTCTCC,TTGCTTTGTGTCGG,2,50,24,10,-0.8754687373538999
3526,AGTCGCTCTCC,TTGCTTTGTGTCGG,2,60,20,9,-0.7985076962177715
3527,AGTCGCTCTCC,TTGCTTTGTGTCGG,3,0,4,2,-0.6931471805599453
3528,AGTCGCTCTCC,TTGCTTTGTGTCGG,3,2,7,1,-1.9459101490553132
3529,AGTCGCTCTCC,TTGCTTTGTGTCGG,3,5,7,1,-1.9459101490553132
3530,AGTCGCTCTCC,TTGCTTTGTGTCGG,3,10,8,2,-1.3862943611198906
3531,AGTCGCTCTCC,TTGCTTTGTGTCGG,3,15,13,4,-1.178654996341646
3532,AGTCGCTCTCC,TTGCTTTGTGTCGG,3,20,7,2,-1.252762968495368
3533,AGTCGCTCTCC,TTGCTTTGTGTCGG,3,30,6,4,-0.40546510810816444
3534,AGTCGCTCTCC,TTGCTTTGTGTCGG,3,50,19,17,-0.11122563511022437
3535,AGTCGCTCTCC,TTGCTTTGTGTCGG,3,60,10,14,0.33647223662121284
3536,AGTCGCTCTCC,TTGCTTTGTGTCGG,4,2,16,2,-2.0794415416798357
3537,AGTCGCTCTCC,TTGCTTTGTGTCGG,4,10,19,4,-1.55814461804655
3538,AGTCGCTCTCC,TTGCTTTGTGTCGG,4,15,24,5,-1.5686159179138452
3539,AGTCGCTCTCC,TTGCTTTGTGTCGG,4,20,9,2,-1.5040773967762742
3540,AGTCGCTCTCC,TTGCTTTGTGTCGG,4,30,14,6,-0.8472978603872037
3541,AGTCGCTCTCC,TTGCTTTGTGTCGG,4,40,9,6,-0.40546510810816444
3542,AGTCGCTCTCC,TTGCTTTGTGTCGG,4,50,18,10,-0.587786664902119
3543,AGTCGCTCTCC,TTGCTTTGTGTCGG,4,60,5,8,0.4700036292457356
3544,AGTGATCTTTC,TAATTCCATTCTCC,2,0,45,4,-2.420368128650429
3545,AGTGATCTTTC,TAATTCCATTCTCC,2,2,38,1,-3.6375861597263857
3546,AGTGATCTTTC,TAATTCCATTCTCC,2,5,39,2,-2.970414465569701
3547,AGTGATCTTTC,TAATTCCATTCTCC,2,10,38,2,-2.9444389791664403
3548,AGTGATCTTTC,TAATTCCATTCTCC,2,15,39,1,-3.6635616461296463
3549,AGTGATCTTTC,TAATTCCATTCTCC,2,20,36,1,-3.58351893845611
3550,AGTGATCTTTC,TAATTCCATTCTCC,2,40,23,2,-2.4423470353692043
3551,AGTGATCTTTC,TAATTCCATTCTCC,2,50,13,3,-1.466337068793427
3552,AGTGATCTTTC,TAATTCCATTCTCC,2,60,38,2,-2.9444389791664403
3553,AGTGATCTTTC,TAATTCCATTCTCC,3,0,30,1,-3.4011973816621555
3554,AGTGATCTTTC,TAATTCCATTCTCC,3,2,31,3,-2.3353749158170363
3555,AGTGATCTTTC,TAATTCCATTCTCC,3,5,41,3,-2.614959778036198
3556,AGTGATCTTTC,TAATTCCATTCTCC,3,10,32,1,-3.4657359027997265
3557,AGTGATCTTTC,TAATTCCATTCTCC,3,20,27,1,-3.295836866004329
3558,AGTGATCTTTC,TAATTCCATTCTCC,3,50,66,1,-4.189654742026425
3559,AGTGATCTTTC,TAATTCCATTCTCC,3,60,23,1,-3.1354942159291497
3560,AGTGATCTTTC,TAATTCCATTCTCC,4,0,39,1,-3.6635616461296463
3561,AGTGATCTTTC,TAATTCCATTCTCC,4,2,41,2,-3.0204248861443626
3562,AGTGATCTTTC,TAATTCCATTCTCC,4,15,49,1,-3.8918202981106265
3563,AGTGATCTTTC,TAATTCCATTCTCC,4,20,13,2,-1.8718021769015913
3564,AGTGATCTTTC,TAATTCCATTCTCC,4,30,31,1,-3.4339872044851463
3565,AGTGATCTTTC,TAATTCCATTCTCC,4,40,24,1,-3.1780538303479458
3566,AGTGATCTTTC,TAATTCCATTCTCC,4,50,50,3,-2.8134107167600364
3567,AGTGATCTTTC,TAATTCCATTCTCC,4,60,34,2,-2.833213344056216
3568,AGTGCGTTTAC,TCAGCGTATCAATA,2,30,1,2,0.6931471805599453
3569,AGTGCGTTTAC,TCAGCGTATCAATA,4,2,2,1,-0.6931471805599453
3570,AGTGCGTTTAC,TCAGCGTATCAATA,4,15,5,1,-1.6094379124341003
3571,AGTTAAAGATA,AGCCTATCCTCTAC,2,5,12,1,-2.4849066497880004
3572,AGTTAAAGATA,AGCCTATCCTCTAC,2,10,8,3,-0.9808292530117262
3573,AGTTAAAGATA,AGCCTATCCTCTAC,2,15,7,7,0.0
3574,AGTTAAAGATA,AGCCTATCCTCTAC,2,20,3,2,-0.40546510810816444
3575,AGTTAAAGATA,AGCCTATCCTCTAC,2,40,20,2,-2.3025850929940455
3576,AGTTAAAGATA,AGCCTATCCTCTAC,2,50,6,6,0.0
3577,AGTTAAAGATA,AGCCTATCCTCTAC,2,60,4,1,-1.3862943611198906
3578,AGTTAAAGATA,AGCCTATCCTCTAC,3,2,8,1,-2.0794415416798357
3579,AGTTAAAGATA,AGCCTATCCTCTAC,3,5,1,1,0.0
3580,AGTTAAAGATA,AGCCTATCCTCTAC,3,15,9,10,0.10536051565782635
3581,AGTTAAAGATA,AGCCTATCCTCTAC,3,20,6,2,-1.0986122886681098
3582,AGTTAAAGATA,AGCCTATCCTCTAC,3,30,4,2,-0.6931471805599453
3583,AGTTAAAGATA,AGCCTATCCTCTAC,3,50,15,3,-1.6094379124341003
3584,AGTTAAAGATA,AGCCTATCCTCTAC,3,60,7,6,-0.15415067982725836
3585,AGTTAAAGATA,AGCCTATCCTCTAC,4,0,7,1,-1.9459101490553132
3586,AGTTAAAGATA,AGCCTATCCTCTAC,4,10,8,2,-1.3862943611198906
3587,AGTTAAAGATA,AGCCTATCCTCTAC,4,20,9,2,-1.5040773967762742
3588,AGTTAAAGATA,AGCCTATCCTCTAC,4,30,5,1,-1.6094379124341003
3589,AGTTAAAGATA,AGCCTATCCTCTAC,4,40,7,3,-0.8472978603872037
3590,AGTTAAAGATA,AGCCTATCCTCTAC,4,50,6,3,-0.6931471805599453
3591,AGTTAAAGATA,AGCCTATCCTCTAC,4,60,10,4,-0.916290731874155
3592,AGTTAACGTTC,TGACTTTTTGGTCA,2,0,70,6,-2.456735772821304
3593,AGTTAACGTTC,TGACTTTTTGGTCA,2,2,70,2,-3.5553480614894135
3594,AGTTAACGTTC,TGACTTTTTGGTCA,2,5,67,2,-3.5115454388310208
3595,AGTTAACGTTC,TGACTTTTTGGTCA,2,10,81,1,-4.394449154672438
3596,AGTTAACGTTC,TGACTTTTTGGTCA,2,15,78,2,-3.6635616461296463
3597,AGTTAACGTTC,TGACTTTTTGGTCA,2,20,139,9,-2.7372493557944724
3598,AGTTAACGTTC,TGACTTTTTGGTCA,2,30,124,11,-2.4223862928066664
3599,AGTTAACGTTC,TGACTTTTTGGTCA,2,40,141,13,-2.3838105329166317
3600,AGTTAACGTTC,TGACTTTTTGGTCA,2,50,91,5,-2.9014215940827497
3601,AGTTAACGTTC,TGACTTTTTGGTCA,2,60,60,9,-1.8971199848858813
3602,AGTTAACGTTC,TGACTTTTTGGTCA,3,0,68,7,-2.2735975561207935
3603,AGTTAACGTTC,TGACTTTTTGGTCA,3,2,46,2,-3.1354942159291497
3604,AGTTAACGTTC,TGACTTTTTGGTCA,3,5,74,5,-2.6946271807700692
3605,AGTTAACGTTC,TGACTTTTTGGTCA,3,10,109,8,-2.6119063405493077
3606,AGTTAACGTTC,TGACTTTTTGGTCA,3,15,88,12,-1.992430164690206
3607,AGTTAACGTTC,TGACTTTTTGGTCA,3,20,64,14,-1.519825753744413
3608,AGTTAACGTTC,TGACTTTTTGGTCA,3,30,70,4,-2.862200880929468
3609,AGTTAACGTTC,TGACTTTTTGGTCA,3,40,54,6,-2.1972245773362196
3610,AGTTAACGTTC,TGACTTTTTGGTCA,3,50,101,9,-2.41789593950504
3611,AGTTAACGTTC,TGACTTTTTGGTCA,3,60,68,10,-1.9169226121820608
3612,AGTTAACGTTC,TGACTTTTTGGTCA,4,0,51,2,-3.2386784521643803
3613,AGTTAACGTTC,TGACTTTTTGGTCA,4,2,82,2,-3.7135720667043075
3614,AGTTAACGTTC,TGACTTTTTGGTCA,4,5,64,3,-3.060270794691562
3615,AGTTAACGTTC,TGACTTTTTGGTCA,4,10,79,6,-2.5776883832389665
3616,AGTTAACGTTC,TGACTTTTTGGTCA,4,15,82,6,-2.614959778036198
3617,AGTTAACGTTC,TGACTTTTTGGTCA,4,20,74,4,-2.917770732084279
3618,AGTTAACGTTC,TGACTTTTTGGTCA,4,30,67,7,-2.2587824703356527
3619,AGTTAACGTTC,TGACTTTTTGGTCA,4,40,57,8,-1.9636097261547143
3620,AGTTAACGTTC,TGACTTTTTGGTCA,4,50,82,10,-2.1041341542702074
3621,AGTTAACGTTC,TGACTTTTTGGTCA,4,60,67,4,-2.8183982582710754
3622,AGTTATATTTA,TGCCAGAATCGACA,2,0,9,3,-1.0986122886681098
3623,AGTTATATTTA,TGCCAGAATCGACA,2,2,5,1,-1.6094379124341003
3624,AGTTATATTTA,TGCCAGAATCGACA,2,5,4,1,-1.3862943611198906
3625,AGTTATATTTA,TGCCAGAATCGACA,2,10,3,1,-1.0986122886681098
3626,AGTTATATTTA,TGCCAGAATCGACA,2,15,10,14,0.33647223662121284
3627,AGTTATATTTA,TGCCAGAATCGACA,2,20,9,2,-1.5040773967762742
3628,AGTTATATTTA,TGCCAGAATCGACA,2,30,6,4,-0.40546510810816444
3629,AGTTATATTTA,TGCCAGAATCGACA,2,40,6,2,-1.0986122886681098
3630,AGTTATATTTA,TGCCAGAATCGACA,2,50,20,13,-0.4307829160924542
3631,AGTTATATTTA,TGCCAGAATCGACA,2,60,4,10,0.916290731874155
3632,AGTTATATTTA,TGCCAGAATCGACA,3,0,1,1,0.0
3633,AGTTATATTTA,TGCCAGAATCGACA,3,2,10,2,-1.6094379124341003
3634,AGTTATATTTA,TGCCAGAATCGACA,3,5,7,2,-1.252762968495368
3635,AGTTATATTTA,TGCCAGAATCGACA,3,10,5,2,-0.916290731874155
3636,AGTTATATTTA,TGCCAGAATCGACA,3,15,16,1,-2.772588722239781
3637,AGTTATATTTA,TGCCAGAATCGACA,3,20,2,2,0.0
3638,AGTTATATTTA,TGCCAGAATCGACA,3,40,4,3,-0.2876820724517809
3639,AGTTATATTTA,TGCCAGAATCGACA,3,60,3,7,0.8472978603872037
3640,AGTTATATTTA,TGCCAGAATCGACA,4,0,8,4,-0.6931471805599453
3641,AGTTATATTTA,TGCCAGAATCGACA,4,2,5,1,-1.6094379124341003
3642,AGTTATATTTA,TGCCAGAATCGACA,4,5,6,1,-1.791759469228055
3643,AGTTATATTTA,TGCCAGAATCGACA,4,10,18,2,-2.1972245773362196
3644,AGTTATATTTA,TGCCAGAATCGACA,4,15,11,2,-1.7047480922384253
3645,AGTTATATTTA,TGCCAGAATCGACA,4,20,8,2,-1.3862943611198906
3646,AGTTATATTTA,TGCCAGAATCGACA,4,30,8,3,-0.9808292530117262
3647,AGTTATATTTA,TGCCAGAATCGACA,4,40,6,1,-1.791759469228055
3648,AGTTATATTTA,TGCCAGAATCGACA,4,50,6,1,-1.791759469228055
3649,AGTTATATTTA,TGCCAGAATCGACA,4,60,8,1,-2.0794415416798357
3650,AGTTGGAATCT,ATGAGCGAGTTGTG,2,2,14,1,-2.6390573296152584
3651,AGTTGGAATCT,ATGAGCGAGTTGTG,2,10,17,2,-2.1400661634962708
3652,AGTTGGAATCT,ATGAGCGAGTTGTG,2,15,8,2,-1.3862943611198906
3653,AGTTGGAATCT,ATGAGCGAGTTGTG,2,20,38,5,-2.028148247292285
3654,AGTTGGAATCT,ATGAGCGAGTTGTG,2,30,39,5,-2.0541237336955462
3655,AGTTGGAATCT,ATGAGCGAGTTGTG,2,40,21,5,-1.4350845252893227
3656,AGTTGGAATCT,ATGAGCGAGTTGTG,2,50,6,1,-1.791759469228055
3657,AGTTGGAATCT,ATGAGCGAGTTGTG,2,60,16,3,-1.6739764335716716
3658,AGTTGGAATCT,ATGAGCGAGTTGTG,3,2,9,1,-2.1972245773362196
3659,AGTTGGAATCT,ATGAGCGAGTTGTG,3,5,14,1,-2.6390573296152584
3660,AGTTGGAATCT,ATGAGCGAGTTGTG,3,40,17,7,-0.8873031950009028
3661,AGTTGGAATCT,ATGAGCGAGTTGTG,3,50,4,3,-0.2876820724517809
3662,AGTTGGAATCT,ATGAGCGAGTTGTG,3,60,4,2,-0.6931471805599453
3663,AGTTGGAATCT,ATGAGCGAGTTGTG,4,5,8,1,-2.0794415416798357
3664,AGTTGGAATCT,ATGAGCGAGTTGTG,4,10,11,2,-1.7047480922384253
3665,AGTTGGAATCT,ATGAGCGAGTTGTG,4,15,15,1,-2.70805020110221
3666,AGTTGGAATCT,ATGAGCGAGTTGTG,4,40,13,2,-1.8718021769015913
3667,AGTTGGAATCT,ATGAGCGAGTTGTG,4,60,8,3,-0.9808292530117262
3668,AGTTTATGAAG,TAGATATAGTTTTT,2,0,166,29,-1.744691958370069
3669,AGTTTATGAAG,TAGATATAGTTTTT,2,2,163,31,-1.659762996321616
3670,AGTTTATGAAG,TAGATATAGTTTTT,2,5,147,27,-1.6945957207744071
3671,AGTTTATGAAG,TAGATATAGTTTTT,2,10,248,33,-2.016921184698502
3672,AGTTTATGAAG,TAGATATAGTTTTT,2,15,188,32,-1.7707060600302227
3673,AGTTTATGAAG,TAGATATAGTTTTT,2,20,202,46,-1.4796263009121098
3674,AGTTTATGAAG,TAGATATAGTTTTT,2,30,202,61,-1.1973938332278935
3675,AGTTTATGAAG,TAGATATAGTTTTT,2,40,246,85,-1.0626802794420462
3676,AGTTTATGAAG,TAGATATAGTTTTT,2,50,177,70,-0.9276544905244701
3677,AGTTTATGAAG,TAGATATAGTTTTT,2,60,199,79,-0.9238569722574709
3678,AGTTTATGAAG,TAGATATAGTTTTT,3,0,174,17,-2.325841955158313
3679,AGTTTATGAAG,TAGATATAGTTTTT,3,2,135,19,-1.960835799271989
3680,AGTTTATGAAG,TAGATATAGTTTTT,3,5,171,31,-1.7076763520175136
3681,AGTTTATGAAG,TAGATATAGTTTTT,3,10,202,34,-1.7819071727850433
3682,AGTTTATGAAG,TAGATATAGTTTTT,3,15,207,51,-1.4008931605410433
3683,AGTTTATGAAG,TAGATATAGTTTTT,3,20,206,80,-0.9458495341156994
3684,AGTTTATGAAG,TAGATATAGTTTTT,3,30,167,34,-1.5916332878005937
3685,AGTTTATGAAG,TAGATATAGTTTTT,3,40,201,66,-1.11365016603265
3686,AGTTTATGAAG,TAGATATAGTTTTT,3,50,191,58,-1.1918304175002106
3687,AGTTTATGAAG,TAGATATAGTTTTT,3,60,217,66,-1.1902426115140339
3688,AGTTTATGAAG,TAGATATAGTTTTT,4,0,179,20,-2.191653532286764
3689,AGTTTATGAAG,TAGATATAGTTTTT,4,2,211,27,-2.0560212674717375
3690,AGTTTATGAAG,TAGATATAGTTTTT,4,5,144,13,-2.404863942114464
3691,AGTTTATGAAG,TAGATATAGTTTTT,4,10,202,37,-1.6973497847569803
3692,AGTTTATGAAG,TAGATATAGTTTTT,4,15,191,32,-1.7865375252469033
3693,AGTTTATGAAG,TAGATATAGTTTTT,4,20,183,37,-1.5985682401971966
3694,AGTTTATGAAG,TAGATATAGTTTTT,4,30,200,47,-1.448169764837978
3695,AGTTTATGAAG,TAGATATAGTTTTT,4,40,246,71,-1.2426516588910472
3696,AGTTTATGAAG,TAGATATAGTTTTT,4,50,204,69,-1.0840134892469568
3697,AGTTTATGAAG,TAGATATAGTTTTT,4,60,173,47,-1.3031439927877204
3698,AGTTTTCCCGC,AGGATAGTCCACAT,2,30,1,4,1.3862943611198906
3699,AGTTTTCCCGC,AGGATAGTCCACAT,4,40,1,7,1.9459101490553132
3700,ATAAAAAAGAT,GGGAAAAAAGGCGG,2,0,52,1,-3.951243718581427
3701,ATAAAAAAGAT,GGGAAAAAAGGCGG,2,2,33,4,-2.1102132003465894
3702,ATAAAAAAGAT,GGGAAAAAAGGCGG,2,5,16,1,-2.772588722239781
3703,ATAAAAAAGAT,GGGAAAAAAGGCGG,2,10,31,2,-2.740840023925201
3704,ATAAAAAAGAT,GGGAAAAAAGGCGG,2,15,32,5,-1.856297990365626
3705,ATAAAAAAGAT,GGGAAAAAAGGCGG,2,20,34,5,-1.9169226121820608
3706,ATAAAAAAGAT,GGGAAAAAAGGCGG,2,30,60,9,-1.8971199848858813
3707,ATAAAAAAGAT,GGGAAAAAAGGCGG,2,40,35,4,-2.169053700369523
3708,ATAAAAAAGAT,GGGAAAAAAGGCGG,2,50,31,5,-1.8245492920510458
3709,ATAAAAAAGAT,GGGAAAAAAGGCGG,3,0,66,2,-3.4965075614664802
3710,ATAAAAAAGAT,GGGAAAAAAGGCGG,3,2,36,2,-2.8903717578961645
3711,ATAAAAAAGAT,GGGAAAAAAGGCGG,3,5,24,2,-2.4849066497880004
3712,ATAAAAAAGAT,GGGAAAAAAGGCGG,3,10,51,5,-2.322387720290225
3713,ATAAAAAAGAT,GGGAAAAAAGGCGG,3,15,57,4,-2.6567569067146595
3714,ATAAAAAAGAT,GGGAAAAAAGGCGG,3,20,30,3,-2.3025850929940455
3715,ATAAAAAAGAT,GGGAAAAAAGGCGG,3,30,22,5,-1.4816045409242156
3716,ATAAAAAAGAT,GGGAAAAAAGGCGG,3,40,28,5,-1.7227665977411035
3717,ATAAAAAAGAT,GGGAAAAAAGGCGG,3,50,24,5,-1.5686159179138452
3718,ATAAAAAAGAT,GGGAAAAAAGGCGG,3,60,28,8,-1.252762968495368
3719,ATAAAAAAGAT,GGGAAAAAAGGCGG,4,0,38,2,-2.9444389791664403
3720,ATAAAAAAGAT,GGGAAAAAAGGCGG,4,2,39,1,-3.6635616461296463
3721,ATAAAAAAGAT,GGGAAAAAAGGCGG,4,5,24,2,-2.4849066497880004
3722,ATAAAAAAGAT,GGGAAAAAAGGCGG,4,10,38,5,-2.028148247292285
3723,ATAAAAAAGAT,GGGAAAAAAGGCGG,4,20,20,2,-2.3025850929940455
3724,ATAAAAAAGAT,GGGAAAAAAGGCGG,4,30,35,3,-2.456735772821304
3725,ATAAAAAAGAT,GGGAAAAAAGGCGG,4,40,39,5,-2.0541237336955462
3726,ATAAAAAAGAT,GGGAAAAAAGGCGG,4,50,33,9,-1.2992829841302609
3727,ATAAAAAAGAT,GGGAAAAAAGGCGG,4,60,39,4,-2.277267285009756
3728,ATAAAACCCAA,GCTGTTAGTTCCAA,2,40,1,5,1.6094379124341003
3729,ATAAAACCCAA,GCTGTTAGTTCCAA,2,60,1,3,1.0986122886681096
3730,ATAAAACCCAA,GCTGTTAGTTCCAA,3,30,1,3,1.0986122886681096
3731,ATAAAACCCAA,GCTGTTAGTTCCAA,3,60,1,6,1.791759469228055
3732,ATAAAACCTCG,GGTCAAGGGAGTCG,2,50,7,1,-1.9459101490553132
3733,ATAAAACCTCG,GGTCAAGGGAGTCG,2,60,13,2,-1.8718021769015913
3734,ATAAAACCTCG,GGTCAAGGGAGTCG,3,5,17,1,-2.833213344056216
3735,ATAAAACCTCG,GGTCAAGGGAGTCG,3,10,18,3,-1.791759469228055
3736,ATAAAACCTCG,GGTCAAGGGAGTCG,3,15,3,1,-1.0986122886681098
3737,ATAAAACCTCG,GGTCAAGGGAGTCG,4,5,2,2,0.0
3738,ATAAAACCTCG,GGTCAAGGGAGTCG,4,15,4,1,-1.3862943611198906
3739,ATAAAACCTCG,GGTCAAGGGAGTCG,4,20,1,1,0.0
3740,ATAAAACCTCG,GGTCAAGGGAGTCG,4,40,7,1,-1.9459101490553132
3741,ATAAAAGGCCC,GTTTAGAAAGGAGA,2,0,204,11,-2.920224721045846
3742,ATAAAAGGCCC,GTTTAGAAAGGAGA,2,2,265,13,-3.0147804685246853
3743,ATAAAAGGCCC,GTTTAGAAAGGAGA,2,5,270,5,-3.9889840465642745
3744,ATAAAAGGCCC,GTTTAGAAAGGAGA,2,10,333,18,-2.917770732084279
3745,ATAAAAGGCCC,GTTTAGAAAGGAGA,2,15,276,18,-2.730029107820985
3746,ATAAAAGGCCC,GTTTAGAAAGGAGA,2,20,320,15,-3.060270794691562
3747,ATAAAAGGCCC,GTTTAGAAAGGAGA,2,30,318,21,-2.717528945056754
3748,ATAAAAGGCCC,GTTTAGAAAGGAGA,2,40,352,48,-1.992430164690206
3749,ATAAAAGGCCC,GTTTAGAAAGGAGA,2,50,308,43,-1.968899667280012
3750,ATAAAAGGCCC,GTTTAGAAAGGAGA,2,60,337,39,-2.1565212842227153
3751,ATAAAAGGCCC,GTTTAGAAAGGAGA,3,0,258,21,-2.5084371471981943
3752,ATAAAAGGCCC,GTTTAGAAAGGAGA,3,2,242,14,-2.849880396541428
3753,ATAAAAGGCCC,GTTTAGAAAGGAGA,3,5,279,9,-3.4339872044851463
3754,ATAAAAGGCCC,GTTTAGAAAGGAGA,3,10,274,21,-2.568605668664647
3755,ATAAAAGGCCC,GTTTAGAAAGGAGA,3,15,238,25,-2.253394848803274
3756,ATAAAAGGCCC,GTTTAGAAAGGAGA,3,20,348,28,-2.5199979695992702
3757,ATAAAAGGCCC,GTTTAGAAAGGAGA,3,30,227,17,-2.5917366734251863
3758,ATAAAAGGCCC,GTTTAGAAAGGAGA,3,40,246,25,-2.286455711064162
3759,ATAAAAGGCCC,GTTTAGAAAGGAGA,3,50,278,22,-2.5365786603323213
3760,ATAAAAGGCCC,GTTTAGAAAGGAGA,3,60,259,21,-2.512305623976115
3761,ATAAAAGGCCC,GTTTAGAAAGGAGA,4,0,249,6,-3.7256934272366524
3762,ATAAAAGGCCC,GTTTAGAAAGGAGA,4,2,242,15,-2.7808875250544762
3763,ATAAAAGGCCC,GTTTAGAAAGGAGA,4,5,160,7,-3.1292636661785136
3764,ATAAAAGGCCC,GTTTAGAAAGGAGA,4,10,337,25,-2.601207105484161
3765,ATAAAAGGCCC,GTTTAGAAAGGAGA,4,15,197,11,-2.885308455939618
3766,ATAAAAGGCCC,GTTTAGAAAGGAGA,4,20,241,10,-3.1822118404966093
3767,ATAAAAGGCCC,GTTTAGAAAGGAGA,4,30,240,28,-2.1484344131667874
3768,ATAAAAGGCCC,GTTTAGAAAGGAGA,4,40,298,31,-2.2631062820202583
3769,ATAAAAGGCCC,GTTTAGAAAGGAGA,4,50,255,37,-1.9303456325142014
3770,ATAAAAGGCCC,GTTTAGAAAGGAGA,4,60,271,25,-2.3832429960115
3771,ATAAAATGCGA,TCAGATTACCTTTA,2,5,9,3,-1.0986122886681098
3772,ATAAAATGCGA,TCAGATTACCTTTA,2,10,11,3,-1.2992829841302609
3773,ATAAAATGCGA,TCAGATTACCTTTA,2,15,7,4,-0.5596157879354227
3774,ATAAAATGCGA,TCAGATTACCTTTA,2,20,13,23,0.5705448584676129
3775,ATAAAATGCGA,TCAGATTACCTTTA,2,30,12,20,0.5108256237659907
3776,ATAAAATGCGA,TCAGATTACCTTTA,2,40,10,20,0.6931471805599453
3777,ATAAAATGCGA,TCAGATTACCTTTA,2,50,17,28,0.49899116611898775
3778,ATAAAATGCGA,TCAGATTACCTTTA,2,60,14,12,-0.15415067982725836
3779,ATAAAATGCGA,TCAGATTACCTTTA,3,0,15,3,-1.6094379124341003
3780,ATAAAATGCGA,TCAGATTACCTTTA,3,2,5,4,-0.2231435513142097
3781,ATAAAATGCGA,TCAGATTACCTTTA,3,5,28,4,-1.9459101490553132
3782,ATAAAATGCGA,TCAGATTACCTTTA,3,10,11,6,-0.6061358035703156
3783,ATAAAATGCGA,TCAGATTACCTTTA,3,15,20,17,-0.16251892949777494
3784,ATAAAATGCGA,TCAGATTACCTTTA,3,20,13,25,0.653926467406664
3785,ATAAAATGCGA,TCAGATTACCTTTA,3,30,4,8,0.6931471805599453
3786,ATAAAATGCGA,TCAGATTACCTTTA,3,40,23,36,0.44802472252696035
3787,ATAAAATGCGA,TCAGATTACCTTTA,3,50,17,16,-0.060624621816434854
3788,ATAAAATGCGA,TCAGATTACCTTTA,3,60,11,13,0.16705408466316624
3789,ATAAAATGCGA,TCAGATTACCTTTA,4,2,8,1,-2.0794415416798357
3790,ATAAAATGCGA,TCAGATTACCTTTA,4,5,4,1,-1.3862943611198906
3791,ATAAAATGCGA,TCAGATTACCTTTA,4,10,11,6,-0.6061358035703156
3792,ATAAAATGCGA,TCAGATTACCTTTA,4,15,14,12,-0.15415067982725836
3793,ATAAAATGCGA,TCAGATTACCTTTA,4,20,20,19,-0.05129329438755058
3794,ATAAAATGCGA,TCAGATTACCTTTA,4,30,5,7,0.33647223662121284
3795,ATAAAATGCGA,TCAGATTACCTTTA,4,40,17,34,0.6931471805599453
3796,ATAAAATGCGA,TCAGATTACCTTTA,4,50,14,44,1.1451323043030024
3797,ATAAAATGCGA,TCAGATTACCTTTA,4,60,12,27,0.8109302162163288
3798,ATAAACATCTA,ACATCCGACTTTAC,2,15,10,2,-1.6094379124341003
3799,ATAAACATCTA,ACATCCGACTTTAC,2,20,2,1,-0.6931471805599453
3800,ATAAACATCTA,ACATCCGACTTTAC,2,40,5,2,-0.916290731874155
3801,ATAAACATCTA,ACATCCGACTTTAC,2,50,5,2,-0.916290731874155
3802,ATAAACATCTA,ACATCCGACTTTAC,2,60,6,2,-1.0986122886681098
3803,ATAAACATCTA,ACATCCGACTTTAC,3,15,2,1,-0.6931471805599453
3804,ATAAACATCTA,ACATCCGACTTTAC,3,20,3,1,-1.0986122886681098
3805,ATAAACATCTA,ACATCCGACTTTAC,3,40,8,1,-2.0794415416798357
3806,ATAAACATCTA,ACATCCGACTTTAC,3,50,5,5,0.0
3807,ATAAACATCTA,ACATCCGACTTTAC,3,60,7,1,-1.9459101490553132
3808,ATAAACATCTA,ACATCCGACTTTAC,4,0,9,3,-1.0986122886681098
3809,ATAAACATCTA,ACATCCGACTTTAC,4,2,12,1,-2.4849066497880004
3810,ATAAACATCTA,ACATCCGACTTTAC,4,5,3,1,-1.0986122886681098
3811,ATAAACATCTA,ACATCCGACTTTAC,4,15,18,3,-1.791759469228055
3812,ATAAACATCTA,ACATCCGACTTTAC,4,30,3,2,-0.40546510810816444
3813,ATAAACATCTA,ACATCCGACTTTAC,4,50,3,1,-1.0986122886681098
3814,ATAAACATCTA,ACATCCGACTTTAC,4,60,6,2,-1.0986122886681098
3815,ATAAACGATGG,GGAGGTTACGTCTC,2,2,38,4,-2.2512917986064953
3816,ATAAACGATGG,GGAGGTTACGTCTC,2,10,32,5,-1.856297990365626
3817,ATAAACGATGG,GGAGGTTACGTCTC,2,15,10,2,-1.6094379124341003
3818,ATAAACGATGG,GGAGGTTACGTCTC,2,20,54,2,-3.295836866004329
3819,ATAAACGATGG,GGAGGTTACGTCTC,2,30,25,2,-2.525728644308255
3820,ATAAACGATGG,GGAGGTTACGTCTC,2,40,20,2,-2.3025850929940455
3821,ATAAACGATGG,GGAGGTTACGTCTC,2,50,27,8,-1.2163953243244932
3822,ATAAACGATGG,GGAGGTTACGTCTC,2,60,41,8,-1.6341305250244718
3823,ATAAACGATGG,GGAGGTTACGTCTC,3,0,12,2,-1.791759469228055
3824,ATAAACGATGG,GGAGGTTACGTCTC,3,2,18,1,-2.8903717578961645
3825,ATAAACGATGG,GGAGGTTACGTCTC,3,5,22,4,-1.7047480922384253
3826,ATAAACGATGG,GGAGGTTACGTCTC,3,10,46,3,-2.730029107820985
3827,ATAAACGATGG,GGAGGTTACGTCTC,3,15,37,6,-1.8191584434161694
3828,ATAAACGATGG,GGAGGTTACGTCTC,3,20,59,11,-1.6796421711073488
3829,ATAAACGATGG,GGAGGTTACGTCTC,3,40,47,4,-2.463853240590168
3830,ATAAACGATGG,GGAGGTTACGTCTC,3,50,21,4,-1.6582280766035324
3831,ATAAACGATGG,GGAGGTTACGTCTC,3,60,19,3,-1.8458266904983307
3832,ATAAACGATGG,GGAGGTTACGTCTC,4,2,29,2,-2.6741486494265287
3833,ATAAACGATGG,GGAGGTTACGTCTC,4,5,34,1,-3.526360524616161
3834,ATAAACGATGG,GGAGGTTACGTCTC,4,10,14,1,-2.6390573296152584
3835,ATAAACGATGG,GGAGGTTACGTCTC,4,15,52,4,-2.5649493574615367
3836,ATAAACGATGG,GGAGGTTACGTCTC,4,20,15,5,-1.0986122886681098
3837,ATAAACGATGG,GGAGGTTACGTCTC,4,30,33,2,-2.803360380906535
3838,ATAAACGATGG,GGAGGTTACGTCTC,4,40,43,9,-1.563975538357343
3839,ATAAACGATGG,GGAGGTTACGTCTC,4,50,34,9,-1.329135947279942
3840,ATAAACGATGG,GGAGGTTACGTCTC,4,60,24,8,-1.0986122886681098
3841,ATAACTGGCTA,GACGCCCCGCCAAG,2,5,4,1,-1.3862943611198906
3842,ATAACTGGCTA,GACGCCCCGCCAAG,2,10,8,3,-0.9808292530117262
3843,ATAACTGGCTA,GACGCCCCGCCAAG,2,15,7,2,-1.252762968495368
3844,ATAACTGGCTA,GACGCCCCGCCAAG,2,20,1,1,0.0
3845,ATAACTGGCTA,GACGCCCCGCCAAG,2,30,18,7,-0.9444616088408513
3846,ATAACTGGCTA,GACGCCCCGCCAAG,2,50,17,3,-1.7346010553881062
3847,ATAACTGGCTA,GACGCCCCGCCAAG,3,20,10,1,-2.3025850929940455
3848,ATAACTGGCTA,GACGCCCCGCCAAG,4,0,9,1,-2.1972245773362196
3849,ATAACTGGCTA,GACGCCCCGCCAAG,4,5,4,1,-1.3862943611198906
3850,ATAACTGGCTA,GACGCCCCGCCAAG,4,15,9,1,-2.1972245773362196
3851,ATAACTGGCTA,GACGCCCCGCCAAG,4,20,4,1,-1.3862943611198906
3852,ATAACTGGCTA,GACGCCCCGCCAAG,4,30,6,1,-1.791759469228055
3853,ATAACTGGCTA,GACGCCCCGCCAAG,4,40,4,3,-0.2876820724517809
3854,ATAACTGGCTA,GACGCCCCGCCAAG,4,50,5,2,-0.916290731874155
3855,ATAAGCGTGGT,ATTGCTGTGTCAGA,2,0,13,3,-1.466337068793427
3856,ATAAGCGTGGT,ATTGCTGTGTCAGA,2,2,22,4,-1.7047480922384253
3857,ATAAGCGTGGT,ATTGCTGTGTCAGA,2,5,23,2,-2.4423470353692043
3858,ATAAGCGTGGT,ATTGCTGTGTCAGA,2,10,47,3,-2.751535313041949
3859,ATAAGCGTGGT,ATTGCTGTGTCAGA,2,15,37,4,-2.2246235515243336
3860,ATAAGCGTGGT,ATTGCTGTGTCAGA,2,20,61,9,-1.9136492868370918
3861,ATAAGCGTGGT,ATTGCTGTGTCAGA,2,30,41,6,-1.9218125974762528
3862,ATAAGCGTGGT,ATTGCTGTGTCAGA,2,40,21,6,-1.252762968495368
3863,ATAAGCGTGGT,ATTGCTGTGTCAGA,2,50,62,7,-2.181224235989778
3864,ATAAGCGTGGT,ATTGCTGTGTCAGA,2,60,45,7,-1.8607523407150064
3865,ATAAGCGTGGT,ATTGCTGTGTCAGA,3,0,34,5,-1.9169226121820608
3866,ATAAGCGTGGT,ATTGCTGTGTCAGA,3,5,26,5,-1.6486586255873816
3867,ATAAGCGTGGT,ATTGCTGTGTCAGA,3,10,42,6,-1.9459101490553132
3868,ATAAGCGTGGT,ATTGCTGTGTCAGA,3,15,31,4,-2.0476928433652555
3869,ATAAGCGTGGT,ATTGCTGTGTCAGA,3,20,25,5,-1.6094379124341003
3870,ATAAGCGTGGT,ATTGCTGTGTCAGA,3,30,26,1,-3.2580965380214817
3871,ATAAGCGTGGT,ATTGCTGTGTCAGA,3,40,27,5,-1.6863989535702286
3872,ATAAGCGTGGT,ATTGCTGTGTCAGA,3,50,46,13,-1.2636920390275583
3873,ATAAGCGTGGT,ATTGCTGTGTCAGA,3,60,16,8,-0.6931471805599453
3874,ATAAGCGTGGT,ATTGCTGTGTCAGA,4,0,15,2,-2.0149030205422647
3875,ATAAGCGTGGT,ATTGCTGTGTCAGA,4,2,43,4,-2.3749057545736716
3876,ATAAGCGTGGT,ATTGCTGTGTCAGA,4,5,28,3,-2.2335922215070942
3877,ATAAGCGTGGT,ATTGCTGTGTCAGA,4,10,36,5,-1.9740810260220094
3878,ATAAGCGTGGT,ATTGCTGTGTCAGA,4,15,29,5,-1.7578579175523736
3879,ATAAGCGTGGT,ATTGCTGTGTCAGA,4,20,36,1,-3.58351893845611
3880,ATAAGCGTGGT,ATTGCTGTGTCAGA,4,30,12,4,-1.0986122886681098
3881,ATAAGCGTGGT,ATTGCTGTGTCAGA,4,40,56,7,-2.0794415416798357
3882,ATAAGCGTGGT,ATTGCTGTGTCAGA,4,50,67,4,-2.8183982582710754
3883,ATAAGCGTGGT,ATTGCTGTGTCAGA,4,60,32,5,-1.856297990365626
3884,ATAAGTCCATG,GAGTTCTCAACACA,2,0,55,11,-1.6094379124341003
3885,ATAAGTCCATG,GAGTTCTCAACACA,2,2,54,8,-1.9095425048844383
3886,ATAAGTCCATG,GAGTTCTCAACACA,2,5,66,9,-1.992430164690206
3887,ATAAGTCCATG,GAGTTCTCAACACA,2,10,95,8,-2.474435349920705
3888,ATAAGTCCATG,GAGTTCTCAACACA,2,15,84,7,-2.4849066497880004
3889,ATAAGTCCATG,GAGTTCTCAACACA,2,20,90,7,-2.5538995212749516
3890,ATAAGTCCATG,GAGTTCTCAACACA,2,30,94,15,-1.8352445811677938
3891,ATAAGTCCATG,GAGTTCTCAACACA,2,40,35,7,-1.6094379124341003
3892,ATAAGTCCATG,GAGTTCTCAACACA,2,50,87,12,-1.9810014688665833
3893,ATAAGTCCATG,GAGTTCTCAACACA,2,60,91,8,-2.431417964837014
3894,ATAAGTCCATG,GAGTTCTCAACACA,3,0,65,7,-2.228477120840324
3895,ATAAGTCCATG,GAGTTCTCAACACA,3,2,47,5,-2.240709689275958
3896,ATAAGTCCATG,GAGTTCTCAACACA,3,5,49,15,-1.1837700970084164
3897,ATAAGTCCATG,GAGTTCTCAACACA,3,10,86,7,-2.5084371471981943
3898,ATAAGTCCATG,GAGTTCTCAACACA,3,15,56,6,-2.2335922215070942
3899,ATAAGTCCATG,GAGTTCTCAACACA,3,20,62,9,-1.929909807708872
3900,ATAAGTCCATG,GAGTTCTCAACACA,3,30,48,12,-1.3862943611198906
3901,ATAAGTCCATG,GAGTTCTCAACACA,3,40,81,10,-2.0918640616783932
3902,ATAAGTCCATG,GAGTTCTCAACACA,3,50,69,14,-1.5950491749820006
3903,ATAAGTCCATG,GAGTTCTCAACACA,3,60,58,9,-1.8632184332102
3904,ATAAGTCCATG,GAGTTCTCAACACA,4,0,62,6,-2.3353749158170363
3905,ATAAGTCCATG,GAGTTCTCAACACA,4,2,67,8,-2.12525107771113
3906,ATAAGTCCATG,GAGTTCTCAACACA,4,5,55,3,-2.908720896564361
3907,ATAAGTCCATG,GAGTTCTCAACACA,4,10,94,8,-2.463853240590168
3908,ATAAGTCCATG,GAGTTCTCAACACA,4,15,91,15,-1.80280930541464
3909,ATAAGTCCATG,GAGTTCTCAACACA,4,20,56,8,-1.9459101490553132
3910,ATAAGTCCATG,GAGTTCTCAACACA,4,30,46,6,-2.03688192726104
3911,ATAAGTCCATG,GAGTTCTCAACACA,4,40,50,12,-1.4271163556401458
3912,ATAAGTCCATG,GAGTTCTCAACACA,4,50,77,23,-1.2083112059245342
3913,ATAAGTCCATG,GAGTTCTCAACACA,4,60,57,9,-1.8458266904983307
3914,ATAATGTAAAC,TAATACAGGGGGGA,4,10,1,2,0.6931471805599453
3915,ATACATAAGAC,AGTAGTGATTAAGA,3,5,1,13,2.5649493574615367
3916,ATACCCGGGCA,TTACCTACAAGAGC,2,5,13,2,-1.8718021769015913
3917,ATACCCGGGCA,TTACCTACAAGAGC,2,10,5,1,-1.6094379124341003
3918,ATACCCGGGCA,TTACCTACAAGAGC,2,15,9,4,-0.8109302162163288
3919,ATACCCGGGCA,TTACCTACAAGAGC,2,20,6,3,-0.6931471805599453
3920,ATACCCGGGCA,TTACCTACAAGAGC,2,40,5,1,-1.6094379124341003
3921,ATACCCGGGCA,TTACCTACAAGAGC,2,50,7,1,-1.9459101490553132
3922,ATACCCGGGCA,TTACCTACAAGAGC,2,60,3,2,-0.40546510810816444
3923,ATACCCGGGCA,TTACCTACAAGAGC,3,0,5,1,-1.6094379124341003
3924,ATACCCGGGCA,TTACCTACAAGAGC,3,10,5,1,-1.6094379124341003
3925,ATACCCGGGCA,TTACCTACAAGAGC,3,20,4,1,-1.3862943611198906
3926,ATACCCGGGCA,TTACCTACAAGAGC,3,30,9,1,-2.1972245773362196
3927,ATACCCGGGCA,TTACCTACAAGAGC,3,50,11,1,-2.3978952727983707
3928,ATACCCGGGCA,TTACCTACAAGAGC,3,60,1,1,0.0
3929,ATACCCGGGCA,TTACCTACAAGAGC,4,10,17,7,-0.8873031950009028
3930,ATACCCGGGCA,TTACCTACAAGAGC,4,15,8,1,-2.0794415416798357
3931,ATACCCGGGCA,TTACCTACAAGAGC,4,30,11,5,-0.7884573603642702
3932,ATACCCGGGCA,TTACCTACAAGAGC,4,40,8,2,-1.3862943611198906
3933,ATACCCGGGCA,TTACCTACAAGAGC,4,50,9,1,-2.1972245773362196
3934,ATACCTGAGCT,TAATTCTGGAGGCC,2,0,1,13,2.5649493574615367
3935,ATACCTGAGCT,TAATTCTGGAGGCC,2,10,1,122,4.804021044733257
3936,ATACCTGAGCT,TAATTCTGGAGGCC,2,30,1,432,6.06842558824411
3937,ATACCTGAGCT,TAATTCTGGAGGCC,2,40,1,504,6.222576268071369
3938,ATACCTGAGCT,TAATTCTGGAGGCC,2,50,1,521,6.255750041753367
3939,ATACCTGAGCT,TAATTCTGGAGGCC,3,2,1,19,2.9444389791664403
3940,ATACCTGAGCT,TAATTCTGGAGGCC,4,10,2,108,3.988984046564274
3941,ATACCTGAGCT,TAATTCTGGAGGCC,4,40,1,752,6.62273632394984
3942,ATACGAATCCC,GTGAAGAGAGATTT,3,2,1,2,0.6931471805599453
3943,ATACGTTAAAT,GCCTTAAATCACAA,2,0,210,10,-3.044522437723423
3944,ATACGTTAAAT,GCCTTAAATCACAA,2,2,162,14,-2.4485390056171257
3945,ATACGTTAAAT,GCCTTAAATCACAA,2,5,165,1,-5.10594547390058
3946,ATACGTTAAAT,GCCTTAAATCACAA,2,10,195,19,-2.328560579397306
3947,ATACGTTAAAT,GCCTTAAATCACAA,2,15,174,20,-2.163323025660538
3948,ATACGTTAAAT,GCCTTAAATCACAA,2,20,255,13,-2.9763141876968895
3949,ATACGTTAAAT,GCCTTAAATCACAA,2,30,233,24,-2.272984623217755
3950,ATACGTTAAAT,GCCTTAAATCACAA,2,40,223,13,-2.842222413998582
3951,ATACGTTAAAT,GCCTTAAATCACAA,2,50,215,19,-2.426199048961222
3952,ATACGTTAAAT,GCCTTAAATCACAA,2,60,213,21,-2.316769727986002
3953,ATACGTTAAAT,GCCTTAAATCACAA,3,0,183,10,-2.906901059847375
3954,ATACGTTAAAT,GCCTTAAATCACAA,3,2,178,6,-3.39002408106403
3955,ATACGTTAAAT,GCCTTAAATCACAA,3,5,193,13,-2.697740831443349
3956,ATACGTTAAAT,GCCTTAAATCACAA,3,10,216,16,-2.6026896854443837
3957,ATACGTTAAAT,GCCTTAAATCACAA,3,15,215,25,-2.151762203259462
3958,ATACGTTAAAT,GCCTTAAATCACAA,3,20,258,20,-2.5572273113676265
3959,ATACGTTAAAT,GCCTTAAATCACAA,3,30,135,16,-2.132686056198648
3960,ATACGTTAAAT,GCCTTAAATCACAA,3,40,240,20,-2.4849066497880004
3961,ATACGTTAAAT,GCCTTAAATCACAA,3,50,187,19,-2.286669637688146
3962,ATACGTTAAAT,GCCTTAAATCACAA,3,60,214,18,-2.4756042571256867
3963,ATACGTTAAAT,GCCTTAAATCACAA,4,0,198,12,-2.803360380906535
3964,ATACGTTAAAT,GCCTTAAATCACAA,4,2,235,10,-3.157000421150113
3965,ATACGTTAAAT,GCCTTAAATCACAA,4,5,150,8,-2.9311937524164198
3966,ATACGTTAAAT,GCCTTAAATCACAA,4,10,188,16,-2.463853240590168
3967,ATACGTTAAAT,GCCTTAAATCACAA,4,15,168,13,-2.559014621941722
3968,ATACGTTAAAT,GCCTTAAATCACAA,4,20,143,11,-2.5649493574615367
3969,ATACGTTAAAT,GCCTTAAATCACAA,4,30,248,24,-2.3353749158170363
3970,ATACGTTAAAT,GCCTTAAATCACAA,4,40,212,29,-1.9892904446855384
3971,ATACGTTAAAT,GCCTTAAATCACAA,4,50,235,21,-2.415063076420736
3972,ATACGTTAAAT,GCCTTAAATCACAA,4,60,145,10,-2.6741486494265287
3973,ATAGAATCTTA,TGTATACAGTCGAG,2,0,10,3,-1.203972804325936
3974,ATAGAATCTTA,TGTATACAGTCGAG,2,20,1,5,1.6094379124341003
3975,ATAGAATCTTA,TGTATACAGTCGAG,2,40,2,7,1.252762968495368
3976,ATAGAATCTTA,TGTATACAGTCGAG,2,50,3,22,1.992430164690206
3977,ATAGAATCTTA,TGTATACAGTCGAG,2,60,1,8,2.0794415416798357
3978,ATAGAATCTTA,TGTATACAGTCGAG,4,0,1,2,0.6931471805599453
3979,ATAGAATCTTA,TGTATACAGTCGAG,4,10,6,2,-1.0986122886681098
3980,ATAGAATCTTA,TGTATACAGTCGAG,4,30,1,1,0.0
3981,ATAGAATCTTA,TGTATACAGTCGAG,4,60,2,4,0.6931471805599453
3982,ATAGGATACAA,CTATAATCCATACT,2,0,59,2,-3.384390263345774
3983,ATAGGATACAA,CTATAATCCATACT,2,2,70,6,-2.456735772821304
3984,ATAGGATACAA,CTATAATCCATACT,2,5,43,3,-2.662587827025453
3985,ATAGGATACAA,CTATAATCCATACT,2,10,52,11,-1.5533484457830569
3986,ATAGGATACAA,CTATAATCCATACT,2,15,47,8,-1.7707060600302227
3987,ATAGGATACAA,CTATAATCCATACT,2,20,64,6,-2.367123614131617
3988,ATAGGATACAA,CTATAATCCATACT,2,30,55,12,-1.5224265354444706
3989,ATAGGATACAA,CTATAATCCATACT,2,40,97,14,-1.9356536488881242
3990,ATAGGATACAA,CTATAATCCATACT,2,50,103,20,-1.6389967146756448
3991,ATAGGATACAA,CTATAATCCATACT,2,60,65,9,-1.9771626925594177
3992,ATAGGATACAA,CTATAATCCATACT,3,0,50,5,-2.3025850929940455
3993,ATAGGATACAA,CTATAATCCATACT,3,2,32,1,-3.4657359027997265
3994,ATAGGATACAA,CTATAATCCATACT,3,5,54,5,-2.379546134130174
3995,ATAGGATACAA,CTATAATCCATACT,3,10,101,14,-1.9760631872260006
3996,ATAGGATACAA,CTATAATCCATACT,3,15,70,12,-1.7635885922613586
3997,ATAGGATACAA,CTATAATCCATACT,3,20,65,16,-1.4017985476558559
3998,ATAGGATACAA,CTATAATCCATACT,3,30,68,11,-1.821612432377736
3999,ATAGGATACAA,CTATAATCCATACT,3,40,103,16,-1.8621402659898545
4000,ATAGGATACAA,CTATAATCCATACT,3,50,53,15,-1.2622417124499117
4001,ATAGGATACAA,CTATAATCCATACT,3,60,53,20,-0.9745596399981307
4002,ATAGGATACAA,CTATAATCCATACT,4,0,46,2,-3.1354942159291497
4003,ATAGGATACAA,CTATAATCCATACT,4,5,56,3,-2.9267394020670396
4004,ATAGGATACAA,CTATAATCCATACT,4,10,60,8,-2.0149030205422647
4005,ATAGGATACAA,CTATAATCCATACT,4,15,57,4,-2.6567569067146595
4006,ATAGGATACAA,CTATAATCCATACT,4,20,40,6,-1.8971199848858813
4007,ATAGGATACAA,CTATAATCCATACT,4,30,55,17,-1.1741198411762548
4008,ATAGGATACAA,CTATAATCCATACT,4,40,66,7,-2.243744592971112
4009,ATAGGATACAA,CTATAATCCATACT,4,50,53,33,-0.4737843520856416
4010,ATAGGATACAA,CTATAATCCATACT,4,60,75,22,-1.2264456601779945
4011,ATAGTGTCGCC,AAGGCGCTTCAATT,2,15,1,6,1.791759469228055
4012,ATAGTGTCGCC,AAGGCGCTTCAATT,3,5,1,6,1.791759469228055
4013,ATAGTGTCGCC,AAGGCGCTTCAATT,3,15,1,3,1.0986122886681096
4014,ATAGTGTCGCC,AAGGCGCTTCAATT,3,20,1,2,0.6931471805599453
4015,ATAGTGTCGCC,AAGGCGCTTCAATT,4,60,1,4,1.3862943611198906
4016,ATATAGAATGG,AAGATACGTATGTG,2,0,48,4,-2.4849066497880004
4017,ATATAGAATGG,AAGATACGTATGTG,2,5,22,1,-3.0910424533583156
4018,ATATAGAATGG,AAGATACGTATGTG,2,10,63,5,-2.533696813957432
4019,ATATAGAATGG,AAGATACGTATGTG,2,15,34,6,-1.7346010553881062
4020,ATATAGAATGG,AAGATACGTATGTG,2,20,36,7,-1.6376087894007967
4021,ATATAGAATGG,AAGATACGTATGTG,2,30,62,3,-3.0285220963769817
4022,ATATAGAATGG,AAGATACGTATGTG,2,40,17,1,-2.833213344056216
4023,ATATAGAATGG,AAGATACGTATGTG,2,50,42,7,-1.791759469228055
4024,ATATAGAATGG,AAGATACGTATGTG,2,60,43,8,-1.6817585740137264
4025,ATATAGAATGG,AAGATACGTATGTG,3,0,25,2,-2.525728644308255
4026,ATATAGAATGG,AAGATACGTATGTG,3,2,47,3,-2.751535313041949
4027,ATATAGAATGG,AAGATACGTATGTG,3,5,76,14,-1.6916760106710724
4028,ATATAGAATGG,AAGATACGTATGTG,3,10,39,7,-1.717651497074333
4029,ATATAGAATGG,AAGATACGTATGTG,3,15,63,14,-1.5040773967762742
4030,ATATAGAATGG,AAGATACGTATGTG,3,20,28,1,-3.332204510175204
4031,ATATAGAATGG,AAGATACGTATGTG,3,30,36,7,-1.6376087894007967
4032,ATATAGAATGG,AAGATACGTATGTG,3,40,50,2,-3.2188758248682006
4033,ATATAGAATGG,AAGATACGTATGTG,3,50,63,8,-2.063693184711697
4034,ATATAGAATGG,AAGATACGTATGTG,3,60,47,9,-1.652923024373839
4035,ATATAGAATGG,AAGATACGTATGTG,4,0,35,1,-3.5553480614894135
4036,ATATAGAATGG,AAGATACGTATGTG,4,2,36,10,-1.2809338454620642
4037,ATATAGAATGG,AAGATACGTATGTG,4,5,54,5,-2.379546134130174
4038,ATATAGAATGG,AAGATACGTATGTG,4,10,30,4,-2.0149030205422647
4039,ATATAGAATGG,AAGATACGTATGTG,4,15,30,5,-1.791759469228055
4040,ATATAGAATGG,AAGATACGTATGTG,4,20,17,4,-1.4469189829363254
4041,ATATAGAATGG,AAGATACGTATGTG,4,30,37,4,-2.2246235515243336
4042,ATATAGAATGG,AAGATACGTATGTG,4,40,36,8,-1.5040773967762742
4043,ATATAGAATGG,AAGATACGTATGTG,4,50,78,17,-1.5234954826333755
4044,ATATAGAATGG,AAGATACGTATGTG,4,60,67,7,-2.2587824703356527
4045,ATATGGAAGAG,TACCAAATAAAAGG,2,10,1,19,2.9444389791664403
4046,ATATGGAAGAG,TACCAAATAAAAGG,3,40,1,52,3.951243718581427
4047,ATATGGAAGAG,TACCAAATAAAAGG,4,10,1,40,3.6888794541139363
4048,ATATGGAAGAG,TACCAAATAAAAGG,4,20,1,20,2.995732273553991
4049,ATATGGAAGAG,TACCAAATAAAAGG,4,40,1,44,3.784189633918261
4050,ATATGTAAAAG,CGCCCCAACACTTA,2,0,5,1,-1.6094379124341003
4051,ATATGTAAAAG,CGCCCCAACACTTA,2,2,3,1,-1.0986122886681098
4052,ATATGTAAAAG,CGCCCCAACACTTA,2,5,1,1,0.0
4053,ATATGTAAAAG,CGCCCCAACACTTA,2,15,5,4,-0.2231435513142097
4054,ATATGTAAAAG,CGCCCCAACACTTA,2,40,8,5,-0.4700036292457356
4055,ATATGTAAAAG,CGCCCCAACACTTA,2,50,6,1,-1.791759469228055
4056,ATATGTAAAAG,CGCCCCAACACTTA,3,30,5,2,-0.916290731874155
4057,ATATGTAAAAG,CGCCCCAACACTTA,3,60,6,2,-1.0986122886681098
4058,ATATGTAAAAG,CGCCCCAACACTTA,4,50,13,2,-1.8718021769015913
4059,ATATTACACAG,TGGACCGATTATTA,2,10,8,1,-2.0794415416798357
4060,ATATTACACAG,TGGACCGATTATTA,2,15,15,2,-2.0149030205422647
4061,ATATTACACAG,TGGACCGATTATTA,2,20,8,3,-0.9808292530117262
4062,ATATTACACAG,TGGACCGATTATTA,2,50,27,6,-1.5040773967762742
4063,ATATTACACAG,TGGACCGATTATTA,3,0,5,2,-0.916290731874155
4064,ATATTACACAG,TGGACCGATTATTA,3,2,18,3,-1.791759469228055
4065,ATATTACACAG,TGGACCGATTATTA,3,15,16,8,-0.6931471805599453
4066,ATATTACACAG,TGGACCGATTATTA,3,40,17,5,-1.2237754316221157
4067,ATATTACACAG,TGGACCGATTATTA,3,50,21,3,-1.9459101490553132
4068,ATATTACACAG,TGGACCGATTATTA,4,0,9,1,-2.1972245773362196
4069,ATATTACACAG,TGGACCGATTATTA,4,2,11,3,-1.2992829841302609
4070,ATATTACACAG,TGGACCGATTATTA,4,5,10,1,-2.3025850929940455
4071,ATATTACACAG,TGGACCGATTATTA,4,10,11,1,-2.3978952727983707
4072,ATATTACACAG,TGGACCGATTATTA,4,15,3,1,-1.0986122886681098
4073,ATATTACACAG,TGGACCGATTATTA,4,20,13,2,-1.8718021769015913
4074,ATATTACACAG,TGGACCGATTATTA,4,40,12,4,-1.0986122886681098
4075,ATATTACACAG,TGGACCGATTATTA,4,50,23,4,-1.749199854809259
4076,ATATTACACAG,TGGACCGATTATTA,4,60,13,5,-0.9555114450274362
4077,ATATTCTATTC,GTAAGCCTTAAAGA,2,2,28,3,-2.2335922215070942
4078,ATATTCTATTC,GTAAGCCTTAAAGA,2,5,18,4,-1.5040773967762742
4079,ATATTCTATTC,GTAAGCCTTAAAGA,2,10,35,3,-2.456735772821304
4080,ATATTCTATTC,GTAAGCCTTAAAGA,2,15,58,4,-2.6741486494265287
4081,ATATTCTATTC,GTAAGCCTTAAAGA,2,20,36,5,-1.9740810260220094
4082,ATATTCTATTC,GTAAGCCTTAAAGA,2,30,53,11,-1.5723966407537513
4083,ATATTCTATTC,GTAAGCCTTAAAGA,2,40,35,13,-0.9903987040278769
4084,ATATTCTATTC,GTAAGCCTTAAAGA,2,50,60,9,-1.8971199848858813
4085,ATATTCTATTC,GTAAGCCTTAAAGA,2,60,22,4,-1.7047480922384253
4086,ATATTCTATTC,GTAAGCCTTAAAGA,3,0,34,3,-2.4277482359480516
4087,ATATTCTATTC,GTAAGCCTTAAAGA,3,5,66,7,-2.243744592971112
4088,ATATTCTATTC,GTAAGCCTTAAAGA,3,10,32,1,-3.4657359027997265
4089,ATATTCTATTC,GTAAGCCTTAAAGA,3,15,45,6,-2.0149030205422647
4090,ATATTCTATTC,GTAAGCCTTAAAGA,3,20,30,10,-1.0986122886681098
4091,ATATTCTATTC,GTAAGCCTTAAAGA,3,30,17,4,-1.4469189829363254
4092,ATATTCTATTC,GTAAGCCTTAAAGA,3,40,21,5,-1.4350845252893227
4093,ATATTCTATTC,GTAAGCCTTAAAGA,3,50,45,5,-2.1972245773362196
4094,ATATTCTATTC,GTAAGCCTTAAAGA,3,60,28,6,-1.5404450409471488
4095,ATATTCTATTC,GTAAGCCTTAAAGA,4,0,32,2,-2.772588722239781
4096,ATATTCTATTC,GTAAGCCTTAAAGA,4,2,20,3,-1.8971199848858813
4097,ATATTCTATTC,GTAAGCCTTAAAGA,4,5,42,3,-2.6390573296152584
4098,ATATTCTATTC,GTAAGCCTTAAAGA,4,10,30,2,-2.70805020110221
4099,ATATTCTATTC,GTAAGCCTTAAAGA,4,15,24,2,-2.4849066497880004
4100,ATATTCTATTC,GTAAGCCTTAAAGA,4,20,22,3,-1.992430164690206
4101,ATATTCTATTC,GTAAGCCTTAAAGA,4,30,30,2,-2.70805020110221
4102,ATATTCTATTC,GTAAGCCTTAAAGA,4,40,33,5,-1.8870696490323797
4103,ATATTCTATTC,GTAAGCCTTAAAGA,4,50,55,15,-1.2992829841302609
4104,ATATTCTATTC,GTAAGCCTTAAAGA,4,60,34,7,-1.580450375560848
4105,ATCACTGAGAA,CTAAGAGATCACTC,2,0,105,12,-2.169053700369523
4106,ATCACTGAGAA,CTAAGAGATCACTC,2,2,123,17,-1.9789710113162013
4107,ATCACTGAGAA,CTAAGAGATCACTC,2,5,97,16,-1.8021222562636017
4108,ATCACTGAGAA,CTAAGAGATCACTC,2,10,129,17,-2.026599060305456
4109,ATCACTGAGAA,CTAAGAGATCACTC,2,15,182,19,-2.259567707910355
4110,ATCACTGAGAA,CTAAGAGATCACTC,2,20,141,33,-1.452252328911688
4111,ATCACTGAGAA,CTAAGAGATCACTC,2,30,148,45,-1.1905497839937953
4112,ATCACTGAGAA,CTAAGAGATCACTC,2,40,125,47,-0.9781661355922425
4113,ATCACTGAGAA,CTAAGAGATCACTC,2,50,133,43,-1.1291490125281913
4114,ATCACTGAGAA,CTAAGAGATCACTC,2,60,146,55,-0.9762734364758654
4115,ATCACTGAGAA,CTAAGAGATCACTC,3,0,95,10,-2.2512917986064953
4116,ATCACTGAGAA,CTAAGAGATCACTC,3,2,100,21,-1.5606477482646683
4117,ATCACTGAGAA,CTAAGAGATCACTC,3,5,131,11,-2.477302050402781
4118,ATCACTGAGAA,CTAAGAGATCACTC,3,10,171,32,-1.6759276537029333
4119,ATCACTGAGAA,CTAAGAGATCACTC,3,15,151,30,-1.616082455152769
4120,ATCACTGAGAA,CTAAGAGATCACTC,3,20,149,29,-1.636650475958985
4121,ATCACTGAGAA,CTAAGAGATCACTC,3,30,121,26,-1.537694007575259
4122,ATCACTGAGAA,CTAAGAGATCACTC,3,40,101,21,-1.5705980791178364
4123,ATCACTGAGAA,CTAAGAGATCACTC,3,50,121,23,-1.6602963296675912
4124,ATCACTGAGAA,CTAAGAGATCACTC,3,60,143,13,-2.3978952727983707
4125,ATCACTGAGAA,CTAAGAGATCACTC,4,0,147,6,-3.1986731175506815
4126,ATCACTGAGAA,CTAAGAGATCACTC,4,2,134,19,-1.9534008207844709
4127,ATCACTGAGAA,CTAAGAGATCACTC,4,5,110,9,-2.5032557884561966
4128,ATCACTGAGAA,CTAAGAGATCACTC,4,10,127,27,-1.548350220454262
4129,ATCACTGAGAA,CTAAGAGATCACTC,4,15,78,18,-1.466337068793427
4130,ATCACTGAGAA,CTAAGAGATCACTC,4,20,107,26,-1.414732296440424
4131,ATCACTGAGAA,CTAAGAGATCACTC,4,30,127,25,-1.6253112615903904
4132,ATCACTGAGAA,CTAAGAGATCACTC,4,40,113,29,-1.3600919887258665
4133,ATCACTGAGAA,CTAAGAGATCACTC,4,50,153,27,-1.7346010553881062
4134,ATCACTGAGAA,CTAAGAGATCACTC,4,60,128,10,-2.5494451709255714
4135,ATCAGATCCAT,TGCAAAGTACAGAC,2,2,13,4,-1.178654996341646
4136,ATCAGATCCAT,TGCAAAGTACAGAC,2,10,13,1,-2.5649493574615367
4137,ATCAGATCCAT,TGCAAAGTACAGAC,2,15,9,1,-2.1972245773362196
4138,ATCAGATCCAT,TGCAAAGTACAGAC,2,40,11,2,-1.7047480922384253
4139,ATCAGATCCAT,TGCAAAGTACAGAC,2,50,11,5,-0.7884573603642702
4140,ATCAGATCCAT,TGCAAAGTACAGAC,2,60,8,1,-2.0794415416798357
4141,ATCAGATCCAT,TGCAAAGTACAGAC,3,0,10,2,-1.6094379124341003
4142,ATCAGATCCAT,TGCAAAGTACAGAC,3,15,12,4,-1.0986122886681098
4143,ATCAGATCCAT,TGCAAAGTACAGAC,3,20,11,1,-2.3978952727983707
4144,ATCAGATCCAT,TGCAAAGTACAGAC,3,30,3,1,-1.0986122886681098
4145,ATCAGATCCAT,TGCAAAGTACAGAC,3,50,7,1,-1.9459101490553132
4146,ATCAGATCCAT,TGCAAAGTACAGAC,3,60,16,2,-2.0794415416798357
4147,ATCAGATCCAT,TGCAAAGTACAGAC,4,0,15,1,-2.70805020110221
4148,ATCAGATCCAT,TGCAAAGTACAGAC,4,5,8,2,-1.3862943611198906
4149,ATCAGATCCAT,TGCAAAGTACAGAC,4,10,10,2,-1.6094379124341003
4150,ATCAGATCCAT,TGCAAAGTACAGAC,4,15,10,1,-2.3025850929940455
4151,ATCAGATCCAT,TGCAAAGTACAGAC,4,20,20,1,-2.995732273553991
4152,ATCAGATCCAT,TGCAAAGTACAGAC,4,30,9,4,-0.8109302162163288
4153,ATCAGATCCAT,TGCAAAGTACAGAC,4,40,11,2,-1.7047480922384253
4154,ATCAGATCCAT,TGCAAAGTACAGAC,4,50,5,1,-1.6094379124341003
4155,ATCAGATCCAT,TGCAAAGTACAGAC,4,60,10,3,-1.203972804325936
4156,ATCAGTTAAAA,CTGACATGATCACC,2,5,25,1,-3.2188758248682006
4157,ATCAGTTAAAA,CTGACATGATCACC,2,10,29,3,-2.268683541318364
4158,ATCAGTTAAAA,CTGACATGATCACC,2,15,19,3,-1.8458266904983307
4159,ATCAGTTAAAA,CTGACATGATCACC,2,20,28,13,-0.7672551527136671
4160,ATCAGTTAAAA,CTGACATGATCACC,2,30,19,1,-2.9444389791664403
4161,ATCAGTTAAAA,CTGACATGATCACC,2,40,26,3,-2.159484249353372
4162,ATCAGTTAAAA,CTGACATGATCACC,3,15,36,2,-2.8903717578961645
4163,ATCAGTTAAAA,CTGACATGATCACC,3,20,14,2,-1.9459101490553132
4164,ATCAGTTAAAA,CTGACATGATCACC,3,30,23,2,-2.4423470353692043
4165,ATCAGTTAAAA,CTGACATGATCACC,3,60,25,2,-2.525728644308255
4166,ATCAGTTAAAA,CTGACATGATCACC,4,0,39,1,-3.6635616461296463
4167,ATCAGTTAAAA,CTGACATGATCACC,4,20,15,1,-2.70805020110221
4168,ATCAGTTAAAA,CTGACATGATCACC,4,30,16,2,-2.0794415416798357
4169,ATCAGTTAAAA,CTGACATGATCACC,4,40,39,9,-1.466337068793427
4170,ATCAGTTAAAA,CTGACATGATCACC,4,50,26,5,-1.6486586255873816
4171,ATCAGTTAAAA,CTGACATGATCACC,4,60,25,5,-1.6094379124341003
4172,ATCCCGCAATC,TTGACCCTGCGCAC,2,0,10,1,-2.3025850929940455
4173,ATCCCGCAATC,TTGACCCTGCGCAC,2,2,23,5,-1.5260563034950494
4174,ATCCCGCAATC,TTGACCCTGCGCAC,2,5,34,4,-2.1400661634962708
4175,ATCCCGCAATC,TTGACCCTGCGCAC,2,10,31,3,-2.3353749158170363
4176,ATCCCGCAATC,TTGACCCTGCGCAC,2,15,26,2,-2.5649493574615367
4177,ATCCCGCAATC,TTGACCCTGCGCAC,2,20,14,3,-1.5404450409471488
4178,ATCCCGCAATC,TTGACCCTGCGCAC,2,30,30,6,-1.6094379124341003
4179,ATCCCGCAATC,TTGACCCTGCGCAC,2,40,16,10,-0.4700036292457356
4180,ATCCCGCAATC,TTGACCCTGCGCAC,2,50,38,14,-0.9985288301111271
4181,ATCCCGCAATC,TTGACCCTGCGCAC,2,60,45,4,-2.420368128650429
4182,ATCCCGCAATC,TTGACCCTGCGCAC,3,0,16,1,-2.772588722239781
4183,ATCCCGCAATC,TTGACCCTGCGCAC,3,2,20,1,-2.995732273553991
4184,ATCCCGCAATC,TTGACCCTGCGCAC,3,5,41,7,-1.7676619176489945
4185,ATCCCGCAATC,TTGACCCTGCGCAC,3,10,22,5,-1.4816045409242156
4186,ATCCCGCAATC,TTGACCCTGCGCAC,3,15,34,5,-1.9169226121820608
4187,ATCCCGCAATC,TTGACCCTGCGCAC,3,20,14,7,-0.6931471805599453
4188,ATCCCGCAATC,TTGACCCTGCGCAC,3,40,28,4,-1.9459101490553132
4189,ATCCCGCAATC,TTGACCCTGCGCAC,3,50,9,3,-1.0986122886681098
4190,ATCCCGCAATC,TTGACCCTGCGCAC,3,60,21,7,-1.0986122886681098
4191,ATCCCGCAATC,TTGACCCTGCGCAC,4,0,26,1,-3.2580965380214817
4192,ATCCCGCAATC,TTGACCCTGCGCAC,4,2,25,3,-2.120263536200091
4193,ATCCCGCAATC,TTGACCCTGCGCAC,4,5,29,5,-1.7578579175523736
4194,ATCCCGCAATC,TTGACCCTGCGCAC,4,10,19,2,-2.2512917986064953
4195,ATCCCGCAATC,TTGACCCTGCGCAC,4,15,23,5,-1.5260563034950494
4196,ATCCCGCAATC,TTGACCCTGCGCAC,4,20,26,5,-1.6486586255873816
4197,ATCCCGCAATC,TTGACCCTGCGCAC,4,30,31,8,-1.3545456628053103
4198,ATCCCGCAATC,TTGACCCTGCGCAC,4,40,48,7,-1.9252908618525775
4199,ATCCCGCAATC,TTGACCCTGCGCAC,4,50,40,11,-1.2909841813155656
4200,ATCCCGCAATC,TTGACCCTGCGCAC,4,60,20,8,-0.916290731874155
4201,ATCGCCGCCCT,TACGCATGACATTC,4,10,1,15,2.70805020110221
4202,ATCGTTAGGCA,GCCTAGAGGCTATA,2,0,10,1,-2.3025850929940455
4203,ATCGTTAGGCA,GCCTAGAGGCTATA,2,2,19,3,-1.8458266904983307
4204,ATCGTTAGGCA,GCCTAGAGGCTATA,2,15,4,2,-0.6931471805599453
4205,ATCGTTAGGCA,GCCTAGAGGCTATA,2,30,20,1,-2.995732273553991
4206,ATCGTTAGGCA,GCCTAGAGGCTATA,2,40,13,1,-2.5649493574615367
4207,ATCGTTAGGCA,GCCTAGAGGCTATA,3,0,11,1,-2.3978952727983707
4208,ATCGTTAGGCA,GCCTAGAGGCTATA,3,2,21,3,-1.9459101490553132
4209,ATCGTTAGGCA,GCCTAGAGGCTATA,3,10,33,3,-2.3978952727983707
4210,ATCGTTAGGCA,GCCTAGAGGCTATA,3,15,29,3,-2.268683541318364
4211,ATCGTTAGGCA,GCCTAGAGGCTATA,3,20,10,1,-2.3025850929940455
4212,ATCGTTAGGCA,GCCTAGAGGCTATA,4,2,3,2,-0.40546510810816444
4213,ATCGTTAGGCA,GCCTAGAGGCTATA,4,5,8,1,-2.0794415416798357
4214,ATCGTTAGGCA,GCCTAGAGGCTATA,4,40,6,1,-1.791759469228055
4215,ATCGTTAGGCA,GCCTAGAGGCTATA,4,50,39,1,-3.6635616461296463
4216,ATCTATTGTCC,TTATGGAAATATTA,2,0,37,1,-3.6109179126442243
4217,ATCTATTGTCC,TTATGGAAATATTA,2,2,27,2,-2.6026896854443837
4218,ATCTATTGTCC,TTATGGAAATATTA,2,5,44,4,-2.3978952727983707
4219,ATCTATTGTCC,TTATGGAAATATTA,2,10,64,3,-3.060270794691562
4220,ATCTATTGTCC,TTATGGAAATATTA,2,15,46,4,-2.4423470353692043
4221,ATCTATTGTCC,TTATGGAAATATTA,2,20,54,2,-3.295836866004329
4222,ATCTATTGTCC,TTATGGAAATATTA,2,30,45,6,-2.0149030205422647
4223,ATCTATTGTCC,TTATGGAAATATTA,2,40,52,4,-2.5649493574615367
4224,ATCTATTGTCC,TTATGGAAATATTA,2,50,63,9,-1.9459101490553132
4225,ATCTATTGTCC,TTATGGAAATATTA,2,60,58,3,-2.9618307218783095
4226,ATCTATTGTCC,TTATGGAAATATTA,3,0,28,4,-1.9459101490553132
4227,ATCTATTGTCC,TTATGGAAATATTA,3,5,49,2,-3.1986731175506815
4228,ATCTATTGTCC,TTATGGAAATATTA,3,10,57,10,-1.7404661748405044
4229,ATCTATTGTCC,TTATGGAAATATTA,3,15,46,6,-2.03688192726104
4230,ATCTATTGTCC,TTATGGAAATATTA,3,20,42,6,-1.9459101490553132
4231,ATCTATTGTCC,TTATGGAAATATTA,3,30,39,2,-2.970414465569701
4232,ATCTATTGTCC,TTATGGAAATATTA,3,40,61,3,-3.0122615755052013
4233,ATCTATTGTCC,TTATGGAAATATTA,3,50,27,4,-1.9095425048844383
4234,ATCTATTGTCC,TTATGGAAATATTA,4,0,11,1,-2.3978952727983707
4235,ATCTATTGTCC,TTATGGAAATATTA,4,2,39,2,-2.970414465569701
4236,ATCTATTGTCC,TTATGGAAATATTA,4,5,31,4,-2.0476928433652555
4237,ATCTATTGTCC,TTATGGAAATATTA,4,10,48,7,-1.9252908618525775
4238,ATCTATTGTCC,TTATGGAAATATTA,4,15,23,8,-1.056052674249314
4239,ATCTATTGTCC,TTATGGAAATATTA,4,20,33,1,-3.4965075614664802
4240,ATCTATTGTCC,TTATGGAAATATTA,4,30,49,2,-3.1986731175506815
4241,ATCTATTGTCC,TTATGGAAATATTA,4,40,56,7,-2.0794415416798357
4242,ATCTATTGTCC,TTATGGAAATATTA,4,50,35,2,-2.862200880929468
4243,ATCTATTGTCC,TTATGGAAATATTA,4,60,30,2,-2.70805020110221
4244,ATCTCTCTACG,TACTTCGAAGTCTT,4,50,1,16,2.772588722239781
4245,ATCTTGCTGGC,TACCCCATGGCACT,2,50,1,72,4.276666119016055
4246,ATCTTGCTGGC,TACCCCATGGCACT,2,60,1,56,4.025351690735149
4247,ATCTTGCTGGC,TACCCCATGGCACT,3,50,1,53,3.9702919135521215
4248,ATCTTTTGGAA,TGTCTGAATTCGTG,2,0,49,7,-1.9459101490553132
4249,ATCTTTTGGAA,TGTCTGAATTCGTG,2,2,83,11,-2.020945334998227
4250,ATCTTTTGGAA,TGTCTGAATTCGTG,2,5,53,1,-3.9702919135521215
4251,ATCTTTTGGAA,TGTCTGAATTCGTG,2,10,104,12,-2.159484249353372
4252,ATCTTTTGGAA,TGTCTGAATTCGTG,2,15,93,8,-2.45315795147342
4253,ATCTTTTGGAA,TGTCTGAATTCGTG,2,20,138,13,-2.362304327695668
4254,ATCTTTTGGAA,TGTCTGAATTCGTG,2,30,101,13,-2.0501711593797225
4255,ATCTTTTGGAA,TGTCTGAATTCGTG,2,40,137,8,-2.840539384148289
4256,ATCTTTTGGAA,TGTCTGAATTCGTG,2,50,83,7,-2.472930458741285
4257,ATCTTTTGGAA,TGTCTGAATTCGTG,2,60,80,7,-2.436116485618568
4258,ATCTTTTGGAA,TGTCTGAATTCGTG,3,0,71,11,-1.8647846042429448
4259,ATCTTTTGGAA,TGTCTGAATTCGTG,3,2,70,2,-3.5553480614894135
4260,ATCTTTTGGAA,TGTCTGAATTCGTG,3,5,74,7,-2.3581549441488563
4261,ATCTTTTGGAA,TGTCTGAATTCGTG,3,10,110,10,-2.3978952727983707
4262,ATCTTTTGGAA,TGTCTGAATTCGTG,3,15,96,4,-3.1780538303479458
4263,ATCTTTTGGAA,TGTCTGAATTCGTG,3,20,120,13,-2.222542385320509
4264,ATCTTTTGGAA,TGTCTGAATTCGTG,3,30,123,14,-2.1731270257571587
4265,ATCTTTTGGAA,TGTCTGAATTCGTG,3,40,108,10,-2.379546134130174
4266,ATCTTTTGGAA,TGTCTGAATTCGTG,3,50,51,8,-1.8523840910444898
4267,ATCTTTTGGAA,TGTCTGAATTCGTG,3,60,71,6,-2.4709204078132605
4268,ATCTTTTGGAA,TGTCTGAATTCGTG,4,0,109,8,-2.6119063405493077
4269,ATCTTTTGGAA,TGTCTGAATTCGTG,4,2,98,8,-2.505525936990736
4270,ATCTTTTGGAA,TGTCTGAATTCGTG,4,5,65,1,-4.174387269895637
4271,ATCTTTTGGAA,TGTCTGAATTCGTG,4,10,130,4,-3.481240089335692
4272,ATCTTTTGGAA,TGTCTGAATTCGTG,4,15,128,8,-2.772588722239781
4273,ATCTTTTGGAA,TGTCTGAATTCGTG,4,20,96,5,-2.9549102790337356
4274,ATCTTTTGGAA,TGTCTGAATTCGTG,4,30,124,10,-2.517696472610991
4275,ATCTTTTGGAA,TGTCTGAATTCGTG,4,40,147,8,-2.9109910450989003
4276,ATCTTTTGGAA,TGTCTGAATTCGTG,4,50,154,8,-2.957511060733793
4277,ATCTTTTGGAA,TGTCTGAATTCGTG,4,60,106,7,-2.717528945056754
4278,ATGACCATTTC,GATGGCCGTACTGG,2,2,1,9,2.197224577336219
4279,ATGATCCTTGA,AGAAGTGAGCGCTG,2,0,34,7,-1.580450375560848
4280,ATGATCCTTGA,AGAAGTGAGCGCTG,2,2,32,3,-2.367123614131617
4281,ATGATCCTTGA,AGAAGTGAGCGCTG,2,5,17,3,-1.7346010553881062
4282,ATGATCCTTGA,AGAAGTGAGCGCTG,2,10,24,7,-1.2321436812926323
4283,ATGATCCTTGA,AGAAGTGAGCGCTG,2,15,27,7,-1.3499267169490157
4284,ATGATCCTTGA,AGAAGTGAGCGCTG,2,20,29,10,-1.0647107369924282
4285,ATGATCCTTGA,AGAAGTGAGCGCTG,2,30,38,10,-1.3350010667323402
4286,ATGATCCTTGA,AGAAGTGAGCGCTG,2,40,43,3,-2.662587827025453
4287,ATGATCCTTGA,AGAAGTGAGCGCTG,2,50,29,18,-0.4769240720903093
4288,ATGATCCTTGA,AGAAGTGAGCGCTG,2,60,30,10,-1.0986122886681098
4289,ATGATCCTTGA,AGAAGTGAGCGCTG,3,0,22,3,-1.992430164690206
4290,ATGATCCTTGA,AGAAGTGAGCGCTG,3,2,20,7,-1.0498221244986778
4291,ATGATCCTTGA,AGAAGTGAGCGCTG,3,5,27,3,-2.1972245773362196
4292,ATGATCCTTGA,AGAAGTGAGCGCTG,3,10,34,3,-2.4277482359480516
4293,ATGATCCTTGA,AGAAGTGAGCGCTG,3,15,49,12,-1.4069136483226263
4294,ATGATCCTTGA,AGAAGTGAGCGCTG,3,20,40,9,-1.491654876777717
4295,ATGATCCTTGA,AGAAGTGAGCGCTG,3,30,34,10,-1.2237754316221157
4296,ATGATCCTTGA,AGAAGTGAGCGCTG,3,40,30,10,-1.0986122886681098
4297,ATGATCCTTGA,AGAAGTGAGCGCTG,3,50,39,10,-1.3609765531356008
4298,ATGATCCTTGA,AGAAGTGAGCGCTG,3,60,28,11,-0.9343092373768334
4299,ATGATCCTTGA,AGAAGTGAGCGCTG,4,0,17,6,-1.041453874828161
4300,ATGATCCTTGA,AGAAGTGAGCGCTG,4,2,26,10,-0.9555114450274362
4301,ATGATCCTTGA,AGAAGTGAGCGCTG,4,5,23,9,-0.9382696385929302
4302,ATGATCCTTGA,AGAAGTGAGCGCTG,4,10,32,8,-1.3862943611198906
4303,ATGATCCTTGA,AGAAGTGAGCGCTG,4,15,23,6,-1.3437347467010947
4304,ATGATCCTTGA,AGAAGTGAGCGCTG,4,20,19,8,-0.8649974374866045
4305,ATGATCCTTGA,AGAAGTGAGCGCTG,4,30,32,9,-1.2685113254635072
4306,ATGATCCTTGA,AGAAGTGAGCGCTG,4,40,43,14,-1.1221427860783038
4307,ATGATCCTTGA,AGAAGTGAGCGCTG,4,50,22,11,-0.6931471805599453
4308,ATGATCCTTGA,AGAAGTGAGCGCTG,4,60,30,10,-1.0986122886681098
4309,ATGCAAAGCGA,CCATACCACGTAAG,2,0,32,5,-1.856297990365626
4310,ATGCAAAGCGA,CCATACCACGTAAG,2,2,41,2,-3.0204248861443626
4311,ATGCAAAGCGA,CCATACCACGTAAG,2,5,49,6,-2.1000608288825715
4312,ATGCAAAGCGA,CCATACCACGTAAG,2,15,28,1,-3.332204510175204
4313,ATGCAAAGCGA,CCATACCACGTAAG,2,20,34,2,-2.833213344056216
4314,ATGCAAAGCGA,CCATACCACGTAAG,2,30,68,1,-4.219507705176107
4315,ATGCAAAGCGA,CCATACCACGTAAG,2,40,26,4,-1.8718021769015913
4316,ATGCAAAGCGA,CCATACCACGTAAG,2,50,22,2,-2.3978952727983707
4317,ATGCAAAGCGA,CCATACCACGTAAG,2,60,30,3,-2.3025850929940455
4318,ATGCAAAGCGA,CCATACCACGTAAG,3,0,42,6,-1.9459101490553132
4319,ATGCAAAGCGA,CCATACCACGTAAG,3,2,36,1,-3.58351893845611
4320,ATGCAAAGCGA,CCATACCACGTAAG,3,5,21,4,-1.6582280766035324
4321,ATGCAAAGCGA,CCATACCACGTAAG,3,10,69,7,-2.288196355541946
4322,ATGCAAAGCGA,CCATACCACGTAAG,3,15,37,2,-2.917770732084279
4323,ATGCAAAGCGA,CCATACCACGTAAG,3,20,39,4,-2.277267285009756
4324,ATGCAAAGCGA,CCATACCACGTAAG,3,50,25,1,-3.2188758248682006
4325,ATGCAAAGCGA,CCATACCACGTAAG,3,60,28,1,-3.332204510175204
4326,ATGCAAAGCGA,CCATACCACGTAAG,4,0,29,1,-3.3672958299864737
4327,ATGCAAAGCGA,CCATACCACGTAAG,4,2,39,3,-2.5649493574615367
4328,ATGCAAAGCGA,CCATACCACGTAAG,4,5,25,3,-2.120263536200091
4329,ATGCAAAGCGA,CCATACCACGTAAG,4,20,22,2,-2.3978952727983707
4330,ATGCAAAGCGA,CCATACCACGTAAG,4,30,20,1,-2.995732273553991
4331,ATGCAAAGCGA,CCATACCACGTAAG,4,40,46,2,-3.1354942159291497
4332,ATGCAAAGCGA,CCATACCACGTAAG,4,50,54,8,-1.9095425048844383
4333,ATGCAAAGCGA,CCATACCACGTAAG,4,60,34,4,-2.1400661634962708
4334,ATGCACAACCC,TGAAAATGTAAGAA,2,0,15,4,-1.3217558399823195
4335,ATGCACAACCC,TGAAAATGTAAGAA,2,5,16,1,-2.772588722239781
4336,ATGCACAACCC,TGAAAATGTAAGAA,2,15,21,6,-1.252762968495368
4337,ATGCACAACCC,TGAAAATGTAAGAA,2,30,4,2,-0.6931471805599453
4338,ATGCACAACCC,TGAAAATGTAAGAA,2,40,31,2,-2.740840023925201
4339,ATGCACAACCC,TGAAAATGTAAGAA,2,50,17,2,-2.1400661634962708
4340,ATGCACAACCC,TGAAAATGTAAGAA,2,60,25,4,-1.83258146374831
4341,ATGCACAACCC,TGAAAATGTAAGAA,3,2,6,5,-0.1823215567939546
4342,ATGCACAACCC,TGAAAATGTAAGAA,3,10,19,1,-2.9444389791664403
4343,ATGCACAACCC,TGAAAATGTAAGAA,3,15,3,2,-0.40546510810816444
4344,ATGCACAACCC,TGAAAATGTAAGAA,3,20,45,6,-2.0149030205422647
4345,ATGCACAACCC,TGAAAATGTAAGAA,3,50,3,1,-1.0986122886681098
4346,ATGCACAACCC,TGAAAATGTAAGAA,3,60,15,3,-1.6094379124341003
4347,ATGCACAACCC,TGAAAATGTAAGAA,4,2,12,4,-1.0986122886681098
4348,ATGCACAACCC,TGAAAATGTAAGAA,4,10,6,1,-1.791759469228055
4349,ATGCACAACCC,TGAAAATGTAAGAA,4,15,20,3,-1.8971199848858813
4350,ATGCACAACCC,TGAAAATGTAAGAA,4,40,19,2,-2.2512917986064953
4351,ATGCACAACCC,TGAAAATGTAAGAA,4,50,30,8,-1.3217558399823195
4352,ATGCACAACCC,TGAAAATGTAAGAA,4,60,21,7,-1.0986122886681098
4353,ATGCCCAGCGT,ATCCTTCACTTAAT,2,20,14,1,-2.6390573296152584
4354,ATGCCCAGCGT,ATCCTTCACTTAAT,2,30,6,1,-1.791759469228055
4355,ATGCCCAGCGT,ATCCTTCACTTAAT,2,40,19,4,-1.55814461804655
4356,ATGCCCAGCGT,ATCCTTCACTTAAT,2,50,11,4,-1.0116009116784799
4357,ATGCCCAGCGT,ATCCTTCACTTAAT,3,2,5,2,-0.916290731874155
4358,ATGCCCAGCGT,ATCCTTCACTTAAT,3,15,1,1,0.0
4359,ATGCCCAGCGT,ATCCTTCACTTAAT,3,20,5,1,-1.6094379124341003
4360,ATGCCCAGCGT,ATCCTTCACTTAAT,3,30,12,1,-2.4849066497880004
4361,ATGCCCAGCGT,ATCCTTCACTTAAT,3,40,15,5,-1.0986122886681098
4362,ATGCCCAGCGT,ATCCTTCACTTAAT,3,50,6,1,-1.791759469228055
4363,ATGCCCAGCGT,ATCCTTCACTTAAT,3,60,2,2,0.0
4364,ATGCCCAGCGT,ATCCTTCACTTAAT,4,10,18,3,-1.791759469228055
4365,ATGCCCAGCGT,ATCCTTCACTTAAT,4,20,13,1,-2.5649493574615367
4366,ATGCCCAGCGT,ATCCTTCACTTAAT,4,30,4,1,-1.3862943611198906
4367,ATGCCCAGCGT,ATCCTTCACTTAAT,4,40,16,3,-1.6739764335716716
4368,ATGCCCAGCGT,ATCCTTCACTTAAT,4,50,6,2,-1.0986122886681098
4369,ATGCCCAGCGT,ATCCTTCACTTAAT,4,60,8,1,-2.0794415416798357
4370,ATGCCGAAAGC,GTATGTTATCCGCA,3,40,1,8,2.0794415416798357
4371,ATGCGCACGCC,TGCACAATTCACAA,2,0,33,5,-1.8870696490323797
4372,ATGCGCACGCC,TGCACAATTCACAA,2,2,43,5,-2.151762203259462
4373,ATGCGCACGCC,TGCACAATTCACAA,2,5,10,2,-1.6094379124341003
4374,ATGCGCACGCC,TGCACAATTCACAA,2,10,21,3,-1.9459101490553132
4375,ATGCGCACGCC,TGCACAATTCACAA,2,15,28,5,-1.7227665977411035
4376,ATGCGCACGCC,TGCACAATTCACAA,2,20,65,7,-2.228477120840324
4377,ATGCGCACGCC,TGCACAATTCACAA,2,30,17,3,-1.7346010553881062
4378,ATGCGCACGCC,TGCACAATTCACAA,2,40,42,10,-1.4350845252893227
4379,ATGCGCACGCC,TGCACAATTCACAA,2,50,36,7,-1.6376087894007967
4380,ATGCGCACGCC,TGCACAATTCACAA,2,60,25,4,-1.83258146374831
4381,ATGCGCACGCC,TGCACAATTCACAA,3,0,29,1,-3.3672958299864737
4382,ATGCGCACGCC,TGCACAATTCACAA,3,2,25,2,-2.525728644308255
4383,ATGCGCACGCC,TGCACAATTCACAA,3,5,26,2,-2.5649493574615367
4384,ATGCGCACGCC,TGCACAATTCACAA,3,10,45,5,-2.1972245773362196
4385,ATGCGCACGCC,TGCACAATTCACAA,3,15,46,2,-3.1354942159291497
4386,ATGCGCACGCC,TGCACAATTCACAA,3,20,59,11,-1.6796421711073488
4387,ATGCGCACGCC,TGCACAATTCACAA,3,30,36,3,-2.4849066497880004
4388,ATGCGCACGCC,TGCACAATTCACAA,3,40,58,12,-1.575536360758419
4389,ATGCGCACGCC,TGCACAATTCACAA,3,50,22,3,-1.992430164690206
4390,ATGCGCACGCC,TGCACAATTCACAA,3,60,32,6,-1.6739764335716716
4391,ATGCGCACGCC,TGCACAATTCACAA,4,0,16,1,-2.772588722239781
4392,ATGCGCACGCC,TGCACAATTCACAA,4,2,36,5,-1.9740810260220094
4393,ATGCGCACGCC,TGCACAATTCACAA,4,5,9,1,-2.1972245773362196
4394,ATGCGCACGCC,TGCACAATTCACAA,4,10,39,5,-2.0541237336955462
4395,ATGCGCACGCC,TGCACAATTCACAA,4,15,16,1,-2.772588722239781
4396,ATGCGCACGCC,TGCACAATTCACAA,4,20,17,2,-2.1400661634962708
4397,ATGCGCACGCC,TGCACAATTCACAA,4,30,28,5,-1.7227665977411035
4398,ATGCGCACGCC,TGCACAATTCACAA,4,40,38,2,-2.9444389791664403
4399,ATGCGCACGCC,TGCACAATTCACAA,4,50,38,2,-2.9444389791664403
4400,ATGCGCACGCC,TGCACAATTCACAA,4,60,20,2,-2.3025850929940455
4401,ATGGAAATGTG,AAGGGAATGCGCGT,4,40,1,2,0.6931471805599453
4402,ATGGATTATTT,GTGAAACCTGTAAG,2,2,63,10,-1.8405496333974871
4403,ATGGATTATTT,GTGAAACCTGTAAG,2,5,17,3,-1.7346010553881062
4404,ATGGATTATTT,GTGAAACCTGTAAG,2,10,11,3,-1.2992829841302609
4405,ATGGATTATTT,GTGAAACCTGTAAG,2,15,11,2,-1.7047480922384253
4406,ATGGATTATTT,GTGAAACCTGTAAG,2,20,30,2,-2.70805020110221
4407,ATGGATTATTT,GTGAAACCTGTAAG,2,30,56,2,-3.332204510175204
4408,ATGGATTATTT,GTGAAACCTGTAAG,2,40,44,2,-3.0910424533583156
4409,ATGGATTATTT,GTGAAACCTGTAAG,2,50,30,1,-3.4011973816621555
4410,ATGGATTATTT,GTGAAACCTGTAAG,2,60,23,1,-3.1354942159291497
4411,ATGGATTATTT,GTGAAACCTGTAAG,3,0,29,4,-1.9810014688665833
4412,ATGGATTATTT,GTGAAACCTGTAAG,3,2,15,1,-2.70805020110221
4413,ATGGATTATTT,GTGAAACCTGTAAG,3,5,46,4,-2.4423470353692043
4414,ATGGATTATTT,GTGAAACCTGTAAG,3,10,32,2,-2.772588722239781
4415,ATGGATTATTT,GTGAAACCTGTAAG,3,15,32,1,-3.4657359027997265
4416,ATGGATTATTT,GTGAAACCTGTAAG,3,20,25,2,-2.525728644308255
4417,ATGGATTATTT,GTGAAACCTGTAAG,3,30,24,1,-3.1780538303479458
4418,ATGGATTATTT,GTGAAACCTGTAAG,3,50,24,1,-3.1780538303479458
4419,ATGGATTATTT,GTGAAACCTGTAAG,3,60,24,4,-1.791759469228055
4420,ATGGATTATTT,GTGAAACCTGTAAG,4,0,17,1,-2.833213344056216
4421,ATGGATTATTT,GTGAAACCTGTAAG,4,5,27,3,-2.1972245773362196
4422,ATGGATTATTT,GTGAAACCTGTAAG,4,10,26,3,-2.159484249353372
4423,ATGGATTATTT,GTGAAACCTGTAAG,4,15,22,1,-3.0910424533583156
4424,ATGGATTATTT,GTGAAACCTGTAAG,4,20,54,1,-3.9889840465642745
4425,ATGGATTATTT,GTGAAACCTGTAAG,4,30,30,5,-1.791759469228055
4426,ATGGATTATTT,GTGAAACCTGTAAG,4,40,28,4,-1.9459101490553132
4427,ATGGATTATTT,GTGAAACCTGTAAG,4,50,38,2,-2.9444389791664403
4428,ATGGATTATTT,GTGAAACCTGTAAG,4,60,31,1,-3.4339872044851463
4429,ATGGGATCCCT,ATAAAAGGACCCTA,2,15,2,2,0.0
4430,ATGGGATCCCT,ATAAAAGGACCCTA,2,30,8,2,-1.3862943611198906
4431,ATGGGATCCCT,ATAAAAGGACCCTA,2,40,2,1,-0.6931471805599453
4432,ATGGGATCCCT,ATAAAAGGACCCTA,2,60,14,1,-2.6390573296152584
4433,ATGGGATCCCT,ATAAAAGGACCCTA,3,0,6,1,-1.791759469228055
4434,ATGGGATCCCT,ATAAAAGGACCCTA,3,15,4,1,-1.3862943611198906
4435,ATGGGATCCCT,ATAAAAGGACCCTA,3,20,2,1,-0.6931471805599453
4436,ATGGGATCCCT,ATAAAAGGACCCTA,3,30,5,2,-0.916290731874155
4437,ATGGGATCCCT,ATAAAAGGACCCTA,3,60,5,3,-0.5108256237659907
4438,ATGGGATCCCT,ATAAAAGGACCCTA,4,10,15,3,-1.6094379124341003
4439,ATGGGATCCCT,ATAAAAGGACCCTA,4,40,6,2,-1.0986122886681098
4440,ATGTAACGAGA,GTGACGTACACCTA,2,2,8,1,-2.0794415416798357
4441,ATGTAACGAGA,GTGACGTACACCTA,2,5,8,1,-2.0794415416798357
4442,ATGTAACGAGA,GTGACGTACACCTA,2,10,9,2,-1.5040773967762742
4443,ATGTAACGAGA,GTGACGTACACCTA,2,15,16,2,-2.0794415416798357
4444,ATGTAACGAGA,GTGACGTACACCTA,2,20,16,1,-2.772588722239781
4445,ATGTAACGAGA,GTGACGTACACCTA,2,30,20,2,-2.3025850929940455
4446,ATGTAACGAGA,GTGACGTACACCTA,2,50,5,11,0.7884573603642703
4447,ATGTAACGAGA,GTGACGTACACCTA,3,0,19,2,-2.2512917986064953
4448,ATGTAACGAGA,GTGACGTACACCTA,3,2,10,2,-1.6094379124341003
4449,ATGTAACGAGA,GTGACGTACACCTA,3,5,19,1,-2.9444389791664403
4450,ATGTAACGAGA,GTGACGTACACCTA,3,10,14,2,-1.9459101490553132
4451,ATGTAACGAGA,GTGACGTACACCTA,3,15,18,7,-0.9444616088408513
4452,ATGTAACGAGA,GTGACGTACACCTA,3,30,9,1,-2.1972245773362196
4453,ATGTAACGAGA,GTGACGTACACCTA,3,50,11,3,-1.2992829841302609
4454,ATGTAACGAGA,GTGACGTACACCTA,3,60,6,1,-1.791759469228055
4455,ATGTAACGAGA,GTGACGTACACCTA,4,0,10,1,-2.3025850929940455
4456,ATGTAACGAGA,GTGACGTACACCTA,4,5,10,1,-2.3025850929940455
4457,ATGTAACGAGA,GTGACGTACACCTA,4,10,26,3,-2.159484249353372
4458,ATGTAACGAGA,GTGACGTACACCTA,4,15,5,1,-1.6094379124341003
4459,ATGTAACGAGA,GTGACGTACACCTA,4,20,6,3,-0.6931471805599453
4460,ATGTAACGAGA,GTGACGTACACCTA,4,30,11,1,-2.3978952727983707
4461,ATGTAACGAGA,GTGACGTACACCTA,4,40,17,11,-0.4353180712578455
4462,ATGTAACGAGA,GTGACGTACACCTA,4,50,33,6,-1.7047480922384253
4463,ATGTAACGAGA,GTGACGTACACCTA,4,60,8,3,-0.9808292530117262
4464,ATGTCTAGGCA,GAACATGGAAAAAT,2,0,7,4,-0.5596157879354227
4465,ATGTCTAGGCA,GAACATGGAAAAAT,2,2,12,2,-1.791759469228055
4466,ATGTCTAGGCA,GAACATGGAAAAAT,2,5,23,5,-1.5260563034950494
4467,ATGTCTAGGCA,GAACATGGAAAAAT,2,10,17,6,-1.041453874828161
4468,ATGTCTAGGCA,GAACATGGAAAAAT,2,15,23,3,-2.03688192726104
4469,ATGTCTAGGCA,GAACATGGAAAAAT,2,20,19,9,-0.7472144018302211
4470,ATGTCTAGGCA,GAACATGGAAAAAT,2,30,19,6,-1.1526795099383855
4471,ATGTCTAGGCA,GAACATGGAAAAAT,2,40,9,16,0.5753641449035618
4472,ATGTCTAGGCA,GAACATGGAAAAAT,2,50,26,32,0.20763936477824455
4473,ATGTCTAGGCA,GAACATGGAAAAAT,2,60,25,13,-0.6539264674066639
4474,ATGTCTAGGCA,GAACATGGAAAAAT,3,0,19,4,-1.55814461804655
4475,ATGTCTAGGCA,GAACATGGAAAAAT,3,2,17,1,-2.833213344056216
4476,ATGTCTAGGCA,GAACATGGAAAAAT,3,5,16,4,-1.3862943611198906
4477,ATGTCTAGGCA,GAACATGGAAAAAT,3,10,20,5,-1.3862943611198906
4478,ATGTCTAGGCA,GAACATGGAAAAAT,3,15,16,6,-0.9808292530117262
4479,ATGTCTAGGCA,GAACATGGAAAAAT,3,20,28,23,-0.19671029424605427
4480,ATGTCTAGGCA,GAACATGGAAAAAT,3,30,22,13,-0.5260930958967791
4481,ATGTCTAGGCA,GAACATGGAAAAAT,3,40,24,35,0.37729423114146804
4482,ATGTCTAGGCA,GAACATGGAAAAAT,3,50,16,18,0.11778303565638346
4483,ATGTCTAGGCA,GAACATGGAAAAAT,3,60,14,10,-0.3364722366212129
4484,ATGTCTAGGCA,GAACATGGAAAAAT,4,0,9,2,-1.5040773967762742
4485,ATGTCTAGGCA,GAACATGGAAAAAT,4,10,26,10,-0.9555114450274362
4486,ATGTCTAGGCA,GAACATGGAAAAAT,4,15,23,9,-0.9382696385929302
4487,ATGTCTAGGCA,GAACATGGAAAAAT,4,20,20,9,-0.7985076962177715
4488,ATGTCTAGGCA,GAACATGGAAAAAT,4,30,9,3,-1.0986122886681098
4489,ATGTCTAGGCA,GAACATGGAAAAAT,4,40,47,16,-1.0775588794702773
4490,ATGTCTAGGCA,GAACATGGAAAAAT,4,50,19,14,-0.30538164955118186
4491,ATGTCTAGGCA,GAACATGGAAAAAT,4,60,18,27,0.4054651081081644
4492,ATGTTGACTTA,GCGCCGTCGTCCCC,3,30,1,12,2.4849066497880004
4493,ATGTTGACTTA,GCGCCGTCGTCCCC,4,60,1,11,2.3978952727983707
4494,ATGTTTGATTT,TAAGGTCACACGTT,2,50,1,17,2.833213344056216
4495,ATTAAAGAGGT,TCTTTATCAATGCA,2,0,4,1,-1.3862943611198906
4496,ATTAAAGAGGT,TCTTTATCAATGCA,3,10,1,1,0.0
4497,ATTAACTGTCT,TTCTATGTTTTCTG,2,0,14,2,-1.9459101490553132
4498,ATTAACTGTCT,TTCTATGTTTTCTG,2,2,9,2,-1.5040773967762742
4499,ATTAACTGTCT,TTCTATGTTTTCTG,2,15,33,3,-2.3978952727983707
4500,ATTAACTGTCT,TTCTATGTTTTCTG,2,20,28,3,-2.2335922215070942
4501,ATTAACTGTCT,TTCTATGTTTTCTG,2,30,7,1,-1.9459101490553132
4502,ATTAACTGTCT,TTCTATGTTTTCTG,2,50,27,15,-0.587786664902119
4503,ATTAACTGTCT,TTCTATGTTTTCTG,2,60,27,13,-0.7308875085427924
4504,ATTAACTGTCT,TTCTATGTTTTCTG,3,0,37,1,-3.6109179126442243
4505,ATTAACTGTCT,TTCTATGTTTTCTG,3,2,35,2,-2.862200880929468
4506,ATTAACTGTCT,TTCTATGTTTTCTG,3,5,15,4,-1.3217558399823195
4507,ATTAACTGTCT,TTCTATGTTTTCTG,3,10,21,4,-1.6582280766035324
4508,ATTAACTGTCT,TTCTATGTTTTCTG,3,15,8,5,-0.4700036292457356
4509,ATTAACTGTCT,TTCTATGTTTTCTG,3,20,46,7,-1.8827312474337816
4510,ATTAACTGTCT,TTCTATGTTTTCTG,3,30,28,2,-2.6390573296152584
4511,ATTAACTGTCT,TTCTATGTTTTCTG,3,40,24,9,-0.9808292530117262
4512,ATTAACTGTCT,TTCTATGTTTTCTG,3,50,19,5,-1.3350010667323402
4513,ATTAACTGTCT,TTCTATGTTTTCTG,3,60,20,3,-1.8971199848858813
4514,ATTAACTGTCT,TTCTATGTTTTCTG,4,0,25,2,-2.525728644308255
4515,ATTAACTGTCT,TTCTATGTTTTCTG,4,5,21,2,-2.3513752571634776
4516,ATTAACTGTCT,TTCTATGTTTTCTG,4,10,10,6,-0.5108256237659907
4517,ATTAACTGTCT,TTCTATGTTTTCTG,4,15,33,5,-1.8870696490323797
4518,ATTAACTGTCT,TTCTATGTTTTCTG,4,20,26,10,-0.9555114450274362
4519,ATTAACTGTCT,TTCTATGTTTTCTG,4,30,16,6,-0.9808292530117262
4520,ATTAACTGTCT,TTCTATGTTTTCTG,4,40,29,7,-1.4213856809311607
4521,ATTAACTGTCT,TTCTATGTTTTCTG,4,50,22,5,-1.4816045409242156
4522,ATTAACTGTCT,TTCTATGTTTTCTG,4,60,38,20,-0.6418538861723948
4523,ATTAGAATCGG,CCAGGACATGCTTT,2,0,30,3,-2.3025850929940455
4524,ATTAGAATCGG,CCAGGACATGCTTT,2,2,71,1,-4.2626798770413155
4525,ATTAGAATCGG,CCAGGACATGCTTT,2,10,55,4,-2.6210388241125804
4526,ATTAGAATCGG,CCAGGACATGCTTT,2,15,48,4,-2.4849066497880004
4527,ATTAGAATCGG,CCAGGACATGCTTT,2,20,52,4,-2.5649493574615367
4528,ATTAGAATCGG,CCAGGACATGCTTT,2,30,47,5,-2.240709689275958
4529,ATTAGAATCGG,CCAGGACATGCTTT,2,40,42,5,-2.128231705849268
4530,ATTAGAATCGG,CCAGGACATGCTTT,2,50,67,14,-1.5656352897757073
4531,ATTAGAATCGG,CCAGGACATGCTTT,2,60,60,14,-1.455287232606842
4532,ATTAGAATCGG,CCAGGACATGCTTT,3,0,32,2,-2.772588722239781
4533,ATTAGAATCGG,CCAGGACATGCTTT,3,2,54,3,-2.8903717578961645
4534,ATTAGAATCGG,CCAGGACATGCTTT,3,5,54,2,-3.295836866004329
4535,ATTAGAATCGG,CCAGGACATGCTTT,3,10,64,5,-2.5494451709255714
4536,ATTAGAATCGG,CCAGGACATGCTTT,3,15,55,4,-2.6210388241125804
4537,ATTAGAATCGG,CCAGGACATGCTTT,3,20,42,6,-1.9459101490553132
4538,ATTAGAATCGG,CCAGGACATGCTTT,3,30,38,5,-2.028148247292285
4539,ATTAGAATCGG,CCAGGACATGCTTT,3,40,37,5,-2.001480000210124
4540,ATTAGAATCGG,CCAGGACATGCTTT,3,50,37,3,-2.512305623976115
4541,ATTAGAATCGG,CCAGGACATGCTTT,3,60,51,9,-1.7346010553881062
4542,ATTAGAATCGG,CCAGGACATGCTTT,4,0,40,2,-2.995732273553991
4543,ATTAGAATCGG,CCAGGACATGCTTT,4,2,37,4,-2.2246235515243336
4544,ATTAGAATCGG,CCAGGACATGCTTT,4,5,38,1,-3.6375861597263857
4545,ATTAGAATCGG,CCAGGACATGCTTT,4,10,73,3,-3.1918471524802814
4546,ATTAGAATCGG,CCAGGACATGCTTT,4,15,64,9,-1.9616585060234524
4547,ATTAGAATCGG,CCAGGACATGCTTT,4,20,40,2,-2.995732273553991
4548,ATTAGAATCGG,CCAGGACATGCTTT,4,30,50,5,-2.3025850929940455
4549,ATTAGAATCGG,CCAGGACATGCTTT,4,40,50,10,-1.6094379124341003
4550,ATTAGAATCGG,CCAGGACATGCTTT,4,50,34,7,-1.580450375560848
4551,ATTAGAATCGG,CCAGGACATGCTTT,4,60,42,8,-1.6582280766035324
4552,ATTATAACCTT,GCGCCCTCGTCTCC,2,0,1,5,1.6094379124341003
4553,ATTATAACCTT,GCGCCCTCGTCTCC,2,2,3,3,0.0
4554,ATTATAACCTT,GCGCCCTCGTCTCC,2,15,3,3,0.0
4555,ATTATAACCTT,GCGCCCTCGTCTCC,2,20,7,7,0.0
4556,ATTATAACCTT,GCGCCCTCGTCTCC,2,30,1,12,2.4849066497880004
4557,ATTATAACCTT,GCGCCCTCGTCTCC,2,40,4,12,1.0986122886681096
4558,ATTATAACCTT,GCGCCCTCGTCTCC,2,50,1,9,2.197224577336219
4559,ATTATAACCTT,GCGCCCTCGTCTCC,3,0,2,5,0.916290731874155
4560,ATTATAACCTT,GCGCCCTCGTCTCC,3,2,4,3,-0.2876820724517809
4561,ATTATAACCTT,GCGCCCTCGTCTCC,3,5,2,3,0.4054651081081644
4562,ATTATAACCTT,GCGCCCTCGTCTCC,3,10,4,4,0.0
4563,ATTATAACCTT,GCGCCCTCGTCTCC,3,15,8,9,0.11778303565638346
4564,ATTATAACCTT,GCGCCCTCGTCTCC,3,20,4,11,1.0116009116784799
4565,ATTATAACCTT,GCGCCCTCGTCTCC,3,30,1,5,1.6094379124341003
4566,ATTATAACCTT,GCGCCCTCGTCTCC,3,40,3,5,0.5108256237659907
4567,ATTATAACCTT,GCGCCCTCGTCTCC,3,50,5,18,1.2809338454620642
4568,ATTATAACCTT,GCGCCCTCGTCTCC,3,60,9,10,0.10536051565782635
4569,ATTATAACCTT,GCGCCCTCGTCTCC,4,0,3,6,0.6931471805599453
4570,ATTATAACCTT,GCGCCCTCGTCTCC,4,2,3,3,0.0
4571,ATTATAACCTT,GCGCCCTCGTCTCC,4,5,2,1,-0.6931471805599453
4572,ATTATAACCTT,GCGCCCTCGTCTCC,4,10,6,2,-1.0986122886681098
4573,ATTATAACCTT,GCGCCCTCGTCTCC,4,15,4,5,0.22314355131420974
4574,ATTATAACCTT,GCGCCCTCGTCTCC,4,30,1,4,1.3862943611198906
4575,ATTATAACCTT,GCGCCCTCGTCTCC,4,40,2,7,1.252762968495368
4576,ATTATAACCTT,GCGCCCTCGTCTCC,4,50,5,8,0.4700036292457356
4577,ATTATAACCTT,GCGCCCTCGTCTCC,4,60,1,11,2.3978952727983707
4578,ATTATAGCTTC,GTTTCCTGAGAAGC,4,50,1,11,2.3978952727983707
4579,ATTATTAGAGT,GGAGGATGTTGGGG,2,10,5,1,-1.6094379124341003
4580,ATTATTAGAGT,GGAGGATGTTGGGG,2,20,6,1,-1.791759469228055
4581,ATTATTAGAGT,GGAGGATGTTGGGG,2,30,12,12,0.0
4582,ATTATTAGAGT,GGAGGATGTTGGGG,2,40,7,7,0.0
4583,ATTATTAGAGT,GGAGGATGTTGGGG,2,50,1,7,1.9459101490553132
4584,ATTATTAGAGT,GGAGGATGTTGGGG,2,60,10,22,0.7884573603642703
4585,ATTATTAGAGT,GGAGGATGTTGGGG,3,2,5,1,-1.6094379124341003
4586,ATTATTAGAGT,GGAGGATGTTGGGG,3,15,8,6,-0.2876820724517809
4587,ATTATTAGAGT,GGAGGATGTTGGGG,3,20,7,3,-0.8472978603872037
4588,ATTATTAGAGT,GGAGGATGTTGGGG,3,30,2,8,1.3862943611198906
4589,ATTATTAGAGT,GGAGGATGTTGGGG,3,40,6,8,0.28768207245178085
4590,ATTATTAGAGT,GGAGGATGTTGGGG,3,50,3,12,1.3862943611198906
4591,ATTATTAGAGT,GGAGGATGTTGGGG,4,10,6,2,-1.0986122886681098
4592,ATTATTAGAGT,GGAGGATGTTGGGG,4,30,2,2,0.0
4593,ATTATTAGAGT,GGAGGATGTTGGGG,4,40,2,4,0.6931471805599453
4594,ATTATTAGAGT,GGAGGATGTTGGGG,4,50,5,6,0.1823215567939546
4595,ATTATTAGAGT,GGAGGATGTTGGGG,4,60,2,1,-0.6931471805599453
4596,ATTATTGTGAA,CCTCTTAGAAAGAG,2,60,1,1,0.0
4597,ATTATTGTGAA,CCTCTTAGAAAGAG,3,30,1,1,0.0
4598,ATTATTGTGAA,CCTCTTAGAAAGAG,3,50,1,3,1.0986122886681096
4599,ATTATTGTGAA,CCTCTTAGAAAGAG,4,0,1,4,1.3862943611198906
4600,ATTATTGTGAA,CCTCTTAGAAAGAG,4,60,1,3,1.0986122886681096
4601,ATTCGATCCCT,TTTTAATGCTAGAA,2,2,2,1,-0.6931471805599453
4602,ATTGATGTGTA,TGGCCGTTACAGAC,2,2,6,1,-1.791759469228055
4603,ATTGATGTGTA,TGGCCGTTACAGAC,2,5,7,3,-0.8472978603872037
4604,ATTGATGTGTA,TGGCCGTTACAGAC,2,10,8,4,-0.6931471805599453
4605,ATTGATGTGTA,TGGCCGTTACAGAC,2,15,22,9,-0.8938178760220964
4606,ATTGATGTGTA,TGGCCGTTACAGAC,2,20,10,3,-1.203972804325936
4607,ATTGATGTGTA,TGGCCGTTACAGAC,2,30,14,4,-1.252762968495368
4608,ATTGATGTGTA,TGGCCGTTACAGAC,2,40,13,8,-0.48550781578170077
4609,ATTGATGTGTA,TGGCCGTTACAGAC,2,50,10,8,-0.2231435513142097
4610,ATTGATGTGTA,TGGCCGTTACAGAC,2,60,3,9,1.0986122886681096
4611,ATTGATGTGTA,TGGCCGTTACAGAC,3,0,13,3,-1.466337068793427
4612,ATTGATGTGTA,TGGCCGTTACAGAC,3,2,7,1,-1.9459101490553132
4613,ATTGATGTGTA,TGGCCGTTACAGAC,3,5,6,1,-1.791759469228055
4614,ATTGATGTGTA,TGGCCGTTACAGAC,3,10,15,5,-1.0986122886681098
4615,ATTGATGTGTA,TGGCCGTTACAGAC,3,15,8,2,-1.3862943611198906
4616,ATTGATGTGTA,TGGCCGTTACAGAC,3,20,10,20,0.6931471805599453
4617,ATTGATGTGTA,TGGCCGTTACAGAC,3,30,11,8,-0.3184537311185346
4618,ATTGATGTGTA,TGGCCGTTACAGAC,3,40,3,4,0.28768207245178085
4619,ATTGATGTGTA,TGGCCGTTACAGAC,3,50,7,20,1.0498221244986776
4620,ATTGATGTGTA,TGGCCGTTACAGAC,3,60,19,8,-0.8649974374866045
4621,ATTGATGTGTA,TGGCCGTTACAGAC,4,0,9,3,-1.0986122886681098
4622,ATTGATGTGTA,TGGCCGTTACAGAC,4,2,12,1,-2.4849066497880004
4623,ATTGATGTGTA,TGGCCGTTACAGAC,4,10,6,2,-1.0986122886681098
4624,ATTGATGTGTA,TGGCCGTTACAGAC,4,15,13,6,-0.7731898882334817
4625,ATTGATGTGTA,TGGCCGTTACAGAC,4,20,5,6,0.1823215567939546
4626,ATTGATGTGTA,TGGCCGTTACAGAC,4,30,11,9,-0.2006706954621511
4627,ATTGATGTGTA,TGGCCGTTACAGAC,4,40,12,17,0.34830669426821576
4628,ATTGATGTGTA,TGGCCGTTACAGAC,4,50,6,16,0.9808292530117262
4629,ATTGATGTGTA,TGGCCGTTACAGAC,4,60,7,8,0.13353139262452257
4630,ATTGGAACGCT,CACGAGACCTTAAA,2,20,161,1,-5.081404364984463
4631,ATTGGAACGCT,CACGAGACCTTAAA,2,30,199,1,-5.293304824724492
4632,ATTGGAACGCT,CACGAGACCTTAAA,2,50,208,1,-5.337538079701318
4633,ATTGGAACGCT,CACGAGACCTTAAA,2,60,199,2,-4.600157644164547
4634,ATTGGAACGCT,CACGAGACCTTAAA,3,5,205,4,-3.9367156180185177
4635,ATTGGAACGCT,CACGAGACCTTAAA,3,40,138,2,-4.234106504597259
4636,ATTGGAACGCT,CACGAGACCTTAAA,3,50,146,2,-4.290459441148391
4637,ATTGGAACGCT,CACGAGACCTTAAA,4,20,172,1,-5.147494476813453
4638,ATTGGAACGCT,CACGAGACCTTAAA,4,50,224,2,-4.718498871295094
4639,ATTGGGGCAAC,CGGTACGCTGATTA,2,5,25,2,-2.525728644308255
4640,ATTGGGGCAAC,CGGTACGCTGATTA,2,10,30,1,-3.4011973816621555
4641,ATTGGGGCAAC,CGGTACGCTGATTA,2,15,36,24,-0.40546510810816444
4642,ATTGGGGCAAC,CGGTACGCTGATTA,2,20,36,1,-3.58351893845611
4643,ATTGGGGCAAC,CGGTACGCTGATTA,2,30,12,1,-2.4849066497880004
4644,ATTGGGGCAAC,CGGTACGCTGATTA,2,40,15,1,-2.70805020110221
4645,ATTGGGGCAAC,CGGTACGCTGATTA,2,50,31,6,-1.6422277352570913
4646,ATTGGGGCAAC,CGGTACGCTGATTA,2,60,37,15,-0.9028677115420143
4647,ATTGGGGCAAC,CGGTACGCTGATTA,3,0,8,4,-0.6931471805599453
4648,ATTGGGGCAAC,CGGTACGCTGATTA,3,2,28,4,-1.9459101490553132
4649,ATTGGGGCAAC,CGGTACGCTGATTA,3,5,19,2,-2.2512917986064953
4650,ATTGGGGCAAC,CGGTACGCTGATTA,3,15,37,1,-3.6109179126442243
4651,ATTGGGGCAAC,CGGTACGCTGATTA,3,20,24,13,-0.6131044728864089
4652,ATTGGGGCAAC,CGGTACGCTGATTA,3,30,12,5,-0.8754687373538999
4653,ATTGGGGCAAC,CGGTACGCTGATTA,3,40,33,9,-1.2992829841302609
4654,ATTGGGGCAAC,CGGTACGCTGATTA,3,50,25,7,-1.2729656758128873
4655,ATTGGGGCAAC,CGGTACGCTGATTA,3,60,15,2,-2.0149030205422647
4656,ATTGGGGCAAC,CGGTACGCTGATTA,4,2,14,3,-1.5404450409471488
4657,ATTGGGGCAAC,CGGTACGCTGATTA,4,5,17,4,-1.4469189829363254
4658,ATTGGGGCAAC,CGGTACGCTGATTA,4,10,25,3,-2.120263536200091
4659,ATTGGGGCAAC,CGGTACGCTGATTA,4,15,22,3,-1.992430164690206
4660,ATTGGGGCAAC,CGGTACGCTGATTA,4,20,17,1,-2.833213344056216
4661,ATTGGGGCAAC,CGGTACGCTGATTA,4,30,26,11,-0.8602012652231115
4662,ATTGGGGCAAC,CGGTACGCTGATTA,4,40,14,3,-1.5404450409471488
4663,ATTGGGGCAAC,CGGTACGCTGATTA,4,50,14,1,-2.6390573296152584
4664,ATTGGGGCAAC,CGGTACGCTGATTA,4,60,32,5,-1.856297990365626
4665,ATTTATTAGAA,TATATGATAGGATT,4,60,1,1,0.0
4666,ATTTCATCATA,TGGTAACCCGAATC,3,20,1,14,2.6390573296152584
4667,ATTTCATCATA,TGGTAACCCGAATC,4,30,1,5,1.6094379124341003
4668,CAAAACGTAAT,CTTCCGAATGAGCT,2,10,17,1,-2.833213344056216
4669,CAAAACGTAAT,CTTCCGAATGAGCT,2,60,2,1,-0.6931471805599453
4670,CAAAACGTAAT,CTTCCGAATGAGCT,3,2,2,1,-0.6931471805599453
4671,CAAAACGTAAT,CTTCCGAATGAGCT,3,10,2,1,-0.6931471805599453
4672,CAAAACGTAAT,CTTCCGAATGAGCT,3,15,6,1,-1.791759469228055
4673,CAAAACGTAAT,CTTCCGAATGAGCT,3,20,9,1,-2.1972245773362196
4674,CAAAACGTAAT,CTTCCGAATGAGCT,3,30,12,1,-2.4849066497880004
4675,CAAAACGTAAT,CTTCCGAATGAGCT,4,5,3,1,-1.0986122886681098
4676,CAAAACGTAAT,CTTCCGAATGAGCT,4,60,34,1,-3.526360524616161
4677,CAACTAGCACT,ATATCATCTCAATA,2,0,9,2,-1.5040773967762742
4678,CAACTAGCACT,ATATCATCTCAATA,2,2,10,1,-2.3025850929940455
4679,CAACTAGCACT,ATATCATCTCAATA,2,10,1,1,0.0
4680,CAACTAGCACT,ATATCATCTCAATA,2,15,5,3,-0.5108256237659907
4681,CAACTAGCACT,ATATCATCTCAATA,2,40,1,1,0.0
4682,CAACTAGCACT,ATATCATCTCAATA,2,60,13,1,-2.5649493574615367
4683,CAACTAGCACT,ATATCATCTCAATA,3,0,5,1,-1.6094379124341003
4684,CAACTAGCACT,ATATCATCTCAATA,3,5,9,2,-1.5040773967762742
4685,CAACTAGCACT,ATATCATCTCAATA,3,15,17,5,-1.2237754316221157
4686,CAACTAGCACT,ATATCATCTCAATA,3,30,5,1,-1.6094379124341003
4687,CAACTAGCACT,ATATCATCTCAATA,3,50,15,11,-0.31015492830383956
4688,CAACTAGCACT,ATATCATCTCAATA,4,0,12,3,-1.3862943611198906
4689,CAACTAGCACT,ATATCATCTCAATA,4,10,7,1,-1.9459101490553132
4690,CAACTAGCACT,ATATCATCTCAATA,4,50,4,5,0.22314355131420974
4691,CAAGCCCTAGT,ACCAAAATACCCTA,3,10,1,3,1.0986122886681096
4692,CAAGCCCTAGT,ACCAAAATACCCTA,4,2,1,5,1.6094379124341003
4693,CAAGCCCTAGT,ACCAAAATACCCTA,4,10,1,2,0.6931471805599453
4694,CAAGGAAGGTT,TGTGAGCGAAACTA,4,20,8,1,-2.0794415416798357
4695,CAAGTACAATG,TGCAATCGGTAAGG,2,2,25,1,-3.2188758248682006
4696,CAAGTACAATG,TGCAATCGGTAAGG,2,15,16,3,-1.6739764335716716
4697,CAAGTACAATG,TGCAATCGGTAAGG,2,20,20,1,-2.995732273553991
4698,CAAGTACAATG,TGCAATCGGTAAGG,2,30,12,2,-1.791759469228055
4699,CAAGTACAATG,TGCAATCGGTAAGG,2,50,21,5,-1.4350845252893227
4700,CAAGTACAATG,TGCAATCGGTAAGG,2,60,7,2,-1.252762968495368
4701,CAAGTACAATG,TGCAATCGGTAAGG,3,0,14,2,-1.9459101490553132
4702,CAAGTACAATG,TGCAATCGGTAAGG,3,2,13,1,-2.5649493574615367
4703,CAAGTACAATG,TGCAATCGGTAAGG,3,5,10,1,-2.3025850929940455
4704,CAAGTACAATG,TGCAATCGGTAAGG,3,10,16,4,-1.3862943611198906
4705,CAAGTACAATG,TGCAATCGGTAAGG,3,15,20,5,-1.3862943611198906
4706,CAAGTACAATG,TGCAATCGGTAAGG,3,20,4,1,-1.3862943611198906
4707,CAAGTACAATG,TGCAATCGGTAAGG,3,30,15,1,-2.70805020110221
4708,CAAGTACAATG,TGCAATCGGTAAGG,3,40,14,1,-2.6390573296152584
4709,CAAGTACAATG,TGCAATCGGTAAGG,3,50,10,3,-1.203972804325936
4710,CAAGTACAATG,TGCAATCGGTAAGG,3,60,9,2,-1.5040773967762742
4711,CAAGTACAATG,TGCAATCGGTAAGG,4,2,10,1,-2.3025850929940455
4712,CAAGTACAATG,TGCAATCGGTAAGG,4,20,15,4,-1.3217558399823195
4713,CAAGTACAATG,TGCAATCGGTAAGG,4,30,21,1,-3.044522437723423
4714,CAAGTACAATG,TGCAATCGGTAAGG,4,40,14,1,-2.6390573296152584
4715,CAAGTACAATG,TGCAATCGGTAAGG,4,50,5,1,-1.6094379124341003
4716,CAAGTACAATG,TGCAATCGGTAAGG,4,60,4,3,-0.2876820724517809
4717,CAAGTGGCAAT,TGACTTGATTTAAC,2,0,44,5,-2.174751721484161
4718,CAAGTGGCAAT,TGACTTGATTTAAC,2,2,38,9,-1.4403615823901663
4719,CAAGTGGCAAT,TGACTTGATTTAAC,2,5,24,2,-2.4849066497880004
4720,CAAGTGGCAAT,TGACTTGATTTAAC,2,10,47,5,-2.240709689275958
4721,CAAGTGGCAAT,TGACTTGATTTAAC,2,15,48,4,-2.4849066497880004
4722,CAAGTGGCAAT,TGACTTGATTTAAC,2,20,29,7,-1.4213856809311607
4723,CAAGTGGCAAT,TGACTTGATTTAAC,2,30,37,6,-1.8191584434161694
4724,CAAGTGGCAAT,TGACTTGATTTAAC,2,40,37,11,-1.2130226398458537
4725,CAAGTGGCAAT,TGACTTGATTTAAC,2,50,49,22,-0.8007778447523107
4726,CAAGTGGCAAT,TGACTTGATTTAAC,2,60,25,10,-0.916290731874155
4727,CAAGTGGCAAT,TGACTTGATTTAAC,3,0,33,2,-2.803360380906535
4728,CAAGTGGCAAT,TGACTTGATTTAAC,3,2,30,5,-1.791759469228055
4729,CAAGTGGCAAT,TGACTTGATTTAAC,3,5,42,3,-2.6390573296152584
4730,CAAGTGGCAAT,TGACTTGATTTAAC,3,10,39,3,-2.5649493574615367
4731,CAAGTGGCAAT,TGACTTGATTTAAC,3,15,48,11,-1.4733057381095205
4732,CAAGTGGCAAT,TGACTTGATTTAAC,3,20,34,11,-1.128465251817791
4733,CAAGTGGCAAT,TGACTTGATTTAAC,3,30,20,5,-1.3862943611198906
4734,CAAGTGGCAAT,TGACTTGATTTAAC,3,40,36,3,-2.4849066497880004
4735,CAAGTGGCAAT,TGACTTGATTTAAC,3,50,39,7,-1.717651497074333
4736,CAAGTGGCAAT,TGACTTGATTTAAC,3,60,33,5,-1.8870696490323797
4737,CAAGTGGCAAT,TGACTTGATTTAAC,4,0,24,4,-1.791759469228055
4738,CAAGTGGCAAT,TGACTTGATTTAAC,4,2,38,2,-2.9444389791664403
4739,CAAGTGGCAAT,TGACTTGATTTAAC,4,10,51,8,-1.8523840910444898
4740,CAAGTGGCAAT,TGACTTGATTTAAC,4,15,37,6,-1.8191584434161694
4741,CAAGTGGCAAT,TGACTTGATTTAAC,4,20,35,3,-2.456735772821304
4742,CAAGTGGCAAT,TGACTTGATTTAAC,4,30,43,11,-1.3633048428951917
4743,CAAGTGGCAAT,TGACTTGATTTAAC,4,40,43,7,-1.815289966638249
4744,CAAGTGGCAAT,TGACTTGATTTAAC,4,50,49,7,-1.9459101490553132
4745,CAAGTGGCAAT,TGACTTGATTTAAC,4,60,34,6,-1.7346010553881062
4746,CAATGTGTCAT,GTACTAAGGTAACG,4,30,1,11,2.3978952727983707
4747,CAATTGGCAAT,TTTCCGTATCGAGG,2,50,2,3,0.4054651081081644
4748,CAATTGGCAAT,TTTCCGTATCGAGG,3,60,6,2,-1.0986122886681098
4749,CAATTGGCAAT,TTTCCGTATCGAGG,4,50,10,1,-2.3025850929940455
4750,CACAAGCCGTG,CCCGCGGTCGAATA,2,15,1,2,0.6931471805599453
4751,CACAAGCCGTG,CCCGCGGTCGAATA,2,30,1,7,1.9459101490553132
4752,CACAAGCCGTG,CCCGCGGTCGAATA,4,50,1,12,2.4849066497880004
4753,CACAGTACAAT,TTATCCTAGTTCAC,2,0,5,2,-0.916290731874155
4754,CACAGTACAAT,TTATCCTAGTTCAC,2,10,2,1,-0.6931471805599453
4755,CACAGTACAAT,TTATCCTAGTTCAC,2,20,2,1,-0.6931471805599453
4756,CACAGTACAAT,TTATCCTAGTTCAC,3,60,4,1,-1.3862943611198906
4757,CACAGTACAAT,TTATCCTAGTTCAC,4,0,3,1,-1.0986122886681098
4758,CACAGTACAAT,TTATCCTAGTTCAC,4,50,1,2,0.6931471805599453
4759,CACCCACAAAC,TGAGCATTCTCCCG,2,0,23,3,-2.03688192726104
4760,CACCCACAAAC,TGAGCATTCTCCCG,2,2,40,1,-3.6888794541139363
4761,CACCCACAAAC,TGAGCATTCTCCCG,2,5,29,4,-1.9810014688665833
4762,CACCCACAAAC,TGAGCATTCTCCCG,2,10,30,4,-2.0149030205422647
4763,CACCCACAAAC,TGAGCATTCTCCCG,2,15,32,5,-1.856297990365626
4764,CACCCACAAAC,TGAGCATTCTCCCG,2,20,38,2,-2.9444389791664403
4765,CACCCACAAAC,TGAGCATTCTCCCG,2,30,70,9,-2.05127066471314
4766,CACCCACAAAC,TGAGCATTCTCCCG,2,40,52,7,-2.005333569526114
4767,CACCCACAAAC,TGAGCATTCTCCCG,2,50,73,8,-2.211017899468555
4768,CACCCACAAAC,TGAGCATTCTCCCG,2,60,36,8,-1.5040773967762742
4769,CACCCACAAAC,TGAGCATTCTCCCG,3,0,27,2,-2.6026896854443837
4770,CACCCACAAAC,TGAGCATTCTCCCG,3,5,49,5,-2.282382385676526
4771,CACCCACAAAC,TGAGCATTCTCCCG,3,10,48,9,-1.6739764335716716
4772,CACCCACAAAC,TGAGCATTCTCCCG,3,15,34,8,-1.4469189829363254
4773,CACCCACAAAC,TGAGCATTCTCCCG,3,20,51,14,-1.292768303109067
4774,CACCCACAAAC,TGAGCATTCTCCCG,3,30,24,4,-1.791759469228055
4775,CACCCACAAAC,TGAGCATTCTCCCG,3,40,39,10,-1.3609765531356008
4776,CACCCACAAAC,TGAGCATTCTCCCG,3,50,30,2,-2.70805020110221
4777,CACCCACAAAC,TGAGCATTCTCCCG,3,60,40,10,-1.3862943611198906
4778,CACCCACAAAC,TGAGCATTCTCCCG,4,0,28,1,-3.332204510175204
4779,CACCCACAAAC,TGAGCATTCTCCCG,4,2,29,4,-1.9810014688665833
4780,CACCCACAAAC,TGAGCATTCTCCCG,4,5,27,2,-2.6026896854443837
4781,CACCCACAAAC,TGAGCATTCTCCCG,4,10,65,5,-2.5649493574615367
4782,CACCCACAAAC,TGAGCATTCTCCCG,4,15,60,2,-3.4011973816621555
4783,CACCCACAAAC,TGAGCATTCTCCCG,4,30,35,5,-1.9459101490553132
4784,CACCCACAAAC,TGAGCATTCTCCCG,4,40,81,9,-2.1972245773362196
4785,CACCCACAAAC,TGAGCATTCTCCCG,4,50,73,13,-1.7255100836868544
4786,CACCCACAAAC,TGAGCATTCTCCCG,4,60,43,6,-1.9694406464655074
4787,CACCCACTCCT,CTGCCCAGCAACCG,2,30,1,1,0.0
4788,CACCGCCTAAA,CCACCCCATTTTAA,2,2,1,1,0.0
4789,CACGAAGCTGT,CTAAGCGAATACTT,2,2,19,4,-1.55814461804655
4790,CACGAAGCTGT,CTAAGCGAATACTT,2,5,12,1,-2.4849066497880004
4791,CACGAAGCTGT,CTAAGCGAATACTT,2,10,14,4,-1.252762968495368
4792,CACGAAGCTGT,CTAAGCGAATACTT,2,15,18,1,-2.8903717578961645
4793,CACGAAGCTGT,CTAAGCGAATACTT,2,30,40,1,-3.6888794541139363
4794,CACGAAGCTGT,CTAAGCGAATACTT,2,40,13,4,-1.178654996341646
4795,CACGAAGCTGT,CTAAGCGAATACTT,2,50,33,2,-2.803360380906535
4796,CACGAAGCTGT,CTAAGCGAATACTT,2,60,19,1,-2.9444389791664403
4797,CACGAAGCTGT,CTAAGCGAATACTT,3,0,19,2,-2.2512917986064953
4798,CACGAAGCTGT,CTAAGCGAATACTT,3,2,14,1,-2.6390573296152584
4799,CACGAAGCTGT,CTAAGCGAATACTT,3,5,23,2,-2.4423470353692043
4800,CACGAAGCTGT,CTAAGCGAATACTT,3,20,32,2,-2.772588722239781
4801,CACGAAGCTGT,CTAAGCGAATACTT,3,30,8,1,-2.0794415416798357
4802,CACGAAGCTGT,CTAAGCGAATACTT,3,40,33,3,-2.3978952727983707
4803,CACGAAGCTGT,CTAAGCGAATACTT,3,50,32,1,-3.4657359027997265
4804,CACGAAGCTGT,CTAAGCGAATACTT,3,60,23,1,-3.1354942159291497
4805,CACGAAGCTGT,CTAAGCGAATACTT,4,0,16,3,-1.6739764335716716
4806,CACGAAGCTGT,CTAAGCGAATACTT,4,10,28,2,-2.6390573296152584
4807,CACGAAGCTGT,CTAAGCGAATACTT,4,15,13,1,-2.5649493574615367
4808,CACGAAGCTGT,CTAAGCGAATACTT,4,20,24,4,-1.791759469228055
4809,CACGAAGCTGT,CTAAGCGAATACTT,4,40,34,1,-3.526360524616161
4810,CACGAAGCTGT,CTAAGCGAATACTT,4,50,36,1,-3.58351893845611
4811,CACGACAGCTC,CATGGTAGATATGC,2,0,28,2,-2.6390573296152584
4812,CACGACAGCTC,CATGGTAGATATGC,2,2,25,2,-2.525728644308255
4813,CACGACAGCTC,CATGGTAGATATGC,2,10,63,3,-3.044522437723423
4814,CACGACAGCTC,CATGGTAGATATGC,2,15,26,1,-3.2580965380214817
4815,CACGACAGCTC,CATGGTAGATATGC,2,20,37,7,-1.6650077635889111
4816,CACGACAGCTC,CATGGTAGATATGC,2,30,74,8,-2.2246235515243336
4817,CACGACAGCTC,CATGGTAGATATGC,2,40,18,1,-2.8903717578961645
4818,CACGACAGCTC,CATGGTAGATATGC,2,50,55,4,-2.6210388241125804
4819,CACGACAGCTC,CATGGTAGATATGC,2,60,41,2,-3.0204248861443626
4820,CACGACAGCTC,CATGGTAGATATGC,3,0,58,3,-2.9618307218783095
4821,CACGACAGCTC,CATGGTAGATATGC,3,10,57,3,-2.9444389791664403
4822,CACGACAGCTC,CATGGTAGATATGC,3,15,39,4,-2.277267285009756
4823,CACGACAGCTC,CATGGTAGATATGC,3,20,29,3,-2.268683541318364
4824,CACGACAGCTC,CATGGTAGATATGC,3,30,19,6,-1.1526795099383855
4825,CACGACAGCTC,CATGGTAGATATGC,3,40,41,5,-2.1041341542702074
4826,CACGACAGCTC,CATGGTAGATATGC,3,50,41,3,-2.614959778036198
4827,CACGACAGCTC,CATGGTAGATATGC,3,60,13,2,-1.8718021769015913
4828,CACGACAGCTC,CATGGTAGATATGC,4,0,48,1,-3.8712010109078907
4829,CACGACAGCTC,CATGGTAGATATGC,4,2,47,3,-2.751535313041949
4830,CACGACAGCTC,CATGGTAGATATGC,4,5,19,2,-2.2512917986064953
4831,CACGACAGCTC,CATGGTAGATATGC,4,10,30,3,-2.3025850929940455
4832,CACGACAGCTC,CATGGTAGATATGC,4,15,29,2,-2.6741486494265287
4833,CACGACAGCTC,CATGGTAGATATGC,4,20,24,2,-2.4849066497880004
4834,CACGACAGCTC,CATGGTAGATATGC,4,30,36,3,-2.4849066497880004
4835,CACGACAGCTC,CATGGTAGATATGC,4,40,45,1,-3.8066624897703196
4836,CACGACAGCTC,CATGGTAGATATGC,4,50,24,6,-1.3862943611198906
4837,CACGACAGCTC,CATGGTAGATATGC,4,60,38,5,-2.028148247292285
4838,CACGACATCCG,GCCACACGGATAGA,2,40,1,91,4.51085950651685
4839,CACGACATCCG,GCCACACGGATAGA,3,40,2,63,3.449987545831587
4840,CACGACATCCG,GCCACACGGATAGA,4,5,1,6,1.791759469228055
4841,CACGACATCCG,GCCACACGGATAGA,4,30,1,63,4.143134726391533
4842,CACGGGTCTTT,AAATAAGCCTTTCT,2,40,1,4,1.3862943611198906
4843,CACGTGCTCCA,GGCGGGCACGCACC,3,50,1,6,1.791759469228055
4844,CACTAAGTACG,TTAGAGTGGTGAGA,2,2,3,1,-1.0986122886681098
4845,CACTAAGTACG,TTAGAGTGGTGAGA,2,40,5,1,-1.6094379124341003
4846,CACTAAGTACG,TTAGAGTGGTGAGA,2,60,9,1,-2.1972245773362196
4847,CACTAAGTACG,TTAGAGTGGTGAGA,3,0,4,1,-1.3862943611198906
4848,CACTAAGTACG,TTAGAGTGGTGAGA,3,5,3,1,-1.0986122886681098
4849,CACTAAGTACG,TTAGAGTGGTGAGA,3,40,8,2,-1.3862943611198906
4850,CACTAAGTACG,TTAGAGTGGTGAGA,3,60,10,1,-2.3025850929940455
4851,CACTAAGTACG,TTAGAGTGGTGAGA,4,0,2,2,0.0
4852,CACTAAGTACG,TTAGAGTGGTGAGA,4,30,5,4,-0.2231435513142097
4853,CACTGATTCTG,TTCCCTCACCGTTA,2,30,1,31,3.4339872044851463
4854,CACTGATTCTG,TTCCCTCACCGTTA,4,20,1,18,2.8903717578961645
4855,CACTTATCGAC,ACTCATCAAATAGT,2,50,1,66,4.189654742026425
4856,CAGACAGGAGA,TAGTCGAGCACAGC,2,5,2,3,0.4054651081081644
4857,CAGACAGGAGA,TAGTCGAGCACAGC,2,10,1,6,1.791759469228055
4858,CAGACAGGAGA,TAGTCGAGCACAGC,3,50,1,13,2.5649493574615367
4859,CAGACAGGAGA,TAGTCGAGCACAGC,4,50,1,26,3.2580965380214817
4860,CAGACAGGAGA,TAGTCGAGCACAGC,4,60,1,13,2.5649493574615367
4861,CAGACCAATAA,CAAGCACCTTACTC,2,0,12,2,-1.791759469228055
4862,CAGACCAATAA,CAAGCACCTTACTC,2,2,11,3,-1.2992829841302609
4863,CAGACCAATAA,CAAGCACCTTACTC,2,5,28,11,-0.9343092373768334
4864,CAGACCAATAA,CAAGCACCTTACTC,2,10,26,13,-0.6931471805599453
4865,CAGACCAATAA,CAAGCACCTTACTC,2,15,30,12,-0.916290731874155
4866,CAGACCAATAA,CAAGCACCTTACTC,2,20,34,11,-1.128465251817791
4867,CAGACCAATAA,CAAGCACCTTACTC,2,30,16,13,-0.20763936477824452
4868,CAGACCAATAA,CAAGCACCTTACTC,2,40,41,21,-0.6690496289808847
4869,CAGACCAATAA,CAAGCACCTTACTC,2,50,21,13,-0.4795730802618862
4870,CAGACCAATAA,CAAGCACCTTACTC,2,60,25,25,0.0
4871,CAGACCAATAA,CAAGCACCTTACTC,3,0,30,7,-1.455287232606842
4872,CAGACCAATAA,CAAGCACCTTACTC,3,2,25,4,-1.83258146374831
4873,CAGACCAATAA,CAAGCACCTTACTC,3,5,26,6,-1.466337068793427
4874,CAGACCAATAA,CAAGCACCTTACTC,3,10,28,9,-1.1349799328389845
4875,CAGACCAATAA,CAAGCACCTTACTC,3,15,34,15,-0.8183103235139513
4876,CAGACCAATAA,CAAGCACCTTACTC,3,20,42,14,-1.0986122886681098
4877,CAGACCAATAA,CAAGCACCTTACTC,3,30,15,2,-2.0149030205422647
4878,CAGACCAATAA,CAAGCACCTTACTC,3,40,19,12,-0.4595323293784402
4879,CAGACCAATAA,CAAGCACCTTACTC,3,50,44,31,-0.35020242943311486
4880,CAGACCAATAA,CAAGCACCTTACTC,3,60,29,7,-1.4213856809311607
4881,CAGACCAATAA,CAAGCACCTTACTC,4,0,30,3,-2.3025850929940455
4882,CAGACCAATAA,CAAGCACCTTACTC,4,2,15,4,-1.3217558399823195
4883,CAGACCAATAA,CAAGCACCTTACTC,4,5,25,7,-1.2729656758128873
4884,CAGACCAATAA,CAAGCACCTTACTC,4,10,43,7,-1.815289966638249
4885,CAGACCAATAA,CAAGCACCTTACTC,4,15,22,5,-1.4816045409242156
4886,CAGACCAATAA,CAAGCACCTTACTC,4,20,37,14,-0.9718605830289657
4887,CAGACCAATAA,CAAGCACCTTACTC,4,30,38,9,-1.4403615823901663
4888,CAGACCAATAA,CAAGCACCTTACTC,4,40,32,37,0.1451820098444979
4889,CAGACCAATAA,CAAGCACCTTACTC,4,50,54,4,-2.6026896854443837
4890,CAGACCAATAA,CAAGCACCTTACTC,4,60,40,15,-0.9808292530117262
4891,CAGAGTATATA,TGGCAGGAATGACT,2,0,31,3,-2.3353749158170363
4892,CAGAGTATATA,TGGCAGGAATGACT,2,2,16,1,-2.772588722239781
4893,CAGAGTATATA,TGGCAGGAATGACT,2,5,18,6,-1.0986122886681098
4894,CAGAGTATATA,TGGCAGGAATGACT,2,10,36,1,-3.58351893845611
4895,CAGAGTATATA,TGGCAGGAATGACT,2,15,57,10,-1.7404661748405044
4896,CAGAGTATATA,TGGCAGGAATGACT,2,20,54,5,-2.379546134130174
4897,CAGAGTATATA,TGGCAGGAATGACT,2,30,42,6,-1.9459101490553132
4898,CAGAGTATATA,TGGCAGGAATGACT,2,40,47,9,-1.652923024373839
4899,CAGAGTATATA,TGGCAGGAATGACT,2,50,38,11,-1.2396908869280152
4900,CAGAGTATATA,TGGCAGGAATGACT,2,60,54,3,-2.8903717578961645
4901,CAGAGTATATA,TGGCAGGAATGACT,3,0,40,5,-2.0794415416798357
4902,CAGAGTATATA,TGGCAGGAATGACT,3,2,49,2,-3.1986731175506815
4903,CAGAGTATATA,TGGCAGGAATGACT,3,5,37,5,-2.001480000210124
4904,CAGAGTATATA,TGGCAGGAATGACT,3,10,38,3,-2.538973871058276
4905,CAGAGTATATA,TGGCAGGAATGACT,3,15,47,1,-3.8501476017100584
4906,CAGAGTATATA,TGGCAGGAATGACT,3,20,37,6,-1.8191584434161694
4907,CAGAGTATATA,TGGCAGGAATGACT,3,30,32,13,-0.9007865453381898
4908,CAGAGTATATA,TGGCAGGAATGACT,3,40,54,12,-1.5040773967762742
4909,CAGAGTATATA,TGGCAGGAATGACT,3,50,31,4,-2.0476928433652555
4910,CAGAGTATATA,TGGCAGGAATGACT,3,60,32,9,-1.2685113254635072
4911,CAGAGTATATA,TGGCAGGAATGACT,4,0,25,1,-3.2188758248682006
4912,CAGAGTATATA,TGGCAGGAATGACT,4,2,40,5,-2.0794415416798357
4913,CAGAGTATATA,TGGCAGGAATGACT,4,5,29,2,-2.6741486494265287
4914,CAGAGTATATA,TGGCAGGAATGACT,4,10,12,2,-1.791759469228055
4915,CAGAGTATATA,TGGCAGGAATGACT,4,15,40,7,-1.742969305058623
4916,CAGAGTATATA,TGGCAGGAATGACT,4,30,32,8,-1.3862943611198906
4917,CAGAGTATATA,TGGCAGGAATGACT,4,40,48,7,-1.9252908618525775
4918,CAGAGTATATA,TGGCAGGAATGACT,4,50,34,7,-1.580450375560848
4919,CAGAGTATATA,TGGCAGGAATGACT,4,60,18,4,-1.5040773967762742
4920,CAGCAACATGT,ATGGAGTCGTAACT,2,0,36,3,-2.4849066497880004
4921,CAGCAACATGT,ATGGAGTCGTAACT,2,2,38,1,-3.6375861597263857
4922,CAGCAACATGT,ATGGAGTCGTAACT,2,5,15,1,-2.70805020110221
4923,CAGCAACATGT,ATGGAGTCGTAACT,2,10,32,1,-3.4657359027997265
4924,CAGCAACATGT,ATGGAGTCGTAACT,2,15,53,6,-2.1785324443240666
4925,CAGCAACATGT,ATGGAGTCGTAACT,2,30,47,5,-2.240709689275958
4926,CAGCAACATGT,ATGGAGTCGTAACT,2,40,40,3,-2.5902671654458267
4927,CAGCAACATGT,ATGGAGTCGTAACT,2,50,21,6,-1.252762968495368
4928,CAGCAACATGT,ATGGAGTCGTAACT,2,60,15,9,-0.5108256237659907
4929,CAGCAACATGT,ATGGAGTCGTAACT,3,0,18,4,-1.5040773967762742
4930,CAGCAACATGT,ATGGAGTCGTAACT,3,2,31,3,-2.3353749158170363
4931,CAGCAACATGT,ATGGAGTCGTAACT,3,5,36,1,-3.58351893845611
4932,CAGCAACATGT,ATGGAGTCGTAACT,3,10,42,4,-2.3513752571634776
4933,CAGCAACATGT,ATGGAGTCGTAACT,3,15,24,5,-1.5686159179138452
4934,CAGCAACATGT,ATGGAGTCGTAACT,3,20,52,2,-3.2580965380214817
4935,CAGCAACATGT,ATGGAGTCGTAACT,3,30,22,3,-1.992430164690206
4936,CAGCAACATGT,ATGGAGTCGTAACT,3,40,13,6,-0.7731898882334817
4937,CAGCAACATGT,ATGGAGTCGTAACT,3,50,21,1,-3.044522437723423
4938,CAGCAACATGT,ATGGAGTCGTAACT,3,60,27,4,-1.9095425048844383
4939,CAGCAACATGT,ATGGAGTCGTAACT,4,0,51,1,-3.9318256327243257
4940,CAGCAACATGT,ATGGAGTCGTAACT,4,2,25,4,-1.83258146374831
4941,CAGCAACATGT,ATGGAGTCGTAACT,4,5,36,3,-2.4849066497880004
4942,CAGCAACATGT,ATGGAGTCGTAACT,4,10,34,5,-1.9169226121820608
4943,CAGCAACATGT,ATGGAGTCGTAACT,4,15,27,2,-2.6026896854443837
4944,CAGCAACATGT,ATGGAGTCGTAACT,4,20,34,7,-1.580450375560848
4945,CAGCAACATGT,ATGGAGTCGTAACT,4,30,41,3,-2.614959778036198
4946,CAGCAACATGT,ATGGAGTCGTAACT,4,40,50,3,-2.8134107167600364
4947,CAGCAACATGT,ATGGAGTCGTAACT,4,50,24,5,-1.5686159179138452
4948,CAGCAACATGT,ATGGAGTCGTAACT,4,60,36,10,-1.2809338454620642
4949,CAGCCCCAGCA,TTCGACAATAAGAG,3,0,1,1,0.0
4950,CAGCCCCAGCA,TTCGACAATAAGAG,3,20,1,3,1.0986122886681096
4951,CAGCCCTCGAA,TACAACGAGAAAGC,2,60,1,15,2.70805020110221
4952,CAGCGGGTTAG,CTGCAGTACCACTG,2,60,1,10,2.3025850929940455
4953,CAGCGGGTTAG,CTGCAGTACCACTG,4,5,1,1,0.0
4954,CAGCTGTTCTC,CAGATCCATACCCT,4,5,1,3,1.0986122886681096
4955,CAGGAGCGGCC,CTAAAAATAAATCC,4,60,1,16,2.772588722239781
4956,CAGGCTCATAT,TCGTGGTTATTCTC,3,10,1,1,0.0
4957,CAGTAATACAA,TAAACGAATCTTGC,2,10,1,10,2.3025850929940455
4958,CAGTAGCCATG,CCAGGTAATTATAG,3,10,1,7,1.9459101490553132
4959,CAGTAGCCATG,CCAGGTAATTATAG,4,50,1,17,2.833213344056216
4960,CAGTGTGTGGG,TGGCTGACTTGAAC,2,20,1,9,2.197224577336219
4961,CATAGAACCAG,CGAGCTCATCGGGT,2,15,1,20,2.995732273553991
4962,CATATGTTAGT,AGTTACACACGATA,2,0,23,1,-3.1354942159291497
4963,CATATGTTAGT,AGTTACACACGATA,2,2,6,1,-1.791759469228055
4964,CATATGTTAGT,AGTTACACACGATA,2,10,34,5,-1.9169226121820608
4965,CATATGTTAGT,AGTTACACACGATA,2,15,20,3,-1.8971199848858813
4966,CATATGTTAGT,AGTTACACACGATA,2,20,16,3,-1.6739764335716716
4967,CATATGTTAGT,AGTTACACACGATA,2,30,38,4,-2.2512917986064953
4968,CATATGTTAGT,AGTTACACACGATA,2,40,38,10,-1.3350010667323402
4969,CATATGTTAGT,AGTTACACACGATA,2,50,34,12,-1.041453874828161
4970,CATATGTTAGT,AGTTACACACGATA,2,60,29,6,-1.575536360758419
4971,CATATGTTAGT,AGTTACACACGATA,3,2,22,1,-3.0910424533583156
4972,CATATGTTAGT,AGTTACACACGATA,3,5,24,1,-3.1780538303479458
4973,CATATGTTAGT,AGTTACACACGATA,3,10,29,5,-1.7578579175523736
4974,CATATGTTAGT,AGTTACACACGATA,3,15,22,4,-1.7047480922384253
4975,CATATGTTAGT,AGTTACACACGATA,3,20,35,7,-1.6094379124341003
4976,CATATGTTAGT,AGTTACACACGATA,3,30,11,4,-1.0116009116784799
4977,CATATGTTAGT,AGTTACACACGATA,3,40,22,2,-2.3978952727983707
4978,CATATGTTAGT,AGTTACACACGATA,3,50,24,4,-1.791759469228055
4979,CATATGTTAGT,AGTTACACACGATA,3,60,15,1,-2.70805020110221
4980,CATATGTTAGT,AGTTACACACGATA,4,0,19,1,-2.9444389791664403
4981,CATATGTTAGT,AGTTACACACGATA,4,2,24,2,-2.4849066497880004
4982,CATATGTTAGT,AGTTACACACGATA,4,5,10,1,-2.3025850929940455
4983,CATATGTTAGT,AGTTACACACGATA,4,10,15,3,-1.6094379124341003
4984,CATATGTTAGT,AGTTACACACGATA,4,15,8,3,-0.9808292530117262
4985,CATATGTTAGT,AGTTACACACGATA,4,20,18,5,-1.2809338454620642
4986,CATATGTTAGT,AGTTACACACGATA,4,30,22,5,-1.4816045409242156
4987,CATATGTTAGT,AGTTACACACGATA,4,40,21,9,-0.8472978603872037
4988,CATATGTTAGT,AGTTACACACGATA,4,50,23,3,-2.03688192726104
4989,CATATGTTAGT,AGTTACACACGATA,4,60,28,5,-1.7227665977411035
4990,CATCTATGTGG,AGTGACATCTATCG,2,0,50,2,-3.2188758248682006
4991,CATCTATGTGG,AGTGACATCTATCG,2,2,47,1,-3.8501476017100584
4992,CATCTATGTGG,AGTGACATCTATCG,2,5,73,7,-2.344549292093078
4993,CATCTATGTGG,AGTGACATCTATCG,2,10,98,6,-2.793208009442517
4994,CATCTATGTGG,AGTGACATCTATCG,2,15,35,3,-2.456735772821304
4995,CATCTATGTGG,AGTGACATCTATCG,2,20,42,3,-2.6390573296152584
4996,CATCTATGTGG,AGTGACATCTATCG,2,30,81,8,-2.315007612992603
4997,CATCTATGTGG,AGTGACATCTATCG,2,40,52,6,-2.159484249353372
4998,CATCTATGTGG,AGTGACATCTATCG,2,50,65,2,-3.481240089335692
4999,CATCTATGTGG,AGTGACATCTATCG,2,60,117,15,-2.0541237336955462
5000,CATCTATGTGG,AGTGACATCTATCG,3,0,53,5,-2.3608540011180215
5001,CATCTATGTGG,AGTGACATCTATCG,3,2,37,3,-2.512305623976115
5002,CATCTATGTGG,AGTGACATCTATCG,3,5,62,6,-2.3353749158170363
5003,CATCTATGTGG,AGTGACATCTATCG,3,10,59,2,-3.384390263345774
5004,CATCTATGTGG,AGTGACATCTATCG,3,15,77,3,-3.245193133185574
5005,CATCTATGTGG,AGTGACATCTATCG,3,20,116,9,-2.5563656137701454
5006,CATCTATGTGG,AGTGACATCTATCG,3,30,45,3,-2.70805020110221
5007,CATCTATGTGG,AGTGACATCTATCG,3,40,77,6,-2.5520459526256287
5008,CATCTATGTGG,AGTGACATCTATCG,3,50,61,4,-2.7245795030534206
5009,CATCTATGTGG,AGTGACATCTATCG,3,60,62,9,-1.929909807708872
5010,CATCTATGTGG,AGTGACATCTATCG,4,0,68,8,-2.1400661634962708
5011,CATCTATGTGG,AGTGACATCTATCG,4,2,60,1,-4.0943445622221
5012,CATCTATGTGG,AGTGACATCTATCG,4,5,54,5,-2.379546134130174
5013,CATCTATGTGG,AGTGACATCTATCG,4,10,51,8,-1.8523840910444898
5014,CATCTATGTGG,AGTGACATCTATCG,4,15,34,2,-2.833213344056216
5015,CATCTATGTGG,AGTGACATCTATCG,4,20,88,5,-2.867898902044106
5016,CATCTATGTGG,AGTGACATCTATCG,4,30,84,13,-1.8658674413817768
5017,CATCTATGTGG,AGTGACATCTATCG,4,40,59,2,-3.384390263345774
5018,CATCTATGTGG,AGTGACATCTATCG,4,50,36,10,-1.2809338454620642
5019,CATCTATGTGG,AGTGACATCTATCG,4,60,74,12,-1.8191584434161694
5020,CATGAAGTGCT,CAAAGTGAGAACAT,2,0,29,2,-2.6741486494265287
5021,CATGAAGTGCT,CAAAGTGAGAACAT,2,2,25,2,-2.525728644308255
5022,CATGAAGTGCT,CAAAGTGAGAACAT,2,5,34,1,-3.526360524616161
5023,CATGAAGTGCT,CAAAGTGAGAACAT,2,10,35,2,-2.862200880929468
5024,CATGAAGTGCT,CAAAGTGAGAACAT,2,15,36,5,-1.9740810260220094
5025,CATGAAGTGCT,CAAAGTGAGAACAT,2,20,31,10,-1.1314021114911006
5026,CATGAAGTGCT,CAAAGTGAGAACAT,2,30,33,13,-0.9315582040049435
5027,CATGAAGTGCT,CAAAGTGAGAACAT,2,40,40,25,-0.4700036292457356
5028,CATGAAGTGCT,CAAAGTGAGAACAT,2,50,40,11,-1.2909841813155656
5029,CATGAAGTGCT,CAAAGTGAGAACAT,2,60,33,7,-1.5505974124111668
5030,CATGAAGTGCT,CAAAGTGAGAACAT,3,0,16,3,-1.6739764335716716
5031,CATGAAGTGCT,CAAAGTGAGAACAT,3,2,19,3,-1.8458266904983307
5032,CATGAAGTGCT,CAAAGTGAGAACAT,3,5,25,1,-3.2188758248682006
5033,CATGAAGTGCT,CAAAGTGAGAACAT,3,10,28,3,-2.2335922215070942
5034,CATGAAGTGCT,CAAAGTGAGAACAT,3,15,38,3,-2.538973871058276
5035,CATGAAGTGCT,CAAAGTGAGAACAT,3,30,28,10,-1.0296194171811581
5036,CATGAAGTGCT,CAAAGTGAGAACAT,3,40,22,5,-1.4816045409242156
5037,CATGAAGTGCT,CAAAGTGAGAACAT,3,50,25,2,-2.525728644308255
5038,CATGAAGTGCT,CAAAGTGAGAACAT,3,60,24,10,-0.8754687373538999
5039,CATGAAGTGCT,CAAAGTGAGAACAT,4,0,20,3,-1.8971199848858813
5040,CATGAAGTGCT,CAAAGTGAGAACAT,4,2,38,2,-2.9444389791664403
5041,CATGAAGTGCT,CAAAGTGAGAACAT,4,10,22,12,-0.6061358035703156
5042,CATGAAGTGCT,CAAAGTGAGAACAT,4,15,33,2,-2.803360380906535
5043,CATGAAGTGCT,CAAAGTGAGAACAT,4,20,31,11,-1.0360919316867756
5044,CATGAAGTGCT,CAAAGTGAGAACAT,4,30,35,14,-0.916290731874155
5045,CATGAAGTGCT,CAAAGTGAGAACAT,4,40,31,10,-1.1314021114911006
5046,CATGAAGTGCT,CAAAGTGAGAACAT,4,50,30,20,-0.40546510810816444
5047,CATGAAGTGCT,CAAAGTGAGAACAT,4,60,36,4,-2.1972245773362196
5048,CATGCGGTCAT,CCTGTTATAATTAG,2,20,1,5,1.6094379124341003
5049,CATGCTGTTTG,AATGAAATTATCTA,4,40,1,1,0.0
5050,CATGGGGTTGA,GCATAATAGTGTCT,2,0,77,12,-1.8588987720656835
5051,CATGGGGTTGA,GCATAATAGTGTCT,2,2,103,16,-1.8621402659898545
5052,CATGGGGTTGA,GCATAATAGTGTCT,2,5,108,10,-2.379546134130174
5053,CATGGGGTTGA,GCATAATAGTGTCT,2,10,159,30,-1.667706820558076
5054,CATGGGGTTGA,GCATAATAGTGTCT,2,15,129,39,-1.1962507582320256
5055,CATGGGGTTGA,GCATAATAGTGTCT,2,20,117,53,-0.7918820212456342
5056,CATGGGGTTGA,GCATAATAGTGTCT,2,30,128,56,-0.8266785731844679
5057,CATGGGGTTGA,GCATAATAGTGTCT,2,40,148,25,-1.7783364488959144
5058,CATGGGGTTGA,GCATAATAGTGTCT,2,50,137,28,-1.587776415652921
5059,CATGGGGTTGA,GCATAATAGTGTCT,2,60,160,81,-0.6807246605613881
5060,CATGGGGTTGA,GCATAATAGTGTCT,3,0,140,14,-2.3025850929940455
5061,CATGGGGTTGA,GCATAATAGTGTCT,3,2,99,11,-2.1972245773362196
5062,CATGGGGTTGA,GCATAATAGTGTCT,3,5,139,19,-1.9900349539642512
5063,CATGGGGTTGA,GCATAATAGTGTCT,3,10,108,24,-1.5040773967762742
5064,CATGGGGTTGA,GCATAATAGTGTCT,3,15,129,32,-1.3940765015619456
5065,CATGGGGTTGA,GCATAATAGTGTCT,3,20,146,30,-1.582409240046181
5066,CATGGGGTTGA,GCATAATAGTGTCT,3,30,159,32,-1.603168299420505
5067,CATGGGGTTGA,GCATAATAGTGTCT,3,40,149,54,-1.0149622593811847
5068,CATGGGGTTGA,GCATAATAGTGTCT,3,50,157,37,-1.4453278927040836
5069,CATGGGGTTGA,GCATAATAGTGTCT,3,60,109,32,-1.2256119794294171
5070,CATGGGGTTGA,GCATAATAGTGTCT,4,0,89,17,-1.6554230256759237
5071,CATGGGGTTGA,GCATAATAGTGTCT,4,2,105,26,-1.3958638121360412
5072,CATGGGGTTGA,GCATAATAGTGTCT,4,5,103,15,-1.9266787871274258
5073,CATGGGGTTGA,GCATAATAGTGTCT,4,10,132,32,-1.4170660197866443
5074,CATGGGGTTGA,GCATAATAGTGTCT,4,15,113,23,-1.5918936027831907
5075,CATGGGGTTGA,GCATAATAGTGTCT,4,20,137,26,-1.661884387806643
5076,CATGGGGTTGA,GCATAATAGTGTCT,4,30,151,77,-0.6734744149612404
5077,CATGGGGTTGA,GCATAATAGTGTCT,4,40,161,46,-1.252762968495368
5078,CATGGGGTTGA,GCATAATAGTGTCT,4,50,156,52,-1.0986122886681098
5079,CATGGGGTTGA,GCATAATAGTGTCT,4,60,142,46,-1.1271856611121658
5080,CATGGTTCCTC,CTCCCGTATCCCTA,3,15,1,35,3.5553480614894135
5081,CATGGTTCCTC,CTCCCGTATCCCTA,3,40,1,148,4.997212273764115
5082,CATGGTTCCTC,CTCCCGTATCCCTA,3,50,1,74,4.304065093204169
5083,CATGGTTCCTC,CTCCCGTATCCCTA,4,2,1,2,0.6931471805599453
5084,CATTAAATTTC,CCATGTCACAAAAA,2,2,77,2,-3.6506582412937383
5085,CATTAAATTTC,CCATGTCACAAAAA,2,5,60,1,-4.0943445622221
5086,CATTAAATTTC,CCATGTCACAAAAA,2,10,87,3,-3.3672958299864737
5087,CATTAAATTTC,CCATGTCACAAAAA,2,15,104,3,-3.545778610473263
5088,CATTAAATTTC,CCATGTCACAAAAA,2,20,78,2,-3.6635616461296463
5089,CATTAAATTTC,CCATGTCACAAAAA,2,30,98,9,-2.3877429013343523
5090,CATTAAATTTC,CCATGTCACAAAAA,2,40,125,2,-4.135166556742355
5091,CATTAAATTTC,CCATGTCACAAAAA,2,50,84,3,-3.332204510175204
5092,CATTAAATTTC,CCATGTCACAAAAA,2,60,79,3,-3.2708355637989115
5093,CATTAAATTTC,CCATGTCACAAAAA,3,2,85,1,-4.442651256490317
5094,CATTAAATTTC,CCATGTCACAAAAA,3,5,74,4,-2.917770732084279
5095,CATTAAATTTC,CCATGTCACAAAAA,3,10,96,1,-4.564348191467836
5096,CATTAAATTTC,CCATGTCACAAAAA,3,15,82,3,-3.3081069585961433
5097,CATTAAATTTC,CCATGTCACAAAAA,3,20,113,12,-2.24248116892434
5098,CATTAAATTTC,CCATGTCACAAAAA,3,30,62,3,-3.0285220963769817
5099,CATTAAATTTC,CCATGTCACAAAAA,3,40,103,4,-3.248434627109745
5100,CATTAAATTTC,CCATGTCACAAAAA,3,50,59,6,-2.2857779746776643
5101,CATTAAATTTC,CCATGTCACAAAAA,3,60,68,3,-3.120895416507997
5102,CATTAAATTTC,CCATGTCACAAAAA,4,0,72,1,-4.276666119016055
5103,CATTAAATTTC,CCATGTCACAAAAA,4,10,75,6,-2.525728644308255
5104,CATTAAATTTC,CCATGTCACAAAAA,4,15,95,1,-4.553876891600541
5105,CATTAAATTTC,CCATGTCACAAAAA,4,20,81,4,-3.0081547935525483
5106,CATTAAATTTC,CCATGTCACAAAAA,4,30,94,1,-4.543294782270004
5107,CATTAAATTTC,CCATGTCACAAAAA,4,40,114,9,-2.538973871058276
5108,CATTAAATTTC,CCATGTCACAAAAA,4,50,115,4,-3.3586377672433594
5109,CATTAAATTTC,CCATGTCACAAAAA,4,60,100,3,-3.506557897319982
5110,CATTTATATCC,ATACGATCCACTAC,2,60,6,3,-0.6931471805599453
5111,CATTTATATCC,ATACGATCCACTAC,3,0,1,1,0.0
5112,CATTTATATCC,ATACGATCCACTAC,3,5,9,1,-2.1972245773362196
5113,CATTTATATCC,ATACGATCCACTAC,3,15,10,2,-1.6094379124341003
5114,CATTTATATCC,ATACGATCCACTAC,4,0,1,1,0.0
5115,CATTTATATCC,ATACGATCCACTAC,4,10,11,2,-1.7047480922384253
5116,CATTTATATCC,ATACGATCCACTAC,4,20,3,1,-1.0986122886681098
5117,CATTTCCATAG,GTCATTATGACCTC,3,10,1,16,2.772588722239781
5118,CATTTCCATAG,GTCATTATGACCTC,3,15,1,11,2.3978952727983707
5119,CATTTCCATAG,GTCATTATGACCTC,3,60,1,7,1.9459101490553132
5120,CATTTCCATAG,GTCATTATGACCTC,4,30,1,9,2.197224577336219
5121,CATTTTGCGCG,TACGTGTACCGCTC,2,0,193,15,-2.5546399878026755
5122,CATTTTGCGCG,TACGTGTACCGCTC,2,2,165,20,-2.1102132003465894
5123,CATTTTGCGCG,TACGTGTACCGCTC,2,5,148,10,-2.6946271807700692
5124,CATTTTGCGCG,TACGTGTACCGCTC,2,10,172,18,-2.257122718917288
5125,CATTTTGCGCG,TACGTGTACCGCTC,2,15,247,33,-2.0128807751614968
5126,CATTTTGCGCG,TACGTGTACCGCTC,2,20,177,33,-1.6796421711073488
5127,CATTTTGCGCG,TACGTGTACCGCTC,2,30,257,34,-2.0227155602790585
5128,CATTTTGCGCG,TACGTGTACCGCTC,2,40,241,37,-1.8738790208464304
5129,CATTTTGCGCG,TACGTGTACCGCTC,2,50,175,61,-1.0539121097502027
5130,CATTTTGCGCG,TACGTGTACCGCTC,2,60,193,38,-1.6251040291784997
5131,CATTTTGCGCG,TACGTGTACCGCTC,3,0,207,18,-2.4423470353692043
5132,CATTTTGCGCG,TACGTGTACCGCTC,3,2,140,11,-2.5437471498109336
5133,CATTTTGCGCG,TACGTGTACCGCTC,3,5,174,12,-2.6741486494265287
5134,CATTTTGCGCG,TACGTGTACCGCTC,3,10,216,22,-2.2842359543258492
5135,CATTTTGCGCG,TACGTGTACCGCTC,3,15,248,30,-2.1122313645028266
5136,CATTTTGCGCG,TACGTGTACCGCTC,3,20,261,31,-2.130533202837547
5137,CATTTTGCGCG,TACGTGTACCGCTC,3,30,128,17,-2.018816919863401
5138,CATTTTGCGCG,TACGTGTACCGCTC,3,40,193,25,-2.043814364036685
5139,CATTTTGCGCG,TACGTGTACCGCTC,3,50,192,32,-1.791759469228055
5140,CATTTTGCGCG,TACGTGTACCGCTC,3,60,194,26,-2.009761621041846
5141,CATTTTGCGCG,TACGTGTACCGCTC,4,0,163,3,-3.9951379121386523
5142,CATTTTGCGCG,TACGTGTACCGCTC,4,2,202,18,-2.41789593950504
5143,CATTTTGCGCG,TACGTGTACCGCTC,4,5,153,12,-2.545531271604435
5144,CATTTTGCGCG,TACGTGTACCGCTC,4,10,239,34,-1.950103027315349
5145,CATTTTGCGCG,TACGTGTACCGCTC,4,15,161,18,-2.191032607088298
5146,CATTTTGCGCG,TACGTGTACCGCTC,4,20,161,19,-2.1369653858180224
5147,CATTTTGCGCG,TACGTGTACCGCTC,4,30,181,31,-1.7645098267806794
5148,CATTTTGCGCG,TACGTGTACCGCTC,4,40,213,39,-1.6977305195797787
5149,CATTTTGCGCG,TACGTGTACCGCTC,4,50,299,54,-1.711459526826412
5150,CATTTTGCGCG,TACGTGTACCGCTC,4,60,201,30,-1.9021075263969205
5151,CCAAACGACAT,TTGCATCCGCCACG,3,15,1,1,0.0
5152,CCAAACGTATC,GCCAAACATGGATC,2,0,122,8,-2.7245795030534206
5153,CCAAACGTATC,GCCAAACATGGATC,2,2,97,8,-2.4952694368235466
5154,CCAAACGTATC,GCCAAACATGGATC,2,5,88,9,-2.280112237141987
5155,CCAAACGTATC,GCCAAACATGGATC,2,10,108,61,-0.5712573629509085
5156,CCAAACGTATC,GCCAAACATGGATC,2,15,97,136,0.3379439072326691
5157,CCAAACGTATC,GCCAAACATGGATC,2,20,91,102,0.11411330676742105
5158,CCAAACGTATC,GCCAAACATGGATC,2,30,145,539,1.3129818284884227
5159,CCAAACGTATC,GCCAAACATGGATC,2,40,79,316,1.3862943611198906
5160,CCAAACGTATC,GCCAAACATGGATC,2,50,120,297,0.9062403960206536
5161,CCAAACGTATC,GCCAAACATGGATC,2,60,82,247,1.102669089363724
5162,CCAAACGTATC,GCCAAACATGGATC,3,0,90,10,-2.1972245773362196
5163,CCAAACGTATC,GCCAAACATGGATC,3,5,75,14,-1.6784307839210517
5164,CCAAACGTATC,GCCAAACATGGATC,3,10,113,127,0.11679926774625068
5165,CCAAACGTATC,GCCAAACATGGATC,3,15,113,179,0.45999798712841444
5166,CCAAACGTATC,GCCAAACATGGATC,3,20,114,189,0.5055485666651469
5167,CCAAACGTATC,GCCAAACATGGATC,3,30,66,105,0.4643056081310978
5168,CCAAACGTATC,GCCAAACATGGATC,3,40,90,214,0.8661663446915864
5169,CCAAACGTATC,GCCAAACATGGATC,3,50,99,263,0.9770341820431746
5170,CCAAACGTATC,GCCAAACATGGATC,3,60,73,163,0.8032907596583712
5171,CCAAACGTATC,GCCAAACATGGATC,4,0,73,8,-2.211017899468555
5172,CCAAACGTATC,GCCAAACATGGATC,4,2,125,12,-2.3434070875143007
5173,CCAAACGTATC,GCCAAACATGGATC,4,5,89,2,-3.7954891891721942
5174,CCAAACGTATC,GCCAAACATGGATC,4,10,99,77,-0.25131442828090605
5175,CCAAACGTATC,GCCAAACATGGATC,4,15,90,59,-0.4222722264245456
5176,CCAAACGTATC,GCCAAACATGGATC,4,20,65,76,0.15634607039069404
5177,CCAAACGTATC,GCCAAACATGGATC,4,30,109,296,0.9990115720949166
5178,CCAAACGTATC,GCCAAACATGGATC,4,40,116,307,0.9732575564808325
5179,CCAAACGTATC,GCCAAACATGGATC,4,50,105,294,1.0296194171811581
5180,CCAAACGTATC,GCCAAACATGGATC,4,60,88,148,0.5198754592859086
5181,CCACACAGACT,ATAAAACCAACCTA,2,5,15,2,-2.0149030205422647
5182,CCACACAGACT,ATAAAACCAACCTA,2,10,11,1,-2.3978952727983707
5183,CCACACAGACT,ATAAAACCAACCTA,2,15,10,9,-0.10536051565782628
5184,CCACACAGACT,ATAAAACCAACCTA,2,30,22,13,-0.5260930958967791
5185,CCACACAGACT,ATAAAACCAACCTA,2,40,4,1,-1.3862943611198906
5186,CCACACAGACT,ATAAAACCAACCTA,2,50,1,3,1.0986122886681096
5187,CCACACAGACT,ATAAAACCAACCTA,2,60,7,1,-1.9459101490553132
5188,CCACACAGACT,ATAAAACCAACCTA,3,5,31,5,-1.8245492920510458
5189,CCACACAGACT,ATAAAACCAACCTA,3,10,7,1,-1.9459101490553132
5190,CCACACAGACT,ATAAAACCAACCTA,3,15,8,3,-0.9808292530117262
5191,CCACACAGACT,ATAAAACCAACCTA,3,20,13,6,-0.7731898882334817
5192,CCACACAGACT,ATAAAACCAACCTA,3,30,1,1,0.0
5193,CCACACAGACT,ATAAAACCAACCTA,3,40,15,6,-0.916290731874155
5194,CCACACAGACT,ATAAAACCAACCTA,3,50,29,8,-1.287854288306638
5195,CCACACAGACT,ATAAAACCAACCTA,3,60,6,1,-1.791759469228055
5196,CCACACAGACT,ATAAAACCAACCTA,4,0,18,3,-1.791759469228055
5197,CCACACAGACT,ATAAAACCAACCTA,4,2,17,1,-2.833213344056216
5198,CCACACAGACT,ATAAAACCAACCTA,4,10,18,2,-2.1972245773362196
5199,CCACACAGACT,ATAAAACCAACCTA,4,15,11,1,-2.3978952727983707
5200,CCACACAGACT,ATAAAACCAACCTA,4,30,16,2,-2.0794415416798357
5201,CCACACAGACT,ATAAAACCAACCTA,4,40,21,3,-1.9459101490553132
5202,CCACACAGACT,ATAAAACCAACCTA,4,50,10,2,-1.6094379124341003
5203,CCACACAGACT,ATAAAACCAACCTA,4,60,20,2,-2.3025850929940455
5204,CCACCAAGCCT,AGAAACGACGGGTT,2,0,56,6,-2.2335922215070942
5205,CCACCAAGCCT,AGAAACGACGGGTT,2,2,51,16,-1.1592369104845446
5206,CCACCAAGCCT,AGAAACGACGGGTT,2,5,48,3,-2.772588722239781
5207,CCACCAAGCCT,AGAAACGACGGGTT,2,10,51,16,-1.1592369104845446
5208,CCACCAAGCCT,AGAAACGACGGGTT,2,15,66,24,-1.0116009116784799
5209,CCACCAAGCCT,AGAAACGACGGGTT,2,20,72,11,-1.8787708462176846
5210,CCACCAAGCCT,AGAAACGACGGGTT,2,30,116,36,-1.1700712526502546
5211,CCACCAAGCCT,AGAAACGACGGGTT,2,40,69,28,-0.9019019944220554
5212,CCACCAAGCCT,AGAAACGACGGGTT,2,50,54,41,-0.2754119798599665
5213,CCACCAAGCCT,AGAAACGACGGGTT,2,60,69,76,0.09662683568907171
5214,CCACCAAGCCT,AGAAACGACGGGTT,3,0,53,8,-1.8908503718722858
5215,CCACCAAGCCT,AGAAACGACGGGTT,3,2,44,6,-1.992430164690206
5216,CCACCAAGCCT,AGAAACGACGGGTT,3,5,48,11,-1.4733057381095205
5217,CCACCAAGCCT,AGAAACGACGGGTT,3,10,83,24,-1.2407867774486523
5218,CCACCAAGCCT,AGAAACGACGGGTT,3,15,52,19,-1.0068047394149868
5219,CCACCAAGCCT,AGAAACGACGGGTT,3,20,72,22,-1.1856236656577392
5220,CCACCAAGCCT,AGAAACGACGGGTT,3,30,70,18,-1.3581234841531944
5221,CCACCAAGCCT,AGAAACGACGGGTT,3,40,46,23,-0.6931471805599453
5222,CCACCAAGCCT,AGAAACGACGGGTT,3,50,74,37,-0.6931471805599453
5223,CCACCAAGCCT,AGAAACGACGGGTT,3,60,41,18,-0.8232003088081431
5224,CCACCAAGCCT,AGAAACGACGGGTT,4,0,49,5,-2.282382385676526
5225,CCACCAAGCCT,AGAAACGACGGGTT,4,2,81,13,-1.829499797210902
5226,CCACCAAGCCT,AGAAACGACGGGTT,4,5,35,5,-1.9459101490553132
5227,CCACCAAGCCT,AGAAACGACGGGTT,4,10,44,19,-0.8397506547518206
5228,CCACCAAGCCT,AGAAACGACGGGTT,4,15,58,13,-1.4954936530848826
5229,CCACCAAGCCT,AGAAACGACGGGTT,4,20,58,6,-2.268683541318364
5230,CCACCAAGCCT,AGAAACGACGGGTT,4,30,73,25,-1.0715836162801904
5231,CCACCAAGCCT,AGAAACGACGGGTT,4,40,76,33,-0.8342257788198508
5232,CCACCAAGCCT,AGAAACGACGGGTT,4,50,86,49,-0.5625269981428811
5233,CCACCAAGCCT,AGAAACGACGGGTT,4,60,69,33,-0.7375989431307791
5234,CCATGCGGGTA,GTAATTGCAACGAT,2,0,16,2,-2.0794415416798357
5235,CCATGCGGGTA,GTAATTGCAACGAT,2,2,2,4,0.6931471805599453
5236,CCATGCGGGTA,GTAATTGCAACGAT,2,5,11,2,-1.7047480922384253
5237,CCATGCGGGTA,GTAATTGCAACGAT,2,10,4,2,-0.6931471805599453
5238,CCATGCGGGTA,GTAATTGCAACGAT,2,15,9,2,-1.5040773967762742
5239,CCATGCGGGTA,GTAATTGCAACGAT,2,20,9,3,-1.0986122886681098
5240,CCATGCGGGTA,GTAATTGCAACGAT,2,30,16,34,0.7537718023763801
5241,CCATGCGGGTA,GTAATTGCAACGAT,2,40,9,11,0.20067069546215122
5242,CCATGCGGGTA,GTAATTGCAACGAT,2,50,11,7,-0.4519851237430572
5243,CCATGCGGGTA,GTAATTGCAACGAT,2,60,6,8,0.28768207245178085
5244,CCATGCGGGTA,GTAATTGCAACGAT,3,0,13,1,-2.5649493574615367
5245,CCATGCGGGTA,GTAATTGCAACGAT,3,2,3,3,0.0
5246,CCATGCGGGTA,GTAATTGCAACGAT,3,10,10,2,-1.6094379124341003
5247,CCATGCGGGTA,GTAATTGCAACGAT,3,15,8,5,-0.4700036292457356
5248,CCATGCGGGTA,GTAATTGCAACGAT,3,20,5,18,1.2809338454620642
5249,CCATGCGGGTA,GTAATTGCAACGAT,3,30,8,4,-0.6931471805599453
5250,CCATGCGGGTA,GTAATTGCAACGAT,3,40,10,23,0.8329091229351039
5251,CCATGCGGGTA,GTAATTGCAACGAT,3,50,3,2,-0.40546510810816444
5252,CCATGCGGGTA,GTAATTGCAACGAT,3,60,13,10,-0.262364264467491
5253,CCATGCGGGTA,GTAATTGCAACGAT,4,0,16,3,-1.6739764335716716
5254,CCATGCGGGTA,GTAATTGCAACGAT,4,2,16,1,-2.772588722239781
5255,CCATGCGGGTA,GTAATTGCAACGAT,4,5,19,1,-2.9444389791664403
5256,CCATGCGGGTA,GTAATTGCAACGAT,4,10,8,4,-0.6931471805599453
5257,CCATGCGGGTA,GTAATTGCAACGAT,4,15,7,7,0.0
5258,CCATGCGGGTA,GTAATTGCAACGAT,4,20,9,15,0.5108256237659907
5259,CCATGCGGGTA,GTAATTGCAACGAT,4,30,7,9,0.2513144282809061
5260,CCATGCGGGTA,GTAATTGCAACGAT,4,40,3,5,0.5108256237659907
5261,CCATGCGGGTA,GTAATTGCAACGAT,4,50,2,9,1.504077396776274
5262,CCATGCGGGTA,GTAATTGCAACGAT,4,60,8,3,-0.9808292530117262
5263,CCATGGCAAGA,TACCCACATTCCTA,2,0,46,4,-2.4423470353692043
5264,CCATGGCAAGA,TACCCACATTCCTA,2,2,43,8,-1.6817585740137264
5265,CCATGGCAAGA,TACCCACATTCCTA,2,5,47,5,-2.240709689275958
5266,CCATGGCAAGA,TACCCACATTCCTA,2,10,76,12,-1.8458266904983307
5267,CCATGGCAAGA,TACCCACATTCCTA,2,15,54,7,-2.043073897508961
5268,CCATGGCAAGA,TACCCACATTCCTA,2,20,74,17,-1.4708517491479536
5269,CCATGGCAAGA,TACCCACATTCCTA,2,30,79,8,-2.2900063107871853
5270,CCATGGCAAGA,TACCCACATTCCTA,2,40,60,4,-2.70805020110221
5271,CCATGGCAAGA,TACCCACATTCCTA,2,50,76,22,-1.2396908869280152
5272,CCATGGCAAGA,TACCCACATTCCTA,2,60,57,9,-1.8458266904983307
5273,CCATGGCAAGA,TACCCACATTCCTA,3,0,81,12,-1.9095425048844383
5274,CCATGGCAAGA,TACCCACATTCCTA,3,5,28,10,-1.0296194171811581
5275,CCATGGCAAGA,TACCCACATTCCTA,3,10,43,6,-1.9694406464655074
5276,CCATGGCAAGA,TACCCACATTCCTA,3,15,34,11,-1.128465251817791
5277,CCATGGCAAGA,TACCCACATTCCTA,3,20,79,20,-1.3737155789130304
5278,CCATGGCAAGA,TACCCACATTCCTA,3,30,24,3,-2.0794415416798357
5279,CCATGGCAAGA,TACCCACATTCCTA,3,40,26,5,-1.6486586255873816
5280,CCATGGCAAGA,TACCCACATTCCTA,3,50,20,5,-1.3862943611198906
5281,CCATGGCAAGA,TACCCACATTCCTA,3,60,42,5,-2.128231705849268
5282,CCATGGCAAGA,TACCCACATTCCTA,4,0,33,5,-1.8870696490323797
5283,CCATGGCAAGA,TACCCACATTCCTA,4,2,50,7,-1.9661128563728325
5284,CCATGGCAAGA,TACCCACATTCCTA,4,5,29,4,-1.9810014688665833
5285,CCATGGCAAGA,TACCCACATTCCTA,4,10,40,4,-2.3025850929940455
5286,CCATGGCAAGA,TACCCACATTCCTA,4,15,38,5,-2.028148247292285
5287,CCATGGCAAGA,TACCCACATTCCTA,4,20,34,5,-1.9169226121820608
5288,CCATGGCAAGA,TACCCACATTCCTA,4,30,34,7,-1.580450375560848
5289,CCATGGCAAGA,TACCCACATTCCTA,4,40,65,16,-1.4017985476558559
5290,CCATGGCAAGA,TACCCACATTCCTA,4,50,42,12,-1.252762968495368
5291,CCATGGCAAGA,TACCCACATTCCTA,4,60,52,10,-1.6486586255873816
5292,CCCAAGTGCGC,TAAACATAACAAAA,2,5,1,5,1.6094379124341003
5293,CCCAAGTGCGC,TAAACATAACAAAA,2,10,1,9,2.197224577336219
5294,CCCAAGTGCGC,TAAACATAACAAAA,3,10,3,12,1.3862943611198906
5295,CCCAAGTGCGC,TAAACATAACAAAA,3,30,1,12,2.4849066497880004
5296,CCCAAGTGCGC,TAAACATAACAAAA,3,40,1,1,0.0
5297,CCCAAGTGCGC,TAAACATAACAAAA,4,20,2,4,0.6931471805599453
5298,CCCAAGTGCGC,TAAACATAACAAAA,4,30,1,15,2.70805020110221
5299,CCCATACACAT,TCTATACCTTCATC,2,5,1,1,0.0
5300,CCCATTTTTTT,AATACTATAAGACG,2,0,1,3,1.0986122886681096
5301,CCCATTTTTTT,AATACTATAAGACG,2,10,1,9,2.197224577336219
5302,CCCATTTTTTT,AATACTATAAGACG,4,30,1,3,1.0986122886681096
5303,CCCCAACCCCC,TCCAAATCGCGCGC,2,0,98,4,-3.1986731175506815
5304,CCCCAACCCCC,TCCAAATCGCGCGC,2,2,97,6,-2.782951509275328
5305,CCCCAACCCCC,TCCAAATCGCGCGC,2,5,80,1,-4.382026634673881
5306,CCCCAACCCCC,TCCAAATCGCGCGC,2,10,100,10,-2.3025850929940455
5307,CCCCAACCCCC,TCCAAATCGCGCGC,2,15,93,19,-1.5881605139868153
5308,CCCCAACCCCC,TCCAAATCGCGCGC,2,20,151,15,-2.3092296357127142
5309,CCCCAACCCCC,TCCAAATCGCGCGC,2,30,142,15,-2.247776856499051
5310,CCCCAACCCCC,TCCAAATCGCGCGC,2,40,111,23,-1.5740359853831845
5311,CCCCAACCCCC,TCCAAATCGCGCGC,2,50,132,27,-1.5869650565820417
5312,CCCCAACCCCC,TCCAAATCGCGCGC,2,60,143,27,-1.6670077642555783
5313,CCCCAACCCCC,TCCAAATCGCGCGC,3,0,98,12,-2.1000608288825715
5314,CCCCAACCCCC,TCCAAATCGCGCGC,3,2,79,4,-2.9831534913471307
5315,CCCCAACCCCC,TCCAAATCGCGCGC,3,5,83,6,-2.627081138568543
5316,CCCCAACCCCC,TCCAAATCGCGCGC,3,10,96,6,-2.772588722239781
5317,CCCCAACCCCC,TCCAAATCGCGCGC,3,15,101,20,-1.6193882432872684
5318,CCCCAACCCCC,TCCAAATCGCGCGC,3,20,94,9,-2.3460702049337843
5319,CCCCAACCCCC,TCCAAATCGCGCGC,3,30,132,17,-2.049588578530155
5320,CCCCAACCCCC,TCCAAATCGCGCGC,3,40,93,11,-2.134704220354885
5321,CCCCAACCCCC,TCCAAATCGCGCGC,3,50,150,19,-2.0661963149298153
5322,CCCCAACCCCC,TCCAAATCGCGCGC,3,60,72,13,-1.7117167615545186
5323,CCCCAACCCCC,TCCAAATCGCGCGC,4,0,71,2,-3.56953269648137
5324,CCCCAACCCCC,TCCAAATCGCGCGC,4,2,122,9,-2.606796467397037
5325,CCCCAACCCCC,TCCAAATCGCGCGC,4,5,96,2,-3.8712010109078907
5326,CCCCAACCCCC,TCCAAATCGCGCGC,4,10,101,10,-2.312535423847214
5327,CCCCAACCCCC,TCCAAATCGCGCGC,4,15,87,8,-2.3864665769747475
5328,CCCCAACCCCC,TCCAAATCGCGCGC,4,20,60,1,-4.0943445622221
5329,CCCCAACCCCC,TCCAAATCGCGCGC,4,30,99,12,-2.1102132003465894
5330,CCCCAACCCCC,TCCAAATCGCGCGC,4,40,88,14,-1.8382794848629478
5331,CCCCAACCCCC,TCCAAATCGCGCGC,4,50,159,10,-2.7663191092261856
5332,CCCCAACCCCC,TCCAAATCGCGCGC,4,60,79,11,-1.9715525796686508
5333,CCCCACTGCTT,TACAGTCATCTTGC,2,0,3,5,0.5108256237659907
5334,CCCCACTGCTT,TACAGTCATCTTGC,2,2,8,2,-1.3862943611198906
5335,CCCCACTGCTT,TACAGTCATCTTGC,2,5,7,2,-1.252762968495368
5336,CCCCACTGCTT,TACAGTCATCTTGC,2,10,3,7,0.8472978603872037
5337,CCCCACTGCTT,TACAGTCATCTTGC,2,15,12,2,-1.791759469228055
5338,CCCCACTGCTT,TACAGTCATCTTGC,2,20,16,2,-2.0794415416798357
5339,CCCCACTGCTT,TACAGTCATCTTGC,2,30,10,13,0.26236426446749106
5340,CCCCACTGCTT,TACAGTCATCTTGC,2,40,2,5,0.916290731874155
5341,CCCCACTGCTT,TACAGTCATCTTGC,2,50,12,3,-1.3862943611198906
5342,CCCCACTGCTT,TACAGTCATCTTGC,2,60,4,3,-0.2876820724517809
5343,CCCCACTGCTT,TACAGTCATCTTGC,3,2,1,2,0.6931471805599453
5344,CCCCACTGCTT,TACAGTCATCTTGC,3,5,6,1,-1.791759469228055
5345,CCCCACTGCTT,TACAGTCATCTTGC,3,10,11,6,-0.6061358035703156
5346,CCCCACTGCTT,TACAGTCATCTTGC,3,15,10,1,-2.3025850929940455
5347,CCCCACTGCTT,TACAGTCATCTTGC,3,20,4,4,0.0
5348,CCCCACTGCTT,TACAGTCATCTTGC,3,30,6,7,0.15415067982725836
5349,CCCCACTGCTT,TACAGTCATCTTGC,3,40,6,5,-0.1823215567939546
5350,CCCCACTGCTT,TACAGTCATCTTGC,3,50,2,5,0.916290731874155
5351,CCCCACTGCTT,TACAGTCATCTTGC,3,60,3,7,0.8472978603872037
5352,CCCCACTGCTT,TACAGTCATCTTGC,4,2,14,3,-1.5404450409471488
5353,CCCCACTGCTT,TACAGTCATCTTGC,4,10,2,3,0.4054651081081644
5354,CCCCACTGCTT,TACAGTCATCTTGC,4,15,6,1,-1.791759469228055
5355,CCCCACTGCTT,TACAGTCATCTTGC,4,30,2,2,0.0
5356,CCCCACTGCTT,TACAGTCATCTTGC,4,50,5,1,-1.6094379124341003
5357,CCCCACTGCTT,TACAGTCATCTTGC,4,60,9,9,0.0
5358,CCCCCCCATTC,GTCCCGACGAACTC,2,20,6,1,-1.791759469228055
5359,CCCCCCTCACG,CCCCTAGCCCTAGG,2,2,1,2,0.6931471805599453
5360,CCCCCCTCACG,CCCCTAGCCCTAGG,2,30,1,119,4.77912349311153
5361,CCCCCCTCACG,CCCCTAGCCCTAGG,3,30,1,69,4.23410650459726
5362,CCCCCCTCACG,CCCCTAGCCCTAGG,4,60,1,106,4.663439094112067
5363,CCCCCTTCTCA,TGATCCATATGGTA,3,5,3,1,-1.0986122886681098
5364,CCCCCTTCTCA,TGATCCATATGGTA,3,15,1,2,0.6931471805599453
5365,CCCCTAACCAC,CCCCTGGCTGTCGT,4,40,1,3,1.0986122886681096
5366,CCCCTAACTAA,ATAACCCTACCATG,2,5,1,5,1.6094379124341003
5367,CCCCTAACTAA,ATAACCCTACCATG,2,20,1,32,3.4657359027997265
5368,CCCCTAACTAA,ATAACCCTACCATG,2,50,1,30,3.4011973816621555
5369,CCCGCCCGCAA,TAACTCCATCGTAC,3,10,1,55,4.007333185232471
5370,CCCGCCCGCAA,TAACTCCATCGTAC,3,50,1,39,3.6635616461296463
5371,CCCGCCCGCAA,TAACTCCATCGTAC,4,15,1,33,3.4965075614664802
5372,CCCGCCCGCAA,TAACTCCATCGTAC,4,20,1,31,3.4339872044851463
5373,CCCGGAACCGT,GTCTATCTGGCTCG,2,0,99,11,-2.1972245773362196
5374,CCCGGAACCGT,GTCTATCTGGCTCG,2,2,125,19,-1.8838747581358606
5375,CCCGGAACCGT,GTCTATCTGGCTCG,2,5,103,13,-2.069779630768099
5376,CCCGGAACCGT,GTCTATCTGGCTCG,2,10,161,16,-2.3088156427446815
5377,CCCGGAACCGT,GTCTATCTGGCTCG,2,15,157,13,-2.4912964478867714
5378,CCCGGAACCGT,GTCTATCTGGCTCG,2,20,157,13,-2.4912964478867714
5379,CCCGGAACCGT,GTCTATCTGGCTCG,2,30,165,10,-2.803360380906535
5380,CCCGGAACCGT,GTCTATCTGGCTCG,2,40,170,12,-2.6508917872622613
5381,CCCGGAACCGT,GTCTATCTGGCTCG,2,50,159,9,-2.871679624884012
5382,CCCGGAACCGT,GTCTATCTGGCTCG,2,60,164,12,-2.614959778036198
5383,CCCGGAACCGT,GTCTATCTGGCTCG,3,0,125,17,-1.995100393246085
5384,CCCGGAACCGT,GTCTATCTGGCTCG,3,2,152,7,-3.077970371790963
5385,CCCGGAACCGT,GTCTATCTGGCTCG,3,5,149,18,-2.1135745480492942
5386,CCCGGAACCGT,GTCTATCTGGCTCG,3,10,139,23,-1.798979717201542
5387,CCCGGAACCGT,GTCTATCTGGCTCG,3,15,149,10,-2.7013612129514133
5388,CCCGGAACCGT,GTCTATCTGGCTCG,3,20,133,14,-2.2512917986064953
5389,CCCGGAACCGT,GTCTATCTGGCTCG,3,30,153,12,-2.545531271604435
5390,CCCGGAACCGT,GTCTATCTGGCTCG,3,40,166,10,-2.8094026953624973
5391,CCCGGAACCGT,GTCTATCTGGCTCG,3,50,162,10,-2.785011242238338
5392,CCCGGAACCGT,GTCTATCTGGCTCG,3,60,138,8,-2.847812143477369
5393,CCCGGAACCGT,GTCTATCTGGCTCG,4,0,151,14,-2.3782225071996654
5394,CCCGGAACCGT,GTCTATCTGGCTCG,4,2,117,17,-1.92896059074154
5395,CCCGGAACCGT,GTCTATCTGGCTCG,4,5,140,6,-3.1498829533812494
5396,CCCGGAACCGT,GTCTATCTGGCTCG,4,10,191,17,-2.4190600839904137
5397,CCCGGAACCGT,GTCTATCTGGCTCG,4,15,122,10,-2.501435951739211
5398,CCCGGAACCGT,GTCTATCTGGCTCG,4,20,133,5,-3.280911215787653
5399,CCCGGAACCGT,GTCTATCTGGCTCG,4,30,152,9,-2.826655943510057
5400,CCCGGAACCGT,GTCTATCTGGCTCG,4,40,179,24,-2.009331975492809
5401,CCCGGAACCGT,GTCTATCTGGCTCG,4,50,191,16,-2.4796847058068483
5402,CCCGGAACCGT,GTCTATCTGGCTCG,4,60,130,9,-2.670309873119363
5403,CCCGTGTGAAC,CCTAACACTCTTTT,2,2,2,1,-0.6931471805599453
5404,CCCGTGTGAAC,CCTAACACTCTTTT,2,10,9,2,-1.5040773967762742
5405,CCCGTGTGAAC,CCTAACACTCTTTT,2,15,4,2,-0.6931471805599453
5406,CCCGTGTGAAC,CCTAACACTCTTTT,2,30,3,1,-1.0986122886681098
5407,CCCGTGTGAAC,CCTAACACTCTTTT,2,40,3,4,0.28768207245178085
5408,CCCGTGTGAAC,CCTAACACTCTTTT,2,50,5,13,0.9555114450274363
5409,CCCGTGTGAAC,CCTAACACTCTTTT,2,60,5,3,-0.5108256237659907
5410,CCCGTGTGAAC,CCTAACACTCTTTT,3,0,7,1,-1.9459101490553132
5411,CCCGTGTGAAC,CCTAACACTCTTTT,3,5,11,3,-1.2992829841302609
5412,CCCGTGTGAAC,CCTAACACTCTTTT,3,10,5,1,-1.6094379124341003
5413,CCCGTGTGAAC,CCTAACACTCTTTT,3,15,13,2,-1.8718021769015913
5414,CCCGTGTGAAC,CCTAACACTCTTTT,3,20,6,4,-0.40546510810816444
5415,CCCGTGTGAAC,CCTAACACTCTTTT,3,40,12,1,-2.4849066497880004
5416,CCCGTGTGAAC,CCTAACACTCTTTT,3,50,12,4,-1.0986122886681098
5417,CCCGTGTGAAC,CCTAACACTCTTTT,4,2,8,1,-2.0794415416798357
5418,CCCGTGTGAAC,CCTAACACTCTTTT,4,5,7,1,-1.9459101490553132
5419,CCCGTGTGAAC,CCTAACACTCTTTT,4,10,14,7,-0.6931471805599453
5420,CCCGTGTGAAC,CCTAACACTCTTTT,4,50,13,4,-1.178654996341646
5421,CCCGTGTGAAC,CCTAACACTCTTTT,4,60,3,2,-0.40546510810816444
5422,CCCTGGGAACC,CCATCACGCCTCTG,4,60,1,1,0.0
5423,CCCTGGTGCAG,GCGAGCCGTACTCC,4,50,1,5,1.6094379124341003
5424,CCCTGTCGTAT,TGACAACAAAACAT,2,0,24,1,-3.1780538303479458
5425,CCCTGTCGTAT,TGACAACAAAACAT,2,2,26,4,-1.8718021769015913
5426,CCCTGTCGTAT,TGACAACAAAACAT,2,5,32,1,-3.4657359027997265
5427,CCCTGTCGTAT,TGACAACAAAACAT,2,10,27,2,-2.6026896854443837
5428,CCCTGTCGTAT,TGACAACAAAACAT,2,15,27,3,-2.1972245773362196
5429,CCCTGTCGTAT,TGACAACAAAACAT,2,20,26,2,-2.5649493574615367
5430,CCCTGTCGTAT,TGACAACAAAACAT,2,30,19,1,-2.9444389791664403
5431,CCCTGTCGTAT,TGACAACAAAACAT,2,40,37,9,-1.413693335308005
5432,CCCTGTCGTAT,TGACAACAAAACAT,2,50,61,13,-1.5459245067117746
5433,CCCTGTCGTAT,TGACAACAAAACAT,2,60,54,4,-2.6026896854443837
5434,CCCTGTCGTAT,TGACAACAAAACAT,3,0,25,4,-1.83258146374831
5435,CCCTGTCGTAT,TGACAACAAAACAT,3,2,23,2,-2.4423470353692043
5436,CCCTGTCGTAT,TGACAACAAAACAT,3,5,17,3,-1.7346010553881062
5437,CCCTGTCGTAT,TGACAACAAAACAT,3,10,54,5,-2.379546134130174
5438,CCCTGTCGTAT,TGACAACAAAACAT,3,15,38,14,-0.9985288301111271
5439,CCCTGTCGTAT,TGACAACAAAACAT,3,20,50,6,-2.120263536200091
5440,CCCTGTCGTAT,TGACAACAAAACAT,3,30,27,12,-0.8109302162163288
5441,CCCTGTCGTAT,TGACAACAAAACAT,3,40,21,4,-1.6582280766035324
5442,CCCTGTCGTAT,TGACAACAAAACAT,3,50,30,4,-2.0149030205422647
5443,CCCTGTCGTAT,TGACAACAAAACAT,3,60,13,2,-1.8718021769015913
5444,CCCTGTCGTAT,TGACAACAAAACAT,4,0,19,2,-2.2512917986064953
5445,CCCTGTCGTAT,TGACAACAAAACAT,4,2,31,2,-2.740840023925201
5446,CCCTGTCGTAT,TGACAACAAAACAT,4,5,30,1,-3.4011973816621555
5447,CCCTGTCGTAT,TGACAACAAAACAT,4,10,40,8,-1.6094379124341003
5448,CCCTGTCGTAT,TGACAACAAAACAT,4,15,35,5,-1.9459101490553132
5449,CCCTGTCGTAT,TGACAACAAAACAT,4,20,23,1,-3.1354942159291497
5450,CCCTGTCGTAT,TGACAACAAAACAT,4,30,36,8,-1.5040773967762742
5451,CCCTGTCGTAT,TGACAACAAAACAT,4,40,39,8,-1.5841201044498106
5452,CCCTGTCGTAT,TGACAACAAAACAT,4,50,43,7,-1.815289966638249
5453,CCCTGTCGTAT,TGACAACAAAACAT,4,60,33,10,-1.1939224684724346
5454,CCCTTACAACT,TAATTTTCCAGCCA,2,0,13,2,-1.8718021769015913
5455,CCCTTACAACT,TAATTTTCCAGCCA,2,2,3,2,-0.40546510810816444
5456,CCCTTACAACT,TAATTTTCCAGCCA,2,5,10,1,-2.3025850929940455
5457,CCCTTACAACT,TAATTTTCCAGCCA,2,15,10,3,-1.203972804325936
5458,CCCTTACAACT,TAATTTTCCAGCCA,2,20,36,3,-2.4849066497880004
5459,CCCTTACAACT,TAATTTTCCAGCCA,2,30,15,2,-2.0149030205422647
5460,CCCTTACAACT,TAATTTTCCAGCCA,2,40,3,2,-0.40546510810816444
5461,CCCTTACAACT,TAATTTTCCAGCCA,2,50,8,7,-0.13353139262452263
5462,CCCTTACAACT,TAATTTTCCAGCCA,2,60,13,3,-1.466337068793427
5463,CCCTTACAACT,TAATTTTCCAGCCA,3,2,19,1,-2.9444389791664403
5464,CCCTTACAACT,TAATTTTCCAGCCA,3,10,14,2,-1.9459101490553132
5465,CCCTTACAACT,TAATTTTCCAGCCA,3,15,8,3,-0.9808292530117262
5466,CCCTTACAACT,TAATTTTCCAGCCA,3,20,3,1,-1.0986122886681098
5467,CCCTTACAACT,TAATTTTCCAGCCA,3,30,25,2,-2.525728644308255
5468,CCCTTACAACT,TAATTTTCCAGCCA,3,40,3,2,-0.40546510810816444
5469,CCCTTACAACT,TAATTTTCCAGCCA,3,50,8,3,-0.9808292530117262
5470,CCCTTACAACT,TAATTTTCCAGCCA,3,60,4,1,-1.3862943611198906
5471,CCCTTACAACT,TAATTTTCCAGCCA,4,2,1,1,0.0
5472,CCCTTACAACT,TAATTTTCCAGCCA,4,5,9,2,-1.5040773967762742
5473,CCCTTACAACT,TAATTTTCCAGCCA,4,20,13,1,-2.5649493574615367
5474,CCCTTACAACT,TAATTTTCCAGCCA,4,30,4,1,-1.3862943611198906
5475,CCCTTACAACT,TAATTTTCCAGCCA,4,40,16,2,-2.0794415416798357
5476,CCCTTACAACT,TAATTTTCCAGCCA,4,50,13,6,-0.7731898882334817
5477,CCCTTACAACT,TAATTTTCCAGCCA,4,60,15,3,-1.6094379124341003
5478,CCCTTATGCAT,TTCGTGAGGTTGAT,2,0,1,50,3.912023005428146
5479,CCCTTATGCAT,TTCGTGAGGTTGAT,2,15,1,94,4.543294782270004
5480,CCCTTATGCAT,TTCGTGAGGTTGAT,2,50,1,162,5.087596335232384
5481,CCCTTATGCAT,TTCGTGAGGTTGAT,3,2,2,64,3.4657359027997265
5482,CCCTTATGCAT,TTCGTGAGGTTGAT,3,50,1,152,5.0238805208462765
5483,CCCTTATGCAT,TTCGTGAGGTTGAT,4,10,3,112,3.6198865826269846
5484,CCCTTATGCAT,TTCGTGAGGTTGAT,4,30,1,120,4.787491742782046
5485,CCCTTATGCAT,TTCGTGAGGTTGAT,4,60,1,120,4.787491742782046
5486,CCCTTCGTTAA,TCATCAATCAATGG,2,0,27,2,-2.6026896854443837
5487,CCCTTCGTTAA,TCATCAATCAATGG,2,5,14,2,-1.9459101490553132
5488,CCCTTCGTTAA,TCATCAATCAATGG,2,10,26,4,-1.8718021769015913
5489,CCCTTCGTTAA,TCATCAATCAATGG,2,15,56,4,-2.6390573296152584
5490,CCCTTCGTTAA,TCATCAATCAATGG,2,20,37,13,-1.0459685551826876
5491,CCCTTCGTTAA,TCATCAATCAATGG,2,30,38,3,-2.538973871058276
5492,CCCTTCGTTAA,TCATCAATCAATGG,2,40,36,3,-2.4849066497880004
5493,CCCTTCGTTAA,TCATCAATCAATGG,2,50,36,10,-1.2809338454620642
5494,CCCTTCGTTAA,TCATCAATCAATGG,2,60,17,3,-1.7346010553881062
5495,CCCTTCGTTAA,TCATCAATCAATGG,3,0,24,3,-2.0794415416798357
5496,CCCTTCGTTAA,TCATCAATCAATGG,3,2,22,2,-2.3978952727983707
5497,CCCTTCGTTAA,TCATCAATCAATGG,3,5,28,1,-3.332204510175204
5498,CCCTTCGTTAA,TCATCAATCAATGG,3,10,32,3,-2.367123614131617
5499,CCCTTCGTTAA,TCATCAATCAATGG,3,15,32,2,-2.772588722239781
5500,CCCTTCGTTAA,TCATCAATCAATGG,3,20,50,4,-2.525728644308255
5501,CCCTTCGTTAA,TCATCAATCAATGG,3,30,22,1,-3.0910424533583156
5502,CCCTTCGTTAA,TCATCAATCAATGG,3,40,31,1,-3.4339872044851463
5503,CCCTTCGTTAA,TCATCAATCAATGG,3,50,25,5,-1.6094379124341003
5504,CCCTTCGTTAA,TCATCAATCAATGG,3,60,27,5,-1.6863989535702286
5505,CCCTTCGTTAA,TCATCAATCAATGG,4,0,23,3,-2.03688192726104
5506,CCCTTCGTTAA,TCATCAATCAATGG,4,2,24,2,-2.4849066497880004
5507,CCCTTCGTTAA,TCATCAATCAATGG,4,10,17,2,-2.1400661634962708
5508,CCCTTCGTTAA,TCATCAATCAATGG,4,15,21,2,-2.3513752571634776
5509,CCCTTCGTTAA,TCATCAATCAATGG,4,20,14,2,-1.9459101490553132
5510,CCCTTCGTTAA,TCATCAATCAATGG,4,30,28,1,-3.332204510175204
5511,CCCTTCGTTAA,TCATCAATCAATGG,4,40,24,4,-1.791759469228055
5512,CCCTTCGTTAA,TCATCAATCAATGG,4,50,36,3,-2.4849066497880004
5513,CCCTTCGTTAA,TCATCAATCAATGG,4,60,29,1,-3.3672958299864737
5514,CCCTTCTTTCC,CCCCTTCTTCGAGA,2,10,19,3,-1.8458266904983307
5515,CCCTTCTTTCC,CCCCTTCTTCGAGA,2,15,24,1,-3.1780538303479458
5516,CCCTTCTTTCC,CCCCTTCTTCGAGA,2,20,22,14,-0.4519851237430572
5517,CCCTTCTTTCC,CCCCTTCTTCGAGA,2,30,9,5,-0.587786664902119
5518,CCCTTCTTTCC,CCCCTTCTTCGAGA,2,40,28,12,-0.8472978603872037
5519,CCCTTCTTTCC,CCCCTTCTTCGAGA,2,50,42,7,-1.791759469228055
5520,CCCTTCTTTCC,CCCCTTCTTCGAGA,2,60,30,6,-1.6094379124341003
5521,CCCTTCTTTCC,CCCCTTCTTCGAGA,3,2,19,1,-2.9444389791664403
5522,CCCTTCTTTCC,CCCCTTCTTCGAGA,3,10,10,1,-2.3025850929940455
5523,CCCTTCTTTCC,CCCCTTCTTCGAGA,3,15,22,5,-1.4816045409242156
5524,CCCTTCTTTCC,CCCCTTCTTCGAGA,3,20,12,1,-2.4849066497880004
5525,CCCTTCTTTCC,CCCCTTCTTCGAGA,3,30,23,5,-1.5260563034950494
5526,CCCTTCTTTCC,CCCCTTCTTCGAGA,3,40,19,1,-2.9444389791664403
5527,CCCTTCTTTCC,CCCCTTCTTCGAGA,3,50,29,10,-1.0647107369924282
5528,CCCTTCTTTCC,CCCCTTCTTCGAGA,3,60,25,11,-0.8209805520698301
5529,CCCTTCTTTCC,CCCCTTCTTCGAGA,4,2,40,3,-2.5902671654458267
5530,CCCTTCTTTCC,CCCCTTCTTCGAGA,4,10,11,1,-2.3978952727983707
5531,CCCTTCTTTCC,CCCCTTCTTCGAGA,4,15,26,2,-2.5649493574615367
5532,CCCTTCTTTCC,CCCCTTCTTCGAGA,4,20,15,3,-1.6094379124341003
5533,CCCTTCTTTCC,CCCCTTCTTCGAGA,4,30,17,2,-2.1400661634962708
5534,CCCTTCTTTCC,CCCCTTCTTCGAGA,4,50,10,5,-0.6931471805599453
5535,CCCTTCTTTCC,CCCCTTCTTCGAGA,4,60,30,16,-0.6286086594223741
5536,CCGAATCACCA,GCGCGCAAAGTTAC,2,2,29,3,-2.268683541318364
5537,CCGAATCACCA,GCGCGCAAAGTTAC,2,5,28,4,-1.9459101490553132
5538,CCGAATCACCA,GCGCGCAAAGTTAC,2,10,45,5,-2.1972245773362196
5539,CCGAATCACCA,GCGCGCAAAGTTAC,2,15,39,6,-1.8718021769015913
5540,CCGAATCACCA,GCGCGCAAAGTTAC,2,20,33,1,-3.4965075614664802
5541,CCGAATCACCA,GCGCGCAAAGTTAC,2,30,43,11,-1.3633048428951917
5542,CCGAATCACCA,GCGCGCAAAGTTAC,2,40,27,25,-0.07696104113612831
5543,CCGAATCACCA,GCGCGCAAAGTTAC,2,50,36,5,-1.9740810260220094
5544,CCGAATCACCA,GCGCGCAAAGTTAC,2,60,36,8,-1.5040773967762742
5545,CCGAATCACCA,GCGCGCAAAGTTAC,3,0,17,1,-2.833213344056216
5546,CCGAATCACCA,GCGCGCAAAGTTAC,3,2,20,4,-1.6094379124341003
5547,CCGAATCACCA,GCGCGCAAAGTTAC,3,10,46,10,-1.5260563034950494
5548,CCGAATCACCA,GCGCGCAAAGTTAC,3,15,16,9,-0.5753641449035618
5549,CCGAATCACCA,GCGCGCAAAGTTAC,3,20,18,11,-0.49247648509779407
5550,CCGAATCACCA,GCGCGCAAAGTTAC,3,30,21,6,-1.252762968495368
5551,CCGAATCACCA,GCGCGCAAAGTTAC,3,50,23,10,-0.832909122935104
5552,CCGAATCACCA,GCGCGCAAAGTTAC,3,60,13,4,-1.178654996341646
5553,CCGAATCACCA,GCGCGCAAAGTTAC,4,0,36,2,-2.8903717578961645
5554,CCGAATCACCA,GCGCGCAAAGTTAC,4,2,33,2,-2.803360380906535
5555,CCGAATCACCA,GCGCGCAAAGTTAC,4,5,15,1,-2.70805020110221
5556,CCGAATCACCA,GCGCGCAAAGTTAC,4,10,46,6,-2.03688192726104
5557,CCGAATCACCA,GCGCGCAAAGTTAC,4,15,11,2,-1.7047480922384253
5558,CCGAATCACCA,GCGCGCAAAGTTAC,4,20,20,7,-1.0498221244986778
5559,CCGAATCACCA,GCGCGCAAAGTTAC,4,30,18,4,-1.5040773967762742
5560,CCGAATCACCA,GCGCGCAAAGTTAC,4,40,27,3,-2.1972245773362196
5561,CCGAATCACCA,GCGCGCAAAGTTAC,4,50,40,9,-1.491654876777717
5562,CCGAATCACCA,GCGCGCAAAGTTAC,4,60,30,18,-0.5108256237659907
5563,CCGATCCTACC,TGCAACAACCCATT,2,0,210,2,-4.653960350157523
5564,CCGATCCTACC,TGCAACAACCCATT,2,2,252,1,-5.529429087511423
5565,CCGATCCTACC,TGCAACAACCCATT,2,5,207,2,-4.639571612705423
5566,CCGATCCTACC,TGCAACAACCCATT,2,10,274,3,-4.5145158177199605
5567,CCGATCCTACC,TGCAACAACCCATT,2,15,274,2,-4.919980925828125
5568,CCGATCCTACC,TGCAACAACCCATT,2,20,328,7,-3.8471034593288302
5569,CCGATCCTACC,TGCAACAACCCATT,2,30,309,2,-5.0401940963378
5570,CCGATCCTACC,TGCAACAACCCATT,2,40,325,4,-4.3975308212098465
5571,CCGATCCTACC,TGCAACAACCCATT,2,50,299,5,-4.091005660956586
5572,CCGATCCTACC,TGCAACAACCCATT,2,60,351,10,-3.55820113047182
5573,CCGATCCTACC,TGCAACAACCCATT,3,0,239,3,-4.377851263263401
5574,CCGATCCTACC,TGCAACAACCCATT,3,2,216,4,-3.9889840465642745
5575,CCGATCCTACC,TGCAACAACCCATT,3,5,279,9,-3.4339872044851463
5576,CCGATCCTACC,TGCAACAACCCATT,3,10,186,1,-5.225746673713201
5577,CCGATCCTACC,TGCAACAACCCATT,3,15,316,2,-5.062595033026967
5578,CCGATCCTACC,TGCAACAACCCATT,3,20,286,7,-3.7100816617645394
5579,CCGATCCTACC,TGCAACAACCCATT,3,30,227,3,-4.326337728813293
5580,CCGATCCTACC,TGCAACAACCCATT,3,40,350,3,-4.75932086581535
5581,CCGATCCTACC,TGCAACAACCCATT,3,50,198,3,-4.189654742026425
5582,CCGATCCTACC,TGCAACAACCCATT,3,60,251,2,-4.832305758571838
5583,CCGATCCTACC,TGCAACAACCCATT,4,0,226,1,-5.420534999272285
5584,CCGATCCTACC,TGCAACAACCCATT,4,2,212,5,-3.747148362237912
5585,CCGATCCTACC,TGCAACAACCCATT,4,5,182,2,-4.51085950651685
5586,CCGATCCTACC,TGCAACAACCCATT,4,10,293,3,-4.581560320348958
5587,CCGATCCTACC,TGCAACAACCCATT,4,15,208,5,-3.7281001672672174
5588,CCGATCCTACC,TGCAACAACCCATT,4,20,226,2,-4.727387818712341
5589,CCGATCCTACC,TGCAACAACCCATT,4,40,287,2,-4.966335035199676
5590,CCGATCCTACC,TGCAACAACCCATT,4,50,349,4,-4.468777561082536
5591,CCGATCCTACC,TGCAACAACCCATT,4,60,296,6,-3.898599985096005
5592,CCGATGTCCTT,TAAACACGAGACAT,2,0,31,3,-2.3353749158170363
5593,CCGATGTCCTT,TAAACACGAGACAT,2,2,37,9,-1.413693335308005
5594,CCGATGTCCTT,TAAACACGAGACAT,2,5,53,1,-3.9702919135521215
5595,CCGATGTCCTT,TAAACACGAGACAT,2,10,31,9,-1.2367626271489267
5596,CCGATGTCCTT,TAAACACGAGACAT,2,15,31,7,-1.4880770554298328
5597,CCGATGTCCTT,TAAACACGAGACAT,2,20,34,7,-1.580450375560848
5598,CCGATGTCCTT,TAAACACGAGACAT,2,30,39,5,-2.0541237336955462
5599,CCGATGTCCTT,TAAACACGAGACAT,2,40,44,13,-1.2192402764567243
5600,CCGATGTCCTT,TAAACACGAGACAT,2,50,43,13,-1.1962507582320256
5601,CCGATGTCCTT,TAAACACGAGACAT,2,60,40,9,-1.491654876777717
5602,CCGATGTCCTT,TAAACACGAGACAT,3,0,46,10,-1.5260563034950494
5603,CCGATGTCCTT,TAAACACGAGACAT,3,2,35,4,-2.169053700369523
5604,CCGATGTCCTT,TAAACACGAGACAT,3,5,44,5,-2.174751721484161
5605,CCGATGTCCTT,TAAACACGAGACAT,3,10,51,6,-2.1400661634962708
5606,CCGATGTCCTT,TAAACACGAGACAT,3,15,21,10,-0.7419373447293773
5607,CCGATGTCCTT,TAAACACGAGACAT,3,20,27,6,-1.5040773967762742
5608,CCGATGTCCTT,TAAACACGAGACAT,3,30,19,9,-0.7472144018302211
5609,CCGATGTCCTT,TAAACACGAGACAT,3,40,21,8,-0.965080896043587
5610,CCGATGTCCTT,TAAACACGAGACAT,3,50,22,2,-2.3978952727983707
5611,CCGATGTCCTT,TAAACACGAGACAT,3,60,22,7,-1.1451323043030026
5612,CCGATGTCCTT,TAAACACGAGACAT,4,0,29,4,-1.9810014688665833
5613,CCGATGTCCTT,TAAACACGAGACAT,4,2,28,2,-2.6390573296152584
5614,CCGATGTCCTT,TAAACACGAGACAT,4,5,37,1,-3.6109179126442243
5615,CCGATGTCCTT,TAAACACGAGACAT,4,10,24,4,-1.791759469228055
5616,CCGATGTCCTT,TAAACACGAGACAT,4,15,38,4,-2.2512917986064953
5617,CCGATGTCCTT,TAAACACGAGACAT,4,20,40,11,-1.2909841813155656
5618,CCGATGTCCTT,TAAACACGAGACAT,4,30,55,15,-1.2992829841302609
5619,CCGATGTCCTT,TAAACACGAGACAT,4,40,51,6,-2.1400661634962708
5620,CCGATGTCCTT,TAAACACGAGACAT,4,50,47,15,-1.1420974006078484
5621,CCGATGTCCTT,TAAACACGAGACAT,4,60,25,5,-1.6094379124341003
5622,CCGCCCTGCCT,CGGGTTATACTGGT,2,10,2,16,2.0794415416798357
5623,CCGCCCTGCCT,CGGGTTATACTGGT,3,30,1,17,2.833213344056216
5624,CCGCCCTGCCT,CGGGTTATACTGGT,4,60,1,28,3.332204510175204
5625,CCGCTCCTAAA,TATGCCGTGAGAAA,2,0,32,3,-2.367123614131617
5626,CCGCTCCTAAA,TATGCCGTGAGAAA,2,2,38,5,-2.028148247292285
5627,CCGCTCCTAAA,TATGCCGTGAGAAA,2,5,29,3,-2.268683541318364
5628,CCGCTCCTAAA,TATGCCGTGAGAAA,2,10,61,8,-2.031432322493475
5629,CCGCTCCTAAA,TATGCCGTGAGAAA,2,15,73,12,-1.8055527913603908
5630,CCGCTCCTAAA,TATGCCGTGAGAAA,2,20,35,7,-1.6094379124341003
5631,CCGCTCCTAAA,TATGCCGTGAGAAA,2,30,58,7,-2.114532861491106
5632,CCGCTCCTAAA,TATGCCGTGAGAAA,2,40,58,13,-1.4954936530848826
5633,CCGCTCCTAAA,TATGCCGTGAGAAA,2,50,42,19,-0.7932306391169278
5634,CCGCTCCTAAA,TATGCCGTGAGAAA,2,60,55,14,-1.3682758556172123
5635,CCGCTCCTAAA,TATGCCGTGAGAAA,3,0,64,9,-1.9616585060234524
5636,CCGCTCCTAAA,TATGCCGTGAGAAA,3,2,38,4,-2.2512917986064953
5637,CCGCTCCTAAA,TATGCCGTGAGAAA,3,5,45,2,-3.1135153092103742
5638,CCGCTCCTAAA,TATGCCGTGAGAAA,3,10,70,7,-2.3025850929940455
5639,CCGCTCCTAAA,TATGCCGTGAGAAA,3,15,38,6,-1.8458266904983307
5640,CCGCTCCTAAA,TATGCCGTGAGAAA,3,20,67,12,-1.7197859696029658
5641,CCGCTCCTAAA,TATGCCGTGAGAAA,3,30,41,10,-1.410986973710262
5642,CCGCTCCTAAA,TATGCCGTGAGAAA,3,40,39,16,-0.8909729238898652
5643,CCGCTCCTAAA,TATGCCGTGAGAAA,3,50,50,15,-1.203972804325936
5644,CCGCTCCTAAA,TATGCCGTGAGAAA,3,60,58,11,-1.6625477377480489
5645,CCGCTCCTAAA,TATGCCGTGAGAAA,4,0,29,3,-2.268683541318364
5646,CCGCTCCTAAA,TATGCCGTGAGAAA,4,2,73,6,-2.498699971920336
5647,CCGCTCCTAAA,TATGCCGTGAGAAA,4,5,47,5,-2.240709689275958
5648,CCGCTCCTAAA,TATGCCGTGAGAAA,4,10,50,4,-2.525728644308255
5649,CCGCTCCTAAA,TATGCCGTGAGAAA,4,15,79,10,-2.0668627594729756
5650,CCGCTCCTAAA,TATGCCGTGAGAAA,4,20,49,8,-1.8123787564307907
5651,CCGCTCCTAAA,TATGCCGTGAGAAA,4,30,34,8,-1.4469189829363254
5652,CCGCTCCTAAA,TATGCCGTGAGAAA,4,40,59,14,-1.4384801142904609
5653,CCGCTCCTAAA,TATGCCGTGAGAAA,4,50,57,20,-1.0473189942805592
5654,CCGCTCCTAAA,TATGCCGTGAGAAA,4,60,68,16,-1.4469189829363254
5655,CCGGACTGATA,TGCAAGATGACCTA,3,10,1,7,1.9459101490553132
5656,CCGGACTGATA,TGCAAGATGACCTA,4,50,1,8,2.0794415416798357
5657,CCGGCCATCTT,GGACTATAAAGTAG,2,0,15,1,-2.70805020110221
5658,CCGGCCATCTT,GGACTATAAAGTAG,2,2,18,7,-0.9444616088408513
5659,CCGGCCATCTT,GGACTATAAAGTAG,2,5,21,2,-2.3513752571634776
5660,CCGGCCATCTT,GGACTATAAAGTAG,2,10,39,3,-2.5649493574615367
5661,CCGGCCATCTT,GGACTATAAAGTAG,2,15,25,3,-2.120263536200091
5662,CCGGCCATCTT,GGACTATAAAGTAG,2,20,28,2,-2.6390573296152584
5663,CCGGCCATCTT,GGACTATAAAGTAG,2,30,31,4,-2.0476928433652555
5664,CCGGCCATCTT,GGACTATAAAGTAG,2,40,21,1,-3.044522437723423
5665,CCGGCCATCTT,GGACTATAAAGTAG,2,50,39,14,-1.024504316514388
5666,CCGGCCATCTT,GGACTATAAAGTAG,2,60,12,4,-1.0986122886681098
5667,CCGGCCATCTT,GGACTATAAAGTAG,3,0,35,3,-2.456735772821304
5668,CCGGCCATCTT,GGACTATAAAGTAG,3,2,28,2,-2.6390573296152584
5669,CCGGCCATCTT,GGACTATAAAGTAG,3,5,27,3,-2.1972245773362196
5670,CCGGCCATCTT,GGACTATAAAGTAG,3,10,37,3,-2.512305623976115
5671,CCGGCCATCTT,GGACTATAAAGTAG,3,15,42,4,-2.3513752571634776
5672,CCGGCCATCTT,GGACTATAAAGTAG,3,20,18,5,-1.2809338454620642
5673,CCGGCCATCTT,GGACTATAAAGTAG,3,30,26,9,-1.0608719606852626
5674,CCGGCCATCTT,GGACTATAAAGTAG,3,40,15,2,-2.0149030205422647
5675,CCGGCCATCTT,GGACTATAAAGTAG,3,50,29,3,-2.268683541318364
5676,CCGGCCATCTT,GGACTATAAAGTAG,3,60,23,3,-2.03688192726104
5677,CCGGCCATCTT,GGACTATAAAGTAG,4,0,26,1,-3.2580965380214817
5678,CCGGCCATCTT,GGACTATAAAGTAG,4,2,24,1,-3.1780538303479458
5679,CCGGCCATCTT,GGACTATAAAGTAG,4,10,43,4,-2.3749057545736716
5680,CCGGCCATCTT,GGACTATAAAGTAG,4,15,32,3,-2.367123614131617
5681,CCGGCCATCTT,GGACTATAAAGTAG,4,30,19,3,-1.8458266904983307
5682,CCGGCCATCTT,GGACTATAAAGTAG,4,40,36,5,-1.9740810260220094
5683,CCGGCCATCTT,GGACTATAAAGTAG,4,50,46,8,-1.749199854809259
5684,CCGGCCATCTT,GGACTATAAAGTAG,4,60,27,2,-2.6026896854443837
5685,CCGGCGACCTA,TTACCTGGAAATGC,2,60,1,23,3.1354942159291497
5686,CCGGCGACCTA,TTACCTGGAAATGC,4,5,1,4,1.3862943611198906
5687,CCGGCGACCTA,TTACCTGGAAATGC,4,10,1,36,3.58351893845611
5688,CCGGCGACCTA,TTACCTGGAAATGC,4,30,1,48,3.8712010109078907
5689,CCGTATTAGCT,GGAACATAAATCGT,2,0,40,3,-2.5902671654458267
5690,CCGTATTAGCT,GGAACATAAATCGT,2,2,36,3,-2.4849066497880004
5691,CCGTATTAGCT,GGAACATAAATCGT,2,5,70,5,-2.6390573296152584
5692,CCGTATTAGCT,GGAACATAAATCGT,2,10,62,12,-1.6422277352570913
5693,CCGTATTAGCT,GGAACATAAATCGT,2,15,71,8,-2.1832383353614793
5694,CCGTATTAGCT,GGAACATAAATCGT,2,20,68,16,-1.4469189829363254
5695,CCGTATTAGCT,GGAACATAAATCGT,2,30,65,17,-1.3411739258394209
5696,CCGTATTAGCT,GGAACATAAATCGT,2,40,32,21,-0.42121346507630353
5697,CCGTATTAGCT,GGAACATAAATCGT,2,50,41,18,-0.8232003088081431
5698,CCGTATTAGCT,GGAACATAAATCGT,2,60,43,47,0.08894748601649612
5699,CCGTATTAGCT,GGAACATAAATCGT,3,0,55,1,-4.007333185232471
5700,CCGTATTAGCT,GGAACATAAATCGT,3,2,55,5,-2.3978952727983707
5701,CCGTATTAGCT,GGAACATAAATCGT,3,5,61,5,-2.501435951739211
5702,CCGTATTAGCT,GGAACATAAATCGT,3,10,45,13,-1.241713132308783
5703,CCGTATTAGCT,GGAACATAAATCGT,3,15,88,25,-1.2584609896100056
5704,CCGTATTAGCT,GGAACATAAATCGT,3,20,60,19,-1.1499055830556602
5705,CCGTATTAGCT,GGAACATAAATCGT,3,30,35,22,-0.46430560813109784
5706,CCGTATTAGCT,GGAACATAAATCGT,3,40,64,30,-0.7576857016975165
5707,CCGTATTAGCT,GGAACATAAATCGT,3,50,40,19,-0.7444404749474959
5708,CCGTATTAGCT,GGAACATAAATCGT,3,60,49,12,-1.4069136483226263
5709,CCGTATTAGCT,GGAACATAAATCGT,4,0,47,6,-2.0583881324820035
5710,CCGTATTAGCT,GGAACATAAATCGT,4,2,48,4,-2.4849066497880004
5711,CCGTATTAGCT,GGAACATAAATCGT,4,5,39,6,-1.8718021769015913
5712,CCGTATTAGCT,GGAACATAAATCGT,4,10,74,16,-1.5314763709643884
5713,CCGTATTAGCT,GGAACATAAATCGT,4,15,31,9,-1.2367626271489267
5714,CCGTATTAGCT,GGAACATAAATCGT,4,20,51,10,-1.62924053973028
5715,CCGTATTAGCT,GGAACATAAATCGT,4,30,68,21,-1.1749852674526835
5716,CCGTATTAGCT,GGAACATAAATCGT,4,40,57,10,-1.7404661748405044
5717,CCGTATTAGCT,GGAACATAAATCGT,4,50,65,15,-1.466337068793427
5718,CCGTATTAGCT,GGAACATAAATCGT,4,60,75,27,-1.0216512475319814
5719,CCGTTTCGGAT,TAGAAATTGATCCT,2,5,3,1,-1.0986122886681098
5720,CCTAATCCACT,TATCCAGCAATATA,3,10,9,16,0.5753641449035618
5721,CCTAATCCACT,TATCCAGCAATATA,3,60,1,4,1.3862943611198906
5722,CCTAATCCACT,TATCCAGCAATATA,4,2,1,2,0.6931471805599453
5723,CCTAATCCACT,TATCCAGCAATATA,4,5,1,1,0.0
5724,CCTAATCCACT,TATCCAGCAATATA,4,30,3,9,1.0986122886681096
5725,CCTAGTAACAC,GACCAAGAGATTCT,2,2,1,3,1.0986122886681096
5726,CCTATTAAATT,GGGATACCTGTACT,2,2,5,1,-1.6094379124341003
5727,CCTATTAAATT,GGGATACCTGTACT,2,10,5,1,-1.6094379124341003
5728,CCTATTAAATT,GGGATACCTGTACT,2,60,5,1,-1.6094379124341003
5729,CCTATTAAATT,GGGATACCTGTACT,3,0,7,3,-0.8472978603872037
5730,CCTATTAAATT,GGGATACCTGTACT,3,2,4,1,-1.3862943611198906
5731,CCTATTAAATT,GGGATACCTGTACT,3,15,11,1,-2.3978952727983707
5732,CCTATTAAATT,GGGATACCTGTACT,3,20,5,2,-0.916290731874155
5733,CCTATTAAATT,GGGATACCTGTACT,3,30,1,2,0.6931471805599453
5734,CCTATTAAATT,GGGATACCTGTACT,3,40,2,2,0.0
5735,CCTATTAAATT,GGGATACCTGTACT,3,60,6,1,-1.791759469228055
5736,CCTATTAAATT,GGGATACCTGTACT,4,2,2,3,0.4054651081081644
5737,CCTATTAAATT,GGGATACCTGTACT,4,40,7,1,-1.9459101490553132
5738,CCTATTAAATT,GGGATACCTGTACT,4,60,1,1,0.0
5739,CCTCCCAGTTT,CTCTGTCTGACTAG,2,20,9,2,-1.5040773967762742
5740,CCTCCCAGTTT,CTCTGTCTGACTAG,3,10,2,1,-0.6931471805599453
5741,CCTCCCAGTTT,CTCTGTCTGACTAG,3,30,8,2,-1.3862943611198906
5742,CCTCCCAGTTT,CTCTGTCTGACTAG,4,40,5,2,-0.916290731874155
5743,CCTCCCCGGAA,TAAAACATACCGGC,2,30,1,15,2.70805020110221
5744,CCTCGCAACCT,TATAATCCCCTCGC,2,0,88,8,-2.3978952727983707
5745,CCTCGCAACCT,TATAATCCCCTCGC,2,2,61,3,-3.0122615755052013
5746,CCTCGCAACCT,TATAATCCCCTCGC,2,5,84,8,-2.3513752571634776
5747,CCTCGCAACCT,TATAATCCCCTCGC,2,10,46,7,-1.8827312474337816
5748,CCTCGCAACCT,TATAATCCCCTCGC,2,15,75,13,-1.7525387560747736
5749,CCTCGCAACCT,TATAATCCCCTCGC,2,20,83,18,-1.528468849900433
5750,CCTCGCAACCT,TATAATCCCCTCGC,2,30,70,13,-1.6835458845878222
5751,CCTCGCAACCT,TATAATCCCCTCGC,2,40,49,20,-0.8960880245566356
5752,CCTCGCAACCT,TATAATCCCCTCGC,2,50,71,22,-1.1716374236829996
5753,CCTCGCAACCT,TATAATCCCCTCGC,2,60,75,28,-0.9852836033611064
5754,CCTCGCAACCT,TATAATCCCCTCGC,3,0,55,6,-2.2155737160044158
5755,CCTCGCAACCT,TATAATCCCCTCGC,3,2,61,7,-2.164963715117998
5756,CCTCGCAACCT,TATAATCCCCTCGC,3,5,59,7,-2.1316272948504063
5757,CCTCGCAACCT,TATAATCCCCTCGC,3,10,71,6,-2.4709204078132605
5758,CCTCGCAACCT,TATAATCCCCTCGC,3,15,84,5,-2.8213788864092133
5759,CCTCGCAACCT,TATAATCCCCTCGC,3,20,97,14,-1.9356536488881242
5760,CCTCGCAACCT,TATAATCCCCTCGC,3,30,69,13,-1.6691571471357225
5761,CCTCGCAACCT,TATAATCCCCTCGC,3,40,81,11,-1.9965538818740682
5762,CCTCGCAACCT,TATAATCCCCTCGC,3,50,55,15,-1.2992829841302609
5763,CCTCGCAACCT,TATAATCCCCTCGC,3,60,59,10,-1.7749523509116738
5764,CCTCGCAACCT,TATAATCCCCTCGC,4,0,71,2,-3.56953269648137
5765,CCTCGCAACCT,TATAATCCCCTCGC,4,2,92,8,-2.4423470353692043
5766,CCTCGCAACCT,TATAATCCCCTCGC,4,5,36,4,-2.1972245773362196
5767,CCTCGCAACCT,TATAATCCCCTCGC,4,10,64,7,-2.2129729343043585
5768,CCTCGCAACCT,TATAATCCCCTCGC,4,15,36,8,-1.5040773967762742
5769,CCTCGCAACCT,TATAATCCCCTCGC,4,20,64,11,-1.7609878105613013
5770,CCTCGCAACCT,TATAATCCCCTCGC,4,30,69,13,-1.6691571471357225
5771,CCTCGCAACCT,TATAATCCCCTCGC,4,40,73,30,-0.8892620594862358
5772,CCTCGCAACCT,TATAATCCCCTCGC,4,50,99,31,-1.1611326456494435
5773,CCTCGCAACCT,TATAATCCCCTCGC,4,60,78,25,-1.137833001821391
5774,CCTCTTACAGT,GGAGGTTTGCCCTA,3,50,1,4,1.3862943611198906
5775,CCTGCACCCCC,TTGTCTCCTACCGC,2,0,12,1,-2.4849066497880004
5776,CCTGCACCCCC,TTGTCTCCTACCGC,2,5,9,1,-2.1972245773362196
5777,CCTGCACCCCC,TTGTCTCCTACCGC,2,15,1,1,0.0
5778,CCTGCACCCCC,TTGTCTCCTACCGC,2,20,11,1,-2.3978952727983707
5779,CCTGCACCCCC,TTGTCTCCTACCGC,2,30,6,1,-1.791759469228055
5780,CCTGCACCCCC,TTGTCTCCTACCGC,2,40,13,4,-1.178654996341646
5781,CCTGCACCCCC,TTGTCTCCTACCGC,2,50,3,1,-1.0986122886681098
5782,CCTGCACCCCC,TTGTCTCCTACCGC,2,60,5,1,-1.6094379124341003
5783,CCTGCACCCCC,TTGTCTCCTACCGC,3,0,5,1,-1.6094379124341003
5784,CCTGCACCCCC,TTGTCTCCTACCGC,3,2,8,2,-1.3862943611198906
5785,CCTGCACCCCC,TTGTCTCCTACCGC,3,10,2,1,-0.6931471805599453
5786,CCTGCACCCCC,TTGTCTCCTACCGC,3,15,10,4,-0.916290731874155
5787,CCTGCACCCCC,TTGTCTCCTACCGC,3,20,21,2,-2.3513752571634776
5788,CCTGCACCCCC,TTGTCTCCTACCGC,3,40,7,1,-1.9459101490553132
5789,CCTGCACCCCC,TTGTCTCCTACCGC,3,50,5,1,-1.6094379124341003
5790,CCTGCACCCCC,TTGTCTCCTACCGC,3,60,13,1,-2.5649493574615367
5791,CCTGCACCCCC,TTGTCTCCTACCGC,4,5,5,1,-1.6094379124341003
5792,CCTGCACCCCC,TTGTCTCCTACCGC,4,10,23,5,-1.5260563034950494
5793,CCTGCACCCCC,TTGTCTCCTACCGC,4,30,10,3,-1.203972804325936
5794,CCTGCACCCCC,TTGTCTCCTACCGC,4,40,14,4,-1.252762968495368
5795,CCTGCACCCCC,TTGTCTCCTACCGC,4,50,3,1,-1.0986122886681098
5796,CCTGCACCCCC,TTGTCTCCTACCGC,4,60,4,3,-0.2876820724517809
5797,CCTGCCATGTT,GTAGTTCTATATAT,2,0,63,6,-2.3513752571634776
5798,CCTGCCATGTT,GTAGTTCTATATAT,2,2,25,4,-1.83258146374831
5799,CCTGCCATGTT,GTAGTTCTATATAT,2,5,16,1,-2.772588722239781
5800,CCTGCCATGTT,GTAGTTCTATATAT,2,10,31,1,-3.4339872044851463
5801,CCTGCCATGTT,GTAGTTCTATATAT,2,15,57,12,-1.55814461804655
5802,CCTGCCATGTT,GTAGTTCTATATAT,2,20,53,16,-1.1977031913123406
5803,CCTGCCATGTT,GTAGTTCTATATAT,2,30,26,5,-1.6486586255873816
5804,CCTGCCATGTT,GTAGTTCTATATAT,2,40,47,11,-1.452252328911688
5805,CCTGCCATGTT,GTAGTTCTATATAT,2,50,35,4,-2.169053700369523
5806,CCTGCCATGTT,GTAGTTCTATATAT,2,60,49,11,-1.493925025312256
5807,CCTGCCATGTT,GTAGTTCTATATAT,3,0,12,4,-1.0986122886681098
5808,CCTGCCATGTT,GTAGTTCTATATAT,3,2,41,3,-2.614959778036198
5809,CCTGCCATGTT,GTAGTTCTATATAT,3,5,29,3,-2.268683541318364
5810,CCTGCCATGTT,GTAGTTCTATATAT,3,10,35,3,-2.456735772821304
5811,CCTGCCATGTT,GTAGTTCTATATAT,3,15,24,8,-1.0986122886681098
5812,CCTGCCATGTT,GTAGTTCTATATAT,3,20,32,4,-2.0794415416798357
5813,CCTGCCATGTT,GTAGTTCTATATAT,3,30,22,3,-1.992430164690206
5814,CCTGCCATGTT,GTAGTTCTATATAT,3,40,58,6,-2.268683541318364
5815,CCTGCCATGTT,GTAGTTCTATATAT,3,50,73,16,-1.5178707189086098
5816,CCTGCCATGTT,GTAGTTCTATATAT,3,60,44,4,-2.3978952727983707
5817,CCTGCCATGTT,GTAGTTCTATATAT,4,0,29,1,-3.3672958299864737
5818,CCTGCCATGTT,GTAGTTCTATATAT,4,2,43,4,-2.3749057545736716
5819,CCTGCCATGTT,GTAGTTCTATATAT,4,5,25,3,-2.120263536200091
5820,CCTGCCATGTT,GTAGTTCTATATAT,4,10,25,2,-2.525728644308255
5821,CCTGCCATGTT,GTAGTTCTATATAT,4,15,21,2,-2.3513752571634776
5822,CCTGCCATGTT,GTAGTTCTATATAT,4,20,26,2,-2.5649493574615367
5823,CCTGCCATGTT,GTAGTTCTATATAT,4,30,45,6,-2.0149030205422647
5824,CCTGCCATGTT,GTAGTTCTATATAT,4,40,60,20,-1.0986122886681098
5825,CCTGCCATGTT,GTAGTTCTATATAT,4,50,46,11,-1.4307461236907244
5826,CCTGCCATGTT,GTAGTTCTATATAT,4,60,55,5,-2.3978952727983707
5827,CCTGTATACGT,TTACCTATATAGCG,3,40,1,1,0.0
5828,CCTGTCCGTGG,ATCTTACCTTAAAT,2,0,72,6,-2.4849066497880004
5829,CCTGTCCGTGG,ATCTTACCTTAAAT,2,2,94,10,-2.240709689275958
5830,CCTGTCCGTGG,ATCTTACCTTAAAT,2,5,95,13,-1.988927534139004
5831,CCTGTCCGTGG,ATCTTACCTTAAAT,2,10,83,8,-2.339399066116762
5832,CCTGTCCGTGG,ATCTTACCTTAAAT,2,15,152,15,-2.3158303197440664
5833,CCTGTCCGTGG,ATCTTACCTTAAAT,2,20,114,8,-2.6567569067146595
5834,CCTGTCCGTGG,ATCTTACCTTAAAT,2,30,103,7,-2.6888188391743224
5835,CCTGTCCGTGG,ATCTTACCTTAAAT,2,40,67,9,-2.0074680420547466
5836,CCTGTCCGTGG,ATCTTACCTTAAAT,2,50,86,19,-1.5099083170870673
5837,CCTGTCCGTGG,ATCTTACCTTAAAT,2,60,100,20,-1.6094379124341003
5838,CCTGTCCGTGG,ATCTTACCTTAAAT,3,0,98,11,-2.187072205872201
5839,CCTGTCCGTGG,ATCTTACCTTAAAT,3,2,65,6,-2.382627800667582
5840,CCTGTCCGTGG,ATCTTACCTTAAAT,3,5,55,3,-2.908720896564361
5841,CCTGTCCGTGG,ATCTTACCTTAAAT,3,10,67,8,-2.12525107771113
5842,CCTGTCCGTGG,ATCTTACCTTAAAT,3,15,135,12,-2.420368128650429
5843,CCTGTCCGTGG,ATCTTACCTTAAAT,3,20,97,13,-2.009761621041846
5844,CCTGTCCGTGG,ATCTTACCTTAAAT,3,30,71,7,-2.316769727986002
5845,CCTGTCCGTGG,ATCTTACCTTAAAT,3,40,58,12,-1.575536360758419
5846,CCTGTCCGTGG,ATCTTACCTTAAAT,3,50,63,7,-2.1972245773362196
5847,CCTGTCCGTGG,ATCTTACCTTAAAT,3,60,77,14,-1.7047480922384253
5848,CCTGTCCGTGG,ATCTTACCTTAAAT,4,0,64,5,-2.5494451709255714
5849,CCTGTCCGTGG,ATCTTACCTTAAAT,4,2,74,8,-2.2246235515243336
5850,CCTGTCCGTGG,ATCTTACCTTAAAT,4,5,48,1,-3.8712010109078907
5851,CCTGTCCGTGG,ATCTTACCTTAAAT,4,10,139,13,-2.3695245756691548
5852,CCTGTCCGTGG,ATCTTACCTTAAAT,4,15,93,8,-2.45315795147342
5853,CCTGTCCGTGG,ATCTTACCTTAAAT,4,20,93,8,-2.45315795147342
5854,CCTGTCCGTGG,ATCTTACCTTAAAT,4,30,63,18,-1.252762968495368
5855,CCTGTCCGTGG,ATCTTACCTTAAAT,4,40,109,13,-2.1263985247676067
5856,CCTGTCCGTGG,ATCTTACCTTAAAT,4,50,85,11,-2.0447559836919456
5857,CCTGTCCGTGG,ATCTTACCTTAAAT,4,60,84,20,-1.4350845252893227
5858,CCTTCATCAAA,GTACGCGACAGTCC,3,60,1,22,3.0910424533583156
5859,CCTTCATCAAA,GTACGCGACAGTCC,4,2,1,19,2.9444389791664403
5860,CCTTCATCAAA,GTACGCGACAGTCC,4,20,1,28,3.332204510175204
5861,CCTTCATCAAA,GTACGCGACAGTCC,4,40,3,31,2.3353749158170367
5862,CCTTCCATTAC,CCACCAGATAAGTT,2,0,74,4,-2.917770732084279
5863,CCTTCCATTAC,CCACCAGATAAGTT,2,2,109,6,-2.8995884130010885
5864,CCTTCCATTAC,CCACCAGATAAGTT,2,5,36,1,-3.58351893845611
5865,CCTTCCATTAC,CCACCAGATAAGTT,2,10,70,8,-2.169053700369523
5866,CCTTCCATTAC,CCACCAGATAAGTT,2,15,71,8,-2.1832383353614793
5867,CCTTCCATTAC,CCACCAGATAAGTT,2,20,73,16,-1.5178707189086098
5868,CCTTCCATTAC,CCACCAGATAAGTT,2,30,70,9,-2.05127066471314
5869,CCTTCCATTAC,CCACCAGATAAGTT,2,40,68,24,-1.041453874828161
5870,CCTTCCATTAC,CCACCAGATAAGTT,2,50,85,20,-1.4469189829363254
5871,CCTTCCATTAC,CCACCAGATAAGTT,2,60,49,20,-0.8960880245566356
5872,CCTTCCATTAC,CCACCAGATAAGTT,3,0,66,9,-1.992430164690206
5873,CCTTCCATTAC,CCACCAGATAAGTT,3,2,38,2,-2.9444389791664403
5874,CCTTCCATTAC,CCACCAGATAAGTT,3,5,58,5,-2.451005098112319
5875,CCTTCCATTAC,CCACCAGATAAGTT,3,10,58,6,-2.268683541318364
5876,CCTTCCATTAC,CCACCAGATAAGTT,3,15,74,17,-1.4708517491479536
5877,CCTTCCATTAC,CCACCAGATAAGTT,3,20,64,7,-2.2129729343043585
5878,CCTTCCATTAC,CCACCAGATAAGTT,3,30,75,10,-2.0149030205422647
5879,CCTTCCATTAC,CCACCAGATAAGTT,3,40,77,10,-2.0412203288596382
5880,CCTTCCATTAC,CCACCAGATAAGTT,3,50,54,11,-1.5910887737659039
5881,CCTTCCATTAC,CCACCAGATAAGTT,3,60,51,7,-1.9859154836690123
5882,CCTTCCATTAC,CCACCAGATAAGTT,4,0,58,2,-3.3672958299864737
5883,CCTTCCATTAC,CCACCAGATAAGTT,4,2,56,4,-2.6390573296152584
5884,CCTTCCATTAC,CCACCAGATAAGTT,4,5,69,1,-4.234106504597259
5885,CCTTCCATTAC,CCACCAGATAAGTT,4,10,78,16,-1.5841201044498106
5886,CCTTCCATTAC,CCACCAGATAAGTT,4,15,120,6,-2.995732273553991
5887,CCTTCCATTAC,CCACCAGATAAGTT,4,20,52,1,-3.951243718581427
5888,CCTTCCATTAC,CCACCAGATAAGTT,4,30,60,17,-1.2611312181658847
5889,CCTTCCATTAC,CCACCAGATAAGTT,4,40,83,21,-1.374318170073175
5890,CCTTCCATTAC,CCACCAGATAAGTT,4,50,81,13,-1.829499797210902
5891,CCTTCCATTAC,CCACCAGATAAGTT,4,60,53,10,-1.667706820558076
5892,CCTTGCTGCCT,TGACTACGACGCGT,2,0,27,2,-2.6026896854443837
5893,CCTTGCTGCCT,TGACTACGACGCGT,2,2,39,1,-3.6635616461296463
5894,CCTTGCTGCCT,TGACTACGACGCGT,2,10,46,4,-2.4423470353692043
5895,CCTTGCTGCCT,TGACTACGACGCGT,2,15,20,4,-1.6094379124341003
5896,CCTTGCTGCCT,TGACTACGACGCGT,2,20,31,4,-2.0476928433652555
5897,CCTTGCTGCCT,TGACTACGACGCGT,2,30,32,8,-1.3862943611198906
5898,CCTTGCTGCCT,TGACTACGACGCGT,2,40,31,6,-1.6422277352570913
5899,CCTTGCTGCCT,TGACTACGACGCGT,2,50,47,11,-1.452252328911688
5900,CCTTGCTGCCT,TGACTACGACGCGT,2,60,52,4,-2.5649493574615367
5901,CCTTGCTGCCT,TGACTACGACGCGT,3,0,48,2,-3.1780538303479458
5902,CCTTGCTGCCT,TGACTACGACGCGT,3,2,24,5,-1.5686159179138452
5903,CCTTGCTGCCT,TGACTACGACGCGT,3,5,40,1,-3.6888794541139363
5904,CCTTGCTGCCT,TGACTACGACGCGT,3,10,40,3,-2.5902671654458267
5905,CCTTGCTGCCT,TGACTACGACGCGT,3,15,33,7,-1.5505974124111668
5906,CCTTGCTGCCT,TGACTACGACGCGT,3,20,48,12,-1.3862943611198906
5907,CCTTGCTGCCT,TGACTACGACGCGT,3,30,32,2,-2.772588722239781
5908,CCTTGCTGCCT,TGACTACGACGCGT,3,40,69,20,-1.2383742310432684
5909,CCTTGCTGCCT,TGACTACGACGCGT,3,50,50,12,-1.4271163556401458
5910,CCTTGCTGCCT,TGACTACGACGCGT,3,60,44,14,-1.1451323043030026
5911,CCTTGCTGCCT,TGACTACGACGCGT,4,0,22,1,-3.0910424533583156
5912,CCTTGCTGCCT,TGACTACGACGCGT,4,2,15,1,-2.70805020110221
5913,CCTTGCTGCCT,TGACTACGACGCGT,4,5,33,2,-2.803360380906535
5914,CCTTGCTGCCT,TGACTACGACGCGT,4,10,22,2,-2.3978952727983707
5915,CCTTGCTGCCT,TGACTACGACGCGT,4,15,30,3,-2.3025850929940455
5916,CCTTGCTGCCT,TGACTACGACGCGT,4,20,19,2,-2.2512917986064953
5917,CCTTGCTGCCT,TGACTACGACGCGT,4,30,19,2,-2.2512917986064953
5918,CCTTGCTGCCT,TGACTACGACGCGT,4,40,28,4,-1.9459101490553132
5919,CCTTGCTGCCT,TGACTACGACGCGT,4,50,31,17,-0.6007738604289302
5920,CCTTGCTGCCT,TGACTACGACGCGT,4,60,36,11,-1.1856236656577392
5921,CCTTTCTTTAC,TGAACAATGCTAAA,2,0,188,8,-3.157000421150113
5922,CCTTTCTTTAC,TGAACAATGCTAAA,2,2,154,12,-2.5520459526256287
5923,CCTTTCTTTAC,TGAACAATGCTAAA,2,5,194,14,-2.6288008294480694
5924,CCTTTCTTTAC,TGAACAATGCTAAA,2,10,204,31,-1.8841327893590702
5925,CCTTTCTTTAC,TGAACAATGCTAAA,2,15,193,29,-1.8953943589184115
5926,CCTTTCTTTAC,TGAACAATGCTAAA,2,20,162,49,-1.1957760371217574
5927,CCTTTCTTTAC,TGAACAATGCTAAA,2,30,276,84,-1.1895840668738362
5928,CCTTTCTTTAC,TGAACAATGCTAAA,2,40,262,101,-0.9532239869198375
5929,CCTTTCTTTAC,TGAACAATGCTAAA,2,50,173,35,-1.5979435330083651
5930,CCTTTCTTTAC,TGAACAATGCTAAA,2,60,184,94,-0.6716409753389816
5931,CCTTTCTTTAC,TGAACAATGCTAAA,3,0,158,15,-2.3545448319247564
5932,CCTTTCTTTAC,TGAACAATGCTAAA,3,2,126,11,-2.4383866341531073
5933,CCTTTCTTTAC,TGAACAATGCTAAA,3,5,176,13,-2.605534637576615
5934,CCTTTCTTTAC,TGAACAATGCTAAA,3,10,170,25,-1.9169226121820608
5935,CCTTTCTTTAC,TGAACAATGCTAAA,3,15,243,34,-1.966700918724387
5936,CCTTTCTTTAC,TGAACAATGCTAAA,3,20,231,57,-1.3993664426872434
5937,CCTTTCTTTAC,TGAACAATGCTAAA,3,30,141,42,-1.2110902720948
5938,CCTTTCTTTAC,TGAACAATGCTAAA,3,40,173,59,-1.0757541505920596
5939,CCTTTCTTTAC,TGAACAATGCTAAA,3,50,142,31,-1.5218398531161146
5940,CCTTTCTTTAC,TGAACAATGCTAAA,3,60,171,45,-1.3350010667323402
5941,CCTTTCTTTAC,TGAACAATGCTAAA,4,0,158,11,-2.6646997602285962
5942,CCTTTCTTTAC,TGAACAATGCTAAA,4,2,212,18,-2.466214516775848
5943,CCTTTCTTTAC,TGAACAATGCTAAA,4,5,171,6,-3.349904087274605
5944,CCTTTCTTTAC,TGAACAATGCTAAA,4,10,203,25,-2.0943301541735866
5945,CCTTTCTTTAC,TGAACAATGCTAAA,4,15,160,32,-1.6094379124341003
5946,CCTTTCTTTAC,TGAACAATGCTAAA,4,20,155,32,-1.57768921411952
5947,CCTTTCTTTAC,TGAACAATGCTAAA,4,30,189,43,-1.48054689936608
5948,CCTTTCTTTAC,TGAACAATGCTAAA,4,40,230,62,-1.3109449238781037
5949,CCTTTCTTTAC,TGAACAATGCTAAA,4,50,152,57,-0.9808292530117262
5950,CCTTTCTTTAC,TGAACAATGCTAAA,4,60,146,62,-0.8564722366632449
5951,CGAAGTAATGT,ATTCTAGATCAACT,2,0,111,14,-2.0704728716970755
5952,CGAAGTAATGT,ATTCTAGATCAACT,2,2,123,14,-2.1731270257571587
5953,CGAAGTAATGT,ATTCTAGATCAACT,2,5,96,7,-2.6184380424125226
5954,CGAAGTAATGT,ATTCTAGATCAACT,2,10,129,10,-2.5572273113676265
5955,CGAAGTAATGT,ATTCTAGATCAACT,2,15,117,12,-2.277267285009756
5956,CGAAGTAATGT,ATTCTAGATCAACT,2,20,180,12,-2.70805020110221
5957,CGAAGTAATGT,ATTCTAGATCAACT,2,30,160,10,-2.772588722239781
5958,CGAAGTAATGT,ATTCTAGATCAACT,2,40,95,7,-2.6079667425452273
5959,CGAAGTAATGT,ATTCTAGATCAACT,2,50,123,14,-2.1731270257571587
5960,CGAAGTAATGT,ATTCTAGATCAACT,2,60,128,8,-2.772588722239781
5961,CGAAGTAATGT,ATTCTAGATCAACT,3,0,118,10,-2.468099531471619
5962,CGAAGTAATGT,ATTCTAGATCAACT,3,2,94,13,-1.978345424808467
5963,CGAAGTAATGT,ATTCTAGATCAACT,3,5,91,10,-2.2082744135228043
5964,CGAAGTAATGT,ATTCTAGATCAACT,3,10,102,7,-2.6790626642289577
5965,CGAAGTAATGT,ATTCTAGATCAACT,3,15,119,13,-2.2141741356499924
5966,CGAAGTAATGT,ATTCTAGATCAACT,3,20,116,12,-2.268683541318364
5967,CGAAGTAATGT,ATTCTAGATCAACT,3,30,120,20,-1.791759469228055
5968,CGAAGTAATGT,ATTCTAGATCAACT,3,40,124,17,-1.987068221548821
5969,CGAAGTAATGT,ATTCTAGATCAACT,3,50,96,13,-1.9993988340062996
5970,CGAAGTAATGT,ATTCTAGATCAACT,3,60,146,20,-1.9878743481543455
5971,CGAAGTAATGT,ATTCTAGATCAACT,4,0,100,7,-2.659260036932778
5972,CGAAGTAATGT,ATTCTAGATCAACT,4,2,88,10,-2.174751721484161
5973,CGAAGTAATGT,ATTCTAGATCAACT,4,5,81,10,-2.0918640616783932
5974,CGAAGTAATGT,ATTCTAGATCAACT,4,10,131,8,-2.7957557815213154
5975,CGAAGTAATGT,ATTCTAGATCAACT,4,15,131,9,-2.677972745864932
5976,CGAAGTAATGT,ATTCTAGATCAACT,4,20,101,7,-2.669210367785946
5977,CGAAGTAATGT,ATTCTAGATCAACT,4,30,138,8,-2.847812143477369
5978,CGAAGTAATGT,ATTCTAGATCAACT,4,40,141,17,-2.1155465463219523
5979,CGAAGTAATGT,ATTCTAGATCAACT,4,50,157,21,-2.011723367624885
5980,CGAAGTAATGT,ATTCTAGATCAACT,4,60,136,8,-2.833213344056216
5981,CGACCAGCCAT,CAGTCCTTTTTATC,2,20,12,1,-2.4849066497880004
5982,CGACCAGCCAT,CAGTCCTTTTTATC,4,50,16,1,-2.772588722239781
5983,CGACTCGGAGT,GGAGGGGAATACTT,2,2,10,1,-2.3025850929940455
5984,CGACTCGGAGT,GGAGGGGAATACTT,2,5,3,1,-1.0986122886681098
5985,CGACTCGGAGT,GGAGGGGAATACTT,2,10,11,1,-2.3978952727983707
5986,CGACTCGGAGT,GGAGGGGAATACTT,2,15,4,1,-1.3862943611198906
5987,CGACTCGGAGT,GGAGGGGAATACTT,2,20,19,6,-1.1526795099383855
5988,CGACTCGGAGT,GGAGGGGAATACTT,2,30,9,8,-0.11778303565638351
5989,CGACTCGGAGT,GGAGGGGAATACTT,2,40,13,1,-2.5649493574615367
5990,CGACTCGGAGT,GGAGGGGAATACTT,2,50,18,6,-1.0986122886681098
5991,CGACTCGGAGT,GGAGGGGAATACTT,2,60,8,5,-0.4700036292457356
5992,CGACTCGGAGT,GGAGGGGAATACTT,3,5,15,1,-2.70805020110221
5993,CGACTCGGAGT,GGAGGGGAATACTT,3,10,27,5,-1.6863989535702286
5994,CGACTCGGAGT,GGAGGGGAATACTT,3,15,11,3,-1.2992829841302609
5995,CGACTCGGAGT,GGAGGGGAATACTT,3,20,8,6,-0.2876820724517809
5996,CGACTCGGAGT,GGAGGGGAATACTT,3,30,5,4,-0.2231435513142097
5997,CGACTCGGAGT,GGAGGGGAATACTT,3,40,5,9,0.5877866649021191
5998,CGACTCGGAGT,GGAGGGGAATACTT,3,50,11,1,-2.3978952727983707
5999,CGACTCGGAGT,GGAGGGGAATACTT,3,60,17,5,-1.2237754316221157
6000,CGACTCGGAGT,GGAGGGGAATACTT,4,0,15,3,-1.6094379124341003
6001,CGACTCGGAGT,GGAGGGGAATACTT,4,2,13,3,-1.466337068793427
6002,CGACTCGGAGT,GGAGGGGAATACTT,4,10,24,5,-1.5686159179138452
6003,CGACTCGGAGT,GGAGGGGAATACTT,4,15,7,2,-1.252762968495368
6004,CGACTCGGAGT,GGAGGGGAATACTT,4,20,13,6,-0.7731898882334817
6005,CGACTCGGAGT,GGAGGGGAATACTT,4,30,10,8,-0.2231435513142097
6006,CGACTCGGAGT,GGAGGGGAATACTT,4,40,38,13,-1.072636802264849
6007,CGACTCGGAGT,GGAGGGGAATACTT,4,50,5,6,0.1823215567939546
6008,CGACTCGGAGT,GGAGGGGAATACTT,4,60,12,2,-1.791759469228055
6009,CGACTTTGTAG,TTGCCTGCTACATA,2,0,95,6,-2.762117422372486
6010,CGACTTTGTAG,TTGCCTGCTACATA,2,2,123,10,-2.5095992623783716
6011,CGACTTTGTAG,TTGCCTGCTACATA,2,5,77,6,-2.5520459526256287
6012,CGACTTTGTAG,TTGCCTGCTACATA,2,10,136,19,-1.9682159065696114
6013,CGACTTTGTAG,TTGCCTGCTACATA,2,15,131,20,-1.8794650496471605
6014,CGACTTTGTAG,TTGCCTGCTACATA,2,20,119,16,-2.006534770871748
6015,CGACTTTGTAG,TTGCCTGCTACATA,2,30,128,41,-1.1384581972153094
6016,CGACTTTGTAG,TTGCCTGCTACATA,2,40,161,66,-0.8917496229580375
6017,CGACTTTGTAG,TTGCCTGCTACATA,2,50,153,60,-0.9360933591703348
6018,CGACTTTGTAG,TTGCCTGCTACATA,2,60,107,51,-0.7410032017375804
6019,CGACTTTGTAG,TTGCCTGCTACATA,3,0,134,11,-2.499944527152541
6020,CGACTTTGTAG,TTGCCTGCTACATA,3,2,94,11,-2.145399509471633
6021,CGACTTTGTAG,TTGCCTGCTACATA,3,5,121,12,-2.3108838958087405
6022,CGACTTTGTAG,TTGCCTGCTACATA,3,10,104,13,-2.0794415416798357
6023,CGACTTTGTAG,TTGCCTGCTACATA,3,15,119,10,-2.4765384001174837
6024,CGACTTTGTAG,TTGCCTGCTACATA,3,20,127,28,-1.5119825762833874
6025,CGACTTTGTAG,TTGCCTGCTACATA,3,30,101,21,-1.5705980791178364
6026,CGACTTTGTAG,TTGCCTGCTACATA,3,40,113,32,-1.261651915912614
6027,CGACTTTGTAG,TTGCCTGCTACATA,3,50,123,39,-1.148622709242771
6028,CGACTTTGTAG,TTGCCTGCTACATA,3,60,131,53,-0.9049054096490297
6029,CGACTTTGTAG,TTGCCTGCTACATA,4,0,100,11,-2.2072749131897207
6030,CGACTTTGTAG,TTGCCTGCTACATA,4,2,112,16,-1.9459101490553132
6031,CGACTTTGTAG,TTGCCTGCTACATA,4,5,74,7,-2.3581549441488563
6032,CGACTTTGTAG,TTGCCTGCTACATA,4,10,151,12,-2.532373187026924
6033,CGACTTTGTAG,TTGCCTGCTACATA,4,15,141,22,-1.8577174370198524
6034,CGACTTTGTAG,TTGCCTGCTACATA,4,20,76,12,-1.8458266904983307
6035,CGACTTTGTAG,TTGCCTGCTACATA,4,30,142,40,-1.2669476034873244
6036,CGACTTTGTAG,TTGCCTGCTACATA,4,40,137,57,-0.8769296579935748
6037,CGACTTTGTAG,TTGCCTGCTACATA,4,50,173,66,-0.9636368524713534
6038,CGACTTTGTAG,TTGCCTGCTACATA,4,60,112,68,-0.4989911661189879
6039,CGAGACGTACC,GTACCGCTTACGCG,3,0,1,6,1.791759469228055
6040,CGAGACGTACC,GTACCGCTTACGCG,3,2,1,2,0.6931471805599453
6041,CGAGATGATAA,GCAAATGGTCGCGC,2,0,47,5,-2.240709689275958
6042,CGAGATGATAA,GCAAATGGTCGCGC,2,2,46,8,-1.749199854809259
6043,CGAGATGATAA,GCAAATGGTCGCGC,2,5,62,9,-1.929909807708872
6044,CGAGATGATAA,GCAAATGGTCGCGC,2,10,41,11,-1.315676793905937
6045,CGAGATGATAA,GCAAATGGTCGCGC,2,15,74,29,-0.9367692632176957
6046,CGAGATGATAA,GCAAATGGTCGCGC,2,20,66,24,-1.0116009116784799
6047,CGAGATGATAA,GCAAATGGTCGCGC,2,30,76,79,0.03871451218069043
6048,CGAGATGATAA,GCAAATGGTCGCGC,2,40,39,30,-0.262364264467491
6049,CGAGATGATAA,GCAAATGGTCGCGC,2,50,50,34,-0.3856624808119846
6050,CGAGATGATAA,GCAAATGGTCGCGC,2,60,41,32,-0.24783616390458124
6051,CGAGATGATAA,GCAAATGGTCGCGC,3,0,66,5,-2.580216829592325
6052,CGAGATGATAA,GCAAATGGTCGCGC,3,2,38,6,-1.8458266904983307
6053,CGAGATGATAA,GCAAATGGTCGCGC,3,5,47,11,-1.452252328911688
6054,CGAGATGATAA,GCAAATGGTCGCGC,3,10,58,10,-1.7578579175523736
6055,CGAGATGATAA,GCAAATGGTCGCGC,3,15,53,19,-1.0258529343856813
6056,CGAGATGATAA,GCAAATGGTCGCGC,3,20,67,26,-0.946596081369484
6057,CGAGATGATAA,GCAAATGGTCGCGC,3,30,37,20,-0.6151856390902334
6058,CGAGATGATAA,GCAAATGGTCGCGC,3,40,48,15,-1.1631508098056809
6059,CGAGATGATAA,GCAAATGGTCGCGC,3,50,44,29,-0.4168938039317872
6060,CGAGATGATAA,GCAAATGGTCGCGC,3,60,37,23,-0.4754236967150748
6061,CGAGATGATAA,GCAAATGGTCGCGC,4,0,42,6,-1.9459101490553132
6062,CGAGATGATAA,GCAAATGGTCGCGC,4,2,45,10,-1.5040773967762742
6063,CGAGATGATAA,GCAAATGGTCGCGC,4,5,39,7,-1.717651497074333
6064,CGAGATGATAA,GCAAATGGTCGCGC,4,10,47,13,-1.2851982442485217
6065,CGAGATGATAA,GCAAATGGTCGCGC,4,15,42,6,-1.9459101490553132
6066,CGAGATGATAA,GCAAATGGTCGCGC,4,20,37,12,-1.126011262856224
6067,CGAGATGATAA,GCAAATGGTCGCGC,4,30,51,28,-0.5996211225491217
6068,CGAGATGATAA,GCAAATGGTCGCGC,4,40,46,17,-0.9954280524328789
6069,CGAGATGATAA,GCAAATGGTCGCGC,4,50,55,50,-0.0953101798043249
6070,CGAGATGATAA,GCAAATGGTCGCGC,4,60,47,43,-0.08894748601649617
6071,CGAGTGCCCCT,CACCTCGCATACGG,2,60,1,6,1.791759469228055
6072,CGAGTGCCCCT,CACCTCGCATACGG,3,50,1,1,0.0
6073,CGAGTGGGTCC,TTGGAATCAGTCTC,2,2,9,1,-2.1972245773362196
6074,CGAGTGGGTCC,TTGGAATCAGTCTC,2,5,6,1,-1.791759469228055
6075,CGAGTGGGTCC,TTGGAATCAGTCTC,2,40,7,22,1.1451323043030024
6076,CGAGTGGGTCC,TTGGAATCAGTCTC,2,60,2,1,-0.6931471805599453
6077,CGAGTGGGTCC,TTGGAATCAGTCTC,3,10,1,1,0.0
6078,CGAGTGGGTCC,TTGGAATCAGTCTC,3,50,4,1,-1.3862943611198906
6079,CGAGTGGGTCC,TTGGAATCAGTCTC,3,60,5,1,-1.6094379124341003
6080,CGAGTGGGTCC,TTGGAATCAGTCTC,4,2,5,1,-1.6094379124341003
6081,CGAGTGGGTCC,TTGGAATCAGTCTC,4,15,1,2,0.6931471805599453
6082,CGAGTGGGTCC,TTGGAATCAGTCTC,4,20,5,1,-1.6094379124341003
6083,CGAGTGGGTCC,TTGGAATCAGTCTC,4,30,3,1,-1.0986122886681098
6084,CGAGTGGGTCC,TTGGAATCAGTCTC,4,40,9,6,-0.40546510810816444
6085,CGAGTGGGTCC,TTGGAATCAGTCTC,4,50,4,1,-1.3862943611198906
6086,CGAGTGGGTCC,TTGGAATCAGTCTC,4,60,9,6,-0.40546510810816444
6087,CGATACTAAAT,TAAGCAGACTTGCA,2,0,82,3,-3.3081069585961433
6088,CGATACTAAAT,TAAGCAGACTTGCA,2,2,134,4,-3.5115454388310208
6089,CGATACTAAAT,TAAGCAGACTTGCA,2,5,89,2,-3.7954891891721942
6090,CGATACTAAAT,TAAGCAGACTTGCA,2,10,103,4,-3.248434627109745
6091,CGATACTAAAT,TAAGCAGACTTGCA,2,15,123,2,-4.119037174812472
6092,CGATACTAAAT,TAAGCAGACTTGCA,2,20,132,4,-3.4965075614664802
6093,CGATACTAAAT,TAAGCAGACTTGCA,2,30,121,2,-4.102643365036796
6094,CGATACTAAAT,TAAGCAGACTTGCA,2,40,152,6,-3.2321210516182215
6095,CGATACTAAAT,TAAGCAGACTTGCA,2,50,160,5,-3.4657359027997265
6096,CGATACTAAAT,TAAGCAGACTTGCA,3,0,76,1,-4.330733340286331
6097,CGATACTAAAT,TAAGCAGACTTGCA,3,2,110,2,-4.007333185232471
6098,CGATACTAAAT,TAAGCAGACTTGCA,3,5,99,4,-3.208825489014699
6099,CGATACTAAAT,TAAGCAGACTTGCA,3,10,121,7,-2.849880396541428
6100,CGATACTAAAT,TAAGCAGACTTGCA,3,15,123,3,-3.7135720667043075
6101,CGATACTAAAT,TAAGCAGACTTGCA,3,20,120,12,-2.3025850929940455
6102,CGATACTAAAT,TAAGCAGACTTGCA,3,30,79,3,-3.2708355637989115
6103,CGATACTAAAT,TAAGCAGACTTGCA,3,40,112,6,-2.9267394020670396
6104,CGATACTAAAT,TAAGCAGACTTGCA,3,50,127,5,-3.2347491740244907
6105,CGATACTAAAT,TAAGCAGACTTGCA,3,60,78,11,-1.958813553891221
6106,CGATACTAAAT,TAAGCAGACTTGCA,4,0,81,5,-2.785011242238338
6107,CGATACTAAAT,TAAGCAGACTTGCA,4,2,109,7,-2.7454377331738304
6108,CGATACTAAAT,TAAGCAGACTTGCA,4,5,64,2,-3.4657359027997265
6109,CGATACTAAAT,TAAGCAGACTTGCA,4,10,108,7,-2.7362210780689065
6110,CGATACTAAAT,TAAGCAGACTTGCA,4,15,124,5,-3.2108436531709366
6111,CGATACTAAAT,TAAGCAGACTTGCA,4,20,121,5,-3.186352633162641
6112,CGATACTAAAT,TAAGCAGACTTGCA,4,30,99,5,-2.9856819377004893
6113,CGATACTAAAT,TAAGCAGACTTGCA,4,40,128,8,-2.772588722239781
6114,CGATACTAAAT,TAAGCAGACTTGCA,4,50,128,8,-2.772588722239781
6115,CGATACTAAAT,TAAGCAGACTTGCA,4,60,91,11,-2.1129642337184795
6116,CGATGAAACGA,TGAGGCTGACCTCC,2,10,2,75,3.624340932976365
6117,CGATGAAACGA,TGAGGCTGACCTCC,2,15,2,85,3.749504075930371
6118,CGATGAAACGA,TGAGGCTGACCTCC,2,20,1,86,4.454347296253507
6119,CGATGAAACGA,TGAGGCTGACCTCC,4,15,1,56,4.025351690735149
6120,CGCACACCTAA,TAGTATGTGGATTG,2,0,1,6,1.791759469228055
6121,CGCACACCTAA,TAGTATGTGGATTG,2,2,1,5,1.6094379124341003
6122,CGCACACCTAA,TAGTATGTGGATTG,2,10,2,5,0.916290731874155
6123,CGCACACCTAA,TAGTATGTGGATTG,2,50,1,16,2.772588722239781
6124,CGCACACCTAA,TAGTATGTGGATTG,3,40,1,20,2.995732273553991
6125,CGCACACCTAA,TAGTATGTGGATTG,3,50,1,26,3.2580965380214817
6126,CGCACACCTAA,TAGTATGTGGATTG,4,0,3,4,0.28768207245178085
6127,CGCACACCTAA,TAGTATGTGGATTG,4,30,1,18,2.8903717578961645
6128,CGCACACCTAA,TAGTATGTGGATTG,4,40,1,20,2.995732273553991
6129,CGCAGGTTTCG,TAATCTTGAACTTA,3,20,1,2,0.6931471805599453
6130,CGCAGGTTTCG,TAATCTTGAACTTA,3,50,1,2,0.6931471805599453
6131,CGCATGCTTCG,TGGGTAGGCGCCCA,2,15,1,31,3.4339872044851463
6132,CGCATGCTTCG,TGGGTAGGCGCCCA,3,5,1,30,3.4011973816621555
6133,CGCATGCTTCG,TGGGTAGGCGCCCA,4,20,1,29,3.3672958299864737
6134,CGCATGCTTCG,TGGGTAGGCGCCCA,4,50,1,82,4.406719247264253
6135,CGCCGAAAACC,AACCTAGTTCGACT,2,20,1,43,3.7612001156935624
6136,CGCCGAAAACC,AACCTAGTTCGACT,3,40,1,133,4.890349128221754
6137,CGCCGAAAACC,AACCTAGTTCGACT,3,50,1,106,4.663439094112067
6138,CGCCGAAAACC,AACCTAGTTCGACT,3,60,1,114,4.736198448394496
6139,CGCCGAAAACC,AACCTAGTTCGACT,4,2,1,10,2.3025850929940455
6140,CGCCGAAAACC,AACCTAGTTCGACT,4,15,2,37,2.917770732084279
6141,CGCCGAAAACC,AACCTAGTTCGACT,4,60,1,113,4.727387818712341
6142,CGCCGCTTGTT,TGCTTAAATCAAAT,2,2,1,1,0.0
6143,CGCCGCTTGTT,TGCTTAAATCAAAT,2,40,16,1,-2.772588722239781
6144,CGCCGCTTGTT,TGCTTAAATCAAAT,3,0,5,2,-0.916290731874155
6145,CGCCGCTTGTT,TGCTTAAATCAAAT,3,20,2,2,0.0
6146,CGCCGCTTGTT,TGCTTAAATCAAAT,4,2,1,1,0.0
6147,CGCCGCTTGTT,TGCTTAAATCAAAT,4,5,4,1,-1.3862943611198906
6148,CGGAAATCTCA,AACATATATGAATG,2,10,19,2,-2.2512917986064953
6149,CGGAAATCTCA,AACATATATGAATG,2,15,5,2,-0.916290731874155
6150,CGGAAATCTCA,AACATATATGAATG,2,20,4,1,-1.3862943611198906
6151,CGGAAATCTCA,AACATATATGAATG,3,20,1,1,0.0
6152,CGGAAATCTCA,AACATATATGAATG,3,60,5,2,-0.916290731874155
6153,CGGAAATCTCA,AACATATATGAATG,4,40,6,1,-1.791759469228055
6154,CGGAAATCTCA,AACATATATGAATG,4,50,5,1,-1.6094379124341003
6155,CGGATGTGGGC,TGAACAGATGACGT,2,30,1,2,0.6931471805599453
6156,CGGCAGCGTCG,AGGGAATCACACGT,2,15,1,5,1.6094379124341003
6157,CGGCATTTGTA,ATAGGAAAAGATTT,2,0,1,1,0.0
6158,CGGCCGCTCAG,GTGCTGAGTTCCAT,2,40,1,27,3.295836866004329
6159,CGGCCGCTCAG,GTGCTGAGTTCCAT,3,10,1,14,2.6390573296152584
6160,CGGCGTTATAT,TGTAATGACAAATC,4,30,1,19,2.9444389791664403
6161,CGGGCATGTTA,CCCAATAGCACATG,2,5,11,1,-2.3978952727983707
6162,CGGGCATGTTA,CCCAATAGCACATG,2,10,8,1,-2.0794415416798357
6163,CGGGCATGTTA,CCCAATAGCACATG,2,15,23,1,-3.1354942159291497
6164,CGGGCATGTTA,CCCAATAGCACATG,2,50,32,6,-1.6739764335716716
6165,CGGGCATGTTA,CCCAATAGCACATG,3,0,14,1,-2.6390573296152584
6166,CGGGCATGTTA,CCCAATAGCACATG,3,2,5,1,-1.6094379124341003
6167,CGGGCATGTTA,CCCAATAGCACATG,3,5,13,4,-1.178654996341646
6168,CGGGCATGTTA,CCCAATAGCACATG,3,10,8,3,-0.9808292530117262
6169,CGGGCATGTTA,CCCAATAGCACATG,3,15,26,1,-3.2580965380214817
6170,CGGGCATGTTA,CCCAATAGCACATG,3,20,21,2,-2.3513752571634776
6171,CGGGCATGTTA,CCCAATAGCACATG,3,30,11,1,-2.3978952727983707
6172,CGGGCATGTTA,CCCAATAGCACATG,3,40,21,1,-3.044522437723423
6173,CGGGCATGTTA,CCCAATAGCACATG,3,50,10,1,-2.3025850929940455
6174,CGGGCATGTTA,CCCAATAGCACATG,4,0,20,2,-2.3025850929940455
6175,CGGGCATGTTA,CCCAATAGCACATG,4,15,13,2,-1.8718021769015913
6176,CGGGCATGTTA,CCCAATAGCACATG,4,20,11,1,-2.3978952727983707
6177,CGGGCATGTTA,CCCAATAGCACATG,4,30,6,2,-1.0986122886681098
6178,CGGGCATGTTA,CCCAATAGCACATG,4,40,11,1,-2.3978952727983707
6179,CGGGCATGTTA,CCCAATAGCACATG,4,50,24,2,-2.4849066497880004
6180,CGGGCTATTAA,ATGGATCCGCATAA,2,0,3,2,-0.40546510810816444
6181,CGGGCTATTAA,ATGGATCCGCATAA,2,2,19,2,-2.2512917986064953
6182,CGGGCTATTAA,ATGGATCCGCATAA,2,5,33,3,-2.3978952727983707
6183,CGGGCTATTAA,ATGGATCCGCATAA,2,10,17,2,-2.1400661634962708
6184,CGGGCTATTAA,ATGGATCCGCATAA,2,15,25,1,-3.2188758248682006
6185,CGGGCTATTAA,ATGGATCCGCATAA,2,20,24,2,-2.4849066497880004
6186,CGGGCTATTAA,ATGGATCCGCATAA,2,30,15,3,-1.6094379124341003
6187,CGGGCTATTAA,ATGGATCCGCATAA,2,40,19,14,-0.30538164955118186
6188,CGGGCTATTAA,ATGGATCCGCATAA,2,50,14,11,-0.2411620568168881
6189,CGGGCTATTAA,ATGGATCCGCATAA,2,60,18,6,-1.0986122886681098
6190,CGGGCTATTAA,ATGGATCCGCATAA,3,2,4,1,-1.3862943611198906
6191,CGGGCTATTAA,ATGGATCCGCATAA,3,5,39,6,-1.8718021769015913
6192,CGGGCTATTAA,ATGGATCCGCATAA,3,10,20,1,-2.995732273553991
6193,CGGGCTATTAA,ATGGATCCGCATAA,3,15,9,1,-2.1972245773362196
6194,CGGGCTATTAA,ATGGATCCGCATAA,3,20,27,3,-2.1972245773362196
6195,CGGGCTATTAA,ATGGATCCGCATAA,3,30,11,3,-1.2992829841302609
6196,CGGGCTATTAA,ATGGATCCGCATAA,3,40,32,13,-0.9007865453381898
6197,CGGGCTATTAA,ATGGATCCGCATAA,3,50,23,2,-2.4423470353692043
6198,CGGGCTATTAA,ATGGATCCGCATAA,3,60,6,4,-0.40546510810816444
6199,CGGGCTATTAA,ATGGATCCGCATAA,4,0,16,1,-2.772588722239781
6200,CGGGCTATTAA,ATGGATCCGCATAA,4,2,11,2,-1.7047480922384253
6201,CGGGCTATTAA,ATGGATCCGCATAA,4,5,16,1,-2.772588722239781
6202,CGGGCTATTAA,ATGGATCCGCATAA,4,10,62,8,-2.0476928433652555
6203,CGGGCTATTAA,ATGGATCCGCATAA,4,15,20,1,-2.995732273553991
6204,CGGGCTATTAA,ATGGATCCGCATAA,4,20,13,3,-1.466337068793427
6205,CGGGCTATTAA,ATGGATCCGCATAA,4,40,18,10,-0.587786664902119
6206,CGGGCTATTAA,ATGGATCCGCATAA,4,50,29,13,-0.8023464725249373
6207,CGGGCTATTAA,ATGGATCCGCATAA,4,60,31,12,-0.9490805546971459
6208,CGGGGCATTAC,CTGTCTAAGGCAGC,2,0,12,3,-1.3862943611198906
6209,CGGGGCATTAC,CTGTCTAAGGCAGC,2,2,23,2,-2.4423470353692043
6210,CGGGGCATTAC,CTGTCTAAGGCAGC,2,5,20,1,-2.995732273553991
6211,CGGGGCATTAC,CTGTCTAAGGCAGC,2,10,43,4,-2.3749057545736716
6212,CGGGGCATTAC,CTGTCTAAGGCAGC,2,15,29,2,-2.6741486494265287
6213,CGGGGCATTAC,CTGTCTAAGGCAGC,2,20,24,5,-1.5686159179138452
6214,CGGGGCATTAC,CTGTCTAAGGCAGC,2,30,67,11,-1.8067973465925955
6215,CGGGGCATTAC,CTGTCTAAGGCAGC,2,40,31,2,-2.740840023925201
6216,CGGGGCATTAC,CTGTCTAAGGCAGC,2,50,31,6,-1.6422277352570913
6217,CGGGGCATTAC,CTGTCTAAGGCAGC,2,60,35,5,-1.9459101490553132
6218,CGGGGCATTAC,CTGTCTAAGGCAGC,3,0,17,2,-2.1400661634962708
6219,CGGGGCATTAC,CTGTCTAAGGCAGC,3,2,16,2,-2.0794415416798357
6220,CGGGGCATTAC,CTGTCTAAGGCAGC,3,5,29,2,-2.6741486494265287
6221,CGGGGCATTAC,CTGTCTAAGGCAGC,3,10,29,3,-2.268683541318364
6222,CGGGGCATTAC,CTGTCTAAGGCAGC,3,15,33,4,-2.1102132003465894
6223,CGGGGCATTAC,CTGTCTAAGGCAGC,3,20,13,6,-0.7731898882334817
6224,CGGGGCATTAC,CTGTCTAAGGCAGC,3,30,18,3,-1.791759469228055
6225,CGGGGCATTAC,CTGTCTAAGGCAGC,3,40,17,6,-1.041453874828161
6226,CGGGGCATTAC,CTGTCTAAGGCAGC,3,50,26,4,-1.8718021769015913
6227,CGGGGCATTAC,CTGTCTAAGGCAGC,3,60,34,5,-1.9169226121820608
6228,CGGGGCATTAC,CTGTCTAAGGCAGC,4,0,19,1,-2.9444389791664403
6229,CGGGGCATTAC,CTGTCTAAGGCAGC,4,2,25,5,-1.6094379124341003
6230,CGGGGCATTAC,CTGTCTAAGGCAGC,4,10,26,2,-2.5649493574615367
6231,CGGGGCATTAC,CTGTCTAAGGCAGC,4,15,35,1,-3.5553480614894135
6232,CGGGGCATTAC,CTGTCTAAGGCAGC,4,20,19,1,-2.9444389791664403
6233,CGGGGCATTAC,CTGTCTAAGGCAGC,4,30,33,2,-2.803360380906535
6234,CGGGGCATTAC,CTGTCTAAGGCAGC,4,40,31,7,-1.4880770554298328
6235,CGGGGCATTAC,CTGTCTAAGGCAGC,4,50,45,18,-0.916290731874155
6236,CGGGGCATTAC,CTGTCTAAGGCAGC,4,60,27,2,-2.6026896854443837
6237,CGGGTCCCACG,TCCCCGGCCACGCT,2,2,1,3,1.0986122886681096
6238,CGGGTCCCACG,TCCCCGGCCACGCT,2,30,1,5,1.6094379124341003
6239,CGGGTCCCACG,TCCCCGGCCACGCT,3,50,1,2,0.6931471805599453
6240,CGGGTCCCACG,TCCCCGGCCACGCT,3,60,1,6,1.791759469228055
6241,CGGGTCCCACG,TCCCCGGCCACGCT,4,50,1,6,1.791759469228055
6242,CGGGTGCATGT,ATAATAATAATCTG,2,2,2,1,-0.6931471805599453
6243,CGGGTGCATGT,ATAATAATAATCTG,2,5,55,9,-1.8101086078962516
6244,CGGGTGCATGT,ATAATAATAATCTG,2,10,6,2,-1.0986122886681098
6245,CGGGTGCATGT,ATAATAATAATCTG,2,20,13,1,-2.5649493574615367
6246,CGGGTGCATGT,ATAATAATAATCTG,2,30,15,1,-2.70805020110221
6247,CGGGTGCATGT,ATAATAATAATCTG,2,40,11,2,-1.7047480922384253
6248,CGGGTGCATGT,ATAATAATAATCTG,3,0,24,2,-2.4849066497880004
6249,CGGGTGCATGT,ATAATAATAATCTG,3,2,13,1,-2.5649493574615367
6250,CGGGTGCATGT,ATAATAATAATCTG,3,10,12,1,-2.4849066497880004
6251,CGGGTGCATGT,ATAATAATAATCTG,3,15,26,5,-1.6486586255873816
6252,CGGGTGCATGT,ATAATAATAATCTG,3,20,14,2,-1.9459101490553132
6253,CGGGTGCATGT,ATAATAATAATCTG,3,30,24,4,-1.791759469228055
6254,CGGGTGCATGT,ATAATAATAATCTG,3,40,13,1,-2.5649493574615367
6255,CGGGTGCATGT,ATAATAATAATCTG,3,50,30,3,-2.3025850929940455
6256,CGGGTGCATGT,ATAATAATAATCTG,3,60,16,4,-1.3862943611198906
6257,CGGGTGCATGT,ATAATAATAATCTG,4,0,18,5,-1.2809338454620642
6258,CGGGTGCATGT,ATAATAATAATCTG,4,2,18,2,-2.1972245773362196
6259,CGGGTGCATGT,ATAATAATAATCTG,4,10,7,2,-1.252762968495368
6260,CGGGTGCATGT,ATAATAATAATCTG,4,15,8,1,-2.0794415416798357
6261,CGGGTGCATGT,ATAATAATAATCTG,4,20,2,1,-0.6931471805599453
6262,CGGGTGCATGT,ATAATAATAATCTG,4,60,32,3,-2.367123614131617
6263,CGGTCTGCCAA,TCACGACGATGCAG,2,2,4,1,-1.3862943611198906
6264,CGGTCTGCCAA,TCACGACGATGCAG,2,20,13,4,-1.178654996341646
6265,CGGTCTGCCAA,TCACGACGATGCAG,2,30,6,1,-1.791759469228055
6266,CGGTCTGCCAA,TCACGACGATGCAG,2,50,1,4,1.3862943611198906
6267,CGGTCTGCCAA,TCACGACGATGCAG,3,60,3,2,-0.40546510810816444
6268,CGGTCTGCCAA,TCACGACGATGCAG,4,0,10,1,-2.3025850929940455
6269,CGGTCTGCCAA,TCACGACGATGCAG,4,5,10,1,-2.3025850929940455
6270,CGGTCTGCCAA,TCACGACGATGCAG,4,40,19,6,-1.1526795099383855
6271,CGGTCTGCCAA,TCACGACGATGCAG,4,50,6,5,-0.1823215567939546
6272,CGTAGACCTTA,ATAAATTCGAATCC,2,0,15,1,-2.70805020110221
6273,CGTAGACCTTA,ATAAATTCGAATCC,2,2,14,2,-1.9459101490553132
6274,CGTAGACCTTA,ATAAATTCGAATCC,2,30,19,3,-1.8458266904983307
6275,CGTAGACCTTA,ATAAATTCGAATCC,2,40,3,1,-1.0986122886681098
6276,CGTAGACCTTA,ATAAATTCGAATCC,2,50,6,1,-1.791759469228055
6277,CGTAGACCTTA,ATAAATTCGAATCC,2,60,8,1,-2.0794415416798357
6278,CGTAGACCTTA,ATAAATTCGAATCC,3,5,5,1,-1.6094379124341003
6279,CGTAGACCTTA,ATAAATTCGAATCC,3,10,17,1,-2.833213344056216
6280,CGTAGACCTTA,ATAAATTCGAATCC,3,20,5,1,-1.6094379124341003
6281,CGTAGACCTTA,ATAAATTCGAATCC,3,40,18,1,-2.8903717578961645
6282,CGTAGACCTTA,ATAAATTCGAATCC,3,60,4,1,-1.3862943611198906
6283,CGTAGACCTTA,ATAAATTCGAATCC,4,5,4,1,-1.3862943611198906
6284,CGTAGACCTTA,ATAAATTCGAATCC,4,10,12,2,-1.791759469228055
6285,CGTAGACCTTA,ATAAATTCGAATCC,4,30,7,6,-0.15415067982725836
6286,CGTAGACCTTA,ATAAATTCGAATCC,4,40,15,9,-0.5108256237659907
6287,CGTCCGTTTAC,ATTCTGCTGCCACC,2,0,154,15,-2.328902401311419
6288,CGTCCGTTTAC,ATTCTGCTGCCACC,2,2,116,6,-2.9618307218783095
6289,CGTCCGTTTAC,ATTCTGCTGCCACC,2,5,90,6,-2.70805020110221
6290,CGTCCGTTTAC,ATTCTGCTGCCACC,2,10,164,35,-1.5445183663347848
6291,CGTCCGTTTAC,ATTCTGCTGCCACC,2,15,200,88,-0.8209805520698301
6292,CGTCCGTTTAC,ATTCTGCTGCCACC,2,20,209,89,-0.8536978822326712
6293,CGTCCGTTTAC,ATTCTGCTGCCACC,2,30,203,86,-0.8588586827882796
6294,CGTCCGTTTAC,ATTCTGCTGCCACC,2,40,214,128,-0.5139457511022344
6295,CGTCCGTTTAC,ATTCTGCTGCCACC,2,50,213,161,-0.27988780072496205
6296,CGTCCGTTTAC,ATTCTGCTGCCACC,2,60,185,123,-0.40817146970590734
6297,CGTCCGTTTAC,ATTCTGCTGCCACC,3,0,155,10,-2.740840023925201
6298,CGTCCGTTTAC,ATTCTGCTGCCACC,3,2,156,7,-3.1039458581942236
6299,CGTCCGTTTAC,ATTCTGCTGCCACC,3,5,171,17,-2.3084502124464437
6300,CGTCCGTTTAC,ATTCTGCTGCCACC,3,10,138,47,-1.0771060834471462
6301,CGTCCGTTTAC,ATTCTGCTGCCACC,3,15,218,91,-0.873635556272239
6302,CGTCCGTTTAC,ATTCTGCTGCCACC,3,20,197,88,-0.805866914259782
6303,CGTCCGTTTAC,ATTCTGCTGCCACC,3,30,119,34,-1.252762968495368
6304,CGTCCGTTTAC,ATTCTGCTGCCACC,3,40,191,132,-0.3694715054602591
6305,CGTCCGTTTAC,ATTCTGCTGCCACC,3,50,176,103,-0.535755006808516
6306,CGTCCGTTTAC,ATTCTGCTGCCACC,3,60,171,127,-0.2974764700440685
6307,CGTCCGTTTAC,ATTCTGCTGCCACC,4,0,192,23,-2.122001156098632
6308,CGTCCGTTTAC,ATTCTGCTGCCACC,4,2,150,13,-2.445685936634719
6309,CGTCCGTTTAC,ATTCTGCTGCCACC,4,5,136,8,-2.833213344056216
6310,CGTCCGTTTAC,ATTCTGCTGCCACC,4,10,169,51,-1.1980730821987478
6311,CGTCCGTTTAC,ATTCTGCTGCCACC,4,15,144,25,-1.7509374747078
6312,CGTCCGTTTAC,ATTCTGCTGCCACC,4,20,116,39,-1.0900285449767182
6313,CGTCCGTTTAC,ATTCTGCTGCCACC,4,30,118,68,-0.551176919289558
6314,CGTCCGTTTAC,ATTCTGCTGCCACC,4,40,186,164,-0.12588024588900282
6315,CGTCCGTTTAC,ATTCTGCTGCCACC,4,50,214,193,-0.10328582611696588
6316,CGTCCGTTTAC,ATTCTGCTGCCACC,4,60,194,107,-0.5950293246014219
6317,CGTGCAATATA,CACCAGATAGTACG,4,50,1,23,3.1354942159291497
6318,CGTGCCATTGA,TGTGCTTTCGTGCC,2,0,55,8,-1.927891643552635
6319,CGTGCCATTGA,TGTGCTTTCGTGCC,2,2,63,14,-1.5040773967762742
6320,CGTGCCATTGA,TGTGCTTTCGTGCC,2,5,43,2,-3.068052935133617
6321,CGTGCCATTGA,TGTGCTTTCGTGCC,2,10,63,15,-1.4350845252893227
6322,CGTGCCATTGA,TGTGCTTTCGTGCC,2,15,55,4,-2.6210388241125804
6323,CGTGCCATTGA,TGTGCTTTCGTGCC,2,20,80,11,-1.984131361875511
6324,CGTGCCATTGA,TGTGCTTTCGTGCC,2,30,53,16,-1.1977031913123406
6325,CGTGCCATTGA,TGTGCTTTCGTGCC,2,40,78,10,-2.0541237336955462
6326,CGTGCCATTGA,TGTGCTTTCGTGCC,2,50,84,8,-2.3513752571634776
6327,CGTGCCATTGA,TGTGCTTTCGTGCC,2,60,121,37,-1.1848726329525168
6328,CGTGCCATTGA,TGTGCTTTCGTGCC,3,0,90,7,-2.5538995212749516
6329,CGTGCCATTGA,TGTGCTTTCGTGCC,3,2,55,5,-2.3978952727983707
6330,CGTGCCATTGA,TGTGCTTTCGTGCC,3,5,62,8,-2.0476928433652555
6331,CGTGCCATTGA,TGTGCTTTCGTGCC,3,10,59,12,-1.5926307941177191
6332,CGTGCCATTGA,TGTGCTTTCGTGCC,3,15,59,7,-2.1316272948504063
6333,CGTGCCATTGA,TGTGCTTTCGTGCC,3,20,87,6,-2.6741486494265287
6334,CGTGCCATTGA,TGTGCTTTCGTGCC,3,30,53,10,-1.667706820558076
6335,CGTGCCATTGA,TGTGCTTTCGTGCC,3,40,60,11,-1.6964492894237302
6336,CGTGCCATTGA,TGTGCTTTCGTGCC,3,50,74,26,-1.0459685551826876
6337,CGTGCCATTGA,TGTGCTTTCGTGCC,3,60,62,12,-1.6422277352570913
6338,CGTGCCATTGA,TGTGCTTTCGTGCC,4,0,34,1,-3.526360524616161
6339,CGTGCCATTGA,TGTGCTTTCGTGCC,4,2,90,6,-2.70805020110221
6340,CGTGCCATTGA,TGTGCTTTCGTGCC,4,5,42,8,-1.6582280766035324
6341,CGTGCCATTGA,TGTGCTTTCGTGCC,4,10,73,14,-1.6514021115331325
6342,CGTGCCATTGA,TGTGCTTTCGTGCC,4,15,79,8,-2.2900063107871853
6343,CGTGCCATTGA,TGTGCTTTCGTGCC,4,20,50,9,-1.7147984280919266
6344,CGTGCCATTGA,TGTGCTTTCGTGCC,4,30,72,38,-0.6390799592896694
6345,CGTGCCATTGA,TGTGCTTTCGTGCC,4,40,44,10,-1.4816045409242156
6346,CGTGCCATTGA,TGTGCTTTCGTGCC,4,50,79,16,-1.5968591302272404
6347,CGTGCCATTGA,TGTGCTTTCGTGCC,4,60,62,21,-1.0826119473216687
6348,CGTGGCCCCCT,GGTCTACATTAGTA,2,0,70,3,-3.1498829533812494
6349,CGTGGCCCCCT,GGTCTACATTAGTA,2,2,79,1,-4.3694478524670215
6350,CGTGGCCCCCT,GGTCTACATTAGTA,2,5,77,7,-2.3978952727983707
6351,CGTGGCCCCCT,GGTCTACATTAGTA,2,10,105,13,-2.0890109926959863
6352,CGTGGCCCCCT,GGTCTACATTAGTA,2,15,70,13,-1.6835458845878222
6353,CGTGGCCCCCT,GGTCTACATTAGTA,2,20,97,17,-1.7414976344471667
6354,CGTGGCCCCCT,GGTCTACATTAGTA,2,30,76,22,-1.2396908869280152
6355,CGTGGCCCCCT,GGTCTACATTAGTA,2,40,48,16,-1.0986122886681098
6356,CGTGGCCCCCT,GGTCTACATTAGTA,2,50,63,6,-2.3513752571634776
6357,CGTGGCCCCCT,GGTCTACATTAGTA,2,60,120,30,-1.3862943611198906
6358,CGTGGCCCCCT,GGTCTACATTAGTA,3,0,60,6,-2.3025850929940455
6359,CGTGGCCCCCT,GGTCTACATTAGTA,3,2,62,3,-3.0285220963769817
6360,CGTGGCCCCCT,GGTCTACATTAGTA,3,5,82,10,-2.1041341542702074
6361,CGTGGCCCCCT,GGTCTACATTAGTA,3,10,80,14,-1.742969305058623
6362,CGTGGCCCCCT,GGTCTACATTAGTA,3,15,55,9,-1.8101086078962516
6363,CGTGGCCCCCT,GGTCTACATTAGTA,3,20,55,45,-0.2006706954621511
6364,CGTGGCCCCCT,GGTCTACATTAGTA,3,30,72,28,-0.9444616088408513
6365,CGTGGCCCCCT,GGTCTACATTAGTA,3,40,42,11,-1.3397743454849977
6366,CGTGGCCCCCT,GGTCTACATTAGTA,3,50,48,28,-0.5389965007326869
6367,CGTGGCCCCCT,GGTCTACATTAGTA,3,60,62,33,-0.6306268235786113
6368,CGTGGCCCCCT,GGTCTACATTAGTA,4,0,58,4,-2.6741486494265287
6369,CGTGGCCCCCT,GGTCTACATTAGTA,4,2,83,12,-1.9339339580085975
6370,CGTGGCCCCCT,GGTCTACATTAGTA,4,5,49,1,-3.8918202981106265
6371,CGTGGCCCCCT,GGTCTACATTAGTA,4,10,82,8,-2.327277705584417
6372,CGTGGCCCCCT,GGTCTACATTAGTA,4,15,48,23,-0.7357067949787411
6373,CGTGGCCCCCT,GGTCTACATTAGTA,4,20,82,15,-1.698669046162043
6374,CGTGGCCCCCT,GGTCTACATTAGTA,4,30,74,14,-1.6650077635889111
6375,CGTGGCCCCCT,GGTCTACATTAGTA,4,40,50,11,-1.5141277326297755
6376,CGTGGCCCCCT,GGTCTACATTAGTA,4,50,76,10,-2.028148247292285
6377,CGTGGCCCCCT,GGTCTACATTAGTA,4,60,93,26,-1.274502955131774
6378,CGTGTCGAACC,AGAGATTACACAAT,2,0,17,2,-2.1400661634962708
6379,CGTGTCGAACC,AGAGATTACACAAT,2,5,16,2,-2.0794415416798357
6380,CGTGTCGAACC,AGAGATTACACAAT,2,10,42,4,-2.3513752571634776
6381,CGTGTCGAACC,AGAGATTACACAAT,2,15,15,2,-2.0149030205422647
6382,CGTGTCGAACC,AGAGATTACACAAT,2,20,10,3,-1.203972804325936
6383,CGTGTCGAACC,AGAGATTACACAAT,2,30,15,1,-2.70805020110221
6384,CGTGTCGAACC,AGAGATTACACAAT,2,40,13,4,-1.178654996341646
6385,CGTGTCGAACC,AGAGATTACACAAT,2,50,32,5,-1.856297990365626
6386,CGTGTCGAACC,AGAGATTACACAAT,2,60,27,4,-1.9095425048844383
6387,CGTGTCGAACC,AGAGATTACACAAT,3,0,15,1,-2.70805020110221
6388,CGTGTCGAACC,AGAGATTACACAAT,3,2,14,2,-1.9459101490553132
6389,CGTGTCGAACC,AGAGATTACACAAT,3,5,15,2,-2.0149030205422647
6390,CGTGTCGAACC,AGAGATTACACAAT,3,10,20,2,-2.3025850929940455
6391,CGTGTCGAACC,AGAGATTACACAAT,3,15,16,1,-2.772588722239781
6392,CGTGTCGAACC,AGAGATTACACAAT,3,20,14,1,-2.6390573296152584
6393,CGTGTCGAACC,AGAGATTACACAAT,3,30,13,4,-1.178654996341646
6394,CGTGTCGAACC,AGAGATTACACAAT,3,40,23,5,-1.5260563034950494
6395,CGTGTCGAACC,AGAGATTACACAAT,3,50,6,2,-1.0986122886681098
6396,CGTGTCGAACC,AGAGATTACACAAT,3,60,6,1,-1.791759469228055
6397,CGTGTCGAACC,AGAGATTACACAAT,4,0,16,2,-2.0794415416798357
6398,CGTGTCGAACC,AGAGATTACACAAT,4,2,6,5,-0.1823215567939546
6399,CGTGTCGAACC,AGAGATTACACAAT,4,5,21,3,-1.9459101490553132
6400,CGTGTCGAACC,AGAGATTACACAAT,4,10,18,5,-1.2809338454620642
6401,CGTGTCGAACC,AGAGATTACACAAT,4,15,35,6,-1.7635885922613586
6402,CGTGTCGAACC,AGAGATTACACAAT,4,20,23,2,-2.4423470353692043
6403,CGTGTCGAACC,AGAGATTACACAAT,4,30,6,3,-0.6931471805599453
6404,CGTGTCGAACC,AGAGATTACACAAT,4,40,26,4,-1.8718021769015913
6405,CGTGTCGAACC,AGAGATTACACAAT,4,50,19,6,-1.1526795099383855
6406,CGTTCGTTGTC,CCCAACAACTCGTG,3,15,1,16,2.772588722239781
6407,CGTTCGTTGTC,CCCAACAACTCGTG,3,20,1,31,3.4339872044851463
6408,CGTTCTATTAG,TTTGTACGGTTCTT,2,2,11,2,-1.7047480922384253
6409,CGTTCTATTAG,TTTGTACGGTTCTT,2,5,10,2,-1.6094379124341003
6410,CGTTCTATTAG,TTTGTACGGTTCTT,2,10,37,4,-2.2246235515243336
6411,CGTTCTATTAG,TTTGTACGGTTCTT,2,15,9,3,-1.0986122886681098
6412,CGTTCTATTAG,TTTGTACGGTTCTT,2,20,8,4,-0.6931471805599453
6413,CGTTCTATTAG,TTTGTACGGTTCTT,2,30,7,3,-0.8472978603872037
6414,CGTTCTATTAG,TTTGTACGGTTCTT,2,40,26,6,-1.466337068793427
6415,CGTTCTATTAG,TTTGTACGGTTCTT,2,50,26,3,-2.159484249353372
6416,CGTTCTATTAG,TTTGTACGGTTCTT,2,60,17,4,-1.4469189829363254
6417,CGTTCTATTAG,TTTGTACGGTTCTT,3,10,5,1,-1.6094379124341003
6418,CGTTCTATTAG,TTTGTACGGTTCTT,3,15,22,2,-2.3978952727983707
6419,CGTTCTATTAG,TTTGTACGGTTCTT,3,20,16,2,-2.0794415416798357
6420,CGTTCTATTAG,TTTGTACGGTTCTT,3,30,10,1,-2.3025850929940455
6421,CGTTCTATTAG,TTTGTACGGTTCTT,3,40,16,1,-2.772588722239781
6422,CGTTCTATTAG,TTTGTACGGTTCTT,3,50,11,2,-1.7047480922384253
6423,CGTTCTATTAG,TTTGTACGGTTCTT,4,5,5,1,-1.6094379124341003
6424,CGTTCTATTAG,TTTGTACGGTTCTT,4,10,13,1,-2.5649493574615367
6425,CGTTCTATTAG,TTTGTACGGTTCTT,4,15,8,1,-2.0794415416798357
6426,CGTTCTATTAG,TTTGTACGGTTCTT,4,20,12,1,-2.4849066497880004
6427,CGTTCTATTAG,TTTGTACGGTTCTT,4,30,19,10,-0.6418538861723948
6428,CGTTCTATTAG,TTTGTACGGTTCTT,4,40,19,1,-2.9444389791664403
6429,CGTTCTATTAG,TTTGTACGGTTCTT,4,50,19,2,-2.2512917986064953
6430,CTAAATATTAA,TAACTACGCAACCG,2,0,39,3,-2.5649493574615367
6431,CTAAATATTAA,TAACTACGCAACCG,2,2,27,4,-1.9095425048844383
6432,CTAAATATTAA,TAACTACGCAACCG,2,5,23,2,-2.4423470353692043
6433,CTAAATATTAA,TAACTACGCAACCG,2,10,44,10,-1.4816045409242156
6434,CTAAATATTAA,TAACTACGCAACCG,2,15,39,6,-1.8718021769015913
6435,CTAAATATTAA,TAACTACGCAACCG,2,20,32,7,-1.519825753744413
6436,CTAAATATTAA,TAACTACGCAACCG,2,30,63,12,-1.6582280766035324
6437,CTAAATATTAA,TAACTACGCAACCG,2,40,53,8,-1.8908503718722858
6438,CTAAATATTAA,TAACTACGCAACCG,2,50,38,19,-0.6931471805599453
6439,CTAAATATTAA,TAACTACGCAACCG,2,60,62,20,-1.1314021114911006
6440,CTAAATATTAA,TAACTACGCAACCG,3,0,25,5,-1.6094379124341003
6441,CTAAATATTAA,TAACTACGCAACCG,3,2,33,3,-2.3978952727983707
6442,CTAAATATTAA,TAACTACGCAACCG,3,5,19,1,-2.9444389791664403
6443,CTAAATATTAA,TAACTACGCAACCG,3,10,33,6,-1.7047480922384253
6444,CTAAATATTAA,TAACTACGCAACCG,3,15,41,14,-1.074514737089049
6445,CTAAATATTAA,TAACTACGCAACCG,3,20,52,7,-2.005333569526114
6446,CTAAATATTAA,TAACTACGCAACCG,3,30,33,8,-1.4170660197866443
6447,CTAAATATTAA,TAACTACGCAACCG,3,40,57,7,-2.097141118779237
6448,CTAAATATTAA,TAACTACGCAACCG,3,50,39,5,-2.0541237336955462
6449,CTAAATATTAA,TAACTACGCAACCG,3,60,39,11,-1.2656663733312759
6450,CTAAATATTAA,TAACTACGCAACCG,4,0,22,3,-1.992430164690206
6451,CTAAATATTAA,TAACTACGCAACCG,4,2,58,9,-1.8632184332102
6452,CTAAATATTAA,TAACTACGCAACCG,4,5,26,7,-1.3121863889661687
6453,CTAAATATTAA,TAACTACGCAACCG,4,10,40,11,-1.2909841813155656
6454,CTAAATATTAA,TAACTACGCAACCG,4,15,44,10,-1.4816045409242156
6455,CTAAATATTAA,TAACTACGCAACCG,4,20,20,3,-1.8971199848858813
6456,CTAAATATTAA,TAACTACGCAACCG,4,30,39,6,-1.8718021769015913
6457,CTAAATATTAA,TAACTACGCAACCG,4,40,28,13,-0.7672551527136671
6458,CTAAATATTAA,TAACTACGCAACCG,4,50,56,10,-1.7227665977411035
6459,CTAAATATTAA,TAACTACGCAACCG,4,60,63,8,-2.063693184711697
6460,CTAACTTAAAC,TCCCAATTATATCC,2,50,1,12,2.4849066497880004
6461,CTAAGTACGGT,CACACAGCCGAAAG,2,15,1,2,0.6931471805599453
6462,CTAAGTACGGT,CACACAGCCGAAAG,2,50,5,3,-0.5108256237659907
6463,CTAAGTACGGT,CACACAGCCGAAAG,3,15,1,2,0.6931471805599453
6464,CTAAGTACGGT,CACACAGCCGAAAG,3,20,2,1,-0.6931471805599453
6465,CTAAGTACGGT,CACACAGCCGAAAG,3,50,2,8,1.3862943611198906
6466,CTAAGTACGGT,CACACAGCCGAAAG,4,40,2,3,0.4054651081081644
6467,CTAAGTACGGT,CACACAGCCGAAAG,4,50,1,3,1.0986122886681096
6468,CTACCCCTATC,CGACGGCGGGCACC,2,2,180,10,-2.8903717578961645
6469,CTACCCCTATC,CGACGGCGGGCACC,2,5,180,9,-2.995732273553991
6470,CTACCCCTATC,CGACGGCGGGCACC,2,10,203,6,-3.521446509813732
6471,CTACCCCTATC,CGACGGCGGGCACC,2,15,151,9,-2.8200552594787047
6472,CTACCCCTATC,CGACGGCGGGCACC,2,20,169,19,-2.1854597357566328
6473,CTACCCCTATC,CGACGGCGGGCACC,2,30,170,9,-2.9385738597140425
6474,CTACCCCTATC,CGACGGCGGGCACC,2,40,204,14,-2.6790626642289577
6475,CTACCCCTATC,CGACGGCGGGCACC,2,50,172,16,-2.3749057545736716
6476,CTACCCCTATC,CGACGGCGGGCACC,2,60,185,15,-2.512305623976115
6477,CTACCCCTATC,CGACGGCGGGCACC,3,0,181,8,-3.11905548958599
6478,CTACCCCTATC,CGACGGCGGGCACC,3,2,119,3,-3.6805112044434196
6479,CTACCCCTATC,CGACGGCGGGCACC,3,5,120,11,-2.3895964699836756
6480,CTACCCCTATC,CGACGGCGGGCACC,3,10,174,14,-2.5199979695992702
6481,CTACCCCTATC,CGACGGCGGGCACC,3,15,180,5,-3.58351893845611
6482,CTACCCCTATC,CGACGGCGGGCACC,3,20,176,25,-1.9516081701699508
6483,CTACCCCTATC,CGACGGCGGGCACC,3,30,131,10,-2.5726122302071057
6484,CTACCCCTATC,CGACGGCGGGCACC,3,40,220,13,-2.828678188890825
6485,CTACCCCTATC,CGACGGCGGGCACC,3,50,114,6,-2.9444389791664403
6486,CTACCCCTATC,CGACGGCGGGCACC,3,60,125,6,-3.036554268074246
6487,CTACCCCTATC,CGACGGCGGGCACC,4,0,160,3,-3.976561526565717
6488,CTACCCCTATC,CGACGGCGGGCACC,4,2,119,4,-3.392829131991639
6489,CTACCCCTATC,CGACGGCGGGCACC,4,5,140,1,-4.941642422609304
6490,CTACCCCTATC,CGACGGCGGGCACC,4,10,214,11,-2.968080742223481
6491,CTACCCCTATC,CGACGGCGGGCACC,4,15,146,13,-2.4186572642467996
6492,CTACCCCTATC,CGACGGCGGGCACC,4,20,102,11,-2.2270775404859005
6493,CTACCCCTATC,CGACGGCGGGCACC,4,30,128,8,-2.772588722239781
6494,CTACCCCTATC,CGACGGCGGGCACC,4,40,109,15,-1.9832976811269334
6495,CTACCCCTATC,CGACGGCGGGCACC,4,50,188,25,-2.017566137961748
6496,CTACCCCTATC,CGACGGCGGGCACC,4,60,154,9,-2.8397280250774095
6497,CTAGAACGTGT,TGGCGCCATTAAAT,2,0,64,1,-4.1588830833596715
6498,CTAGAACGTGT,TGGCGCCATTAAAT,2,2,20,6,-1.203972804325936
6499,CTAGAACGTGT,TGGCGCCATTAAAT,2,10,58,9,-1.8632184332102
6500,CTAGAACGTGT,TGGCGCCATTAAAT,2,15,24,1,-3.1780538303479458
6501,CTAGAACGTGT,TGGCGCCATTAAAT,2,20,35,1,-3.5553480614894135
6502,CTAGAACGTGT,TGGCGCCATTAAAT,2,30,59,7,-2.1316272948504063
6503,CTAGAACGTGT,TGGCGCCATTAAAT,2,40,80,15,-1.6739764335716716
6504,CTAGAACGTGT,TGGCGCCATTAAAT,2,50,41,15,-1.0055218656020977
6505,CTAGAACGTGT,TGGCGCCATTAAAT,2,60,34,4,-2.1400661634962708
6506,CTAGAACGTGT,TGGCGCCATTAAAT,3,0,45,3,-2.70805020110221
6507,CTAGAACGTGT,TGGCGCCATTAAAT,3,2,35,5,-1.9459101490553132
6508,CTAGAACGTGT,TGGCGCCATTAAAT,3,5,47,1,-3.8501476017100584
6509,CTAGAACGTGT,TGGCGCCATTAAAT,3,10,29,5,-1.7578579175523736
6510,CTAGAACGTGT,TGGCGCCATTAAAT,3,15,49,3,-2.793208009442517
6511,CTAGAACGTGT,TGGCGCCATTAAAT,3,20,57,6,-2.2512917986064953
6512,CTAGAACGTGT,TGGCGCCATTAAAT,3,30,20,4,-1.6094379124341003
6513,CTAGAACGTGT,TGGCGCCATTAAAT,3,40,21,3,-1.9459101490553132
6514,CTAGAACGTGT,TGGCGCCATTAAAT,3,50,31,21,-0.3894647667617233
6515,CTAGAACGTGT,TGGCGCCATTAAAT,3,60,36,15,-0.8754687373538999
6516,CTAGAACGTGT,TGGCGCCATTAAAT,4,0,23,4,-1.749199854809259
6517,CTAGAACGTGT,TGGCGCCATTAAAT,4,2,47,1,-3.8501476017100584
6518,CTAGAACGTGT,TGGCGCCATTAAAT,4,5,47,1,-3.8501476017100584
6519,CTAGAACGTGT,TGGCGCCATTAAAT,4,10,95,2,-3.8607297110405954
6520,CTAGAACGTGT,TGGCGCCATTAAAT,4,15,43,10,-1.4586150226995167
6521,CTAGAACGTGT,TGGCGCCATTAAAT,4,20,22,12,-0.6061358035703156
6522,CTAGAACGTGT,TGGCGCCATTAAAT,4,30,66,13,-1.6247053845648889
6523,CTAGAACGTGT,TGGCGCCATTAAAT,4,40,52,5,-2.341805806147327
6524,CTAGAACGTGT,TGGCGCCATTAAAT,4,50,49,19,-0.9473813189441862
6525,CTAGAACGTGT,TGGCGCCATTAAAT,4,60,36,9,-1.3862943611198906
6526,CTAGTTCTTAG,TCCAAGATTTGTTG,2,0,35,12,-1.0704414117014134
6527,CTAGTTCTTAG,TCCAAGATTTGTTG,2,2,86,7,-2.5084371471981943
6528,CTAGTTCTTAG,TCCAAGATTTGTTG,2,5,40,6,-1.8971199848858813
6529,CTAGTTCTTAG,TCCAAGATTTGTTG,2,10,95,12,-2.0689702418125404
6530,CTAGTTCTTAG,TCCAAGATTTGTTG,2,15,49,7,-1.9459101490553132
6531,CTAGTTCTTAG,TCCAAGATTTGTTG,2,20,54,15,-1.2809338454620642
6532,CTAGTTCTTAG,TCCAAGATTTGTTG,2,30,32,6,-1.6739764335716716
6533,CTAGTTCTTAG,TCCAAGATTTGTTG,2,40,49,17,-1.0586069540544105
6534,CTAGTTCTTAG,TCCAAGATTTGTTG,2,50,53,17,-1.1370785694959058
6535,CTAGTTCTTAG,TCCAAGATTTGTTG,2,60,45,9,-1.6094379124341003
6536,CTAGTTCTTAG,TCCAAGATTTGTTG,3,0,33,4,-2.1102132003465894
6537,CTAGTTCTTAG,TCCAAGATTTGTTG,3,2,43,2,-3.068052935133617
6538,CTAGTTCTTAG,TCCAAGATTTGTTG,3,5,52,4,-2.5649493574615367
6539,CTAGTTCTTAG,TCCAAGATTTGTTG,3,10,36,9,-1.3862943611198906
6540,CTAGTTCTTAG,TCCAAGATTTGTTG,3,15,81,19,-1.4500101755059984
6541,CTAGTTCTTAG,TCCAAGATTTGTTG,3,20,70,19,-1.3040562628829186
6542,CTAGTTCTTAG,TCCAAGATTTGTTG,3,30,40,14,-1.0498221244986778
6543,CTAGTTCTTAG,TCCAAGATTTGTTG,3,40,50,10,-1.6094379124341003
6544,CTAGTTCTTAG,TCCAAGATTTGTTG,3,50,44,12,-1.2992829841302609
6545,CTAGTTCTTAG,TCCAAGATTTGTTG,3,60,47,24,-0.672093771362113
6546,CTAGTTCTTAG,TCCAAGATTTGTTG,4,0,53,9,-1.7730673362159024
6547,CTAGTTCTTAG,TCCAAGATTTGTTG,4,2,35,3,-2.456735772821304
6548,CTAGTTCTTAG,TCCAAGATTTGTTG,4,5,54,3,-2.8903717578961645
6549,CTAGTTCTTAG,TCCAAGATTTGTTG,4,10,52,8,-1.8718021769015913
6550,CTAGTTCTTAG,TCCAAGATTTGTTG,4,15,67,6,-2.412933150162911
6551,CTAGTTCTTAG,TCCAAGATTTGTTG,4,20,46,5,-2.2192034840549946
6552,CTAGTTCTTAG,TCCAAGATTTGTTG,4,30,56,5,-2.4159137783010487
6553,CTAGTTCTTAG,TCCAAGATTTGTTG,4,40,40,12,-1.203972804325936
6554,CTAGTTCTTAG,TCCAAGATTTGTTG,4,50,75,17,-1.4842747694800944
6555,CTAGTTCTTAG,TCCAAGATTTGTTG,4,60,53,22,-0.8792494601938059
6556,CTATACGCTGC,AGCCTCTGGCGGGG,2,0,40,2,-2.995732273553991
6557,CTATACGCTGC,AGCCTCTGGCGGGG,2,5,41,2,-3.0204248861443626
6558,CTATACGCTGC,AGCCTCTGGCGGGG,2,10,43,5,-2.151762203259462
6559,CTATACGCTGC,AGCCTCTGGCGGGG,2,15,39,3,-2.5649493574615367
6560,CTATACGCTGC,AGCCTCTGGCGGGG,2,20,31,7,-1.4880770554298328
6561,CTATACGCTGC,AGCCTCTGGCGGGG,2,30,19,6,-1.1526795099383855
6562,CTATACGCTGC,AGCCTCTGGCGGGG,2,40,32,4,-2.0794415416798357
6563,CTATACGCTGC,AGCCTCTGGCGGGG,2,50,42,3,-2.6390573296152584
6564,CTATACGCTGC,AGCCTCTGGCGGGG,2,60,27,9,-1.0986122886681098
6565,CTATACGCTGC,AGCCTCTGGCGGGG,3,0,26,2,-2.5649493574615367
6566,CTATACGCTGC,AGCCTCTGGCGGGG,3,2,31,5,-1.8245492920510458
6567,CTATACGCTGC,AGCCTCTGGCGGGG,3,5,33,3,-2.3978952727983707
6568,CTATACGCTGC,AGCCTCTGGCGGGG,3,10,46,2,-3.1354942159291497
6569,CTATACGCTGC,AGCCTCTGGCGGGG,3,15,21,5,-1.4350845252893227
6570,CTATACGCTGC,AGCCTCTGGCGGGG,3,20,47,3,-2.751535313041949
6571,CTATACGCTGC,AGCCTCTGGCGGGG,3,30,37,8,-1.5314763709643884
6572,CTATACGCTGC,AGCCTCTGGCGGGG,3,40,56,7,-2.0794415416798357
6573,CTATACGCTGC,AGCCTCTGGCGGGG,3,50,48,3,-2.772588722239781
6574,CTATACGCTGC,AGCCTCTGGCGGGG,3,60,21,4,-1.6582280766035324
6575,CTATACGCTGC,AGCCTCTGGCGGGG,4,0,50,2,-3.2188758248682006
6576,CTATACGCTGC,AGCCTCTGGCGGGG,4,2,19,3,-1.8458266904983307
6577,CTATACGCTGC,AGCCTCTGGCGGGG,4,5,33,2,-2.803360380906535
6578,CTATACGCTGC,AGCCTCTGGCGGGG,4,10,50,6,-2.120263536200091
6579,CTATACGCTGC,AGCCTCTGGCGGGG,4,15,36,1,-3.58351893845611
6580,CTATACGCTGC,AGCCTCTGGCGGGG,4,30,35,1,-3.5553480614894135
6581,CTATACGCTGC,AGCCTCTGGCGGGG,4,40,56,4,-2.6390573296152584
6582,CTATACGCTGC,AGCCTCTGGCGGGG,4,50,60,5,-2.4849066497880004
6583,CTATACGCTGC,AGCCTCTGGCGGGG,4,60,40,2,-2.995732273553991
6584,CTATACTACAT,TGACCTTCTATATC,2,0,2,1,-0.6931471805599453
6585,CTATACTACAT,TGACCTTCTATATC,2,10,8,1,-2.0794415416798357
6586,CTATACTACAT,TGACCTTCTATATC,3,30,3,2,-0.40546510810816444
6587,CTATACTACAT,TGACCTTCTATATC,4,5,6,1,-1.791759469228055
6588,CTATATTAGAC,TTCTCACTCTTTAC,2,0,35,5,-1.9459101490553132
6589,CTATATTAGAC,TTCTCACTCTTTAC,2,2,44,6,-1.992430164690206
6590,CTATATTAGAC,TTCTCACTCTTTAC,2,10,81,8,-2.315007612992603
6591,CTATATTAGAC,TTCTCACTCTTTAC,2,15,60,6,-2.3025850929940455
6592,CTATATTAGAC,TTCTCACTCTTTAC,2,20,85,19,-1.498212277323876
6593,CTATATTAGAC,TTCTCACTCTTTAC,2,30,51,17,-1.0986122886681098
6594,CTATATTAGAC,TTCTCACTCTTTAC,2,40,39,8,-1.5841201044498106
6595,CTATATTAGAC,TTCTCACTCTTTAC,2,50,40,10,-1.3862943611198906
6596,CTATATTAGAC,TTCTCACTCTTTAC,2,60,53,13,-1.405342556090585
6597,CTATATTAGAC,TTCTCACTCTTTAC,3,0,47,7,-1.9042374526547452
6598,CTATATTAGAC,TTCTCACTCTTTAC,3,5,32,3,-2.367123614131617
6599,CTATATTAGAC,TTCTCACTCTTTAC,3,10,62,10,-1.8245492920510458
6600,CTATATTAGAC,TTCTCACTCTTTAC,3,15,59,14,-1.4384801142904609
6601,CTATATTAGAC,TTCTCACTCTTTAC,3,20,44,9,-1.5869650565820417
6602,CTATATTAGAC,TTCTCACTCTTTAC,3,30,64,8,-2.0794415416798357
6603,CTATATTAGAC,TTCTCACTCTTTAC,3,40,43,15,-1.0531499145913523
6604,CTATATTAGAC,TTCTCACTCTTTAC,3,50,50,19,-0.9675840262617056
6605,CTATATTAGAC,TTCTCACTCTTTAC,3,60,27,14,-0.6567795363890705
6606,CTATATTAGAC,TTCTCACTCTTTAC,4,0,35,3,-2.456735772821304
6607,CTATATTAGAC,TTCTCACTCTTTAC,4,2,61,10,-1.8082887711792657
6608,CTATATTAGAC,TTCTCACTCTTTAC,4,5,52,5,-2.341805806147327
6609,CTATATTAGAC,TTCTCACTCTTTAC,4,10,48,7,-1.9252908618525775
6610,CTATATTAGAC,TTCTCACTCTTTAC,4,15,36,13,-1.0185695809945732
6611,CTATATTAGAC,TTCTCACTCTTTAC,4,20,51,13,-1.366876275262789
6612,CTATATTAGAC,TTCTCACTCTTTAC,4,30,37,10,-1.3083328196501787
6613,CTATATTAGAC,TTCTCACTCTTTAC,4,40,49,14,-1.252762968495368
6614,CTATATTAGAC,TTCTCACTCTTTAC,4,50,60,26,-0.8362480242006186
6615,CTATATTAGAC,TTCTCACTCTTTAC,4,60,71,16,-1.490091154801534
6616,CTATTAAACAA,TTAGCGCTTACAAA,2,2,6,2,-1.0986122886681098
6617,CTATTAAACAA,TTAGCGCTTACAAA,2,10,4,4,0.0
6618,CTATTAAACAA,TTAGCGCTTACAAA,2,15,16,1,-2.772588722239781
6619,CTATTAAACAA,TTAGCGCTTACAAA,2,20,9,1,-2.1972245773362196
6620,CTATTAAACAA,TTAGCGCTTACAAA,2,40,8,1,-2.0794415416798357
6621,CTATTAAACAA,TTAGCGCTTACAAA,2,50,13,1,-2.5649493574615367
6622,CTATTAAACAA,TTAGCGCTTACAAA,2,60,4,1,-1.3862943611198906
6623,CTATTAAACAA,TTAGCGCTTACAAA,3,10,12,1,-2.4849066497880004
6624,CTATTAAACAA,TTAGCGCTTACAAA,3,15,24,1,-3.1780538303479458
6625,CTATTAAACAA,TTAGCGCTTACAAA,3,20,3,1,-1.0986122886681098
6626,CTATTAAACAA,TTAGCGCTTACAAA,3,40,20,6,-1.203972804325936
6627,CTATTAAACAA,TTAGCGCTTACAAA,3,50,16,2,-2.0794415416798357
6628,CTATTAAACAA,TTAGCGCTTACAAA,3,60,8,3,-0.9808292530117262
6629,CTATTAAACAA,TTAGCGCTTACAAA,4,10,9,2,-1.5040773967762742
6630,CTATTAAACAA,TTAGCGCTTACAAA,4,15,21,1,-3.044522437723423
6631,CTATTAAACAA,TTAGCGCTTACAAA,4,40,6,3,-0.6931471805599453
6632,CTATTAAACAA,TTAGCGCTTACAAA,4,50,14,1,-2.6390573296152584
6633,CTATTAAACAA,TTAGCGCTTACAAA,4,60,12,1,-2.4849066497880004
6634,CTCACTAGACC,TTTGGACTTCATAG,2,0,7,1,-1.9459101490553132
6635,CTCACTAGACC,TTTGGACTTCATAG,2,2,14,3,-1.5404450409471488
6636,CTCACTAGACC,TTTGGACTTCATAG,2,5,9,2,-1.5040773967762742
6637,CTCACTAGACC,TTTGGACTTCATAG,2,10,5,13,0.9555114450274363
6638,CTCACTAGACC,TTTGGACTTCATAG,2,15,2,4,0.6931471805599453
6639,CTCACTAGACC,TTTGGACTTCATAG,2,20,12,22,0.6061358035703155
6640,CTCACTAGACC,TTTGGACTTCATAG,2,30,14,32,0.8266785731844679
6641,CTCACTAGACC,TTTGGACTTCATAG,2,40,4,14,1.252762968495368
6642,CTCACTAGACC,TTTGGACTTCATAG,2,50,8,47,1.7707060600302227
6643,CTCACTAGACC,TTTGGACTTCATAG,2,60,2,21,2.3513752571634776
6644,CTCACTAGACC,TTTGGACTTCATAG,3,2,10,3,-1.203972804325936
6645,CTCACTAGACC,TTTGGACTTCATAG,3,5,4,20,1.6094379124341003
6646,CTCACTAGACC,TTTGGACTTCATAG,3,10,6,2,-1.0986122886681098
6647,CTCACTAGACC,TTTGGACTTCATAG,3,15,8,1,-2.0794415416798357
6648,CTCACTAGACC,TTTGGACTTCATAG,3,20,3,57,2.9444389791664403
6649,CTCACTAGACC,TTTGGACTTCATAG,3,30,4,12,1.0986122886681096
6650,CTCACTAGACC,TTTGGACTTCATAG,3,40,8,32,1.3862943611198906
6651,CTCACTAGACC,TTTGGACTTCATAG,3,50,6,18,1.0986122886681096
6652,CTCACTAGACC,TTTGGACTTCATAG,3,60,31,8,-1.3545456628053103
6653,CTCACTAGACC,TTTGGACTTCATAG,4,0,5,1,-1.6094379124341003
6654,CTCACTAGACC,TTTGGACTTCATAG,4,2,1,1,0.0
6655,CTCACTAGACC,TTTGGACTTCATAG,4,10,1,3,1.0986122886681096
6656,CTCACTAGACC,TTTGGACTTCATAG,4,20,19,48,0.9267620317414504
6657,CTCACTAGACC,TTTGGACTTCATAG,4,30,11,15,0.3101549283038394
6658,CTCACTAGACC,TTTGGACTTCATAG,4,40,4,21,1.6582280766035322
6659,CTCACTAGACC,TTTGGACTTCATAG,4,50,5,18,1.2809338454620642
6660,CTCACTAGACC,TTTGGACTTCATAG,4,60,23,28,0.1967102942460543
6661,CTCAGAAAAAG,TATCCGTTTGGTTC,2,0,27,2,-2.6026896854443837
6662,CTCAGAAAAAG,TATCCGTTTGGTTC,2,2,20,2,-2.3025850929940455
6663,CTCAGAAAAAG,TATCCGTTTGGTTC,2,10,17,2,-2.1400661634962708
6664,CTCAGAAAAAG,TATCCGTTTGGTTC,2,15,29,19,-0.4228568508200336
6665,CTCAGAAAAAG,TATCCGTTTGGTTC,2,20,22,10,-0.7884573603642702
6666,CTCAGAAAAAG,TATCCGTTTGGTTC,2,30,36,25,-0.3646431135879093
6667,CTCAGAAAAAG,TATCCGTTTGGTTC,2,40,16,20,0.22314355131420974
6668,CTCAGAAAAAG,TATCCGTTTGGTTC,2,50,34,61,0.5845133395571499
6669,CTCAGAAAAAG,TATCCGTTTGGTTC,2,60,25,22,-0.12783337150988489
6670,CTCAGAAAAAG,TATCCGTTTGGTTC,3,0,21,2,-2.3513752571634776
6671,CTCAGAAAAAG,TATCCGTTTGGTTC,3,2,22,6,-1.2992829841302609
6672,CTCAGAAAAAG,TATCCGTTTGGTTC,3,5,17,1,-2.833213344056216
6673,CTCAGAAAAAG,TATCCGTTTGGTTC,3,10,25,6,-1.4271163556401458
6674,CTCAGAAAAAG,TATCCGTTTGGTTC,3,15,31,11,-1.0360919316867756
6675,CTCAGAAAAAG,TATCCGTTTGGTTC,3,20,11,18,0.4924764850977942
6676,CTCAGAAAAAG,TATCCGTTTGGTTC,3,30,24,35,0.37729423114146804
6677,CTCAGAAAAAG,TATCCGTTTGGTTC,3,40,34,27,-0.23052365861183238
6678,CTCAGAAAAAG,TATCCGTTTGGTTC,3,50,43,35,-0.20585205420414876
6679,CTCAGAAAAAG,TATCCGTTTGGTTC,3,60,9,15,0.5108256237659907
6680,CTCAGAAAAAG,TATCCGTTTGGTTC,4,2,24,1,-3.1780538303479458
6681,CTCAGAAAAAG,TATCCGTTTGGTTC,4,10,25,5,-1.6094379124341003
6682,CTCAGAAAAAG,TATCCGTTTGGTTC,4,15,18,11,-0.49247648509779407
6683,CTCAGAAAAAG,TATCCGTTTGGTTC,4,20,21,15,-0.3364722366212129
6684,CTCAGAAAAAG,TATCCGTTTGGTTC,4,30,21,16,-0.2719337154836418
6685,CTCAGAAAAAG,TATCCGTTTGGTTC,4,40,26,19,-0.3136575588550416
6686,CTCAGAAAAAG,TATCCGTTTGGTTC,4,50,23,30,0.2657031657330057
6687,CTCAGAAAAAG,TATCCGTTTGGTTC,4,60,32,27,-0.16989903679539747
6688,CTCAGCGGTTT,GCTATACCCGCGAC,2,0,6,1,-1.791759469228055
6689,CTCAGCGGTTT,GCTATACCCGCGAC,2,2,6,1,-1.791759469228055
6690,CTCAGCGGTTT,GCTATACCCGCGAC,2,15,5,2,-0.916290731874155
6691,CTCAGCGGTTT,GCTATACCCGCGAC,2,20,5,4,-0.2231435513142097
6692,CTCAGCGGTTT,GCTATACCCGCGAC,2,30,23,11,-0.7375989431307791
6693,CTCAGCGGTTT,GCTATACCCGCGAC,2,40,2,1,-0.6931471805599453
6694,CTCAGCGGTTT,GCTATACCCGCGAC,2,60,9,1,-2.1972245773362196
6695,CTCAGCGGTTT,GCTATACCCGCGAC,3,0,10,1,-2.3025850929940455
6696,CTCAGCGGTTT,GCTATACCCGCGAC,3,10,5,3,-0.5108256237659907
6697,CTCAGCGGTTT,GCTATACCCGCGAC,3,15,6,2,-1.0986122886681098
6698,CTCAGCGGTTT,GCTATACCCGCGAC,3,20,5,12,0.8754687373538999
6699,CTCAGCGGTTT,GCTATACCCGCGAC,3,30,4,1,-1.3862943611198906
6700,CTCAGCGGTTT,GCTATACCCGCGAC,3,40,9,1,-2.1972245773362196
6701,CTCAGCGGTTT,GCTATACCCGCGAC,3,50,10,5,-0.6931471805599453
6702,CTCAGCGGTTT,GCTATACCCGCGAC,4,20,10,2,-1.6094379124341003
6703,CTCAGCGGTTT,GCTATACCCGCGAC,4,30,7,5,-0.3364722366212129
6704,CTCAGCGGTTT,GCTATACCCGCGAC,4,50,2,2,0.0
6705,CTCATTTTATT,CTTGTTTAGCGGGT,2,0,3,1,-1.0986122886681098
6706,CTCATTTTATT,CTTGTTTAGCGGGT,2,5,19,2,-2.2512917986064953
6707,CTCATTTTATT,CTTGTTTAGCGGGT,2,10,6,2,-1.0986122886681098
6708,CTCATTTTATT,CTTGTTTAGCGGGT,2,15,4,2,-0.6931471805599453
6709,CTCATTTTATT,CTTGTTTAGCGGGT,2,40,5,3,-0.5108256237659907
6710,CTCATTTTATT,CTTGTTTAGCGGGT,2,50,7,1,-1.9459101490553132
6711,CTCATTTTATT,CTTGTTTAGCGGGT,2,60,11,2,-1.7047480922384253
6712,CTCATTTTATT,CTTGTTTAGCGGGT,3,0,11,1,-2.3978952727983707
6713,CTCATTTTATT,CTTGTTTAGCGGGT,3,5,19,1,-2.9444389791664403
6714,CTCATTTTATT,CTTGTTTAGCGGGT,3,10,11,2,-1.7047480922384253
6715,CTCATTTTATT,CTTGTTTAGCGGGT,3,20,16,1,-2.772588722239781
6716,CTCATTTTATT,CTTGTTTAGCGGGT,3,40,18,9,-0.6931471805599453
6717,CTCATTTTATT,CTTGTTTAGCGGGT,3,50,12,2,-1.791759469228055
6718,CTCATTTTATT,CTTGTTTAGCGGGT,3,60,1,3,1.0986122886681096
6719,CTCATTTTATT,CTTGTTTAGCGGGT,4,0,11,2,-1.7047480922384253
6720,CTCATTTTATT,CTTGTTTAGCGGGT,4,10,12,1,-2.4849066497880004
6721,CTCATTTTATT,CTTGTTTAGCGGGT,4,15,3,3,0.0
6722,CTCATTTTATT,CTTGTTTAGCGGGT,4,30,5,1,-1.6094379124341003
6723,CTCATTTTATT,CTTGTTTAGCGGGT,4,40,5,1,-1.6094379124341003
6724,CTCATTTTATT,CTTGTTTAGCGGGT,4,50,11,2,-1.7047480922384253
6725,CTCCATTTACT,ACATCACAACAATG,2,0,237,16,-2.69547141889535
6726,CTCCATTTACT,ACATCACAACAATG,2,2,240,10,-3.1780538303479458
6727,CTCCATTTACT,ACATCACAACAATG,2,5,175,8,-3.085344432243678
6728,CTCCATTTACT,ACATCACAACAATG,2,10,242,25,-2.2700619012884857
6729,CTCCATTTACT,ACATCACAACAATG,2,15,309,32,-2.267605374098019
6730,CTCCATTTACT,ACATCACAACAATG,2,20,206,44,-1.54368653487132
6731,CTCCATTTACT,ACATCACAACAATG,2,30,286,83,-1.2371512030232545
6732,CTCCATTTACT,ACATCACAACAATG,2,40,209,101,-0.7272137351235515
6733,CTCCATTTACT,ACATCACAACAATG,2,50,321,141,-0.8226812327518476
6734,CTCCATTTACT,ACATCACAACAATG,2,60,212,113,-0.6291984559596717
6735,CTCCATTTACT,ACATCACAACAATG,3,0,207,26,-2.074622255243887
6736,CTCCATTTACT,ACATCACAACAATG,3,2,180,14,-2.5538995212749516
6737,CTCCATTTACT,ACATCACAACAATG,3,5,231,31,-2.008430506036647
6738,CTCCATTTACT,ACATCACAACAATG,3,10,235,23,-2.3240912982150093
6739,CTCCATTTACT,ACATCACAACAATG,3,15,240,32,-2.0149030205422647
6740,CTCCATTTACT,ACATCACAACAATG,3,20,256,47,-1.6950298427695039
6741,CTCCATTTACT,ACATCACAACAATG,3,30,162,35,-1.5322482737429703
6742,CTCCATTTACT,ACATCACAACAATG,3,40,287,109,-0.9681343335304774
6743,CTCCATTTACT,ACATCACAACAATG,3,50,246,81,-1.110882381259924
6744,CTCCATTTACT,ACATCACAACAATG,3,60,189,86,-0.7873997188061347
6745,CTCCATTTACT,ACATCACAACAATG,4,0,177,13,-2.611200375112292
6746,CTCCATTTACT,ACATCACAACAATG,4,2,226,28,-2.088330489097082
6747,CTCCATTTACT,ACATCACAACAATG,4,5,155,6,-3.2516656476911914
6748,CTCCATTTACT,ACATCACAACAATG,4,10,203,19,-2.368766999875347
6749,CTCCATTTACT,ACATCACAACAATG,4,15,190,25,-2.028148247292285
6750,CTCCATTTACT,ACATCACAACAATG,4,20,206,42,-1.5902065505062128
6751,CTCCATTTACT,ACATCACAACAATG,4,30,268,73,-1.3005275393624656
6752,CTCCATTTACT,ACATCACAACAATG,4,40,225,97,-0.8413894237010373
6753,CTCCATTTACT,ACATCACAACAATG,4,50,284,132,-0.7661723155748352
6754,CTCCATTTACT,ACATCACAACAATG,4,60,201,101,-0.6881843912178162
6755,CTCCCCCAACA,ACTCTACTCCTGAC,2,0,20,1,-2.995732273553991
6756,CTCCCCCAACA,ACTCTACTCCTGAC,2,10,1,1,0.0
6757,CTCCCCCAACA,ACTCTACTCCTGAC,2,30,22,1,-3.0910424533583156
6758,CTCCCCCAACA,ACTCTACTCCTGAC,2,40,17,2,-2.1400661634962708
6759,CTCCCCCAACA,ACTCTACTCCTGAC,2,60,5,3,-0.5108256237659907
6760,CTCCCCCAACA,ACTCTACTCCTGAC,3,5,16,3,-1.6739764335716716
6761,CTCCCCCAACA,ACTCTACTCCTGAC,3,15,35,3,-2.456735772821304
6762,CTCCCCCAACA,ACTCTACTCCTGAC,3,20,13,4,-1.178654996341646
6763,CTCCCCCAACA,ACTCTACTCCTGAC,3,40,26,1,-3.2580965380214817
6764,CTCCCCCAACA,ACTCTACTCCTGAC,3,50,30,1,-3.4011973816621555
6765,CTCCCCCAACA,ACTCTACTCCTGAC,3,60,4,1,-1.3862943611198906
6766,CTCCCCCAACA,ACTCTACTCCTGAC,4,2,4,1,-1.3862943611198906
6767,CTCCCCCAACA,ACTCTACTCCTGAC,4,5,8,2,-1.3862943611198906
6768,CTCCCCCAACA,ACTCTACTCCTGAC,4,10,14,2,-1.9459101490553132
6769,CTCCCCCAACA,ACTCTACTCCTGAC,4,15,26,1,-3.2580965380214817
6770,CTCCCCCAACA,ACTCTACTCCTGAC,4,20,4,1,-1.3862943611198906
6771,CTCCCCCAACA,ACTCTACTCCTGAC,4,30,12,2,-1.791759469228055
6772,CTCCCCCAACA,ACTCTACTCCTGAC,4,50,14,1,-2.6390573296152584
6773,CTCCTGCCCAC,GCAACACACTAACG,2,0,6,7,0.15415067982725836
6774,CTCCTGCCCAC,GCAACACACTAACG,2,2,9,5,-0.587786664902119
6775,CTCCTGCCCAC,GCAACACACTAACG,2,5,8,2,-1.3862943611198906
6776,CTCCTGCCCAC,GCAACACACTAACG,2,10,17,8,-0.7537718023763802
6777,CTCCTGCCCAC,GCAACACACTAACG,2,15,22,8,-1.0116009116784799
6778,CTCCTGCCCAC,GCAACACACTAACG,2,20,10,10,0.0
6779,CTCCTGCCCAC,GCAACACACTAACG,2,30,14,27,0.6567795363890705
6780,CTCCTGCCCAC,GCAACACACTAACG,2,40,9,13,0.36772478012531734
6781,CTCCTGCCCAC,GCAACACACTAACG,2,50,8,19,0.8649974374866045
6782,CTCCTGCCCAC,GCAACACACTAACG,2,60,5,20,1.3862943611198906
6783,CTCCTGCCCAC,GCAACACACTAACG,3,0,9,8,-0.11778303565638351
6784,CTCCTGCCCAC,GCAACACACTAACG,3,2,3,7,0.8472978603872037
6785,CTCCTGCCCAC,GCAACACACTAACG,3,5,14,3,-1.5404450409471488
6786,CTCCTGCCCAC,GCAACACACTAACG,3,10,17,8,-0.7537718023763802
6787,CTCCTGCCCAC,GCAACACACTAACG,3,15,11,9,-0.2006706954621511
6788,CTCCTGCCCAC,GCAACACACTAACG,3,20,29,13,-0.8023464725249373
6789,CTCCTGCCCAC,GCAACACACTAACG,3,30,6,13,0.7731898882334817
6790,CTCCTGCCCAC,GCAACACACTAACG,3,40,33,18,-0.6061358035703156
6791,CTCCTGCCCAC,GCAACACACTAACG,3,50,21,14,-0.40546510810816444
6792,CTCCTGCCCAC,GCAACACACTAACG,3,60,15,13,-0.1431008436406733
6793,CTCCTGCCCAC,GCAACACACTAACG,4,0,10,6,-0.5108256237659907
6794,CTCCTGCCCAC,GCAACACACTAACG,4,2,20,5,-1.3862943611198906
6795,CTCCTGCCCAC,GCAACACACTAACG,4,5,12,5,-0.8754687373538999
6796,CTCCTGCCCAC,GCAACACACTAACG,4,10,27,12,-0.8109302162163288
6797,CTCCTGCCCAC,GCAACACACTAACG,4,15,16,9,-0.5753641449035618
6798,CTCCTGCCCAC,GCAACACACTAACG,4,20,18,15,-0.1823215567939546
6799,CTCCTGCCCAC,GCAACACACTAACG,4,30,13,11,-0.1670540846631662
6800,CTCCTGCCCAC,GCAACACACTAACG,4,40,12,15,0.22314355131420974
6801,CTCCTGCCCAC,GCAACACACTAACG,4,50,1,18,2.8903717578961645
6802,CTCCTGCCCAC,GCAACACACTAACG,4,60,11,14,0.24116205681688804
6803,CTCGTGTCAAA,AGAATTCATAAATA,2,20,1,15,2.70805020110221
6804,CTCTGTCGACA,TCAGCTAATAAGAT,2,50,1,84,4.430816798843313
6805,CTCTTTCCACG,CACCTCCACCCCCT,3,20,1,1,0.0
6806,CTCTTTCCACG,CACCTCCACCCCCT,4,15,1,3,1.0986122886681096
6807,CTCTTTCCACG,CACCTCCACCCCCT,4,60,1,3,1.0986122886681096
6808,CTGCTCACTCT,ACACACAATTATTA,2,2,5,1,-1.6094379124341003
6809,CTGCTCACTCT,ACACACAATTATTA,2,15,26,9,-1.0608719606852626
6810,CTGCTCACTCT,ACACACAATTATTA,2,20,12,37,1.1260112628562242
6811,CTGCTCACTCT,ACACACAATTATTA,2,30,15,16,0.06453852113757116
6812,CTGCTCACTCT,ACACACAATTATTA,2,40,13,10,-0.262364264467491
6813,CTGCTCACTCT,ACACACAATTATTA,2,50,15,12,-0.2231435513142097
6814,CTGCTCACTCT,ACACACAATTATTA,2,60,3,3,0.0
6815,CTGCTCACTCT,ACACACAATTATTA,3,10,36,12,-1.0986122886681098
6816,CTGCTCACTCT,ACACACAATTATTA,3,15,8,5,-0.4700036292457356
6817,CTGCTCACTCT,ACACACAATTATTA,3,20,19,4,-1.55814461804655
6818,CTGCTCACTCT,ACACACAATTATTA,3,30,23,22,-0.0444517625708338
6819,CTGCTCACTCT,ACACACAATTATTA,3,40,17,40,0.8556661100577202
6820,CTGCTCACTCT,ACACACAATTATTA,3,50,26,25,-0.03922071315328127
6821,CTGCTCACTCT,ACACACAATTATTA,3,60,18,12,-0.40546510810816444
6822,CTGCTCACTCT,ACACACAATTATTA,4,10,20,4,-1.6094379124341003
6823,CTGCTCACTCT,ACACACAATTATTA,4,15,22,11,-0.6931471805599453
6824,CTGCTCACTCT,ACACACAATTATTA,4,20,21,38,0.5930637220029628
6825,CTGCTCACTCT,ACACACAATTATTA,4,30,15,15,0.0
6826,CTGCTCACTCT,ACACACAATTATTA,4,40,22,30,0.3101549283038394
6827,CTGCTCACTCT,ACACACAATTATTA,4,50,12,23,0.6505875661411494
6828,CTGCTCACTCT,ACACACAATTATTA,4,60,18,55,1.1169614273363062
6829,CTGGATCTCAA,ACACTACTTCCCGA,2,50,1,10,2.3025850929940455
6830,CTGGATCTCAA,ACACTACTTCCCGA,3,10,1,10,2.3025850929940455
6831,CTGGATCTCAA,ACACTACTTCCCGA,4,50,1,8,2.0794415416798357
6832,CTGGCAAATAT,TACACGCGCAAGAC,2,2,1,10,2.3025850929940455
6833,CTGGCAAATAT,TACACGCGCAAGAC,2,5,1,11,2.3978952727983707
6834,CTGGCAAATAT,TACACGCGCAAGAC,4,40,1,268,5.5909869805108565
6835,CTGGCAAATAT,TACACGCGCAAGAC,4,60,2,177,4.483002552013883
6836,CTGGGCGACGA,TTGTTTCGGCAAAC,2,2,23,3,-2.03688192726104
6837,CTGGGCGACGA,TTGTTTCGGCAAAC,2,10,18,14,-0.25131442828090605
6838,CTGGGCGACGA,TTGTTTCGGCAAAC,2,20,20,9,-0.7985076962177715
6839,CTGGGCGACGA,TTGTTTCGGCAAAC,2,30,2,1,-0.6931471805599453
6840,CTGGGCGACGA,TTGTTTCGGCAAAC,2,40,10,1,-2.3025850929940455
6841,CTGGGCGACGA,TTGTTTCGGCAAAC,2,50,14,3,-1.5404450409471488
6842,CTGGGCGACGA,TTGTTTCGGCAAAC,2,60,15,6,-0.916290731874155
6843,CTGGGCGACGA,TTGTTTCGGCAAAC,3,2,4,1,-1.3862943611198906
6844,CTGGGCGACGA,TTGTTTCGGCAAAC,3,5,7,2,-1.252762968495368
6845,CTGGGCGACGA,TTGTTTCGGCAAAC,3,15,31,12,-0.9490805546971459
6846,CTGGGCGACGA,TTGTTTCGGCAAAC,3,20,7,4,-0.5596157879354227
6847,CTGGGCGACGA,TTGTTTCGGCAAAC,3,30,5,1,-1.6094379124341003
6848,CTGGGCGACGA,TTGTTTCGGCAAAC,3,40,11,2,-1.7047480922384253
6849,CTGGGCGACGA,TTGTTTCGGCAAAC,3,60,10,4,-0.916290731874155
6850,CTGGGCGACGA,TTGTTTCGGCAAAC,4,2,15,4,-1.3217558399823195
6851,CTGGGCGACGA,TTGTTTCGGCAAAC,4,5,9,1,-2.1972245773362196
6852,CTGGGCGACGA,TTGTTTCGGCAAAC,4,10,7,1,-1.9459101490553132
6853,CTGGGCGACGA,TTGTTTCGGCAAAC,4,15,16,6,-0.9808292530117262
6854,CTGGGCGACGA,TTGTTTCGGCAAAC,4,20,2,2,0.0
6855,CTGGGCGACGA,TTGTTTCGGCAAAC,4,40,14,8,-0.5596157879354227
6856,CTGGGCGACGA,TTGTTTCGGCAAAC,4,50,12,2,-1.791759469228055
6857,CTGGGCGACGA,TTGTTTCGGCAAAC,4,60,22,7,-1.1451323043030026
6858,CTGGGTTTACG,GTGGAGAGGTCTCG,3,10,1,4,1.3862943611198906
6859,CTGGGTTTACG,GTGGAGAGGTCTCG,4,60,1,11,2.3978952727983707
6860,CTGTACCTTTT,TTACCCTCTACCGT,2,5,1,3,1.0986122886681096
6861,CTGTACCTTTT,TTACCCTCTACCGT,2,15,1,5,1.6094379124341003
6862,CTGTACCTTTT,TTACCCTCTACCGT,2,30,1,4,1.3862943611198906
6863,CTGTTACTAGA,CACCTGCCCCCGTA,4,15,1,8,2.0794415416798357
6864,CTGTTACTAGA,CACCTGCCCCCGTA,4,60,1,8,2.0794415416798357
6865,CTTAAACTCTC,TCTGGATGGAGGCC,3,40,1,7,1.9459101490553132
6866,CTTAAACTCTC,TCTGGATGGAGGCC,4,60,1,15,2.70805020110221
6867,CTTAATGTGCA,TAGTCGTCGAATGA,2,30,4,1,-1.3862943611198906
6868,CTTAATGTGCA,TAGTCGTCGAATGA,3,10,2,1,-0.6931471805599453
6869,CTTAATGTGCA,TAGTCGTCGAATGA,3,50,1,1,0.0
6870,CTTAATGTGCA,TAGTCGTCGAATGA,4,2,2,1,-0.6931471805599453
6871,CTTAATGTGCA,TAGTCGTCGAATGA,4,10,5,1,-1.6094379124341003
6872,CTTAATGTGCA,TAGTCGTCGAATGA,4,50,11,2,-1.7047480922384253
6873,CTTACATTCTT,CCATCCTAACCTAC,2,30,3,1,-1.0986122886681098
6874,CTTACATTCTT,CCATCCTAACCTAC,2,60,8,1,-2.0794415416798357
6875,CTTACATTCTT,CCATCCTAACCTAC,3,50,7,3,-0.8472978603872037
6876,CTTACATTCTT,CCATCCTAACCTAC,4,10,7,1,-1.9459101490553132
6877,CTTACATTCTT,CCATCCTAACCTAC,4,15,5,1,-1.6094379124341003
6878,CTTACATTCTT,CCATCCTAACCTAC,4,50,8,1,-2.0794415416798357
6879,CTTACGAGCGA,GTAATGTTACGTTG,2,0,21,2,-2.3513752571634776
6880,CTTACGAGCGA,GTAATGTTACGTTG,2,2,36,1,-3.58351893845611
6881,CTTACGAGCGA,GTAATGTTACGTTG,2,5,17,2,-2.1400661634962708
6882,CTTACGAGCGA,GTAATGTTACGTTG,2,10,53,7,-2.0243817644968085
6883,CTTACGAGCGA,GTAATGTTACGTTG,2,15,61,10,-1.8082887711792657
6884,CTTACGAGCGA,GTAATGTTACGTTG,2,20,38,5,-2.028148247292285
6885,CTTACGAGCGA,GTAATGTTACGTTG,2,30,47,9,-1.652923024373839
6886,CTTACGAGCGA,GTAATGTTACGTTG,2,40,31,6,-1.6422277352570913
6887,CTTACGAGCGA,GTAATGTTACGTTG,2,50,51,6,-2.1400661634962708
6888,CTTACGAGCGA,GTAATGTTACGTTG,2,60,68,15,-1.5114575040738967
6889,CTTACGAGCGA,GTAATGTTACGTTG,3,0,28,4,-1.9459101490553132
6890,CTTACGAGCGA,GTAATGTTACGTTG,3,2,27,4,-1.9095425048844383
6891,CTTACGAGCGA,GTAATGTTACGTTG,3,5,38,9,-1.4403615823901663
6892,CTTACGAGCGA,GTAATGTTACGTTG,3,10,52,9,-1.754019141245208
6893,CTTACGAGCGA,GTAATGTTACGTTG,3,15,74,9,-2.10684051586795
6894,CTTACGAGCGA,GTAATGTTACGTTG,3,20,53,5,-2.3608540011180215
6895,CTTACGAGCGA,GTAATGTTACGTTG,3,30,18,5,-1.2809338454620642
6896,CTTACGAGCGA,GTAATGTTACGTTG,3,40,27,5,-1.6863989535702286
6897,CTTACGAGCGA,GTAATGTTACGTTG,3,50,38,8,-1.55814461804655
6898,CTTACGAGCGA,GTAATGTTACGTTG,3,60,19,2,-2.2512917986064953
6899,CTTACGAGCGA,GTAATGTTACGTTG,4,0,45,4,-2.420368128650429
6900,CTTACGAGCGA,GTAATGTTACGTTG,4,2,52,3,-2.8526314299133175
6901,CTTACGAGCGA,GTAATGTTACGTTG,4,5,42,4,-2.3513752571634776
6902,CTTACGAGCGA,GTAATGTTACGTTG,4,10,60,6,-2.3025850929940455
6903,CTTACGAGCGA,GTAATGTTACGTTG,4,15,45,3,-2.70805020110221
6904,CTTACGAGCGA,GTAATGTTACGTTG,4,20,43,7,-1.815289966638249
6905,CTTACGAGCGA,GTAATGTTACGTTG,4,30,54,2,-3.295836866004329
6906,CTTACGAGCGA,GTAATGTTACGTTG,4,40,63,14,-1.5040773967762742
6907,CTTACGAGCGA,GTAATGTTACGTTG,4,50,63,7,-2.1972245773362196
6908,CTTACGAGCGA,GTAATGTTACGTTG,4,60,71,11,-1.8647846042429448
6909,CTTATACGATA,TGAAAGGACTAACC,2,10,2,3,0.4054651081081644
6910,CTTATACGATA,TGAAAGGACTAACC,2,20,11,3,-1.2992829841302609
6911,CTTATACGATA,TGAAAGGACTAACC,2,30,18,7,-0.9444616088408513
6912,CTTATACGATA,TGAAAGGACTAACC,2,40,13,3,-1.466337068793427
6913,CTTATACGATA,TGAAAGGACTAACC,2,50,5,1,-1.6094379124341003
6914,CTTATACGATA,TGAAAGGACTAACC,2,60,10,6,-0.5108256237659907
6915,CTTATACGATA,TGAAAGGACTAACC,3,15,4,1,-1.3862943611198906
6916,CTTATACGATA,TGAAAGGACTAACC,3,60,6,10,0.5108256237659907
6917,CTTATACGATA,TGAAAGGACTAACC,4,2,21,4,-1.6582280766035324
6918,CTTATACGATA,TGAAAGGACTAACC,4,10,39,8,-1.5841201044498106
6919,CTTATACGATA,TGAAAGGACTAACC,4,20,5,4,-0.2231435513142097
6920,CTTATACGATA,TGAAAGGACTAACC,4,50,4,4,0.0
6921,CTTATAGCCTT,TGACGTTAACAACC,2,0,12,3,-1.3862943611198906
6922,CTTATAGCCTT,TGACGTTAACAACC,2,2,31,1,-3.4339872044851463
6923,CTTATAGCCTT,TGACGTTAACAACC,2,5,32,7,-1.519825753744413
6924,CTTATAGCCTT,TGACGTTAACAACC,2,15,42,6,-1.9459101490553132
6925,CTTATAGCCTT,TGACGTTAACAACC,2,20,26,7,-1.3121863889661687
6926,CTTATAGCCTT,TGACGTTAACAACC,2,30,24,7,-1.2321436812926323
6927,CTTATAGCCTT,TGACGTTAACAACC,2,40,16,4,-1.3862943611198906
6928,CTTATAGCCTT,TGACGTTAACAACC,2,50,38,5,-2.028148247292285
6929,CTTATAGCCTT,TGACGTTAACAACC,2,60,45,4,-2.420368128650429
6930,CTTATAGCCTT,TGACGTTAACAACC,3,0,18,1,-2.8903717578961645
6931,CTTATAGCCTT,TGACGTTAACAACC,3,2,18,5,-1.2809338454620642
6932,CTTATAGCCTT,TGACGTTAACAACC,3,5,20,3,-1.8971199848858813
6933,CTTATAGCCTT,TGACGTTAACAACC,3,15,17,1,-2.833213344056216
6934,CTTATAGCCTT,TGACGTTAACAACC,3,20,14,3,-1.5404450409471488
6935,CTTATAGCCTT,TGACGTTAACAACC,3,30,21,1,-3.044522437723423
6936,CTTATAGCCTT,TGACGTTAACAACC,3,40,19,4,-1.55814461804655
6937,CTTATAGCCTT,TGACGTTAACAACC,3,50,22,1,-3.0910424533583156
6938,CTTATAGCCTT,TGACGTTAACAACC,3,60,10,2,-1.6094379124341003
6939,CTTATAGCCTT,TGACGTTAACAACC,4,2,19,5,-1.3350010667323402
6940,CTTATAGCCTT,TGACGTTAACAACC,4,10,42,3,-2.6390573296152584
6941,CTTATAGCCTT,TGACGTTAACAACC,4,15,16,2,-2.0794415416798357
6942,CTTATAGCCTT,TGACGTTAACAACC,4,20,23,1,-3.1354942159291497
6943,CTTATAGCCTT,TGACGTTAACAACC,4,30,40,5,-2.0794415416798357
6944,CTTATAGCCTT,TGACGTTAACAACC,4,40,11,4,-1.0116009116784799
6945,CTTATAGCCTT,TGACGTTAACAACC,4,50,21,2,-2.3513752571634776
6946,CTTATAGCCTT,TGACGTTAACAACC,4,60,23,5,-1.5260563034950494
6947,CTTATAGGAAG,CACAATGGGCGTTC,2,60,3,37,2.512305623976115
6948,CTTATAGGAAG,CACAATGGGCGTTC,3,0,1,4,1.3862943611198906
6949,CTTATAGGAAG,CACAATGGGCGTTC,3,5,1,4,1.3862943611198906
6950,CTTATAGGAAG,CACAATGGGCGTTC,3,50,1,58,4.060443010546419
6951,CTTATAGGAAG,CACAATGGGCGTTC,4,20,1,9,2.197224577336219
6952,CTTATAGGAAG,CACAATGGGCGTTC,4,60,2,35,2.862200880929468
6953,CTTCTCACCTG,TTAGTGCCACGGAA,2,50,1,21,3.044522437723423
6954,CTTCTCACCTG,TTAGTGCCACGGAA,3,20,1,18,2.8903717578961645
6955,CTTCTCACCTG,TTAGTGCCACGGAA,4,10,1,13,2.5649493574615367
6956,CTTGGAGGTGA,GTAATCTTGGTTAC,2,0,163,17,-2.260536856750546
6957,CTTGGAGGTGA,GTAATCTTGGTTAC,2,2,140,19,-1.9972034434428638
6958,CTTGGAGGTGA,GTAATCTTGGTTAC,2,5,138,10,-2.6246685921631587
6959,CTTGGAGGTGA,GTAATCTTGGTTAC,2,10,196,27,-1.9822777932261881
6960,CTTGGAGGTGA,GTAATCTTGGTTAC,2,15,207,24,-2.1546649629174235
6961,CTTGGAGGTGA,GTAATCTTGGTTAC,2,20,204,30,-1.9169226121820608
6962,CTTGGAGGTGA,GTAATCTTGGTTAC,2,30,158,18,-2.172223275130802
6963,CTTGGAGGTGA,GTAATCTTGGTTAC,2,40,183,30,-1.8082887711792657
6964,CTTGGAGGTGA,GTAATCTTGGTTAC,2,50,211,29,-1.9845623034895923
6965,CTTGGAGGTGA,GTAATCTTGGTTAC,2,60,165,34,-1.5795849492844192
6966,CTTGGAGGTGA,GTAATCTTGGTTAC,3,0,196,25,-2.0592388343623163
6967,CTTGGAGGTGA,GTAATCTTGGTTAC,3,2,130,14,-2.228477120840324
6968,CTTGGAGGTGA,GTAATCTTGGTTAC,3,5,189,16,-2.469158292819861
6969,CTTGGAGGTGA,GTAATCTTGGTTAC,3,10,238,24,-2.294216843323529
6970,CTTGGAGGTGA,GTAATCTTGGTTAC,3,15,167,23,-1.9824995964876053
6971,CTTGGAGGTGA,GTAATCTTGGTTAC,3,20,259,26,-2.2987315236780557
6972,CTTGGAGGTGA,GTAATCTTGGTTAC,3,30,179,12,-2.7024791560527546
6973,CTTGGAGGTGA,GTAATCTTGGTTAC,3,40,186,34,-1.6993861490970397
6974,CTTGGAGGTGA,GTAATCTTGGTTAC,3,50,171,27,-1.8458266904983307
6975,CTTGGAGGTGA,GTAATCTTGGTTAC,3,60,180,28,-1.8607523407150064
6976,CTTGGAGGTGA,GTAATCTTGGTTAC,4,0,123,13,-2.2472349979108808
6977,CTTGGAGGTGA,GTAATCTTGGTTAC,4,2,150,18,-2.120263536200091
6978,CTTGGAGGTGA,GTAATCTTGGTTAC,4,5,140,17,-2.108429078553088
6979,CTTGGAGGTGA,GTAATCTTGGTTAC,4,10,162,22,-1.9965538818740682
6980,CTTGGAGGTGA,GTAATCTTGGTTAC,4,15,209,27,-2.046497385960482
6981,CTTGGAGGTGA,GTAATCTTGGTTAC,4,20,143,19,-2.0184056510934667
6982,CTTGGAGGTGA,GTAATCTTGGTTAC,4,30,149,25,-1.7850704810772582
6983,CTTGGAGGTGA,GTAATCTTGGTTAC,4,40,143,32,-1.4971087274601806
6984,CTTGGAGGTGA,GTAATCTTGGTTAC,4,50,144,40,-1.2809338454620642
6985,CTTGGAGGTGA,GTAATCTTGGTTAC,4,60,158,27,-1.7667581670226378
6986,CTTTATCACTA,CCCTAGATTAGGCC,2,0,42,3,-2.6390573296152584
6987,CTTTATCACTA,CCCTAGATTAGGCC,2,2,45,5,-2.1972245773362196
6988,CTTTATCACTA,CCCTAGATTAGGCC,2,5,39,1,-3.6635616461296463
6989,CTTTATCACTA,CCCTAGATTAGGCC,2,10,67,9,-2.0074680420547466
6990,CTTTATCACTA,CCCTAGATTAGGCC,2,15,102,11,-2.2270775404859005
6991,CTTTATCACTA,CCCTAGATTAGGCC,2,20,56,8,-1.9459101490553132
6992,CTTTATCACTA,CCCTAGATTAGGCC,2,30,51,7,-1.9859154836690123
6993,CTTTATCACTA,CCCTAGATTAGGCC,2,40,64,6,-2.367123614131617
6994,CTTTATCACTA,CCCTAGATTAGGCC,2,50,38,9,-1.4403615823901663
6995,CTTTATCACTA,CCCTAGATTAGGCC,2,60,24,2,-2.4849066497880004
6996,CTTTATCACTA,CCCTAGATTAGGCC,3,0,45,1,-3.8066624897703196
6997,CTTTATCACTA,CCCTAGATTAGGCC,3,2,36,1,-3.58351893845611
6998,CTTTATCACTA,CCCTAGATTAGGCC,3,5,51,12,-1.4469189829363254
6999,CTTTATCACTA,CCCTAGATTAGGCC,3,10,57,4,-2.6567569067146595
7000,CTTTATCACTA,CCCTAGATTAGGCC,3,15,53,11,-1.5723966407537513
7001,CTTTATCACTA,CCCTAGATTAGGCC,3,20,32,7,-1.519825753744413
7002,CTTTATCACTA,CCCTAGATTAGGCC,3,30,32,2,-2.772588722239781
7003,CTTTATCACTA,CCCTAGATTAGGCC,3,40,74,21,-1.2595426554807467
7004,CTTTATCACTA,CCCTAGATTAGGCC,3,50,33,6,-1.7047480922384253
7005,CTTTATCACTA,CCCTAGATTAGGCC,3,60,49,8,-1.8123787564307907
7006,CTTTATCACTA,CCCTAGATTAGGCC,4,0,56,4,-2.6390573296152584
7007,CTTTATCACTA,CCCTAGATTAGGCC,4,2,37,6,-1.8191584434161694
7008,CTTTATCACTA,CCCTAGATTAGGCC,4,5,38,3,-2.538973871058276
7009,CTTTATCACTA,CCCTAGATTAGGCC,4,10,61,5,-2.501435951739211
7010,CTTTATCACTA,CCCTAGATTAGGCC,4,15,24,2,-2.4849066497880004
7011,CTTTATCACTA,CCCTAGATTAGGCC,4,30,61,11,-1.7129785913749407
7012,CTTTATCACTA,CCCTAGATTAGGCC,4,40,55,14,-1.3682758556172123
7013,CTTTATCACTA,CCCTAGATTAGGCC,4,50,76,9,-2.1335087629501115
7014,CTTTATCACTA,CCCTAGATTAGGCC,4,60,46,10,-1.5260563034950494
7015,CTTTCTCTAAA,AGCGATCACAGGCT,3,10,1,9,2.197224577336219
7016,CTTTTAAGCGA,TAGTTAAAGAAGTA,2,15,79,1,-4.3694478524670215
7017,CTTTTAAGCGA,TAGTTAAAGAAGTA,2,20,88,1,-4.477336814478206
7018,CTTTTAAGCGA,TAGTTAAAGAAGTA,3,10,67,1,-4.204692619390966
7019,CTTTTAAGCGA,TAGTTAAAGAAGTA,3,15,82,2,-3.7135720667043075
7020,CTTTTAAGCGA,TAGTTAAAGAAGTA,3,30,123,2,-4.119037174812472
7021,CTTTTAAGCGA,TAGTTAAAGAAGTA,4,2,61,1,-4.110873864173311
7022,CTTTTAAGCGA,TAGTTAAAGAAGTA,4,10,65,1,-4.174387269895637
7023,CTTTTAAGCGA,TAGTTAAAGAAGTA,4,50,65,11,-1.7764919970972666
7024,CTTTTCAAACA,ACGTTAACTTCATT,4,15,1,58,4.060443010546419
7025,CTTTTGTTGCC,TCCCCAATGTCTCG,2,0,86,8,-2.3749057545736716
7026,CTTTTGTTGCC,TCCCCAATGTCTCG,2,2,82,11,-2.0088239744658822
7027,CTTTTGTTGCC,TCCCCAATGTCTCG,2,5,71,5,-2.653241964607215
7028,CTTTTGTTGCC,TCCCCAATGTCTCG,2,10,102,16,-1.8523840910444898
7029,CTTTTGTTGCC,TCCCCAATGTCTCG,2,15,84,17,-1.5976034547870974
7030,CTTTTGTTGCC,TCCCCAATGTCTCG,2,20,130,26,-1.6094379124341003
7031,CTTTTGTTGCC,TCCCCAATGTCTCG,2,30,107,17,-1.83961549040569
7032,CTTTTGTTGCC,TCCCCAATGTCTCG,2,40,134,18,-2.0074680420547466
7033,CTTTTGTTGCC,TCCCCAATGTCTCG,2,50,142,68,-0.7363193524251541
7034,CTTTTGTTGCC,TCCCCAATGTCTCG,2,60,92,28,-1.1895840668738362
7035,CTTTTGTTGCC,TCCCCAATGTCTCG,3,0,63,9,-1.9459101490553132
7036,CTTTTGTTGCC,TCCCCAATGTCTCG,3,2,69,13,-1.6691571471357225
7037,CTTTTGTTGCC,TCCCCAATGTCTCG,3,5,89,17,-1.6554230256759237
7038,CTTTTGTTGCC,TCCCCAATGTCTCG,3,10,85,13,-1.8777018990287795
7039,CTTTTGTTGCC,TCCCCAATGTCTCG,3,15,90,16,-1.7272209480904837
7040,CTTTTGTTGCC,TCCCCAATGTCTCG,3,20,148,24,-1.8191584434161694
7041,CTTTTGTTGCC,TCCCCAATGTCTCG,3,30,96,20,-1.5686159179138452
7042,CTTTTGTTGCC,TCCCCAATGTCTCG,3,40,61,19,-1.1664348850068706
7043,CTTTTGTTGCC,TCCCCAATGTCTCG,3,50,90,12,-2.0149030205422647
7044,CTTTTGTTGCC,TCCCCAATGTCTCG,3,60,83,17,-1.5856272637403819
7045,CTTTTGTTGCC,TCCCCAATGTCTCG,4,0,97,15,-1.8666607774011728
7046,CTTTTGTTGCC,TCCCCAATGTCTCG,4,2,123,22,-1.7211419020141014
7047,CTTTTGTTGCC,TCCCCAATGTCTCG,4,5,76,6,-2.538973871058276
7048,CTTTTGTTGCC,TCCCCAATGTCTCG,4,10,117,38,-1.1245877750713702
7049,CTTTTGTTGCC,TCCCCAATGTCTCG,4,15,124,12,-2.3353749158170363
7050,CTTTTGTTGCC,TCCCCAATGTCTCG,4,20,95,13,-1.988927534139004
7051,CTTTTGTTGCC,TCCCCAATGTCTCG,4,30,103,24,-1.45667515788169
7052,CTTTTGTTGCC,TCCCCAATGTCTCG,4,40,153,24,-1.8523840910444898
7053,CTTTTGTTGCC,TCCCCAATGTCTCG,4,50,103,19,-1.6902900090631952
7054,CTTTTGTTGCC,TCCCCAATGTCTCG,4,60,104,15,-1.9363406980391626
7055,GAAAACACGAA,GAGATCTAAGACCA,2,0,48,5,-2.2617630984737906
7056,GAAAACACGAA,GAGATCTAAGACCA,2,2,39,2,-2.970414465569701
7057,GAAAACACGAA,GAGATCTAAGACCA,2,5,71,9,-2.065455299705096
7058,GAAAACACGAA,GAGATCTAAGACCA,2,10,98,23,-1.4494732627414222
7059,GAAAACACGAA,GAGATCTAAGACCA,2,15,42,27,-0.4418327522790392
7060,GAAAACACGAA,GAGATCTAAGACCA,2,20,50,41,-0.19845093872383832
7061,GAAAACACGAA,GAGATCTAAGACCA,2,30,75,43,-0.556287997842748
7062,GAAAACACGAA,GAGATCTAAGACCA,2,40,33,25,-0.2776317365982795
7063,GAAAACACGAA,GAGATCTAAGACCA,2,50,59,54,-0.08855339734144506
7064,GAAAACACGAA,GAGATCTAAGACCA,2,60,49,45,-0.08515780834030683
7065,GAAAACACGAA,GAGATCTAAGACCA,3,0,38,8,-1.55814461804655
7066,GAAAACACGAA,GAGATCTAAGACCA,3,2,36,5,-1.9740810260220094
7067,GAAAACACGAA,GAGATCTAAGACCA,3,5,47,13,-1.2851982442485217
7068,GAAAACACGAA,GAGATCTAAGACCA,3,10,57,13,-1.4781019103730135
7069,GAAAACACGAA,GAGATCTAAGACCA,3,15,77,43,-0.5826053061601215
7070,GAAAACACGAA,GAGATCTAAGACCA,3,20,47,39,-0.1865859555804122
7071,GAAAACACGAA,GAGATCTAAGACCA,3,30,53,43,-0.20909179785855936
7072,GAAAACACGAA,GAGATCTAAGACCA,3,40,48,39,-0.20763936477824452
7073,GAAAACACGAA,GAGATCTAAGACCA,3,50,72,59,-0.19912867511033588
7074,GAAAACACGAA,GAGATCTAAGACCA,3,60,34,46,0.3022808718729336
7075,GAAAACACGAA,GAGATCTAAGACCA,4,0,75,20,-1.3217558399823195
7076,GAAAACACGAA,GAGATCTAAGACCA,4,2,58,9,-1.8632184332102
7077,GAAAACACGAA,GAGATCTAAGACCA,4,5,51,4,-2.545531271604435
7078,GAAAACACGAA,GAGATCTAAGACCA,4,10,49,9,-1.6945957207744071
7079,GAAAACACGAA,GAGATCTAAGACCA,4,15,51,19,-0.9873866535578852
7080,GAAAACACGAA,GAGATCTAAGACCA,4,20,37,27,-0.3150810466398954
7081,GAAAACACGAA,GAGATCTAAGACCA,4,30,59,37,-0.466619531261495
7082,GAAAACACGAA,GAGATCTAAGACCA,4,40,63,41,-0.42956265968722485
7083,GAAAACACGAA,GAGATCTAAGACCA,4,50,100,63,-0.4620354595965587
7084,GAAAACACGAA,GAGATCTAAGACCA,4,60,27,22,-0.20479441264601328
7085,GAAACATTCTT,CCTCTCCTGTTACC,2,0,52,10,-1.6486586255873816
7086,GAAACATTCTT,CCTCTCCTGTTACC,2,2,83,10,-2.1162555148025524
7087,GAAACATTCTT,CCTCTCCTGTTACC,2,5,65,10,-1.8718021769015913
7088,GAAACATTCTT,CCTCTCCTGTTACC,2,10,88,12,-1.992430164690206
7089,GAAACATTCTT,CCTCTCCTGTTACC,2,15,65,8,-2.094945728215801
7090,GAAACATTCTT,CCTCTCCTGTTACC,2,20,83,15,-1.7107904066943878
7091,GAAACATTCTT,CCTCTCCTGTTACC,2,30,79,15,-1.6613976513648114
7092,GAAACATTCTT,CCTCTCCTGTTACC,2,40,83,14,-1.7797832781813394
7093,GAAACATTCTT,CCTCTCCTGTTACC,2,50,97,26,-1.3166144404819007
7094,GAAACATTCTT,CCTCTCCTGTTACC,2,60,63,5,-2.533696813957432
7095,GAAACATTCTT,CCTCTCCTGTTACC,3,0,54,8,-1.9095425048844383
7096,GAAACATTCTT,CCTCTCCTGTTACC,3,2,59,5,-2.468099531471619
7097,GAAACATTCTT,CCTCTCCTGTTACC,3,5,53,6,-2.1785324443240666
7098,GAAACATTCTT,CCTCTCCTGTTACC,3,10,81,8,-2.315007612992603
7099,GAAACATTCTT,CCTCTCCTGTTACC,3,15,87,11,-2.068012845856213
7100,GAAACATTCTT,CCTCTCCTGTTACC,3,20,54,14,-1.3499267169490157
7101,GAAACATTCTT,CCTCTCCTGTTACC,3,30,68,17,-1.3862943611198906
7102,GAAACATTCTT,CCTCTCCTGTTACC,3,40,81,22,-1.3034067013141228
7103,GAAACATTCTT,CCTCTCCTGTTACC,3,50,96,10,-2.2617630984737906
7104,GAAACATTCTT,CCTCTCCTGTTACC,3,60,89,13,-1.9236870122706031
7105,GAAACATTCTT,CCTCTCCTGTTACC,4,0,84,2,-3.7376696182833684
7106,GAAACATTCTT,CCTCTCCTGTTACC,4,2,78,5,-2.747270914255491
7107,GAAACATTCTT,CCTCTCCTGTTACC,4,5,75,6,-2.525728644308255
7108,GAAACATTCTT,CCTCTCCTGTTACC,4,10,103,11,-2.236833715431265
7109,GAAACATTCTT,CCTCTCCTGTTACC,4,15,46,10,-1.5260563034950494
7110,GAAACATTCTT,CCTCTCCTGTTACC,4,20,72,14,-1.6376087894007967
7111,GAAACATTCTT,CCTCTCCTGTTACC,4,30,82,11,-2.0088239744658822
7112,GAAACATTCTT,CCTCTCCTGTTACC,4,40,102,23,-1.4894785973551212
7113,GAAACATTCTT,CCTCTCCTGTTACC,4,50,85,12,-1.957744606702316
7114,GAAACATTCTT,CCTCTCCTGTTACC,4,60,100,8,-2.525728644308255
7115,GAAAGACCTGG,CCTAGGCGAAAGTG,3,5,1,5,1.6094379124341003
7116,GAAATACTAAG,CGAGACGACAACAC,2,15,1,1,0.0
7117,GAAATATTTTA,ATAGACCGCAACTA,2,0,92,5,-2.91235066461494
7118,GAAATATTTTA,ATAGACCGCAACTA,2,2,72,10,-1.9740810260220094
7119,GAAATATTTTA,ATAGACCGCAACTA,2,5,90,3,-3.4011973816621555
7120,GAAATATTTTA,ATAGACCGCAACTA,2,10,76,7,-2.3848231912310176
7121,GAAATATTTTA,ATAGACCGCAACTA,2,15,72,11,-1.8787708462176846
7122,GAAATATTTTA,ATAGACCGCAACTA,2,20,97,20,-1.578978704949392
7123,GAAATATTTTA,ATAGACCGCAACTA,2,30,129,45,-1.0531499145913523
7124,GAAATATTTTA,ATAGACCGCAACTA,2,40,54,10,-1.6863989535702286
7125,GAAATATTTTA,ATAGACCGCAACTA,2,50,67,40,-0.5158131652770298
7126,GAAATATTTTA,ATAGACCGCAACTA,2,60,46,16,-1.056052674249314
7127,GAAATATTTTA,ATAGACCGCAACTA,3,0,68,5,-2.610069792742006
7128,GAAATATTTTA,ATAGACCGCAACTA,3,2,74,4,-2.917770732084279
7129,GAAATATTTTA,ATAGACCGCAACTA,3,5,97,8,-2.4952694368235466
7130,GAAATATTTTA,ATAGACCGCAACTA,3,10,60,8,-2.0149030205422647
7131,GAAATATTTTA,ATAGACCGCAACTA,3,15,101,17,-1.7819071727850433
7132,GAAATATTTTA,ATAGACCGCAACTA,3,20,124,14,-2.181224235989778
7133,GAAATATTTTA,ATAGACCGCAACTA,3,30,77,12,-1.8588987720656835
7134,GAAATATTTTA,ATAGACCGCAACTA,3,40,85,13,-1.8777018990287795
7135,GAAATATTTTA,ATAGACCGCAACTA,3,50,51,14,-1.292768303109067
7136,GAAATATTTTA,ATAGACCGCAACTA,3,60,82,15,-1.698669046162043
7137,GAAATATTTTA,ATAGACCGCAACTA,4,0,74,3,-3.2054528045360597
7138,GAAATATTTTA,ATAGACCGCAACTA,4,2,69,5,-2.6246685921631587
7139,GAAATATTTTA,ATAGACCGCAACTA,4,5,62,1,-4.127134385045092
7140,GAAATATTTTA,ATAGACCGCAACTA,4,10,77,5,-2.7343675094195836
7141,GAAATATTTTA,ATAGACCGCAACTA,4,15,66,11,-1.791759469228055
7142,GAAATATTTTA,ATAGACCGCAACTA,4,20,64,8,-2.0794415416798357
7143,GAAATATTTTA,ATAGACCGCAACTA,4,30,69,24,-1.056052674249314
7144,GAAATATTTTA,ATAGACCGCAACTA,4,40,116,26,-1.4954936530848826
7145,GAAATATTTTA,ATAGACCGCAACTA,4,50,61,15,-1.402823663071101
7146,GAAATATTTTA,ATAGACCGCAACTA,4,60,136,33,-1.4161473242695717
7147,GAACAGCCTCA,TACGATGCGTAGCA,2,2,1,2,0.6931471805599453
7148,GAACGTAGAGG,TCAAACCAAGTACG,2,0,8,1,-2.0794415416798357
7149,GAACGTAGAGG,TCAAACCAAGTACG,2,2,17,1,-2.833213344056216
7150,GAACGTAGAGG,TCAAACCAAGTACG,2,10,15,3,-1.6094379124341003
7151,GAACGTAGAGG,TCAAACCAAGTACG,2,20,4,1,-1.3862943611198906
7152,GAACGTAGAGG,TCAAACCAAGTACG,2,40,37,1,-3.6109179126442243
7153,GAACGTAGAGG,TCAAACCAAGTACG,2,50,15,4,-1.3217558399823195
7154,GAACGTAGAGG,TCAAACCAAGTACG,2,60,14,2,-1.9459101490553132
7155,GAACGTAGAGG,TCAAACCAAGTACG,3,0,12,1,-2.4849066497880004
7156,GAACGTAGAGG,TCAAACCAAGTACG,3,15,14,2,-1.9459101490553132
7157,GAACGTAGAGG,TCAAACCAAGTACG,3,50,19,3,-1.8458266904983307
7158,GAACGTAGAGG,TCAAACCAAGTACG,4,5,14,1,-2.6390573296152584
7159,GAACGTAGAGG,TCAAACCAAGTACG,4,10,6,1,-1.791759469228055
7160,GAACGTAGAGG,TCAAACCAAGTACG,4,20,21,2,-2.3513752571634776
7161,GAACGTAGAGG,TCAAACCAAGTACG,4,50,13,5,-0.9555114450274362
7162,GAACGTAGAGG,TCAAACCAAGTACG,4,60,6,4,-0.40546510810816444
7163,GAACTATTAGT,TCTGGCACGCGCAA,2,10,4,1,-1.3862943611198906
7164,GAACTATTAGT,TCTGGCACGCGCAA,2,15,26,3,-2.159484249353372
7165,GAACTATTAGT,TCTGGCACGCGCAA,2,40,6,1,-1.791759469228055
7166,GAACTATTAGT,TCTGGCACGCGCAA,2,50,2,5,0.916290731874155
7167,GAACTATTAGT,TCTGGCACGCGCAA,2,60,7,2,-1.252762968495368
7168,GAACTATTAGT,TCTGGCACGCGCAA,3,0,2,1,-0.6931471805599453
7169,GAACTATTAGT,TCTGGCACGCGCAA,3,10,13,2,-1.8718021769015913
7170,GAACTATTAGT,TCTGGCACGCGCAA,3,15,5,2,-0.916290731874155
7171,GAACTATTAGT,TCTGGCACGCGCAA,3,30,10,11,0.09531017980432495
7172,GAACTATTAGT,TCTGGCACGCGCAA,3,40,14,1,-2.6390573296152584
7173,GAACTATTAGT,TCTGGCACGCGCAA,3,50,8,8,0.0
7174,GAACTATTAGT,TCTGGCACGCGCAA,3,60,13,3,-1.466337068793427
7175,GAACTATTAGT,TCTGGCACGCGCAA,4,2,4,1,-1.3862943611198906
7176,GAACTATTAGT,TCTGGCACGCGCAA,4,5,2,1,-0.6931471805599453
7177,GAACTATTAGT,TCTGGCACGCGCAA,4,15,6,2,-1.0986122886681098
7178,GAACTATTAGT,TCTGGCACGCGCAA,4,20,5,3,-0.5108256237659907
7179,GAACTATTAGT,TCTGGCACGCGCAA,4,30,13,5,-0.9555114450274362
7180,GAACTATTAGT,TCTGGCACGCGCAA,4,40,4,2,-0.6931471805599453
7181,GAACTATTAGT,TCTGGCACGCGCAA,4,60,5,2,-0.916290731874155
7182,GAAGGGGTCGG,TGTAATGGGCATAT,2,50,1,16,2.772588722239781
7183,GAAGGGGTCGG,TGTAATGGGCATAT,3,50,1,7,1.9459101490553132
7184,GAATAAGGAAG,TACACATATGAAGC,2,0,10,5,-0.6931471805599453
7185,GAATAAGGAAG,TACACATATGAAGC,2,2,18,3,-1.791759469228055
7186,GAATAAGGAAG,TACACATATGAAGC,2,5,25,5,-1.6094379124341003
7187,GAATAAGGAAG,TACACATATGAAGC,2,10,36,8,-1.5040773967762742
7188,GAATAAGGAAG,TACACATATGAAGC,2,15,15,5,-1.0986122886681098
7189,GAATAAGGAAG,TACACATATGAAGC,2,20,5,3,-0.5108256237659907
7190,GAATAAGGAAG,TACACATATGAAGC,2,30,44,72,0.4924764850977942
7191,GAATAAGGAAG,TACACATATGAAGC,2,40,15,26,0.550046336919272
7192,GAATAAGGAAG,TACACATATGAAGC,2,50,19,17,-0.11122563511022437
7193,GAATAAGGAAG,TACACATATGAAGC,2,60,14,21,0.4054651081081644
7194,GAATAAGGAAG,TACACATATGAAGC,3,0,13,3,-1.466337068793427
7195,GAATAAGGAAG,TACACATATGAAGC,3,2,15,1,-2.70805020110221
7196,GAATAAGGAAG,TACACATATGAAGC,3,5,6,2,-1.0986122886681098
7197,GAATAAGGAAG,TACACATATGAAGC,3,10,17,10,-0.5306282510621704
7198,GAATAAGGAAG,TACACATATGAAGC,3,15,18,13,-0.32542240043462795
7199,GAATAAGGAAG,TACACATATGAAGC,3,20,17,13,-0.2682639865946794
7200,GAATAAGGAAG,TACACATATGAAGC,3,30,30,27,-0.10536051565782628
7201,GAATAAGGAAG,TACACATATGAAGC,3,40,24,33,0.3184537311185346
7202,GAATAAGGAAG,TACACATATGAAGC,3,50,14,40,1.0498221244986776
7203,GAATAAGGAAG,TACACATATGAAGC,3,60,19,33,0.5520685823000397
7204,GAATAAGGAAG,TACACATATGAAGC,4,0,21,5,-1.4350845252893227
7205,GAATAAGGAAG,TACACATATGAAGC,4,5,6,1,-1.791759469228055
7206,GAATAAGGAAG,TACACATATGAAGC,4,10,25,17,-0.3856624808119846
7207,GAATAAGGAAG,TACACATATGAAGC,4,15,27,10,-0.9932517730102834
7208,GAATAAGGAAG,TACACATATGAAGC,4,20,16,14,-0.13353139262452263
7209,GAATAAGGAAG,TACACATATGAAGC,4,30,13,25,0.653926467406664
7210,GAATAAGGAAG,TACACATATGAAGC,4,40,17,23,0.3022808718729336
7211,GAATAAGGAAG,TACACATATGAAGC,4,50,17,28,0.49899116611898775
7212,GAATAAGGAAG,TACACATATGAAGC,4,60,29,59,0.7102416139192453
7213,GAATAGAAGTG,AACCCGAATGCACT,4,10,1,9,2.197224577336219
7214,GAATCGGGACC,GTACATTTATTAAG,2,0,5,1,-1.6094379124341003
7215,GAATCGGGACC,GTACATTTATTAAG,2,2,3,1,-1.0986122886681098
7216,GAATCGGGACC,GTACATTTATTAAG,2,5,10,2,-1.6094379124341003
7217,GAATCGGGACC,GTACATTTATTAAG,2,10,10,1,-2.3025850929940455
7218,GAATCGGGACC,GTACATTTATTAAG,2,15,1,2,0.6931471805599453
7219,GAATCGGGACC,GTACATTTATTAAG,2,20,16,10,-0.4700036292457356
7220,GAATCGGGACC,GTACATTTATTAAG,2,30,38,27,-0.34174929372205676
7221,GAATCGGGACC,GTACATTTATTAAG,2,50,8,5,-0.4700036292457356
7222,GAATCGGGACC,GTACATTTATTAAG,2,60,22,2,-2.3978952727983707
7223,GAATCGGGACC,GTACATTTATTAAG,3,2,7,1,-1.9459101490553132
7224,GAATCGGGACC,GTACATTTATTAAG,3,5,10,1,-2.3025850929940455
7225,GAATCGGGACC,GTACATTTATTAAG,3,10,20,1,-2.995732273553991
7226,GAATCGGGACC,GTACATTTATTAAG,3,15,21,1,-3.044522437723423
7227,GAATCGGGACC,GTACATTTATTAAG,3,20,8,3,-0.9808292530117262
7228,GAATCGGGACC,GTACATTTATTAAG,3,30,26,4,-1.8718021769015913
7229,GAATCGGGACC,GTACATTTATTAAG,3,40,15,2,-2.0149030205422647
7230,GAATCGGGACC,GTACATTTATTAAG,3,50,11,5,-0.7884573603642702
7231,GAATCGGGACC,GTACATTTATTAAG,4,10,11,1,-2.3978952727983707
7232,GAATCGGGACC,GTACATTTATTAAG,4,15,7,1,-1.9459101490553132
7233,GAATCGGGACC,GTACATTTATTAAG,4,30,13,2,-1.8718021769015913
7234,GAATCGGGACC,GTACATTTATTAAG,4,40,21,9,-0.8472978603872037
7235,GAATCGGGACC,GTACATTTATTAAG,4,50,36,5,-1.9740810260220094
7236,GAATCGGGACC,GTACATTTATTAAG,4,60,17,3,-1.7346010553881062
7237,GAATTGATCCT,TGCCATCGATCTCG,2,2,9,1,-2.1972245773362196
7238,GAATTGATCCT,TGCCATCGATCTCG,2,5,18,1,-2.8903717578961645
7239,GAATTGATCCT,TGCCATCGATCTCG,2,10,29,3,-2.268683541318364
7240,GAATTGATCCT,TGCCATCGATCTCG,2,15,22,4,-1.7047480922384253
7241,GAATTGATCCT,TGCCATCGATCTCG,2,20,27,3,-2.1972245773362196
7242,GAATTGATCCT,TGCCATCGATCTCG,2,30,10,2,-1.6094379124341003
7243,GAATTGATCCT,TGCCATCGATCTCG,2,40,8,2,-1.3862943611198906
7244,GAATTGATCCT,TGCCATCGATCTCG,2,50,20,2,-2.3025850929940455
7245,GAATTGATCCT,TGCCATCGATCTCG,2,60,16,3,-1.6739764335716716
7246,GAATTGATCCT,TGCCATCGATCTCG,3,5,30,1,-3.4011973816621555
7247,GAATTGATCCT,TGCCATCGATCTCG,3,10,40,4,-2.3025850929940455
7248,GAATTGATCCT,TGCCATCGATCTCG,3,15,21,2,-2.3513752571634776
7249,GAATTGATCCT,TGCCATCGATCTCG,3,20,41,1,-3.7135720667043075
7250,GAATTGATCCT,TGCCATCGATCTCG,3,30,17,2,-2.1400661634962708
7251,GAATTGATCCT,TGCCATCGATCTCG,3,40,30,3,-2.3025850929940455
7252,GAATTGATCCT,TGCCATCGATCTCG,3,50,45,3,-2.70805020110221
7253,GAATTGATCCT,TGCCATCGATCTCG,4,0,32,1,-3.4657359027997265
7254,GAATTGATCCT,TGCCATCGATCTCG,4,2,19,2,-2.2512917986064953
7255,GAATTGATCCT,TGCCATCGATCTCG,4,5,20,1,-2.995732273553991
7256,GAATTGATCCT,TGCCATCGATCTCG,4,15,24,3,-2.0794415416798357
7257,GAATTGATCCT,TGCCATCGATCTCG,4,20,34,7,-1.580450375560848
7258,GAATTGATCCT,TGCCATCGATCTCG,4,30,35,1,-3.5553480614894135
7259,GAATTGATCCT,TGCCATCGATCTCG,4,40,26,3,-2.159484249353372
7260,GAATTGATCCT,TGCCATCGATCTCG,4,50,16,2,-2.0794415416798357
7261,GAATTGATCCT,TGCCATCGATCTCG,4,60,17,3,-1.7346010553881062
7262,GAATTTAAAAG,GTTAGCATGGAGTA,2,2,1,12,2.4849066497880004
7263,GAATTTAAAAG,GTTAGCATGGAGTA,2,40,1,163,5.093750200806762
7264,GAATTTAAAAG,GTTAGCATGGAGTA,3,50,1,132,4.882801922586371
7265,GAATTTAAAAG,GTTAGCATGGAGTA,4,0,1,6,1.791759469228055
7266,GAATTTAAAAG,GTTAGCATGGAGTA,4,5,1,11,2.3978952727983707
7267,GAATTTAAAAG,GTTAGCATGGAGTA,4,60,1,80,4.382026634673881
7268,GACAAATCCAG,TAAGCTCGTCACCC,2,5,24,1,-3.1780538303479458
7269,GACAAATCCAG,TAAGCTCGTCACCC,2,10,20,2,-2.3025850929940455
7270,GACAAATCCAG,TAAGCTCGTCACCC,2,20,21,3,-1.9459101490553132
7271,GACAAATCCAG,TAAGCTCGTCACCC,2,40,26,5,-1.6486586255873816
7272,GACAAATCCAG,TAAGCTCGTCACCC,2,60,15,1,-2.70805020110221
7273,GACAAATCCAG,TAAGCTCGTCACCC,3,0,26,1,-3.2580965380214817
7274,GACAAATCCAG,TAAGCTCGTCACCC,3,15,23,2,-2.4423470353692043
7275,GACAAATCCAG,TAAGCTCGTCACCC,3,40,18,4,-1.5040773967762742
7276,GACAAATCCAG,TAAGCTCGTCACCC,3,50,17,1,-2.833213344056216
7277,GACAAATCCAG,TAAGCTCGTCACCC,4,2,13,1,-2.5649493574615367
7278,GACAAATCCAG,TAAGCTCGTCACCC,4,10,13,2,-1.8718021769015913
7279,GACAAATCCAG,TAAGCTCGTCACCC,4,15,9,1,-2.1972245773362196
7280,GACAAATCCAG,TAAGCTCGTCACCC,4,20,11,2,-1.7047480922384253
7281,GACAAATCCAG,TAAGCTCGTCACCC,4,40,22,4,-1.7047480922384253
7282,GACACCAGACA,TAGACTGCTTTAGT,2,10,1,1,0.0
7283,GACCAAATACT,TTCCATATTCTATT,2,0,72,8,-2.1972245773362196
7284,GACCAAATACT,TTCCATATTCTATT,2,2,128,13,-2.2870809064580806
7285,GACCAAATACT,TTCCATATTCTATT,2,5,82,11,-2.0088239744658822
7286,GACCAAATACT,TTCCATATTCTATT,2,10,86,4,-3.068052935133617
7287,GACCAAATACT,TTCCATATTCTATT,2,15,101,12,-2.1302138670532593
7288,GACCAAATACT,TTCCATATTCTATT,2,20,106,18,-1.7730673362159024
7289,GACCAAATACT,TTCCATATTCTATT,2,30,64,8,-2.0794415416798357
7290,GACCAAATACT,TTCCATATTCTATT,2,40,75,13,-1.7525387560747736
7291,GACCAAATACT,TTCCATATTCTATT,2,50,97,12,-2.0898043287153825
7292,GACCAAATACT,TTCCATATTCTATT,2,60,70,6,-2.456735772821304
7293,GACCAAATACT,TTCCATATTCTATT,3,0,97,7,-2.6288008294480694
7294,GACCAAATACT,TTCCATATTCTATT,3,2,81,2,-3.7013019741124933
7295,GACCAAATACT,TTCCATATTCTATT,3,5,48,6,-2.0794415416798357
7296,GACCAAATACT,TTCCATATTCTATT,3,10,67,4,-2.8183982582710754
7297,GACCAAATACT,TTCCATATTCTATT,3,15,125,16,-2.05572501506252
7298,GACCAAATACT,TTCCATATTCTATT,3,20,129,9,-2.662587827025453
7299,GACCAAATACT,TTCCATATTCTATT,3,30,65,4,-2.7880929087757464
7300,GACCAAATACT,TTCCATATTCTATT,3,40,83,17,-1.5856272637403819
7301,GACCAAATACT,TTCCATATTCTATT,3,50,70,13,-1.6835458845878222
7302,GACCAAATACT,TTCCATATTCTATT,3,60,71,11,-1.8647846042429448
7303,GACCAAATACT,TTCCATATTCTATT,4,0,70,4,-2.862200880929468
7304,GACCAAATACT,TTCCATATTCTATT,4,2,78,6,-2.5649493574615367
7305,GACCAAATACT,TTCCATATTCTATT,4,5,76,11,-1.9328380674879604
7306,GACCAAATACT,TTCCATATTCTATT,4,10,100,16,-1.83258146374831
7307,GACCAAATACT,TTCCATATTCTATT,4,15,63,3,-3.044522437723423
7308,GACCAAATACT,TTCCATATTCTATT,4,20,86,8,-2.3749057545736716
7309,GACCAAATACT,TTCCATATTCTATT,4,30,63,5,-2.533696813957432
7310,GACCAAATACT,TTCCATATTCTATT,4,40,117,24,-1.5841201044498106
7311,GACCAAATACT,TTCCATATTCTATT,4,50,100,15,-1.8971199848858813
7312,GACCAAATACT,TTCCATATTCTATT,4,60,100,14,-1.9661128563728325
7313,GACCATCCCTT,CTCTTTACCATCAC,2,0,51,5,-2.322387720290225
7314,GACCATCCCTT,CTCTTTACCATCAC,2,2,97,7,-2.6288008294480694
7315,GACCATCCCTT,CTCTTTACCATCAC,2,5,76,5,-2.7212954278522306
7316,GACCATCCCTT,CTCTTTACCATCAC,2,10,103,13,-2.069779630768099
7317,GACCATCCCTT,CTCTTTACCATCAC,2,15,130,11,-2.4696391776572115
7318,GACCATCCCTT,CTCTTTACCATCAC,2,20,106,11,-2.2655438213136967
7319,GACCATCCCTT,CTCTTTACCATCAC,2,30,116,25,-1.534714366238164
7320,GACCATCCCTT,CTCTTTACCATCAC,2,40,116,36,-1.1700712526502546
7321,GACCATCCCTT,CTCTTTACCATCAC,2,50,118,32,-1.3049487216659381
7322,GACCATCCCTT,CTCTTTACCATCAC,2,60,94,21,-1.4987723445465808
7323,GACCATCCCTT,CTCTTTACCATCAC,3,0,102,11,-2.2270775404859005
7324,GACCATCCCTT,CTCTTTACCATCAC,3,2,70,7,-2.3025850929940455
7325,GACCATCCCTT,CTCTTTACCATCAC,3,5,92,14,-1.8827312474337816
7326,GACCATCCCTT,CTCTTTACCATCAC,3,10,108,22,-1.5910887737659039
7327,GACCATCCCTT,CTCTTTACCATCAC,3,15,105,26,-1.3958638121360412
7328,GACCATCCCTT,CTCTTTACCATCAC,3,20,84,13,-1.8658674413817768
7329,GACCATCCCTT,CTCTTTACCATCAC,3,30,71,16,-1.490091154801534
7330,GACCATCCCTT,CTCTTTACCATCAC,3,40,90,19,-1.5553706911638245
7331,GACCATCCCTT,CTCTTTACCATCAC,3,50,90,28,-1.1676051601550612
7332,GACCATCCCTT,CTCTTTACCATCAC,3,60,83,14,-1.7797832781813394
7333,GACCATCCCTT,CTCTTTACCATCAC,4,0,102,6,-2.833213344056216
7334,GACCATCCCTT,CTCTTTACCATCAC,4,2,96,9,-2.367123614131617
7335,GACCATCCCTT,CTCTTTACCATCAC,4,5,71,1,-4.2626798770413155
7336,GACCATCCCTT,CTCTTTACCATCAC,4,10,100,15,-1.8971199848858813
7337,GACCATCCCTT,CTCTTTACCATCAC,4,15,121,8,-2.716349003916905
7338,GACCATCCCTT,CTCTTTACCATCAC,4,20,76,15,-1.622683139184121
7339,GACCATCCCTT,CTCTTTACCATCAC,4,30,72,10,-1.9740810260220094
7340,GACCATCCCTT,CTCTTTACCATCAC,4,40,109,19,-1.7469089030627032
7341,GACCATCCCTT,CTCTTTACCATCAC,4,50,94,20,-1.547562508716013
7342,GACCATCCCTT,CTCTTTACCATCAC,4,60,76,6,-2.538973871058276
7343,GACCCGACTCA,AAAAGTAAGATTTT,2,60,1,12,2.4849066497880004
7344,GACCCGACTCA,AAAAGTAAGATTTT,3,50,2,22,2.3978952727983707
7345,GACGTCTACTC,TGAGCGGTATATTG,2,0,21,2,-2.3513752571634776
7346,GACGTCTACTC,TGAGCGGTATATTG,2,10,8,6,-0.2876820724517809
7347,GACGTCTACTC,TGAGCGGTATATTG,2,15,28,2,-2.6390573296152584
7348,GACGTCTACTC,TGAGCGGTATATTG,2,20,8,1,-2.0794415416798357
7349,GACGTCTACTC,TGAGCGGTATATTG,2,30,15,1,-2.70805020110221
7350,GACGTCTACTC,TGAGCGGTATATTG,2,40,1,1,0.0
7351,GACGTCTACTC,TGAGCGGTATATTG,2,50,7,1,-1.9459101490553132
7352,GACGTCTACTC,TGAGCGGTATATTG,2,60,8,1,-2.0794415416798357
7353,GACGTCTACTC,TGAGCGGTATATTG,3,0,23,3,-2.03688192726104
7354,GACGTCTACTC,TGAGCGGTATATTG,3,2,2,1,-0.6931471805599453
7355,GACGTCTACTC,TGAGCGGTATATTG,3,15,14,1,-2.6390573296152584
7356,GACGTCTACTC,TGAGCGGTATATTG,3,30,2,1,-0.6931471805599453
7357,GACGTCTACTC,TGAGCGGTATATTG,3,60,4,1,-1.3862943611198906
7358,GACGTCTACTC,TGAGCGGTATATTG,4,2,13,2,-1.8718021769015913
7359,GACGTCTACTC,TGAGCGGTATATTG,4,10,19,2,-2.2512917986064953
7360,GACGTCTACTC,TGAGCGGTATATTG,4,40,10,2,-1.6094379124341003
7361,GACGTCTACTC,TGAGCGGTATATTG,4,50,31,6,-1.6422277352570913
7362,GACGTCTACTC,TGAGCGGTATATTG,4,60,1,1,0.0
7363,GACTATTTATG,TCCATGCGATAAAC,3,20,1,5,1.6094379124341003
7364,GACTATTTATG,TCCATGCGATAAAC,4,5,1,1,0.0
7365,GACTGTCTTCT,CAGTAAATCGTCCA,2,0,23,3,-2.03688192726104
7366,GACTGTCTTCT,CAGTAAATCGTCCA,2,2,18,2,-2.1972245773362196
7367,GACTGTCTTCT,CAGTAAATCGTCCA,2,10,23,2,-2.4423470353692043
7368,GACTGTCTTCT,CAGTAAATCGTCCA,2,15,11,6,-0.6061358035703156
7369,GACTGTCTTCT,CAGTAAATCGTCCA,2,20,30,5,-1.791759469228055
7370,GACTGTCTTCT,CAGTAAATCGTCCA,2,30,28,10,-1.0296194171811581
7371,GACTGTCTTCT,CAGTAAATCGTCCA,2,40,38,6,-1.8458266904983307
7372,GACTGTCTTCT,CAGTAAATCGTCCA,2,50,26,5,-1.6486586255873816
7373,GACTGTCTTCT,CAGTAAATCGTCCA,2,60,29,6,-1.575536360758419
7374,GACTGTCTTCT,CAGTAAATCGTCCA,3,0,25,6,-1.4271163556401458
7375,GACTGTCTTCT,CAGTAAATCGTCCA,3,2,18,1,-2.8903717578961645
7376,GACTGTCTTCT,CAGTAAATCGTCCA,3,5,16,2,-2.0794415416798357
7377,GACTGTCTTCT,CAGTAAATCGTCCA,3,10,20,5,-1.3862943611198906
7378,GACTGTCTTCT,CAGTAAATCGTCCA,3,15,27,2,-2.6026896854443837
7379,GACTGTCTTCT,CAGTAAATCGTCCA,3,20,30,7,-1.455287232606842
7380,GACTGTCTTCT,CAGTAAATCGTCCA,3,30,20,6,-1.203972804325936
7381,GACTGTCTTCT,CAGTAAATCGTCCA,3,40,12,2,-1.791759469228055
7382,GACTGTCTTCT,CAGTAAATCGTCCA,3,50,15,4,-1.3217558399823195
7383,GACTGTCTTCT,CAGTAAATCGTCCA,3,60,17,3,-1.7346010553881062
7384,GACTGTCTTCT,CAGTAAATCGTCCA,4,0,18,3,-1.791759469228055
7385,GACTGTCTTCT,CAGTAAATCGTCCA,4,2,25,4,-1.83258146374831
7386,GACTGTCTTCT,CAGTAAATCGTCCA,4,5,11,2,-1.7047480922384253
7387,GACTGTCTTCT,CAGTAAATCGTCCA,4,10,15,4,-1.3217558399823195
7388,GACTGTCTTCT,CAGTAAATCGTCCA,4,15,5,1,-1.6094379124341003
7389,GACTGTCTTCT,CAGTAAATCGTCCA,4,20,15,2,-2.0149030205422647
7390,GACTGTCTTCT,CAGTAAATCGTCCA,4,30,22,7,-1.1451323043030026
7391,GACTGTCTTCT,CAGTAAATCGTCCA,4,40,28,21,-0.2876820724517809
7392,GACTGTCTTCT,CAGTAAATCGTCCA,4,50,44,13,-1.2192402764567243
7393,GACTGTCTTCT,CAGTAAATCGTCCA,4,60,20,2,-2.3025850929940455
7394,GAGATCAGGGC,TCCATAGGGCGCGG,2,0,7,1,-1.9459101490553132
7395,GAGATCAGGGC,TCCATAGGGCGCGG,2,2,10,1,-2.3025850929940455
7396,GAGATCAGGGC,TCCATAGGGCGCGG,2,15,9,1,-2.1972245773362196
7397,GAGATCAGGGC,TCCATAGGGCGCGG,2,20,2,6,1.0986122886681096
7398,GAGATCAGGGC,TCCATAGGGCGCGG,2,60,16,2,-2.0794415416798357
7399,GAGATCAGGGC,TCCATAGGGCGCGG,3,2,4,1,-1.3862943611198906
7400,GAGATCAGGGC,TCCATAGGGCGCGG,3,15,7,1,-1.9459101490553132
7401,GAGATCAGGGC,TCCATAGGGCGCGG,3,20,10,2,-1.6094379124341003
7402,GAGATCAGGGC,TCCATAGGGCGCGG,3,30,23,2,-2.4423470353692043
7403,GAGATCAGGGC,TCCATAGGGCGCGG,3,50,7,1,-1.9459101490553132
7404,GAGATCAGGGC,TCCATAGGGCGCGG,4,2,4,1,-1.3862943611198906
7405,GAGATCAGGGC,TCCATAGGGCGCGG,4,10,3,1,-1.0986122886681098
7406,GAGATCAGGGC,TCCATAGGGCGCGG,4,15,25,2,-2.525728644308255
7407,GAGATCAGGGC,TCCATAGGGCGCGG,4,40,1,2,0.6931471805599453
7408,GAGATCAGGGC,TCCATAGGGCGCGG,4,60,5,3,-0.5108256237659907
7409,GAGCCAGTTAT,CCAAGATATTTTCA,3,20,2,1,-0.6931471805599453
7410,GAGGAGAGTCC,TACAATCATACATC,2,0,4,3,-0.2876820724517809
7411,GAGGAGAGTCC,TACAATCATACATC,2,5,3,1,-1.0986122886681098
7412,GAGGAGAGTCC,TACAATCATACATC,2,10,4,4,0.0
7413,GAGGAGAGTCC,TACAATCATACATC,2,15,24,4,-1.791759469228055
7414,GAGGAGAGTCC,TACAATCATACATC,2,20,27,6,-1.5040773967762742
7415,GAGGAGAGTCC,TACAATCATACATC,2,30,18,3,-1.791759469228055
7416,GAGGAGAGTCC,TACAATCATACATC,2,40,2,7,1.252762968495368
7417,GAGGAGAGTCC,TACAATCATACATC,2,50,30,2,-2.70805020110221
7418,GAGGAGAGTCC,TACAATCATACATC,2,60,14,2,-1.9459101490553132
7419,GAGGAGAGTCC,TACAATCATACATC,3,0,3,4,0.28768207245178085
7420,GAGGAGAGTCC,TACAATCATACATC,3,2,10,3,-1.203972804325936
7421,GAGGAGAGTCC,TACAATCATACATC,3,5,2,3,0.4054651081081644
7422,GAGGAGAGTCC,TACAATCATACATC,3,10,15,2,-2.0149030205422647
7423,GAGGAGAGTCC,TACAATCATACATC,3,15,11,2,-1.7047480922384253
7424,GAGGAGAGTCC,TACAATCATACATC,3,20,13,4,-1.178654996341646
7425,GAGGAGAGTCC,TACAATCATACATC,3,30,8,2,-1.3862943611198906
7426,GAGGAGAGTCC,TACAATCATACATC,3,40,1,1,0.0
7427,GAGGAGAGTCC,TACAATCATACATC,3,50,3,7,0.8472978603872037
7428,GAGGAGAGTCC,TACAATCATACATC,3,60,1,4,1.3862943611198906
7429,GAGGAGAGTCC,TACAATCATACATC,4,0,2,2,0.0
7430,GAGGAGAGTCC,TACAATCATACATC,4,5,1,2,0.6931471805599453
7431,GAGGAGAGTCC,TACAATCATACATC,4,10,22,4,-1.7047480922384253
7432,GAGGAGAGTCC,TACAATCATACATC,4,15,9,10,0.10536051565782635
7433,GAGGAGAGTCC,TACAATCATACATC,4,20,12,3,-1.3862943611198906
7434,GAGGAGAGTCC,TACAATCATACATC,4,30,6,10,0.5108256237659907
7435,GAGGAGAGTCC,TACAATCATACATC,4,40,5,5,0.0
7436,GAGGAGAGTCC,TACAATCATACATC,4,50,8,5,-0.4700036292457356
7437,GAGGAGAGTCC,TACAATCATACATC,4,60,11,1,-2.3978952727983707
7438,GAGTAGAGAGA,TGGTAACGATCTGA,2,30,1,1,0.0
7439,GAGTATTTAGA,AGGGAAGCTGGCGA,2,0,24,2,-2.4849066497880004
7440,GAGTATTTAGA,AGGGAAGCTGGCGA,2,2,20,2,-2.3025850929940455
7441,GAGTATTTAGA,AGGGAAGCTGGCGA,2,10,32,3,-2.367123614131617
7442,GAGTATTTAGA,AGGGAAGCTGGCGA,2,15,12,3,-1.3862943611198906
7443,GAGTATTTAGA,AGGGAAGCTGGCGA,2,20,21,5,-1.4350845252893227
7444,GAGTATTTAGA,AGGGAAGCTGGCGA,2,30,22,3,-1.992430164690206
7445,GAGTATTTAGA,AGGGAAGCTGGCGA,2,40,25,10,-0.916290731874155
7446,GAGTATTTAGA,AGGGAAGCTGGCGA,2,50,9,4,-0.8109302162163288
7447,GAGTATTTAGA,AGGGAAGCTGGCGA,2,60,26,9,-1.0608719606852626
7448,GAGTATTTAGA,AGGGAAGCTGGCGA,3,0,19,2,-2.2512917986064953
7449,GAGTATTTAGA,AGGGAAGCTGGCGA,3,5,6,3,-0.6931471805599453
7450,GAGTATTTAGA,AGGGAAGCTGGCGA,3,15,15,1,-2.70805020110221
7451,GAGTATTTAGA,AGGGAAGCTGGCGA,3,20,25,5,-1.6094379124341003
7452,GAGTATTTAGA,AGGGAAGCTGGCGA,3,30,14,2,-1.9459101490553132
7453,GAGTATTTAGA,AGGGAAGCTGGCGA,3,40,11,4,-1.0116009116784799
7454,GAGTATTTAGA,AGGGAAGCTGGCGA,3,50,31,9,-1.2367626271489267
7455,GAGTATTTAGA,AGGGAAGCTGGCGA,3,60,27,3,-2.1972245773362196
7456,GAGTATTTAGA,AGGGAAGCTGGCGA,4,5,6,2,-1.0986122886681098
7457,GAGTATTTAGA,AGGGAAGCTGGCGA,4,10,13,3,-1.466337068793427
7458,GAGTATTTAGA,AGGGAAGCTGGCGA,4,15,13,2,-1.8718021769015913
7459,GAGTATTTAGA,AGGGAAGCTGGCGA,4,20,7,2,-1.252762968495368
7460,GAGTATTTAGA,AGGGAAGCTGGCGA,4,40,13,1,-2.5649493574615367
7461,GAGTATTTAGA,AGGGAAGCTGGCGA,4,50,15,7,-0.7621400520468967
7462,GAGTATTTAGA,AGGGAAGCTGGCGA,4,60,20,13,-0.4307829160924542
7463,GAGTCGACGTA,AGGAAATACCATAA,2,0,33,5,-1.8870696490323797
7464,GAGTCGACGTA,AGGAAATACCATAA,2,2,24,5,-1.5686159179138452
7465,GAGTCGACGTA,AGGAAATACCATAA,2,5,19,4,-1.55814461804655
7466,GAGTCGACGTA,AGGAAATACCATAA,2,10,49,10,-1.5892352051165808
7467,GAGTCGACGTA,AGGAAATACCATAA,2,15,34,11,-1.128465251817791
7468,GAGTCGACGTA,AGGAAATACCATAA,2,20,41,7,-1.7676619176489945
7469,GAGTCGACGTA,AGGAAATACCATAA,2,30,33,3,-2.3978952727983707
7470,GAGTCGACGTA,AGGAAATACCATAA,2,60,34,1,-3.526360524616161
7471,GAGTCGACGTA,AGGAAATACCATAA,3,0,18,7,-0.9444616088408513
7472,GAGTCGACGTA,AGGAAATACCATAA,3,2,33,7,-1.5505974124111668
7473,GAGTCGACGTA,AGGAAATACCATAA,3,5,38,3,-2.538973871058276
7474,GAGTCGACGTA,AGGAAATACCATAA,3,10,46,9,-1.6314168191528755
7475,GAGTCGACGTA,AGGAAATACCATAA,3,15,37,6,-1.8191584434161694
7476,GAGTCGACGTA,AGGAAATACCATAA,3,20,39,4,-2.277267285009756
7477,GAGTCGACGTA,AGGAAATACCATAA,3,30,24,1,-3.1780538303479458
7478,GAGTCGACGTA,AGGAAATACCATAA,3,50,28,1,-3.332204510175204
7479,GAGTCGACGTA,AGGAAATACCATAA,3,60,36,1,-3.58351893845611
7480,GAGTCGACGTA,AGGAAATACCATAA,4,0,27,4,-1.9095425048844383
7481,GAGTCGACGTA,AGGAAATACCATAA,4,2,31,4,-2.0476928433652555
7482,GAGTCGACGTA,AGGAAATACCATAA,4,5,24,3,-2.0794415416798357
7483,GAGTCGACGTA,AGGAAATACCATAA,4,10,37,3,-2.512305623976115
7484,GAGTCGACGTA,AGGAAATACCATAA,4,15,33,1,-3.4965075614664802
7485,GAGTCGACGTA,AGGAAATACCATAA,4,20,18,5,-1.2809338454620642
7486,GAGTCGACGTA,AGGAAATACCATAA,4,30,40,3,-2.5902671654458267
7487,GAGTCGACGTA,AGGAAATACCATAA,4,60,40,2,-2.995732273553991
7488,GAGTGGTAGCC,AGCATGTCCATAAT,2,0,1,3,1.0986122886681096
7489,GAGTGGTAGCC,AGCATGTCCATAAT,2,30,1,9,2.197224577336219
7490,GAGTGGTAGCC,AGCATGTCCATAAT,4,50,1,15,2.70805020110221
7491,GAGTGGTCTCA,TACTTGCCTGCAAA,4,5,1,8,2.0794415416798357
7492,GATAAAGGAAA,ACCAGGAACGTTTA,2,10,1,8,2.0794415416798357
7493,GATAAAGGAAA,ACCAGGAACGTTTA,2,30,1,7,1.9459101490553132
7494,GATAAAGGAAA,ACCAGGAACGTTTA,2,40,1,10,2.3025850929940455
7495,GATAAAGGAAA,ACCAGGAACGTTTA,2,60,2,8,1.3862943611198906
7496,GATAAAGGAAA,ACCAGGAACGTTTA,3,5,2,3,0.4054651081081644
7497,GATAAAGGAAA,ACCAGGAACGTTTA,3,30,1,1,0.0
7498,GATAAAGGAAA,ACCAGGAACGTTTA,3,50,1,5,1.6094379124341003
7499,GATAAAGGAAA,ACCAGGAACGTTTA,3,60,1,5,1.6094379124341003
7500,GATAAAGGAAA,ACCAGGAACGTTTA,4,2,2,1,-0.6931471805599453
7501,GATAAAGGAAA,ACCAGGAACGTTTA,4,15,2,1,-0.6931471805599453
7502,GATAAAGGAAA,ACCAGGAACGTTTA,4,20,1,4,1.3862943611198906
7503,GATAAAGGAAA,ACCAGGAACGTTTA,4,30,2,2,0.0
7504,GATAAAGGAAA,ACCAGGAACGTTTA,4,40,2,4,0.6931471805599453
7505,GATAACTATGT,CTATACGAAACTAA,2,0,2,1,-0.6931471805599453
7506,GATAACTATGT,CTATACGAAACTAA,2,10,6,1,-1.791759469228055
7507,GATAACTATGT,CTATACGAAACTAA,2,20,2,4,0.6931471805599453
7508,GATAACTATGT,CTATACGAAACTAA,2,50,21,9,-0.8472978603872037
7509,GATAACTATGT,CTATACGAAACTAA,3,10,1,2,0.6931471805599453
7510,GATAACTATGT,CTATACGAAACTAA,3,40,4,1,-1.3862943611198906
7511,GATAACTATGT,CTATACGAAACTAA,4,0,11,1,-2.3978952727983707
7512,GATAACTATGT,CTATACGAAACTAA,4,2,12,1,-2.4849066497880004
7513,GATAACTATGT,CTATACGAAACTAA,4,10,2,1,-0.6931471805599453
7514,GATAACTATGT,CTATACGAAACTAA,4,20,5,6,0.1823215567939546
7515,GATAACTATGT,CTATACGAAACTAA,4,40,10,2,-1.6094379124341003
7516,GATAATATCAT,GCCAACATCTCCGG,2,2,8,3,-0.9808292530117262
7517,GATAATATCAT,GCCAACATCTCCGG,2,10,3,1,-1.0986122886681098
7518,GATAATATCAT,GCCAACATCTCCGG,2,15,4,2,-0.6931471805599453
7519,GATAATATCAT,GCCAACATCTCCGG,2,20,10,2,-1.6094379124341003
7520,GATAATATCAT,GCCAACATCTCCGG,2,30,14,3,-1.5404450409471488
7521,GATAATATCAT,GCCAACATCTCCGG,2,40,20,6,-1.203972804325936
7522,GATAATATCAT,GCCAACATCTCCGG,2,60,9,2,-1.5040773967762742
7523,GATAATATCAT,GCCAACATCTCCGG,3,2,15,3,-1.6094379124341003
7524,GATAATATCAT,GCCAACATCTCCGG,3,5,9,1,-2.1972245773362196
7525,GATAATATCAT,GCCAACATCTCCGG,3,10,21,4,-1.6582280766035324
7526,GATAATATCAT,GCCAACATCTCCGG,3,30,8,4,-0.6931471805599453
7527,GATAATATCAT,GCCAACATCTCCGG,3,50,4,4,0.0
7528,GATAATATCAT,GCCAACATCTCCGG,3,60,10,3,-1.203972804325936
7529,GATAATATCAT,GCCAACATCTCCGG,4,0,18,1,-2.8903717578961645
7530,GATAATATCAT,GCCAACATCTCCGG,4,2,10,2,-1.6094379124341003
7531,GATAATATCAT,GCCAACATCTCCGG,4,5,17,1,-2.833213344056216
7532,GATAATATCAT,GCCAACATCTCCGG,4,10,23,3,-2.03688192726104
7533,GATAATATCAT,GCCAACATCTCCGG,4,15,12,1,-2.4849066497880004
7534,GATAATATCAT,GCCAACATCTCCGG,4,20,8,1,-2.0794415416798357
7535,GATAATATCAT,GCCAACATCTCCGG,4,30,12,2,-1.791759469228055
7536,GATAATATCAT,GCCAACATCTCCGG,4,40,15,3,-1.6094379124341003
7537,GATAATATCAT,GCCAACATCTCCGG,4,50,15,1,-2.70805020110221
7538,GATAATATCAT,GCCAACATCTCCGG,4,60,14,2,-1.9459101490553132
7539,GATACAGCCGC,ACAGAGCATACTAC,2,0,1,1,0.0
7540,GATACAGCCGC,ACAGAGCATACTAC,2,10,13,3,-1.466337068793427
7541,GATACAGCCGC,ACAGAGCATACTAC,2,15,2,1,-0.6931471805599453
7542,GATACAGCCGC,ACAGAGCATACTAC,2,50,14,6,-0.8472978603872037
7543,GATACAGCCGC,ACAGAGCATACTAC,3,10,5,1,-1.6094379124341003
7544,GATACAGCCGC,ACAGAGCATACTAC,3,50,28,1,-3.332204510175204
7545,GATACAGCCGC,ACAGAGCATACTAC,3,60,16,6,-0.9808292530117262
7546,GATACAGCCGC,ACAGAGCATACTAC,4,5,7,1,-1.9459101490553132
7547,GATACAGCCGC,ACAGAGCATACTAC,4,40,22,4,-1.7047480922384253
7548,GATAGGTGTTT,TTGGCGGTAAAACT,2,0,82,9,-2.209494669928034
7549,GATAGGTGTTT,TTGGCGGTAAAACT,2,2,108,9,-2.4849066497880004
7550,GATAGGTGTTT,TTGGCGGTAAAACT,2,5,65,2,-3.481240089335692
7551,GATAGGTGTTT,TTGGCGGTAAAACT,2,10,115,24,-1.5668782980153044
7552,GATAGGTGTTT,TTGGCGGTAAAACT,2,15,115,29,-1.377636298376776
7553,GATAGGTGTTT,TTGGCGGTAAAACT,2,20,160,123,-0.26298945986140937
7554,GATAGGTGTTT,TTGGCGGTAAAACT,2,30,131,173,0.27809427129662745
7555,GATAGGTGTTT,TTGGCGGTAAAACT,2,40,85,120,0.3448404862917296
7556,GATAGGTGTTT,TTGGCGGTAAAACT,2,50,96,124,0.2559333741372007
7557,GATAGGTGTTT,TTGGCGGTAAAACT,2,60,100,90,-0.10536051565782628
7558,GATAGGTGTTT,TTGGCGGTAAAACT,3,0,93,7,-2.5866893440979424
7559,GATAGGTGTTT,TTGGCGGTAAAACT,3,2,81,5,-2.785011242238338
7560,GATAGGTGTTT,TTGGCGGTAAAACT,3,5,127,15,-2.136136885356381
7561,GATAGGTGTTT,TTGGCGGTAAAACT,3,10,130,28,-1.5353299402803784
7562,GATAGGTGTTT,TTGGCGGTAAAACT,3,15,98,36,-1.001448540214462
7563,GATAGGTGTTT,TTGGCGGTAAAACT,3,20,130,79,-0.49808659798856103
7564,GATAGGTGTTT,TTGGCGGTAAAACT,3,30,81,76,-0.06371581438610774
7565,GATAGGTGTTT,TTGGCGGTAAAACT,3,40,127,113,-0.11679926774625074
7566,GATAGGTGTTT,TTGGCGGTAAAACT,3,50,169,127,-0.2857116284644823
7567,GATAGGTGTTT,TTGGCGGTAAAACT,3,60,97,102,0.050261834780888304
7568,GATAGGTGTTT,TTGGCGGTAAAACT,4,0,79,5,-2.760009940032921
7569,GATAGGTGTTT,TTGGCGGTAAAACT,4,2,145,8,-2.8972922007407385
7570,GATAGGTGTTT,TTGGCGGTAAAACT,4,5,87,11,-2.068012845856213
7571,GATAGGTGTTT,TTGGCGGTAAAACT,4,10,133,30,-1.4891517465595985
7572,GATAGGTGTTT,TTGGCGGTAAAACT,4,15,109,39,-1.0277862360994972
7573,GATAGGTGTTT,TTGGCGGTAAAACT,4,20,79,43,-0.608247736773459
7574,GATAGGTGTTT,TTGGCGGTAAAACT,4,30,104,92,-0.12260232209233239
7575,GATAGGTGTTT,TTGGCGGTAAAACT,4,40,141,117,-0.1865859555804122
7576,GATAGGTGTTT,TTGGCGGTAAAACT,4,50,137,159,0.14892327639210665
7577,GATAGGTGTTT,TTGGCGGTAAAACT,4,60,126,105,-0.1823215567939546
7578,GATAGTCGACC,TCGATCGTATGATA,2,2,1,5,1.6094379124341003
7579,GATAGTCGACC,TCGATCGTATGATA,3,2,1,3,1.0986122886681096
7580,GATAGTCGACC,TCGATCGTATGATA,4,2,1,5,1.6094379124341003
7581,GATAGTCGACC,TCGATCGTATGATA,4,40,1,21,3.044522437723423
7582,GATCCACATTA,CGGAGGGATGAACG,2,0,36,2,-2.8903717578961645
7583,GATCCACATTA,CGGAGGGATGAACG,2,2,33,5,-1.8870696490323797
7584,GATCCACATTA,CGGAGGGATGAACG,2,5,31,1,-3.4339872044851463
7585,GATCCACATTA,CGGAGGGATGAACG,2,10,56,4,-2.6390573296152584
7586,GATCCACATTA,CGGAGGGATGAACG,2,15,46,4,-2.4423470353692043
7587,GATCCACATTA,CGGAGGGATGAACG,2,20,48,7,-1.9252908618525775
7588,GATCCACATTA,CGGAGGGATGAACG,2,30,33,10,-1.1939224684724346
7589,GATCCACATTA,CGGAGGGATGAACG,2,40,34,4,-2.1400661634962708
7590,GATCCACATTA,CGGAGGGATGAACG,2,50,28,7,-1.3862943611198906
7591,GATCCACATTA,CGGAGGGATGAACG,2,60,40,9,-1.491654876777717
7592,GATCCACATTA,CGGAGGGATGAACG,3,0,35,2,-2.862200880929468
7593,GATCCACATTA,CGGAGGGATGAACG,3,5,63,3,-3.044522437723423
7594,GATCCACATTA,CGGAGGGATGAACG,3,10,63,6,-2.3513752571634776
7595,GATCCACATTA,CGGAGGGATGAACG,3,15,35,4,-2.169053700369523
7596,GATCCACATTA,CGGAGGGATGAACG,3,20,50,6,-2.120263536200091
7597,GATCCACATTA,CGGAGGGATGAACG,3,30,58,3,-2.9618307218783095
7598,GATCCACATTA,CGGAGGGATGAACG,3,40,50,5,-2.3025850929940455
7599,GATCCACATTA,CGGAGGGATGAACG,3,50,36,8,-1.5040773967762742
7600,GATCCACATTA,CGGAGGGATGAACG,3,60,31,5,-1.8245492920510458
7601,GATCCACATTA,CGGAGGGATGAACG,4,0,25,4,-1.83258146374831
7602,GATCCACATTA,CGGAGGGATGAACG,4,2,26,3,-2.159484249353372
7603,GATCCACATTA,CGGAGGGATGAACG,4,5,30,2,-2.70805020110221
7604,GATCCACATTA,CGGAGGGATGAACG,4,10,42,5,-2.128231705849268
7605,GATCCACATTA,CGGAGGGATGAACG,4,15,48,5,-2.2617630984737906
7606,GATCCACATTA,CGGAGGGATGAACG,4,20,41,3,-2.614959778036198
7607,GATCCACATTA,CGGAGGGATGAACG,4,30,39,6,-1.8718021769015913
7608,GATCCACATTA,CGGAGGGATGAACG,4,40,46,5,-2.2192034840549946
7609,GATCCACATTA,CGGAGGGATGAACG,4,50,28,9,-1.1349799328389845
7610,GATCCACATTA,CGGAGGGATGAACG,4,60,41,7,-1.7676619176489945
7611,GATCCACCCTT,AAGGTCACCCAAGG,2,0,23,2,-2.4423470353692043
7612,GATCCACCCTT,AAGGTCACCCAAGG,2,5,5,1,-1.6094379124341003
7613,GATCCACCCTT,AAGGTCACCCAAGG,2,15,26,2,-2.5649493574615367
7614,GATCCACCCTT,AAGGTCACCCAAGG,2,20,4,2,-0.6931471805599453
7615,GATCCACCCTT,AAGGTCACCCAAGG,2,60,20,4,-1.6094379124341003
7616,GATCCACCCTT,AAGGTCACCCAAGG,3,0,26,3,-2.159484249353372
7617,GATCCACCCTT,AAGGTCACCCAAGG,3,10,9,1,-2.1972245773362196
7618,GATCCACCCTT,AAGGTCACCCAAGG,3,20,30,3,-2.3025850929940455
7619,GATCCACCCTT,AAGGTCACCCAAGG,3,40,23,10,-0.832909122935104
7620,GATCCACCCTT,AAGGTCACCCAAGG,3,50,19,2,-2.2512917986064953
7621,GATCCACCCTT,AAGGTCACCCAAGG,3,60,7,1,-1.9459101490553132
7622,GATCCACCCTT,AAGGTCACCCAAGG,4,0,15,1,-2.70805020110221
7623,GATCCACCCTT,AAGGTCACCCAAGG,4,15,9,2,-1.5040773967762742
7624,GATCCACCCTT,AAGGTCACCCAAGG,4,20,11,1,-2.3978952727983707
7625,GATCCACCCTT,AAGGTCACCCAAGG,4,30,13,1,-2.5649493574615367
7626,GATCCACCCTT,AAGGTCACCCAAGG,4,40,9,6,-0.40546510810816444
7627,GATCCACCCTT,AAGGTCACCCAAGG,4,50,9,1,-2.1972245773362196
7628,GATCCACCCTT,AAGGTCACCCAAGG,4,60,15,2,-2.0149030205422647
7629,GATGACTGTCA,CATGGTTCTAAACG,2,0,31,10,-1.1314021114911006
7630,GATGACTGTCA,CATGGTTCTAAACG,2,2,48,13,-1.3062516534463542
7631,GATGACTGTCA,CATGGTTCTAAACG,2,5,26,16,-0.48550781578170077
7632,GATGACTGTCA,CATGGTTCTAAACG,2,10,26,18,-0.3677247801253174
7633,GATGACTGTCA,CATGGTTCTAAACG,2,15,30,16,-0.6286086594223741
7634,GATGACTGTCA,CATGGTTCTAAACG,2,20,34,34,0.0
7635,GATGACTGTCA,CATGGTTCTAAACG,2,30,21,30,0.3566749439387324
7636,GATGACTGTCA,CATGGTTCTAAACG,2,40,44,47,0.06595796779179737
7637,GATGACTGTCA,CATGGTTCTAAACG,2,50,31,60,0.6603573577369545
7638,GATGACTGTCA,CATGGTTCTAAACG,2,60,33,66,0.6931471805599453
7639,GATGACTGTCA,CATGGTTCTAAACG,3,0,15,7,-0.7621400520468967
7640,GATGACTGTCA,CATGGTTCTAAACG,3,2,40,5,-2.0794415416798357
7641,GATGACTGTCA,CATGGTTCTAAACG,3,5,26,13,-0.6931471805599453
7642,GATGACTGTCA,CATGGTTCTAAACG,3,10,32,20,-0.4700036292457356
7643,GATGACTGTCA,CATGGTTCTAAACG,3,15,27,44,0.488352767913932
7644,GATGACTGTCA,CATGGTTCTAAACG,3,20,43,41,-0.04762804898925459
7645,GATGACTGTCA,CATGGTTCTAAACG,3,30,24,19,-0.2336148511815052
7646,GATGACTGTCA,CATGGTTCTAAACG,3,40,15,19,0.23638877806423034
7647,GATGACTGTCA,CATGGTTCTAAACG,3,50,24,40,0.5108256237659907
7648,GATGACTGTCA,CATGGTTCTAAACG,3,60,22,59,0.9864949905474034
7649,GATGACTGTCA,CATGGTTCTAAACG,4,0,35,7,-1.6094379124341003
7650,GATGACTGTCA,CATGGTTCTAAACG,4,2,38,17,-0.8043728156701697
7651,GATGACTGTCA,CATGGTTCTAAACG,4,5,38,5,-2.028148247292285
7652,GATGACTGTCA,CATGGTTCTAAACG,4,10,35,28,-0.2231435513142097
7653,GATGACTGTCA,CATGGTTCTAAACG,4,15,23,15,-0.4274440148269396
7654,GATGACTGTCA,CATGGTTCTAAACG,4,20,29,20,-0.371563556432483
7655,GATGACTGTCA,CATGGTTCTAAACG,4,30,37,32,-0.14518200984449786
7656,GATGACTGTCA,CATGGTTCTAAACG,4,40,39,58,0.39688136441677296
7657,GATGACTGTCA,CATGGTTCTAAACG,4,50,25,54,0.7701082216960737
7658,GATGACTGTCA,CATGGTTCTAAACG,4,60,41,35,-0.15822400521489416
7659,GATGCCCACGT,TATGAATATCGTGA,2,0,81,5,-2.785011242238338
7660,GATGCCCACGT,TATGAATATCGTGA,2,2,124,5,-3.2108436531709366
7661,GATGCCCACGT,TATGAATATCGTGA,2,5,59,4,-2.691243082785829
7662,GATGCCCACGT,TATGAATATCGTGA,2,10,102,12,-2.1400661634962708
7663,GATGCCCACGT,TATGAATATCGTGA,2,15,118,11,-2.372789351667294
7664,GATGCCCACGT,TATGAATATCGTGA,2,20,115,6,-2.953172659135195
7665,GATGCCCACGT,TATGAATATCGTGA,2,30,139,4,-3.548179572010801
7666,GATGCCCACGT,TATGAATATCGTGA,2,40,147,10,-2.6878474937846906
7667,GATGCCCACGT,TATGAATATCGTGA,2,50,135,15,-2.1972245773362196
7668,GATGCCCACGT,TATGAATATCGTGA,2,60,112,7,-2.772588722239781
7669,GATGCCCACGT,TATGAATATCGTGA,3,0,108,15,-1.9740810260220094
7670,GATGCCCACGT,TATGAATATCGTGA,3,2,118,7,-2.824774475410351
7671,GATGCCCACGT,TATGAATATCGTGA,3,5,125,8,-2.748872195622465
7672,GATGCCCACGT,TATGAATATCGTGA,3,10,143,17,-2.1296312862036912
7673,GATGCCCACGT,TATGAATATCGTGA,3,15,148,7,-3.0513021247088017
7674,GATGCCCACGT,TATGAATATCGTGA,3,20,118,7,-2.824774475410351
7675,GATGCCCACGT,TATGAATATCGTGA,3,30,121,9,-2.5985659682605218
7676,GATGCCCACGT,TATGAATATCGTGA,3,40,132,9,-2.6855773452501515
7677,GATGCCCACGT,TATGAATATCGTGA,3,50,79,12,-1.8845412026790211
7678,GATGCCCACGT,TATGAATATCGTGA,3,60,149,16,-2.231357583705678
7679,GATGCCCACGT,TATGAATATCGTGA,4,0,122,11,-2.406125771934886
7680,GATGCCCACGT,TATGAATATCGTGA,4,2,149,12,-2.519039656157459
7681,GATGCCCACGT,TATGAATATCGTGA,4,5,64,4,-2.772588722239781
7682,GATGCCCACGT,TATGAATATCGTGA,4,10,113,12,-2.24248116892434
7683,GATGCCCACGT,TATGAATATCGTGA,4,15,102,6,-2.833213344056216
7684,GATGCCCACGT,TATGAATATCGTGA,4,20,96,7,-2.6184380424125226
7685,GATGCCCACGT,TATGAATATCGTGA,4,30,145,19,-2.032294763254134
7686,GATGCCCACGT,TATGAATATCGTGA,4,40,129,13,-2.294863046900135
7687,GATGCCCACGT,TATGAATATCGTGA,4,50,106,10,-2.3608540011180215
7688,GATGCCCACGT,TATGAATATCGTGA,4,60,133,7,-2.9444389791664403
7689,GATTACGAATT,TATACTTAATTCGA,2,10,2,5,0.916290731874155
7690,GATTACGAATT,TATACTTAATTCGA,2,15,8,3,-0.9808292530117262
7691,GATTACGAATT,TATACTTAATTCGA,2,30,2,4,0.6931471805599453
7692,GATTACGAATT,TATACTTAATTCGA,2,40,2,1,-0.6931471805599453
7693,GATTACGAATT,TATACTTAATTCGA,3,5,3,1,-1.0986122886681098
7694,GATTACGAATT,TATACTTAATTCGA,3,10,7,2,-1.252762968495368
7695,GATTACGAATT,TATACTTAATTCGA,3,20,8,2,-1.3862943611198906
7696,GATTACGAATT,TATACTTAATTCGA,3,30,2,2,0.0
7697,GATTACGAATT,TATACTTAATTCGA,3,40,2,4,0.6931471805599453
7698,GATTACGAATT,TATACTTAATTCGA,3,50,1,1,0.0
7699,GATTACGAATT,TATACTTAATTCGA,3,60,1,3,1.0986122886681096
7700,GATTACGAATT,TATACTTAATTCGA,4,10,3,2,-0.40546510810816444
7701,GATTACGAATT,TATACTTAATTCGA,4,15,2,3,0.4054651081081644
7702,GATTACGAATT,TATACTTAATTCGA,4,20,2,1,-0.6931471805599453
7703,GATTACGAATT,TATACTTAATTCGA,4,30,13,5,-0.9555114450274362
7704,GATTACGAATT,TATACTTAATTCGA,4,40,3,7,0.8472978603872037
7705,GATTACGAATT,TATACTTAATTCGA,4,60,3,2,-0.40546510810816444
7706,GCAAAAATAGG,CAGGACGTCATTTG,2,10,1,23,3.1354942159291497
7707,GCAAAAATAGG,CAGGACGTCATTTG,2,15,1,41,3.7135720667043075
7708,GCAAAAATAGG,CAGGACGTCATTTG,2,50,1,77,4.343805421853684
7709,GCAAAAATAGG,CAGGACGTCATTTG,4,5,1,15,2.70805020110221
7710,GCAAAAATAGG,CAGGACGTCATTTG,4,50,1,77,4.343805421853684
7711,GCAATTATCAC,AACATACCTAAAGG,2,50,1,18,2.8903717578961645
7712,GCAATTATCAC,AACATACCTAAAGG,3,60,1,9,2.197224577336219
7713,GCACATGGATG,TTAGCTCATTCGTA,2,0,8,4,-0.6931471805599453
7714,GCACATGGATG,TTAGCTCATTCGTA,2,2,10,3,-1.203972804325936
7715,GCACATGGATG,TTAGCTCATTCGTA,2,5,7,2,-1.252762968495368
7716,GCACATGGATG,TTAGCTCATTCGTA,2,10,7,4,-0.5596157879354227
7717,GCACATGGATG,TTAGCTCATTCGTA,2,15,15,2,-2.0149030205422647
7718,GCACATGGATG,TTAGCTCATTCGTA,2,20,13,5,-0.9555114450274362
7719,GCACATGGATG,TTAGCTCATTCGTA,2,30,15,5,-1.0986122886681098
7720,GCACATGGATG,TTAGCTCATTCGTA,2,40,14,10,-0.3364722366212129
7721,GCACATGGATG,TTAGCTCATTCGTA,2,50,12,7,-0.5389965007326869
7722,GCACATGGATG,TTAGCTCATTCGTA,2,60,6,6,0.0
7723,GCACATGGATG,TTAGCTCATTCGTA,3,0,5,1,-1.6094379124341003
7724,GCACATGGATG,TTAGCTCATTCGTA,3,2,10,1,-2.3025850929940455
7725,GCACATGGATG,TTAGCTCATTCGTA,3,5,8,1,-2.0794415416798357
7726,GCACATGGATG,TTAGCTCATTCGTA,3,10,20,5,-1.3862943611198906
7727,GCACATGGATG,TTAGCTCATTCGTA,3,15,30,6,-1.6094379124341003
7728,GCACATGGATG,TTAGCTCATTCGTA,3,20,11,8,-0.3184537311185346
7729,GCACATGGATG,TTAGCTCATTCGTA,3,30,10,5,-0.6931471805599453
7730,GCACATGGATG,TTAGCTCATTCGTA,3,40,2,2,0.0
7731,GCACATGGATG,TTAGCTCATTCGTA,3,50,13,2,-1.8718021769015913
7732,GCACATGGATG,TTAGCTCATTCGTA,3,60,23,6,-1.3437347467010947
7733,GCACATGGATG,TTAGCTCATTCGTA,4,2,1,1,0.0
7734,GCACATGGATG,TTAGCTCATTCGTA,4,10,5,1,-1.6094379124341003
7735,GCACATGGATG,TTAGCTCATTCGTA,4,20,10,5,-0.6931471805599453
7736,GCACATGGATG,TTAGCTCATTCGTA,4,30,17,8,-0.7537718023763802
7737,GCACATGGATG,TTAGCTCATTCGTA,4,40,14,7,-0.6931471805599453
7738,GCACATGGATG,TTAGCTCATTCGTA,4,50,8,5,-0.4700036292457356
7739,GCACATGGATG,TTAGCTCATTCGTA,4,60,16,16,0.0
7740,GCAGTGGATTT,TCTAATACCTGTCC,2,0,32,1,-3.4657359027997265
7741,GCAGTGGATTT,TCTAATACCTGTCC,2,2,39,2,-2.970414465569701
7742,GCAGTGGATTT,TCTAATACCTGTCC,2,5,24,4,-1.791759469228055
7743,GCAGTGGATTT,TCTAATACCTGTCC,2,10,41,6,-1.9218125974762528
7744,GCAGTGGATTT,TCTAATACCTGTCC,2,15,34,5,-1.9169226121820608
7745,GCAGTGGATTT,TCTAATACCTGTCC,2,20,31,7,-1.4880770554298328
7746,GCAGTGGATTT,TCTAATACCTGTCC,2,30,63,15,-1.4350845252893227
7747,GCAGTGGATTT,TCTAATACCTGTCC,2,40,91,10,-2.2082744135228043
7748,GCAGTGGATTT,TCTAATACCTGTCC,2,50,47,6,-2.0583881324820035
7749,GCAGTGGATTT,TCTAATACCTGTCC,2,60,60,7,-2.1484344131667874
7750,GCAGTGGATTT,TCTAATACCTGTCC,3,0,50,3,-2.8134107167600364
7751,GCAGTGGATTT,TCTAATACCTGTCC,3,5,49,2,-3.1986731175506815
7752,GCAGTGGATTT,TCTAATACCTGTCC,3,10,46,13,-1.2636920390275583
7753,GCAGTGGATTT,TCTAATACCTGTCC,3,15,75,9,-2.120263536200091
7754,GCAGTGGATTT,TCTAATACCTGTCC,3,20,46,1,-3.828641396489095
7755,GCAGTGGATTT,TCTAATACCTGTCC,3,30,57,1,-4.04305126783455
7756,GCAGTGGATTT,TCTAATACCTGTCC,3,40,95,10,-2.2512917986064953
7757,GCAGTGGATTT,TCTAATACCTGTCC,3,50,26,3,-2.159484249353372
7758,GCAGTGGATTT,TCTAATACCTGTCC,3,60,52,7,-2.005333569526114
7759,GCAGTGGATTT,TCTAATACCTGTCC,4,0,44,3,-2.6855773452501515
7760,GCAGTGGATTT,TCTAATACCTGTCC,4,2,48,3,-2.772588722239781
7761,GCAGTGGATTT,TCTAATACCTGTCC,4,5,29,2,-2.6741486494265287
7762,GCAGTGGATTT,TCTAATACCTGTCC,4,10,72,14,-1.6376087894007967
7763,GCAGTGGATTT,TCTAATACCTGTCC,4,15,56,6,-2.2335922215070942
7764,GCAGTGGATTT,TCTAATACCTGTCC,4,20,49,2,-3.1986731175506815
7765,GCAGTGGATTT,TCTAATACCTGTCC,4,30,36,4,-2.1972245773362196
7766,GCAGTGGATTT,TCTAATACCTGTCC,4,40,47,7,-1.9042374526547452
7767,GCAGTGGATTT,TCTAATACCTGTCC,4,50,58,16,-1.287854288306638
7768,GCAGTGGATTT,TCTAATACCTGTCC,4,60,41,1,-3.7135720667043075
7769,GCATAACTGAA,ATTCAAGGATAATG,4,0,1,11,2.3978952727983707
7770,GCATAACTGAA,ATTCAAGGATAATG,4,20,1,34,3.526360524616161
7771,GCATCGGCTCC,ATACCAACCTTTTT,2,2,22,1,-3.0910424533583156
7772,GCATCGGCTCC,ATACCAACCTTTTT,2,5,23,2,-2.4423470353692043
7773,GCATCGGCTCC,ATACCAACCTTTTT,2,15,19,2,-2.2512917986064953
7774,GCATCGGCTCC,ATACCAACCTTTTT,2,20,13,5,-0.9555114450274362
7775,GCATCGGCTCC,ATACCAACCTTTTT,2,30,9,3,-1.0986122886681098
7776,GCATCGGCTCC,ATACCAACCTTTTT,2,40,10,2,-1.6094379124341003
7777,GCATCGGCTCC,ATACCAACCTTTTT,2,50,20,3,-1.8971199848858813
7778,GCATCGGCTCC,ATACCAACCTTTTT,2,60,25,3,-2.120263536200091
7779,GCATCGGCTCC,ATACCAACCTTTTT,3,10,20,4,-1.6094379124341003
7780,GCATCGGCTCC,ATACCAACCTTTTT,3,15,19,6,-1.1526795099383855
7781,GCATCGGCTCC,ATACCAACCTTTTT,3,20,10,2,-1.6094379124341003
7782,GCATCGGCTCC,ATACCAACCTTTTT,3,30,11,1,-2.3978952727983707
7783,GCATCGGCTCC,ATACCAACCTTTTT,3,40,14,2,-1.9459101490553132
7784,GCATCGGCTCC,ATACCAACCTTTTT,3,50,11,3,-1.2992829841302609
7785,GCATCGGCTCC,ATACCAACCTTTTT,4,0,6,1,-1.791759469228055
7786,GCATCGGCTCC,ATACCAACCTTTTT,4,2,10,2,-1.6094379124341003
7787,GCATCGGCTCC,ATACCAACCTTTTT,4,10,27,2,-2.6026896854443837
7788,GCATCGGCTCC,ATACCAACCTTTTT,4,15,7,2,-1.252762968495368
7789,GCATCGGCTCC,ATACCAACCTTTTT,4,20,14,3,-1.5404450409471488
7790,GCATCGGCTCC,ATACCAACCTTTTT,4,40,13,1,-2.5649493574615367
7791,GCATCGGCTCC,ATACCAACCTTTTT,4,50,22,1,-3.0910424533583156
7792,GCATCGGCTCC,ATACCAACCTTTTT,4,60,7,3,-0.8472978603872037
7793,GCATGTATATC,TCTTCTCCGCAGCG,3,15,1,20,2.995732273553991
7794,GCATGTATATC,TCTTCTCCGCAGCG,4,15,1,15,2.70805020110221
7795,GCCAGGGGGGT,CTGTTAGGCAGACT,2,10,1,1,0.0
7796,GCCAGGGGGGT,CTGTTAGGCAGACT,4,30,1,6,1.791759469228055
7797,GCCGGCCCCCG,TGGTGGTGGACAAG,2,0,15,5,-1.0986122886681098
7798,GCCGGCCCCCG,TGGTGGTGGACAAG,2,2,20,1,-2.995732273553991
7799,GCCGGCCCCCG,TGGTGGTGGACAAG,2,5,4,1,-1.3862943611198906
7800,GCCGGCCCCCG,TGGTGGTGGACAAG,2,10,15,8,-0.6286086594223741
7801,GCCGGCCCCCG,TGGTGGTGGACAAG,2,15,11,2,-1.7047480922384253
7802,GCCGGCCCCCG,TGGTGGTGGACAAG,2,20,21,12,-0.5596157879354227
7803,GCCGGCCCCCG,TGGTGGTGGACAAG,2,30,10,5,-0.6931471805599453
7804,GCCGGCCCCCG,TGGTGGTGGACAAG,2,40,17,4,-1.4469189829363254
7805,GCCGGCCCCCG,TGGTGGTGGACAAG,2,50,23,7,-1.1895840668738362
7806,GCCGGCCCCCG,TGGTGGTGGACAAG,2,60,7,9,0.2513144282809061
7807,GCCGGCCCCCG,TGGTGGTGGACAAG,3,0,22,5,-1.4816045409242156
7808,GCCGGCCCCCG,TGGTGGTGGACAAG,3,2,8,2,-1.3862943611198906
7809,GCCGGCCCCCG,TGGTGGTGGACAAG,3,5,8,4,-0.6931471805599453
7810,GCCGGCCCCCG,TGGTGGTGGACAAG,3,10,25,5,-1.6094379124341003
7811,GCCGGCCCCCG,TGGTGGTGGACAAG,3,15,23,10,-0.832909122935104
7812,GCCGGCCCCCG,TGGTGGTGGACAAG,3,20,10,7,-0.35667494393873245
7813,GCCGGCCCCCG,TGGTGGTGGACAAG,3,30,12,9,-0.2876820724517809
7814,GCCGGCCCCCG,TGGTGGTGGACAAG,3,40,21,3,-1.9459101490553132
7815,GCCGGCCCCCG,TGGTGGTGGACAAG,3,50,23,5,-1.5260563034950494
7816,GCCGGCCCCCG,TGGTGGTGGACAAG,3,60,11,11,0.0
7817,GCCGGCCCCCG,TGGTGGTGGACAAG,4,0,12,1,-2.4849066497880004
7818,GCCGGCCCCCG,TGGTGGTGGACAAG,4,2,4,2,-0.6931471805599453
7819,GCCGGCCCCCG,TGGTGGTGGACAAG,4,5,14,3,-1.5404450409471488
7820,GCCGGCCCCCG,TGGTGGTGGACAAG,4,10,23,8,-1.056052674249314
7821,GCCGGCCCCCG,TGGTGGTGGACAAG,4,15,18,6,-1.0986122886681098
7822,GCCGGCCCCCG,TGGTGGTGGACAAG,4,20,5,5,0.0
7823,GCCGGCCCCCG,TGGTGGTGGACAAG,4,30,17,4,-1.4469189829363254
7824,GCCGGCCCCCG,TGGTGGTGGACAAG,4,40,19,24,0.2336148511815051
7825,GCCGGCCCCCG,TGGTGGTGGACAAG,4,50,15,9,-0.5108256237659907
7826,GCCGGCCCCCG,TGGTGGTGGACAAG,4,60,9,14,0.44183275227903923
7827,GCCTACAGCCC,TATTGACTTCATAT,3,15,1,1,0.0
7828,GCCTACTCGCC,CAGCCTGCGGTCGA,3,20,1,4,1.3862943611198906
7829,GCCTCACCCTC,GACCCGTCCCCTTC,2,0,464,55,-2.132551366993784
7830,GCCTCACCCTC,GACCCGTCCCCTTC,2,2,501,47,-2.366458499374806
7831,GCCTCACCCTC,GACCCGTCCCCTTC,2,5,402,37,-2.3855341759747963
7832,GCCTCACCCTC,GACCCGTCCCCTTC,2,10,660,97,-1.9175288565170883
7833,GCCTCACCCTC,GACCCGTCCCCTTC,2,15,576,66,-2.1664529186694654
7834,GCCTCACCCTC,GACCCGTCCCCTTC,2,20,570,86,-1.891289064575088
7835,GCCTCACCCTC,GACCCGTCCCCTTC,2,30,583,72,-2.091521067334437
7836,GCCTCACCCTC,GACCCGTCCCCTTC,2,40,564,90,-1.8352445811677938
7837,GCCTCACCCTC,GACCCGTCCCCTTC,2,50,551,98,-1.7267673304823425
7838,GCCTCACCCTC,GACCCGTCCCCTTC,2,60,505,89,-1.73592205954322
7839,GCCTCACCCTC,GACCCGTCCCCTTC,3,0,418,36,-2.4519624940686464
7840,GCCTCACCCTC,GACCCGTCCCCTTC,3,2,434,42,-2.3353749158170363
7841,GCCTCACCCTC,GACCCGTCCCCTTC,3,5,503,59,-2.1430527261940195
7842,GCCTCACCCTC,GACCCGTCCCCTTC,3,10,593,87,-1.9192862803431416
7843,GCCTCACCCTC,GACCCGTCCCCTTC,3,15,551,88,-1.834397994674708
7844,GCCTCACCCTC,GACCCGTCCCCTTC,3,20,642,110,-1.764107937897545
7845,GCCTCACCCTC,GACCCGTCCCCTTC,3,30,483,94,-1.6367218713825689
7846,GCCTCACCCTC,GACCCGTCCCCTTC,3,40,519,66,-2.0622491411394632
7847,GCCTCACCCTC,GACCCGTCCCCTTC,3,50,480,68,-1.9542783987258299
7848,GCCTCACCCTC,GACCCGTCCCCTTC,3,60,464,76,-1.8091512119399242
7849,GCCTCACCCTC,GACCCGTCCCCTTC,4,0,457,40,-2.4358039367802684
7850,GCCTCACCCTC,GACCCGTCCCCTTC,4,2,655,88,-2.0072984211570453
7851,GCCTCACCCTC,GACCCGTCCCCTTC,4,5,372,33,-2.4223862928066664
7852,GCCTCACCCTC,GACCCGTCCCCTTC,4,10,586,87,-1.907411670922429
7853,GCCTCACCCTC,GACCCGTCCCCTTC,4,15,521,68,-2.0362423365772604
7854,GCCTCACCCTC,GACCCGTCCCCTTC,4,20,527,69,-2.0330940439441028
7855,GCCTCACCCTC,GACCCGTCCCCTTC,4,30,465,71,-1.8793575285460409
7856,GCCTCACCCTC,GACCCGTCCCCTTC,4,40,616,127,-1.5790598770749285
7857,GCCTCACCCTC,GACCCGTCCCCTTC,4,50,557,121,-1.526774694330543
7858,GCCTCACCCTC,GACCCGTCCCCTTC,4,60,531,88,-1.7974252067637322
7859,GCCTCGCGGCA,CCACCATCGTTCTC,2,0,58,2,-3.3672958299864737
7860,GCCTCGCGGCA,CCACCATCGTTCTC,2,2,40,8,-1.6094379124341003
7861,GCCTCGCGGCA,CCACCATCGTTCTC,2,5,47,4,-2.463853240590168
7862,GCCTCGCGGCA,CCACCATCGTTCTC,2,10,56,1,-4.025351690735149
7863,GCCTCGCGGCA,CCACCATCGTTCTC,2,15,67,4,-2.8183982582710754
7864,GCCTCGCGGCA,CCACCATCGTTCTC,2,20,86,4,-3.068052935133617
7865,GCCTCGCGGCA,CCACCATCGTTCTC,2,30,81,4,-3.0081547935525483
7866,GCCTCGCGGCA,CCACCATCGTTCTC,2,40,85,4,-3.056356895370426
7867,GCCTCGCGGCA,CCACCATCGTTCTC,2,50,67,2,-3.5115454388310208
7868,GCCTCGCGGCA,CCACCATCGTTCTC,2,60,92,6,-2.730029107820985
7869,GCCTCGCGGCA,CCACCATCGTTCTC,3,0,49,4,-2.505525936990736
7870,GCCTCGCGGCA,CCACCATCGTTCTC,3,2,57,5,-2.4336133554004498
7871,GCCTCGCGGCA,CCACCATCGTTCTC,3,5,71,5,-2.653241964607215
7872,GCCTCGCGGCA,CCACCATCGTTCTC,3,10,86,6,-2.662587827025453
7873,GCCTCGCGGCA,CCACCATCGTTCTC,3,15,77,4,-2.957511060733793
7874,GCCTCGCGGCA,CCACCATCGTTCTC,3,30,50,2,-3.2188758248682006
7875,GCCTCGCGGCA,CCACCATCGTTCTC,3,40,84,8,-2.3513752571634776
7876,GCCTCGCGGCA,CCACCATCGTTCTC,3,50,68,2,-3.526360524616161
7877,GCCTCGCGGCA,CCACCATCGTTCTC,3,60,50,1,-3.912023005428146
7878,GCCTCGCGGCA,CCACCATCGTTCTC,4,0,55,3,-2.908720896564361
7879,GCCTCGCGGCA,CCACCATCGTTCTC,4,2,58,4,-2.6741486494265287
7880,GCCTCGCGGCA,CCACCATCGTTCTC,4,5,58,4,-2.6741486494265287
7881,GCCTCGCGGCA,CCACCATCGTTCTC,4,10,74,4,-2.917770732084279
7882,GCCTCGCGGCA,CCACCATCGTTCTC,4,15,48,7,-1.9252908618525775
7883,GCCTCGCGGCA,CCACCATCGTTCTC,4,20,54,1,-3.9889840465642745
7884,GCCTCGCGGCA,CCACCATCGTTCTC,4,30,68,1,-4.219507705176107
7885,GCCTCGCGGCA,CCACCATCGTTCTC,4,40,66,3,-3.0910424533583156
7886,GCCTCGCGGCA,CCACCATCGTTCTC,4,50,77,5,-2.7343675094195836
7887,GCCTCGCGGCA,CCACCATCGTTCTC,4,60,65,7,-2.228477120840324
7888,GCCTTCGGTCC,CCGTACACATGACA,2,50,1,3,1.0986122886681096
7889,GCGGACAATTC,GTAATGTAATGGTT,2,0,130,20,-1.8718021769015913
7890,GCGGACAATTC,GTAATGTAATGGTT,2,2,126,18,-1.9459101490553132
7891,GCGGACAATTC,GTAATGTAATGGTT,2,5,144,11,-2.57191802677763
7892,GCGGACAATTC,GTAATGTAATGGTT,2,10,229,33,-1.9372144420877593
7893,GCGGACAATTC,GTAATGTAATGGTT,2,15,161,32,-1.6156684621847366
7894,GCGGACAATTC,GTAATGTAATGGTT,2,20,166,46,-1.2833463918674481
7895,GCGGACAATTC,GTAATGTAATGGTT,2,30,180,41,-1.4793847841859025
7896,GCGGACAATTC,GTAATGTAATGGTT,2,40,201,68,-1.083797202882969
7897,GCGGACAATTC,GTAATGTAATGGTT,2,50,137,39,-1.2564192796984786
7898,GCGGACAATTC,GTAATGTAATGGTT,2,60,182,46,-1.3753652905877003
7899,GCGGACAATTC,GTAATGTAATGGTT,3,0,137,29,-1.552685095841651
7900,GCGGACAATTC,GTAATGTAATGGTT,3,2,138,18,-2.03688192726104
7901,GCGGACAATTC,GTAATGTAATGGTT,3,5,190,27,-1.951187206156157
7902,GCGGACAATTC,GTAATGTAATGGTT,3,10,204,44,-1.533930359925955
7903,GCGGACAATTC,GTAATGTAATGGTT,3,15,175,31,-1.7307987694383677
7904,GCGGACAATTC,GTAATGTAATGGTT,3,20,197,47,-1.4330561270279298
7905,GCGGACAATTC,GTAATGTAATGGTT,3,30,132,21,-1.8382794848629478
7906,GCGGACAATTC,GTAATGTAATGGTT,3,40,159,35,-1.5135561407308178
7907,GCGGACAATTC,GTAATGTAATGGTT,3,50,154,31,-1.6029653979284828
7908,GCGGACAATTC,GTAATGTAATGGTT,3,60,161,26,-1.823307826962981
7909,GCGGACAATTC,GTAATGTAATGGTT,4,0,124,24,-1.6422277352570913
7910,GCGGACAATTC,GTAATGTAATGGTT,4,2,124,23,-1.6847873496758872
7911,GCGGACAATTC,GTAATGTAATGGTT,4,5,117,18,-1.8718021769015913
7912,GCGGACAATTC,GTAATGTAATGGTT,4,10,224,39,-1.7480844057253935
7913,GCGGACAATTC,GTAATGTAATGGTT,4,15,144,22,-1.8787708462176846
7914,GCGGACAATTC,GTAATGTAATGGTT,4,20,137,32,-1.4542450230283983
7915,GCGGACAATTC,GTAATGTAATGGTT,4,30,175,33,-1.6682784124570338
7916,GCGGACAATTC,GTAATGTAATGGTT,4,40,157,35,-1.5008977438588944
7917,GCGGACAATTC,GTAATGTAATGGTT,4,50,216,48,-1.5040773967762742
7918,GCGGACAATTC,GTAATGTAATGGTT,4,60,161,32,-1.6156684621847366
7919,GCGGAGCATCT,CACGGTCTATAGGA,2,15,1,102,4.624972813284271
7920,GCGGAGCATCT,CACGGTCTATAGGA,2,20,1,121,4.795790545596741
7921,GCGGAGCATCT,CACGGTCTATAGGA,2,40,1,132,4.882801922586371
7922,GCGGAGCATCT,CACGGTCTATAGGA,2,50,2,153,4.33729074083249
7923,GCGGAGCATCT,CACGGTCTATAGGA,2,60,1,150,5.0106352940962555
7924,GCGGAGCATCT,CACGGTCTATAGGA,3,0,1,59,4.07753744390572
7925,GCGGAGCATCT,CACGGTCTATAGGA,3,50,1,93,4.532599493153255
7926,GCGGAGCATCT,CACGGTCTATAGGA,4,40,2,184,4.5217885770490405
7927,GCGGAGCATCT,CACGGTCTATAGGA,4,50,3,251,4.426840650463674
7928,GCTACATTTTT,CAATAAACACGAAC,2,0,289,11,-3.2685314153140617
7929,GCTACATTTTT,CAATAAACACGAAC,2,2,289,17,-2.833213344056216
7930,GCTACATTTTT,CAATAAACACGAAC,2,5,214,14,-2.7269186854065928
7931,GCTACATTTTT,CAATAAACACGAAC,2,10,307,12,-3.241941097799197
7932,GCTACATTTTT,CAATAAACACGAAC,2,15,299,22,-2.6094011200323703
7933,GCTACATTTTT,CAATAAACACGAAC,2,20,272,16,-2.833213344056216
7934,GCTACATTTTT,CAATAAACACGAAC,2,30,320,39,-2.1047593496641257
7935,GCTACATTTTT,CAATAAACACGAAC,2,40,372,22,-2.8278514009148306
7936,GCTACATTTTT,CAATAAACACGAAC,2,50,333,94,-1.2648477077104399
7937,GCTACATTTTT,CAATAAACACGAAC,2,60,305,29,-2.3530159466209377
7938,GCTACATTTTT,CAATAAACACGAAC,3,0,243,20,-2.4973291697865574
7939,GCTACATTTTT,CAATAAACACGAAC,3,2,211,8,-3.2724165917962305
7940,GCTACATTTTT,CAATAAACACGAAC,3,5,209,14,-2.703276922349552
7941,GCTACATTTTT,CAATAAACACGAAC,3,10,344,23,-2.7051474414442485
7942,GCTACATTTTT,CAATAAACACGAAC,3,15,306,28,-2.391380591777177
7943,GCTACATTTTT,CAATAAACACGAAC,3,20,351,41,-2.147214156761558
7944,GCTACATTTTT,CAATAAACACGAAC,3,30,186,33,-1.729239112246721
7945,GCTACATTTTT,CAATAAACACGAAC,3,40,290,25,-2.451005098112319
7946,GCTACATTTTT,CAATAAACACGAAC,3,50,285,22,-2.5614467269103347
7947,GCTACATTTTT,CAATAAACACGAAC,3,60,249,17,-2.684239552408491
7948,GCTACATTTTT,CAATAAACACGAAC,4,0,248,9,-3.3162041688287625
7949,GCTACATTTTT,CAATAAACACGAAC,4,2,246,11,-3.1074362631339922
7950,GCTACATTTTT,CAATAAACACGAAC,4,5,226,16,-2.6479462770325046
7951,GCTACATTTTT,CAATAAACACGAAC,4,10,276,19,-2.6759618865507093
7952,GCTACATTTTT,CAATAAACACGAAC,4,15,247,22,-2.4183458832696614
7953,GCTACATTTTT,CAATAAACACGAAC,4,20,240,21,-2.436116485618568
7954,GCTACATTTTT,CAATAAACACGAAC,4,30,281,21,-2.593832231610323
7955,GCTACATTTTT,CAATAAACACGAAC,4,40,381,64,-1.783916291767029
7956,GCTACATTTTT,CAATAAACACGAAC,4,50,247,37,-1.8984704239837527
7957,GCTACATTTTT,CAATAAACACGAAC,4,60,292,36,-2.093234863812172
7958,GCTACTAAACC,CCCCTTATATGGTT,2,10,8,1,-2.0794415416798357
7959,GCTACTAAACC,CCCCTTATATGGTT,3,0,3,1,-1.0986122886681098
7960,GCTACTAAACC,CCCCTTATATGGTT,4,50,5,1,-1.6094379124341003
7961,GCTCACGACCC,ATCAACCCTAGCAA,2,2,13,3,-1.466337068793427
7962,GCTCACGACCC,ATCAACCCTAGCAA,2,5,21,3,-1.9459101490553132
7963,GCTCACGACCC,ATCAACCCTAGCAA,2,10,9,2,-1.5040773967762742
7964,GCTCACGACCC,ATCAACCCTAGCAA,2,15,11,1,-2.3978952727983707
7965,GCTCACGACCC,ATCAACCCTAGCAA,2,20,14,2,-1.9459101490553132
7966,GCTCACGACCC,ATCAACCCTAGCAA,2,40,5,1,-1.6094379124341003
7967,GCTCACGACCC,ATCAACCCTAGCAA,2,60,15,4,-1.3217558399823195
7968,GCTCACGACCC,ATCAACCCTAGCAA,3,0,12,3,-1.3862943611198906
7969,GCTCACGACCC,ATCAACCCTAGCAA,3,2,12,1,-2.4849066497880004
7970,GCTCACGACCC,ATCAACCCTAGCAA,3,15,10,1,-2.3025850929940455
7971,GCTCACGACCC,ATCAACCCTAGCAA,3,20,5,1,-1.6094379124341003
7972,GCTCACGACCC,ATCAACCCTAGCAA,3,30,12,2,-1.791759469228055
7973,GCTCACGACCC,ATCAACCCTAGCAA,3,40,15,1,-2.70805020110221
7974,GCTCACGACCC,ATCAACCCTAGCAA,3,50,4,1,-1.3862943611198906
7975,GCTCACGACCC,ATCAACCCTAGCAA,3,60,7,1,-1.9459101490553132
7976,GCTCACGACCC,ATCAACCCTAGCAA,4,2,8,1,-2.0794415416798357
7977,GCTCACGACCC,ATCAACCCTAGCAA,4,10,12,1,-2.4849066497880004
7978,GCTCACGACCC,ATCAACCCTAGCAA,4,15,12,1,-2.4849066497880004
7979,GCTCACGACCC,ATCAACCCTAGCAA,4,20,10,3,-1.203972804325936
7980,GCTCACGACCC,ATCAACCCTAGCAA,4,30,18,1,-2.8903717578961645
7981,GCTCACGACCC,ATCAACCCTAGCAA,4,50,24,4,-1.791759469228055
7982,GCTCGCCCCCT,AGAGACAGTTAACT,2,10,7,1,-1.9459101490553132
7983,GCTCGCCCCCT,AGAGACAGTTAACT,2,20,12,1,-2.4849066497880004
7984,GCTCGCCCCCT,AGAGACAGTTAACT,2,40,15,4,-1.3217558399823195
7985,GCTCGCCCCCT,AGAGACAGTTAACT,2,50,4,2,-0.6931471805599453
7986,GCTCGCCCCCT,AGAGACAGTTAACT,2,60,8,1,-2.0794415416798357
7987,GCTCGCCCCCT,AGAGACAGTTAACT,3,2,8,1,-2.0794415416798357
7988,GCTCGCCCCCT,AGAGACAGTTAACT,3,10,3,3,0.0
7989,GCTCGCCCCCT,AGAGACAGTTAACT,3,20,2,1,-0.6931471805599453
7990,GCTCGCCCCCT,AGAGACAGTTAACT,3,50,8,4,-0.6931471805599453
7991,GCTCGCCCCCT,AGAGACAGTTAACT,4,15,7,1,-1.9459101490553132
7992,GCTCGCCCCCT,AGAGACAGTTAACT,4,20,3,2,-0.40546510810816444
7993,GCTCGCCCCCT,AGAGACAGTTAACT,4,30,5,1,-1.6094379124341003
7994,GCTCGCCCCCT,AGAGACAGTTAACT,4,40,3,1,-1.0986122886681098
7995,GCTCGCCCCCT,AGAGACAGTTAACT,4,50,13,1,-2.5649493574615367
7996,GCTGGCCTTAC,GCACGTAAAATTTG,2,0,34,8,-1.4469189829363254
7997,GCTGGCCTTAC,GCACGTAAAATTTG,2,2,36,3,-2.4849066497880004
7998,GCTGGCCTTAC,GCACGTAAAATTTG,2,5,23,1,-3.1354942159291497
7999,GCTGGCCTTAC,GCACGTAAAATTTG,2,10,45,7,-1.8607523407150064
8000,GCTGGCCTTAC,GCACGTAAAATTTG,2,15,27,2,-2.6026896854443837
8001,GCTGGCCTTAC,GCACGTAAAATTTG,2,20,49,3,-2.793208009442517
8002,GCTGGCCTTAC,GCACGTAAAATTTG,2,30,81,27,-1.0986122886681098
8003,GCTGGCCTTAC,GCACGTAAAATTTG,2,40,21,2,-2.3513752571634776
8004,GCTGGCCTTAC,GCACGTAAAATTTG,2,50,56,12,-1.5404450409471488
8005,GCTGGCCTTAC,GCACGTAAAATTTG,2,60,51,9,-1.7346010553881062
8006,GCTGGCCTTAC,GCACGTAAAATTTG,3,0,33,3,-2.3978952727983707
8007,GCTGGCCTTAC,GCACGTAAAATTTG,3,2,23,1,-3.1354942159291497
8008,GCTGGCCTTAC,GCACGTAAAATTTG,3,5,52,3,-2.8526314299133175
8009,GCTGGCCTTAC,GCACGTAAAATTTG,3,15,37,8,-1.5314763709643884
8010,GCTGGCCTTAC,GCACGTAAAATTTG,3,20,73,14,-1.6514021115331325
8011,GCTGGCCTTAC,GCACGTAAAATTTG,3,30,41,10,-1.410986973710262
8012,GCTGGCCTTAC,GCACGTAAAATTTG,3,40,22,6,-1.2992829841302609
8013,GCTGGCCTTAC,GCACGTAAAATTTG,3,50,16,3,-1.6739764335716716
8014,GCTGGCCTTAC,GCACGTAAAATTTG,3,60,49,9,-1.6945957207744071
8015,GCTGGCCTTAC,GCACGTAAAATTTG,4,0,33,3,-2.3978952727983707
8016,GCTGGCCTTAC,GCACGTAAAATTTG,4,10,46,2,-3.1354942159291497
8017,GCTGGCCTTAC,GCACGTAAAATTTG,4,15,18,6,-1.0986122886681098
8018,GCTGGCCTTAC,GCACGTAAAATTTG,4,20,30,4,-2.0149030205422647
8019,GCTGGCCTTAC,GCACGTAAAATTTG,4,30,28,1,-3.332204510175204
8020,GCTGGCCTTAC,GCACGTAAAATTTG,4,40,30,8,-1.3217558399823195
8021,GCTGGCCTTAC,GCACGTAAAATTTG,4,50,39,4,-2.277267285009756
8022,GCTGGCCTTAC,GCACGTAAAATTTG,4,60,56,6,-2.2335922215070942
8023,GCTGGTAAGCT,CACAACCGCGTGTG,2,2,1,2,0.6931471805599453
8024,GCTTCATTCAT,GCCGTATTACCTCC,4,15,1,11,2.3978952727983707
8025,GCTTGTTTAGG,AGAAATTTGATTTT,2,10,8,2,-1.3862943611198906
8026,GCTTGTTTAGG,AGAAATTTGATTTT,2,15,5,1,-1.6094379124341003
8027,GCTTGTTTAGG,AGAAATTTGATTTT,2,20,5,3,-0.5108256237659907
8028,GCTTGTTTAGG,AGAAATTTGATTTT,2,30,16,3,-1.6739764335716716
8029,GCTTGTTTAGG,AGAAATTTGATTTT,2,40,5,1,-1.6094379124341003
8030,GCTTGTTTAGG,AGAAATTTGATTTT,2,50,2,3,0.4054651081081644
8031,GCTTGTTTAGG,AGAAATTTGATTTT,2,60,10,5,-0.6931471805599453
8032,GCTTGTTTAGG,AGAAATTTGATTTT,3,0,7,2,-1.252762968495368
8033,GCTTGTTTAGG,AGAAATTTGATTTT,3,2,1,1,0.0
8034,GCTTGTTTAGG,AGAAATTTGATTTT,3,5,6,3,-0.6931471805599453
8035,GCTTGTTTAGG,AGAAATTTGATTTT,3,10,12,3,-1.3862943611198906
8036,GCTTGTTTAGG,AGAAATTTGATTTT,3,15,7,1,-1.9459101490553132
8037,GCTTGTTTAGG,AGAAATTTGATTTT,3,30,19,6,-1.1526795099383855
8038,GCTTGTTTAGG,AGAAATTTGATTTT,3,40,7,1,-1.9459101490553132
8039,GCTTGTTTAGG,AGAAATTTGATTTT,3,50,12,9,-0.2876820724517809
8040,GCTTGTTTAGG,AGAAATTTGATTTT,3,60,5,1,-1.6094379124341003
8041,GCTTGTTTAGG,AGAAATTTGATTTT,4,0,6,1,-1.791759469228055
8042,GCTTGTTTAGG,AGAAATTTGATTTT,4,5,5,1,-1.6094379124341003
8043,GCTTGTTTAGG,AGAAATTTGATTTT,4,15,8,3,-0.9808292530117262
8044,GCTTGTTTAGG,AGAAATTTGATTTT,4,20,1,1,0.0
8045,GCTTGTTTAGG,AGAAATTTGATTTT,4,30,10,3,-1.203972804325936
8046,GCTTGTTTAGG,AGAAATTTGATTTT,4,40,4,1,-1.3862943611198906
8047,GCTTTGTTGTT,GTCCCCACGTGTAT,2,0,20,3,-1.8971199848858813
8048,GCTTTGTTGTT,GTCCCCACGTGTAT,2,2,9,3,-1.0986122886681098
8049,GCTTTGTTGTT,GTCCCCACGTGTAT,2,5,7,2,-1.252762968495368
8050,GCTTTGTTGTT,GTCCCCACGTGTAT,2,10,63,12,-1.6582280766035324
8051,GCTTTGTTGTT,GTCCCCACGTGTAT,2,15,18,5,-1.2809338454620642
8052,GCTTTGTTGTT,GTCCCCACGTGTAT,2,20,16,4,-1.3862943611198906
8053,GCTTTGTTGTT,GTCCCCACGTGTAT,2,30,32,8,-1.3862943611198906
8054,GCTTTGTTGTT,GTCCCCACGTGTAT,2,40,20,15,-0.2876820724517809
8055,GCTTTGTTGTT,GTCCCCACGTGTAT,2,50,28,13,-0.7672551527136671
8056,GCTTTGTTGTT,GTCCCCACGTGTAT,2,60,27,19,-0.35139788683788864
8057,GCTTTGTTGTT,GTCCCCACGTGTAT,3,0,15,3,-1.6094379124341003
8058,GCTTTGTTGTT,GTCCCCACGTGTAT,3,2,16,1,-2.772588722239781
8059,GCTTTGTTGTT,GTCCCCACGTGTAT,3,5,39,9,-1.466337068793427
8060,GCTTTGTTGTT,GTCCCCACGTGTAT,3,10,16,1,-2.772588722239781
8061,GCTTTGTTGTT,GTCCCCACGTGTAT,3,15,29,12,-0.8823891801984737
8062,GCTTTGTTGTT,GTCCCCACGTGTAT,3,20,20,10,-0.6931471805599453
8063,GCTTTGTTGTT,GTCCCCACGTGTAT,3,30,24,5,-1.5686159179138452
8064,GCTTTGTTGTT,GTCCCCACGTGTAT,3,40,23,7,-1.1895840668738362
8065,GCTTTGTTGTT,GTCCCCACGTGTAT,3,50,30,19,-0.456758402495715
8066,GCTTTGTTGTT,GTCCCCACGTGTAT,3,60,29,6,-1.575536360758419
8067,GCTTTGTTGTT,GTCCCCACGTGTAT,4,2,38,4,-2.2512917986064953
8068,GCTTTGTTGTT,GTCCCCACGTGTAT,4,10,42,2,-3.044522437723423
8069,GCTTTGTTGTT,GTCCCCACGTGTAT,4,15,33,8,-1.4170660197866443
8070,GCTTTGTTGTT,GTCCCCACGTGTAT,4,20,29,4,-1.9810014688665833
8071,GCTTTGTTGTT,GTCCCCACGTGTAT,4,30,50,17,-1.0788096613719298
8072,GCTTTGTTGTT,GTCCCCACGTGTAT,4,40,14,12,-0.15415067982725836
8073,GCTTTGTTGTT,GTCCCCACGTGTAT,4,50,58,16,-1.287854288306638
8074,GCTTTGTTGTT,GTCCCCACGTGTAT,4,60,17,2,-2.1400661634962708
8075,GGAACAAGAAA,CTTTTAAGTGAACC,2,0,29,3,-2.268683541318364
8076,GGAACAAGAAA,CTTTTAAGTGAACC,2,2,25,6,-1.4271163556401458
8077,GGAACAAGAAA,CTTTTAAGTGAACC,2,5,23,5,-1.5260563034950494
8078,GGAACAAGAAA,CTTTTAAGTGAACC,2,10,39,3,-2.5649493574615367
8079,GGAACAAGAAA,CTTTTAAGTGAACC,2,15,37,7,-1.6650077635889111
8080,GGAACAAGAAA,CTTTTAAGTGAACC,2,20,30,12,-0.916290731874155
8081,GGAACAAGAAA,CTTTTAAGTGAACC,2,30,44,15,-1.0761394328160512
8082,GGAACAAGAAA,CTTTTAAGTGAACC,2,40,46,8,-1.749199854809259
8083,GGAACAAGAAA,CTTTTAAGTGAACC,2,50,43,11,-1.3633048428951917
8084,GGAACAAGAAA,CTTTTAAGTGAACC,2,60,40,9,-1.491654876777717
8085,GGAACAAGAAA,CTTTTAAGTGAACC,3,0,38,4,-2.2512917986064953
8086,GGAACAAGAAA,CTTTTAAGTGAACC,3,2,51,1,-3.9318256327243257
8087,GGAACAAGAAA,CTTTTAAGTGAACC,3,5,34,9,-1.329135947279942
8088,GGAACAAGAAA,CTTTTAAGTGAACC,3,10,42,11,-1.3397743454849977
8089,GGAACAAGAAA,CTTTTAAGTGAACC,3,15,52,18,-1.0608719606852626
8090,GGAACAAGAAA,CTTTTAAGTGAACC,3,20,62,5,-2.517696472610991
8091,GGAACAAGAAA,CTTTTAAGTGAACC,3,30,34,4,-2.1400661634962708
8092,GGAACAAGAAA,CTTTTAAGTGAACC,3,40,40,13,-1.1239300966523995
8093,GGAACAAGAAA,CTTTTAAGTGAACC,3,50,24,8,-1.0986122886681098
8094,GGAACAAGAAA,CTTTTAAGTGAACC,3,60,21,10,-0.7419373447293773
8095,GGAACAAGAAA,CTTTTAAGTGAACC,4,0,45,3,-2.70805020110221
8096,GGAACAAGAAA,CTTTTAAGTGAACC,4,2,49,7,-1.9459101490553132
8097,GGAACAAGAAA,CTTTTAAGTGAACC,4,5,19,2,-2.2512917986064953
8098,GGAACAAGAAA,CTTTTAAGTGAACC,4,10,45,5,-2.1972245773362196
8099,GGAACAAGAAA,CTTTTAAGTGAACC,4,15,53,6,-2.1785324443240666
8100,GGAACAAGAAA,CTTTTAAGTGAACC,4,20,35,20,-0.5596157879354227
8101,GGAACAAGAAA,CTTTTAAGTGAACC,4,30,47,20,-0.8544153281560676
8102,GGAACAAGAAA,CTTTTAAGTGAACC,4,40,51,17,-1.0986122886681098
8103,GGAACAAGAAA,CTTTTAAGTGAACC,4,50,27,14,-0.6567795363890705
8104,GGAACAAGAAA,CTTTTAAGTGAACC,4,60,33,3,-2.3978952727983707
8105,GGACATCGTGG,GTAGAAAATTGGTA,2,0,29,2,-2.6741486494265287
8106,GGACATCGTGG,GTAGAAAATTGGTA,2,10,21,4,-1.6582280766035324
8107,GGACATCGTGG,GTAGAAAATTGGTA,2,15,33,3,-2.3978952727983707
8108,GGACATCGTGG,GTAGAAAATTGGTA,2,20,10,7,-0.35667494393873245
8109,GGACATCGTGG,GTAGAAAATTGGTA,2,30,16,7,-0.8266785731844679
8110,GGACATCGTGG,GTAGAAAATTGGTA,2,40,18,2,-2.1972245773362196
8111,GGACATCGTGG,GTAGAAAATTGGTA,2,50,26,4,-1.8718021769015913
8112,GGACATCGTGG,GTAGAAAATTGGTA,2,60,11,8,-0.3184537311185346
8113,GGACATCGTGG,GTAGAAAATTGGTA,3,5,12,2,-1.791759469228055
8114,GGACATCGTGG,GTAGAAAATTGGTA,3,10,9,1,-2.1972245773362196
8115,GGACATCGTGG,GTAGAAAATTGGTA,3,15,16,8,-0.6931471805599453
8116,GGACATCGTGG,GTAGAAAATTGGTA,3,20,32,6,-1.6739764335716716
8117,GGACATCGTGG,GTAGAAAATTGGTA,3,30,24,5,-1.5686159179138452
8118,GGACATCGTGG,GTAGAAAATTGGTA,3,40,13,12,-0.08004270767353637
8119,GGACATCGTGG,GTAGAAAATTGGTA,3,50,11,2,-1.7047480922384253
8120,GGACATCGTGG,GTAGAAAATTGGTA,3,60,11,12,0.0870113769896297
8121,GGACATCGTGG,GTAGAAAATTGGTA,4,0,28,1,-3.332204510175204
8122,GGACATCGTGG,GTAGAAAATTGGTA,4,2,33,3,-2.3978952727983707
8123,GGACATCGTGG,GTAGAAAATTGGTA,4,10,27,7,-1.3499267169490157
8124,GGACATCGTGG,GTAGAAAATTGGTA,4,20,18,1,-2.8903717578961645
8125,GGACATCGTGG,GTAGAAAATTGGTA,4,30,23,6,-1.3437347467010947
8126,GGACATCGTGG,GTAGAAAATTGGTA,4,40,16,7,-0.8266785731844679
8127,GGACATCGTGG,GTAGAAAATTGGTA,4,50,15,15,0.0
8128,GGACATCGTGG,GTAGAAAATTGGTA,4,60,17,8,-0.7537718023763802
8129,GGAGATGCACT,ACCTCCACATTTCC,2,0,42,1,-3.7376696182833684
8130,GGAGATGCACT,ACCTCCACATTTCC,2,2,19,1,-2.9444389791664403
8131,GGAGATGCACT,ACCTCCACATTTCC,2,5,26,1,-3.2580965380214817
8132,GGAGATGCACT,ACCTCCACATTTCC,2,10,41,4,-2.327277705584417
8133,GGAGATGCACT,ACCTCCACATTTCC,2,15,41,5,-2.1041341542702074
8134,GGAGATGCACT,ACCTCCACATTTCC,2,20,45,8,-1.7272209480904837
8135,GGAGATGCACT,ACCTCCACATTTCC,2,30,31,4,-2.0476928433652555
8136,GGAGATGCACT,ACCTCCACATTTCC,2,40,64,10,-1.856297990365626
8137,GGAGATGCACT,ACCTCCACATTTCC,2,50,61,11,-1.7129785913749407
8138,GGAGATGCACT,ACCTCCACATTTCC,2,60,31,11,-1.0360919316867756
8139,GGAGATGCACT,ACCTCCACATTTCC,3,0,29,4,-1.9810014688665833
8140,GGAGATGCACT,ACCTCCACATTTCC,3,2,28,4,-1.9459101490553132
8141,GGAGATGCACT,ACCTCCACATTTCC,3,5,45,1,-3.8066624897703196
8142,GGAGATGCACT,ACCTCCACATTTCC,3,10,50,5,-2.3025850929940455
8143,GGAGATGCACT,ACCTCCACATTTCC,3,15,42,7,-1.791759469228055
8144,GGAGATGCACT,ACCTCCACATTTCC,3,20,50,4,-2.525728644308255
8145,GGAGATGCACT,ACCTCCACATTTCC,3,30,34,5,-1.9169226121820608
8146,GGAGATGCACT,ACCTCCACATTTCC,3,40,50,3,-2.8134107167600364
8147,GGAGATGCACT,ACCTCCACATTTCC,3,50,76,8,-2.2512917986064953
8148,GGAGATGCACT,ACCTCCACATTTCC,3,60,43,9,-1.563975538357343
8149,GGAGATGCACT,ACCTCCACATTTCC,4,0,23,2,-2.4423470353692043
8150,GGAGATGCACT,ACCTCCACATTTCC,4,2,48,5,-2.2617630984737906
8151,GGAGATGCACT,ACCTCCACATTTCC,4,5,29,1,-3.3672958299864737
8152,GGAGATGCACT,ACCTCCACATTTCC,4,10,67,5,-2.5952547069568657
8153,GGAGATGCACT,ACCTCCACATTTCC,4,15,46,4,-2.4423470353692043
8154,GGAGATGCACT,ACCTCCACATTTCC,4,20,28,2,-2.6390573296152584
8155,GGAGATGCACT,ACCTCCACATTTCC,4,30,38,6,-1.8458266904983307
8156,GGAGATGCACT,ACCTCCACATTTCC,4,40,38,5,-2.028148247292285
8157,GGAGATGCACT,ACCTCCACATTTCC,4,50,42,8,-1.6582280766035324
8158,GGAGATGCACT,ACCTCCACATTTCC,4,60,45,11,-1.4087672169719492
8159,GGATGGGATCT,ACCTAACGGCCTTT,2,0,72,5,-2.667228206581955
8160,GGATGGGATCT,ACCTAACGGCCTTT,2,2,40,5,-2.0794415416798357
8161,GGATGGGATCT,ACCTAACGGCCTTT,2,5,30,5,-1.791759469228055
8162,GGATGGGATCT,ACCTAACGGCCTTT,2,10,71,9,-2.065455299705096
8163,GGATGGGATCT,ACCTAACGGCCTTT,2,15,74,14,-1.6650077635889111
8164,GGATGGGATCT,ACCTAACGGCCTTT,2,20,61,8,-2.031432322493475
8165,GGATGGGATCT,ACCTAACGGCCTTT,2,30,83,11,-2.020945334998227
8166,GGATGGGATCT,ACCTAACGGCCTTT,2,40,62,13,-1.5621850275835547
8167,GGATGGGATCT,ACCTAACGGCCTTT,2,50,116,12,-2.268683541318364
8168,GGATGGGATCT,ACCTAACGGCCTTT,2,60,103,11,-2.236833715431265
8169,GGATGGGATCT,ACCTAACGGCCTTT,3,0,58,2,-3.3672958299864737
8170,GGATGGGATCT,ACCTAACGGCCTTT,3,2,59,6,-2.2857779746776643
8171,GGATGGGATCT,ACCTAACGGCCTTT,3,5,92,7,-2.575878427993727
8172,GGATGGGATCT,ACCTAACGGCCTTT,3,10,60,3,-2.995732273553991
8173,GGATGGGATCT,ACCTAACGGCCTTT,3,15,75,5,-2.70805020110221
8174,GGATGGGATCT,ACCTAACGGCCTTT,3,20,82,8,-2.327277705584417
8175,GGATGGGATCT,ACCTAACGGCCTTT,3,30,38,5,-2.028148247292285
8176,GGATGGGATCT,ACCTAACGGCCTTT,3,40,48,11,-1.4733057381095205
8177,GGATGGGATCT,ACCTAACGGCCTTT,3,50,70,15,-1.5404450409471488
8178,GGATGGGATCT,ACCTAACGGCCTTT,3,60,75,11,-1.91959284073794
8179,GGATGGGATCT,ACCTAACGGCCTTT,4,0,59,6,-2.2857779746776643
8180,GGATGGGATCT,ACCTAACGGCCTTT,4,2,71,4,-2.8763855159214247
8181,GGATGGGATCT,ACCTAACGGCCTTT,4,5,50,2,-3.2188758248682006
8182,GGATGGGATCT,ACCTAACGGCCTTT,4,10,147,5,-3.3809946743446355
8183,GGATGGGATCT,ACCTAACGGCCTTT,4,15,97,2,-3.8815637979434374
8184,GGATGGGATCT,ACCTAACGGCCTTT,4,20,55,2,-3.3141860046725253
8185,GGATGGGATCT,ACCTAACGGCCTTT,4,30,61,8,-2.031432322493475
8186,GGATGGGATCT,ACCTAACGGCCTTT,4,40,78,11,-1.958813553891221
8187,GGATGGGATCT,ACCTAACGGCCTTT,4,50,103,10,-2.33214389523559
8188,GGATGGGATCT,ACCTAACGGCCTTT,4,60,140,2,-4.2484952420493585
8189,GGCCATCTACT,TAGCCTGTGGATGT,4,2,1,1,0.0
8190,GGCCATCTACT,TAGCCTGTGGATGT,4,20,1,8,2.0794415416798357
8191,GGCCATCTACT,TAGCCTGTGGATGT,4,30,1,10,2.3025850929940455
8192,GGCCCCGCCCC,CCACCTTCCGTGTC,2,20,42,2,-3.044522437723423
8193,GGCCCCGCCCC,CCACCTTCCGTGTC,2,60,51,1,-3.9318256327243257
8194,GGCCCCGCCCC,CCACCTTCCGTGTC,3,15,45,1,-3.8066624897703196
8195,GGCCCCGCCCC,CCACCTTCCGTGTC,4,40,36,1,-3.58351893845611
8196,GGCCGCCTAGC,TGCCGTTCTCCCAG,2,5,1,8,2.0794415416798357
8197,GGCCGCCTAGC,TGCCGTTCTCCCAG,2,15,2,13,1.8718021769015913
8198,GGCCGCCTAGC,TGCCGTTCTCCCAG,2,50,1,31,3.4339872044851463
8199,GGCCGCCTAGC,TGCCGTTCTCCCAG,4,20,1,8,2.0794415416798357
8200,GGCCGCCTAGC,TGCCGTTCTCCCAG,4,30,1,24,3.1780538303479453
8201,GGCTTCCCATA,CACAATCAAAGAAT,2,2,1,9,2.197224577336219
8202,GGCTTCCCATA,CACAATCAAAGAAT,2,15,1,40,3.6888794541139363
8203,GGCTTCCCATA,CACAATCAAAGAAT,2,30,1,58,4.060443010546419
8204,GGCTTCCCATA,CACAATCAAAGAAT,2,60,2,34,2.833213344056216
8205,GGCTTCCCATA,CACAATCAAAGAAT,3,20,1,40,3.6888794541139363
8206,GGCTTCCCATA,CACAATCAAAGAAT,3,50,1,23,3.1354942159291497
8207,GGCTTCCCATA,CACAATCAAAGAAT,4,10,1,23,3.1354942159291497
8208,GGCTTCCCATA,CACAATCAAAGAAT,4,15,1,20,2.995732273553991
8209,GGGCCAAGTTT,AGTGGGTTGGTCAA,2,2,24,6,-1.3862943611198906
8210,GGGCCAAGTTT,AGTGGGTTGGTCAA,2,5,3,3,0.0
8211,GGGCCAAGTTT,AGTGGGTTGGTCAA,2,10,17,1,-2.833213344056216
8212,GGGCCAAGTTT,AGTGGGTTGGTCAA,2,15,23,6,-1.3437347467010947
8213,GGGCCAAGTTT,AGTGGGTTGGTCAA,2,20,30,5,-1.791759469228055
8214,GGGCCAAGTTT,AGTGGGTTGGTCAA,2,30,4,2,-0.6931471805599453
8215,GGGCCAAGTTT,AGTGGGTTGGTCAA,2,40,21,5,-1.4350845252893227
8216,GGGCCAAGTTT,AGTGGGTTGGTCAA,2,50,18,7,-0.9444616088408513
8217,GGGCCAAGTTT,AGTGGGTTGGTCAA,2,60,16,4,-1.3862943611198906
8218,GGGCCAAGTTT,AGTGGGTTGGTCAA,3,0,15,1,-2.70805020110221
8219,GGGCCAAGTTT,AGTGGGTTGGTCAA,3,2,17,1,-2.833213344056216
8220,GGGCCAAGTTT,AGTGGGTTGGTCAA,3,5,28,4,-1.9459101490553132
8221,GGGCCAAGTTT,AGTGGGTTGGTCAA,3,10,36,6,-1.791759469228055
8222,GGGCCAAGTTT,AGTGGGTTGGTCAA,3,15,10,4,-0.916290731874155
8223,GGGCCAAGTTT,AGTGGGTTGGTCAA,3,20,21,1,-3.044522437723423
8224,GGGCCAAGTTT,AGTGGGTTGGTCAA,3,30,12,2,-1.791759469228055
8225,GGGCCAAGTTT,AGTGGGTTGGTCAA,3,40,27,9,-1.0986122886681098
8226,GGGCCAAGTTT,AGTGGGTTGGTCAA,3,50,23,6,-1.3437347467010947
8227,GGGCCAAGTTT,AGTGGGTTGGTCAA,4,0,10,7,-0.35667494393873245
8228,GGGCCAAGTTT,AGTGGGTTGGTCAA,4,2,26,1,-3.2580965380214817
8229,GGGCCAAGTTT,AGTGGGTTGGTCAA,4,5,18,4,-1.5040773967762742
8230,GGGCCAAGTTT,AGTGGGTTGGTCAA,4,10,21,1,-3.044522437723423
8231,GGGCCAAGTTT,AGTGGGTTGGTCAA,4,20,13,4,-1.178654996341646
8232,GGGCCAAGTTT,AGTGGGTTGGTCAA,4,30,9,6,-0.40546510810816444
8233,GGGCCAAGTTT,AGTGGGTTGGTCAA,4,40,21,9,-0.8472978603872037
8234,GGGCCAAGTTT,AGTGGGTTGGTCAA,4,50,24,7,-1.2321436812926323
8235,GGGCCAAGTTT,AGTGGGTTGGTCAA,4,60,19,3,-1.8458266904983307
8236,GGTAAAAGAAT,CTTGTGTAGTCTAG,3,10,1,15,2.70805020110221
8237,GGTAAAAGAAT,CTTGTGTAGTCTAG,4,2,1,9,2.197224577336219
8238,GGTAAGTCGGA,TTCCTTGTAATGCG,3,0,1,7,1.9459101490553132
8239,GGTAAGTCGGA,TTCCTTGTAATGCG,4,60,1,17,2.833213344056216
8240,GGTACCGCCGA,GACACATCCGTACA,2,5,26,3,-2.159484249353372
8241,GGTACCGCCGA,GACACATCCGTACA,2,10,23,2,-2.4423470353692043
8242,GGTACCGCCGA,GACACATCCGTACA,2,15,28,16,-0.5596157879354227
8243,GGTACCGCCGA,GACACATCCGTACA,2,20,40,8,-1.6094379124341003
8244,GGTACCGCCGA,GACACATCCGTACA,2,30,41,10,-1.410986973710262
8245,GGTACCGCCGA,GACACATCCGTACA,2,40,34,5,-1.9169226121820608
8246,GGTACCGCCGA,GACACATCCGTACA,2,50,35,6,-1.7635885922613586
8247,GGTACCGCCGA,GACACATCCGTACA,2,60,20,2,-2.3025850929940455
8248,GGTACCGCCGA,GACACATCCGTACA,3,0,16,1,-2.772588722239781
8249,GGTACCGCCGA,GACACATCCGTACA,3,2,26,1,-3.2580965380214817
8250,GGTACCGCCGA,GACACATCCGTACA,3,5,22,1,-3.0910424533583156
8251,GGTACCGCCGA,GACACATCCGTACA,3,10,27,1,-3.295836866004329
8252,GGTACCGCCGA,GACACATCCGTACA,3,15,28,2,-2.6390573296152584
8253,GGTACCGCCGA,GACACATCCGTACA,3,20,33,5,-1.8870696490323797
8254,GGTACCGCCGA,GACACATCCGTACA,3,30,25,5,-1.6094379124341003
8255,GGTACCGCCGA,GACACATCCGTACA,3,40,11,2,-1.7047480922384253
8256,GGTACCGCCGA,GACACATCCGTACA,3,50,39,6,-1.8718021769015913
8257,GGTACCGCCGA,GACACATCCGTACA,3,60,43,8,-1.6817585740137264
8258,GGTACCGCCGA,GACACATCCGTACA,4,0,21,1,-3.044522437723423
8259,GGTACCGCCGA,GACACATCCGTACA,4,2,38,1,-3.6375861597263857
8260,GGTACCGCCGA,GACACATCCGTACA,4,5,19,1,-2.9444389791664403
8261,GGTACCGCCGA,GACACATCCGTACA,4,10,42,9,-1.5404450409471488
8262,GGTACCGCCGA,GACACATCCGTACA,4,15,15,4,-1.3217558399823195
8263,GGTACCGCCGA,GACACATCCGTACA,4,20,31,7,-1.4880770554298328
8264,GGTACCGCCGA,GACACATCCGTACA,4,30,34,6,-1.7346010553881062
8265,GGTACCGCCGA,GACACATCCGTACA,4,40,30,12,-0.916290731874155
8266,GGTACCGCCGA,GACACATCCGTACA,4,50,31,12,-0.9490805546971459
8267,GGTACCGCCGA,GACACATCCGTACA,4,60,35,10,-1.252762968495368
8268,GGTAGAACACG,TCCCCACCACGCCC,2,5,2,1,-0.6931471805599453
8269,GGTAGAACACG,TCCCCACCACGCCC,2,10,2,1,-0.6931471805599453
8270,GGTAGAACACG,TCCCCACCACGCCC,2,15,7,1,-1.9459101490553132
8271,GGTAGAACACG,TCCCCACCACGCCC,2,20,12,1,-2.4849066497880004
8272,GGTAGAACACG,TCCCCACCACGCCC,2,30,1,1,0.0
8273,GGTAGAACACG,TCCCCACCACGCCC,2,50,1,1,0.0
8274,GGTAGAACACG,TCCCCACCACGCCC,3,0,2,1,-0.6931471805599453
8275,GGTAGAACACG,TCCCCACCACGCCC,3,2,4,2,-0.6931471805599453
8276,GGTAGAACACG,TCCCCACCACGCCC,4,5,1,1,0.0
8277,GGTAGAACACG,TCCCCACCACGCCC,4,40,7,11,0.4519851237430572
8278,GGTAGAACACG,TCCCCACCACGCCC,4,50,3,1,-1.0986122886681098
8279,GGTAGAACACG,TCCCCACCACGCCC,4,60,4,1,-1.3862943611198906
8280,GGTATATGTAT,GGACCGCTAGGGTA,2,0,21,6,-1.252762968495368
8281,GGTATATGTAT,GGACCGCTAGGGTA,2,2,23,4,-1.749199854809259
8282,GGTATATGTAT,GGACCGCTAGGGTA,2,5,19,3,-1.8458266904983307
8283,GGTATATGTAT,GGACCGCTAGGGTA,2,10,24,3,-2.0794415416798357
8284,GGTATATGTAT,GGACCGCTAGGGTA,2,15,36,11,-1.1856236656577392
8285,GGTATATGTAT,GGACCGCTAGGGTA,2,20,30,1,-3.4011973816621555
8286,GGTATATGTAT,GGACCGCTAGGGTA,2,30,34,1,-3.526360524616161
8287,GGTATATGTAT,GGACCGCTAGGGTA,2,40,34,10,-1.2237754316221157
8288,GGTATATGTAT,GGACCGCTAGGGTA,2,50,49,13,-1.3268709406490897
8289,GGTATATGTAT,GGACCGCTAGGGTA,2,60,34,11,-1.128465251817791
8290,GGTATATGTAT,GGACCGCTAGGGTA,3,0,19,5,-1.3350010667323402
8291,GGTATATGTAT,GGACCGCTAGGGTA,3,2,14,1,-2.6390573296152584
8292,GGTATATGTAT,GGACCGCTAGGGTA,3,10,34,4,-2.1400661634962708
8293,GGTATATGTAT,GGACCGCTAGGGTA,3,15,21,5,-1.4350845252893227
8294,GGTATATGTAT,GGACCGCTAGGGTA,3,20,32,10,-1.1631508098056809
8295,GGTATATGTAT,GGACCGCTAGGGTA,3,30,13,3,-1.466337068793427
8296,GGTATATGTAT,GGACCGCTAGGGTA,3,40,19,6,-1.1526795099383855
8297,GGTATATGTAT,GGACCGCTAGGGTA,3,50,24,18,-0.2876820724517809
8298,GGTATATGTAT,GGACCGCTAGGGTA,3,60,18,12,-0.40546510810816444
8299,GGTATATGTAT,GGACCGCTAGGGTA,4,0,12,2,-1.791759469228055
8300,GGTATATGTAT,GGACCGCTAGGGTA,4,2,34,4,-2.1400661634962708
8301,GGTATATGTAT,GGACCGCTAGGGTA,4,5,16,1,-2.772588722239781
8302,GGTATATGTAT,GGACCGCTAGGGTA,4,10,20,4,-1.6094379124341003
8303,GGTATATGTAT,GGACCGCTAGGGTA,4,15,26,1,-3.2580965380214817
8304,GGTATATGTAT,GGACCGCTAGGGTA,4,20,18,3,-1.791759469228055
8305,GGTATATGTAT,GGACCGCTAGGGTA,4,30,18,3,-1.791759469228055
8306,GGTATATGTAT,GGACCGCTAGGGTA,4,40,40,11,-1.2909841813155656
8307,GGTATATGTAT,GGACCGCTAGGGTA,4,50,17,10,-0.5306282510621704
8308,GGTATATGTAT,GGACCGCTAGGGTA,4,60,24,8,-1.0986122886681098
8309,GGTATCTATCC,TGTGAAATAACAAA,2,10,1,11,2.3978952727983707
8310,GGTATCTATCC,TGTGAAATAACAAA,2,40,1,3,1.0986122886681096
8311,GGTATCTATCC,TGTGAAATAACAAA,3,0,1,4,1.3862943611198906
8312,GGTATCTATCC,TGTGAAATAACAAA,3,50,1,7,1.9459101490553132
8313,GGTATCTATCC,TGTGAAATAACAAA,4,5,1,7,1.9459101490553132
8314,GGTATCTATCC,TGTGAAATAACAAA,4,15,1,8,2.0794415416798357
8315,GGTCAATTAAG,CCAAAGCAACTACA,4,30,1,2,0.6931471805599453
8316,GGTGAGGTTGC,AATCCAAATACATC,2,0,9,6,-0.40546510810816444
8317,GGTGAGGTTGC,AATCCAAATACATC,2,2,21,9,-0.8472978603872037
8318,GGTGAGGTTGC,AATCCAAATACATC,2,5,10,2,-1.6094379124341003
8319,GGTGAGGTTGC,AATCCAAATACATC,2,10,9,6,-0.40546510810816444
8320,GGTGAGGTTGC,AATCCAAATACATC,2,20,15,10,-0.40546510810816444
8321,GGTGAGGTTGC,AATCCAAATACATC,2,30,22,9,-0.8938178760220964
8322,GGTGAGGTTGC,AATCCAAATACATC,2,40,12,6,-0.6931471805599453
8323,GGTGAGGTTGC,AATCCAAATACATC,2,50,11,13,0.16705408466316624
8324,GGTGAGGTTGC,AATCCAAATACATC,2,60,7,6,-0.15415067982725836
8325,GGTGAGGTTGC,AATCCAAATACATC,3,0,2,6,1.0986122886681096
8326,GGTGAGGTTGC,AATCCAAATACATC,3,2,6,3,-0.6931471805599453
8327,GGTGAGGTTGC,AATCCAAATACATC,3,5,13,10,-0.262364264467491
8328,GGTGAGGTTGC,AATCCAAATACATC,3,10,11,5,-0.7884573603642702
8329,GGTGAGGTTGC,AATCCAAATACATC,3,15,12,9,-0.2876820724517809
8330,GGTGAGGTTGC,AATCCAAATACATC,3,20,11,5,-0.7884573603642702
8331,GGTGAGGTTGC,AATCCAAATACATC,3,30,5,3,-0.5108256237659907
8332,GGTGAGGTTGC,AATCCAAATACATC,3,40,11,15,0.3101549283038394
8333,GGTGAGGTTGC,AATCCAAATACATC,3,50,22,3,-1.992430164690206
8334,GGTGAGGTTGC,AATCCAAATACATC,3,60,14,9,-0.4418327522790392
8335,GGTGAGGTTGC,AATCCAAATACATC,4,0,11,7,-0.4519851237430572
8336,GGTGAGGTTGC,AATCCAAATACATC,4,2,9,6,-0.40546510810816444
8337,GGTGAGGTTGC,AATCCAAATACATC,4,10,17,5,-1.2237754316221157
8338,GGTGAGGTTGC,AATCCAAATACATC,4,15,14,5,-1.0296194171811581
8339,GGTGAGGTTGC,AATCCAAATACATC,4,20,3,10,1.203972804325936
8340,GGTGAGGTTGC,AATCCAAATACATC,4,30,11,8,-0.3184537311185346
8341,GGTGAGGTTGC,AATCCAAATACATC,4,40,16,9,-0.5753641449035618
8342,GGTGAGGTTGC,AATCCAAATACATC,4,50,15,11,-0.31015492830383956
8343,GGTGAGGTTGC,AATCCAAATACATC,4,60,16,3,-1.6739764335716716
8344,GGTGAGTCTTA,CCACCTGCATACTT,2,0,4,2,-0.6931471805599453
8345,GGTGAGTCTTA,CCACCTGCATACTT,2,5,3,3,0.0
8346,GGTGAGTCTTA,CCACCTGCATACTT,2,10,5,1,-1.6094379124341003
8347,GGTGAGTCTTA,CCACCTGCATACTT,2,15,5,2,-0.916290731874155
8348,GGTGAGTCTTA,CCACCTGCATACTT,2,30,3,1,-1.0986122886681098
8349,GGTGAGTCTTA,CCACCTGCATACTT,2,40,4,1,-1.3862943611198906
8350,GGTGAGTCTTA,CCACCTGCATACTT,2,50,6,2,-1.0986122886681098
8351,GGTGAGTCTTA,CCACCTGCATACTT,2,60,5,6,0.1823215567939546
8352,GGTGAGTCTTA,CCACCTGCATACTT,3,0,2,1,-0.6931471805599453
8353,GGTGAGTCTTA,CCACCTGCATACTT,3,2,6,1,-1.791759469228055
8354,GGTGAGTCTTA,CCACCTGCATACTT,3,5,4,4,0.0
8355,GGTGAGTCTTA,CCACCTGCATACTT,3,10,6,4,-0.40546510810816444
8356,GGTGAGTCTTA,CCACCTGCATACTT,3,15,5,4,-0.2231435513142097
8357,GGTGAGTCTTA,CCACCTGCATACTT,3,20,3,6,0.6931471805599453
8358,GGTGAGTCTTA,CCACCTGCATACTT,3,30,6,1,-1.791759469228055
8359,GGTGAGTCTTA,CCACCTGCATACTT,3,60,7,2,-1.252762968495368
8360,GGTGAGTCTTA,CCACCTGCATACTT,4,0,4,1,-1.3862943611198906
8361,GGTGAGTCTTA,CCACCTGCATACTT,4,5,12,1,-2.4849066497880004
8362,GGTGAGTCTTA,CCACCTGCATACTT,4,15,3,1,-1.0986122886681098
8363,GGTGAGTCTTA,CCACCTGCATACTT,4,30,2,2,0.0
8364,GGTGAGTCTTA,CCACCTGCATACTT,4,40,2,1,-0.6931471805599453
8365,GGTGAGTCTTA,CCACCTGCATACTT,4,50,3,5,0.5108256237659907
8366,GGTGAGTCTTA,CCACCTGCATACTT,4,60,1,5,1.6094379124341003
8367,GGTGCCTCTTT,GAAACAATTGAATA,2,0,16,3,-1.6739764335716716
8368,GGTGCCTCTTT,GAAACAATTGAATA,2,15,8,3,-0.9808292530117262
8369,GGTGCCTCTTT,GAAACAATTGAATA,2,20,4,2,-0.6931471805599453
8370,GGTGCCTCTTT,GAAACAATTGAATA,2,30,1,1,0.0
8371,GGTGCCTCTTT,GAAACAATTGAATA,2,40,9,7,-0.25131442828090605
8372,GGTGCCTCTTT,GAAACAATTGAATA,2,60,8,5,-0.4700036292457356
8373,GGTGCCTCTTT,GAAACAATTGAATA,3,0,5,2,-0.916290731874155
8374,GGTGCCTCTTT,GAAACAATTGAATA,3,10,4,1,-1.3862943611198906
8375,GGTGCCTCTTT,GAAACAATTGAATA,3,40,13,4,-1.178654996341646
8376,GGTGCCTCTTT,GAAACAATTGAATA,3,50,2,1,-0.6931471805599453
8377,GGTGCCTCTTT,GAAACAATTGAATA,4,2,10,1,-2.3025850929940455
8378,GGTGCCTCTTT,GAAACAATTGAATA,4,5,4,1,-1.3862943611198906
8379,GGTGCCTCTTT,GAAACAATTGAATA,4,30,1,1,0.0
8380,GGTGCCTCTTT,GAAACAATTGAATA,4,40,5,1,-1.6094379124341003
8381,GGTTTGCAGAA,TAGAGTACCTAGGT,2,20,1,1,0.0
8382,GGTTTGCAGAA,TAGAGTACCTAGGT,2,60,1,2,0.6931471805599453
8383,GGTTTGCAGAA,TAGAGTACCTAGGT,4,15,1,4,1.3862943611198906
8384,GTAAACCTGAA,CCCACATGGTACCT,2,10,1,5,1.6094379124341003
8385,GTAAACCTGAA,CCCACATGGTACCT,3,15,1,4,1.3862943611198906
8386,GTAATAATAAG,CTATAGGCTTACAG,3,50,1,2,0.6931471805599453
8387,GTACAATGCAT,CAAGCACAAAGTAG,2,0,89,10,-2.186051276738094
8388,GTACAATGCAT,CAAGCACAAAGTAG,2,2,87,6,-2.6741486494265287
8389,GTACAATGCAT,CAAGCACAAAGTAG,2,5,79,4,-2.9831534913471307
8390,GTACAATGCAT,CAAGCACAAAGTAG,2,10,98,13,-2.020018121209035
8391,GTACAATGCAT,CAAGCACAAAGTAG,2,15,119,20,-1.7833912195575383
8392,GTACAATGCAT,CAAGCACAAAGTAG,2,20,115,28,-1.4127276181880462
8393,GTACAATGCAT,CAAGCACAAAGTAG,2,30,121,35,-1.2404424841073274
8394,GTACAATGCAT,CAAGCACAAAGTAG,2,40,121,41,-1.0822184788924334
8395,GTACAATGCAT,CAAGCACAAAGTAG,2,50,119,24,-1.6010696627635836
8396,GTACAATGCAT,CAAGCACAAAGTAG,2,60,134,51,-0.9660141672265856
8397,GTACAATGCAT,CAAGCACAAAGTAG,3,0,98,4,-3.1986731175506815
8398,GTACAATGCAT,CAAGCACAAAGTAG,3,2,83,6,-2.627081138568543
8399,GTACAATGCAT,CAAGCACAAAGTAG,3,5,96,9,-2.367123614131617
8400,GTACAATGCAT,CAAGCACAAAGTAG,3,10,101,8,-2.5356789751614235
8401,GTACAATGCAT,CAAGCACAAAGTAG,3,15,129,12,-2.3749057545736716
8402,GTACAATGCAT,CAAGCACAAAGTAG,3,20,122,30,-1.402823663071101
8403,GTACAATGCAT,CAAGCACAAAGTAG,3,30,84,17,-1.5976034547870974
8404,GTACAATGCAT,CAAGCACAAAGTAG,3,40,151,19,-2.0728408576484836
8405,GTACAATGCAT,CAAGCACAAAGTAG,3,50,121,22,-1.7047480922384253
8406,GTACAATGCAT,CAAGCACAAAGTAG,3,60,104,12,-2.159484249353372
8407,GTACAATGCAT,CAAGCACAAAGTAG,4,0,88,7,-2.531426665422893
8408,GTACAATGCAT,CAAGCACAAAGTAG,4,2,120,5,-3.1780538303479458
8409,GTACAATGCAT,CAAGCACAAAGTAG,4,5,107,7,-2.7269186854065928
8410,GTACAATGCAT,CAAGCACAAAGTAG,4,10,131,21,-1.8306748854777286
8411,GTACAATGCAT,CAAGCACAAAGTAG,4,15,68,12,-1.7346010553881062
8412,GTACAATGCAT,CAAGCACAAAGTAG,4,20,73,14,-1.6514021115331325
8413,GTACAATGCAT,CAAGCACAAAGTAG,4,30,92,19,-1.5773495978825998
8414,GTACAATGCAT,CAAGCACAAAGTAG,4,40,105,43,-0.8927602344639609
8415,GTACAATGCAT,CAAGCACAAAGTAG,4,50,120,38,-1.1499055830556602
8416,GTACAATGCAT,CAAGCACAAAGTAG,4,60,172,30,-1.7462970951512977
8417,GTACTCTCCGC,GACAGATCAAAGTT,2,10,1,8,2.0794415416798357
8418,GTACTCTCCGC,GACAGATCAAAGTT,2,50,1,16,2.772588722239781
8419,GTACTCTCCGC,GACAGATCAAAGTT,3,5,1,8,2.0794415416798357
8420,GTACTCTCCGC,GACAGATCAAAGTT,4,20,1,8,2.0794415416798357
8421,GTACTTTCTTC,CCCCTCCGATAGAC,2,50,1,20,2.995732273553991
8422,GTAGCATTCGT,TGAGCTGATAGGTA,2,2,6,1,-1.791759469228055
8423,GTAGCATTCGT,TGAGCTGATAGGTA,2,15,26,10,-0.9555114450274362
8424,GTAGCATTCGT,TGAGCTGATAGGTA,2,20,15,3,-1.6094379124341003
8425,GTAGCATTCGT,TGAGCTGATAGGTA,2,30,25,5,-1.6094379124341003
8426,GTAGCATTCGT,TGAGCTGATAGGTA,2,50,23,3,-2.03688192726104
8427,GTAGCATTCGT,TGAGCTGATAGGTA,3,0,9,2,-1.5040773967762742
8428,GTAGCATTCGT,TGAGCTGATAGGTA,3,2,24,4,-1.791759469228055
8429,GTAGCATTCGT,TGAGCTGATAGGTA,3,10,20,4,-1.6094379124341003
8430,GTAGCATTCGT,TGAGCTGATAGGTA,3,15,19,2,-2.2512917986064953
8431,GTAGCATTCGT,TGAGCTGATAGGTA,3,20,22,7,-1.1451323043030026
8432,GTAGCATTCGT,TGAGCTGATAGGTA,3,30,20,1,-2.995732273553991
8433,GTAGCATTCGT,TGAGCTGATAGGTA,3,40,11,3,-1.2992829841302609
8434,GTAGCATTCGT,TGAGCTGATAGGTA,3,50,6,4,-0.40546510810816444
8435,GTAGCATTCGT,TGAGCTGATAGGTA,4,2,7,1,-1.9459101490553132
8436,GTAGCATTCGT,TGAGCTGATAGGTA,4,10,10,2,-1.6094379124341003
8437,GTAGCATTCGT,TGAGCTGATAGGTA,4,20,4,1,-1.3862943611198906
8438,GTAGCATTCGT,TGAGCTGATAGGTA,4,30,7,3,-0.8472978603872037
8439,GTAGCATTCGT,TGAGCTGATAGGTA,4,40,25,4,-1.83258146374831
8440,GTAGCATTCGT,TGAGCTGATAGGTA,4,50,14,1,-2.6390573296152584
8441,GTAGCATTCGT,TGAGCTGATAGGTA,4,60,13,2,-1.8718021769015913
8442,GTAGCCACGGG,ATCCAGATCGAATC,2,2,20,3,-1.8971199848858813
8443,GTAGCCACGGG,ATCCAGATCGAATC,2,10,25,10,-0.916290731874155
8444,GTAGCCACGGG,ATCCAGATCGAATC,2,15,8,15,0.6286086594223741
8445,GTAGCCACGGG,ATCCAGATCGAATC,2,20,23,16,-0.36290549368936853
8446,GTAGCCACGGG,ATCCAGATCGAATC,2,30,14,19,0.30538164955118186
8447,GTAGCCACGGG,ATCCAGATCGAATC,2,40,51,18,-1.041453874828161
8448,GTAGCCACGGG,ATCCAGATCGAATC,2,50,18,25,0.328504066972036
8449,GTAGCCACGGG,ATCCAGATCGAATC,2,60,16,18,0.11778303565638346
8450,GTAGCCACGGG,ATCCAGATCGAATC,3,0,12,4,-1.0986122886681098
8451,GTAGCCACGGG,ATCCAGATCGAATC,3,2,14,1,-2.6390573296152584
8452,GTAGCCACGGG,ATCCAGATCGAATC,3,5,17,7,-0.8873031950009028
8453,GTAGCCACGGG,ATCCAGATCGAATC,3,10,10,2,-1.6094379124341003
8454,GTAGCCACGGG,ATCCAGATCGAATC,3,15,20,18,-0.10536051565782628
8455,GTAGCCACGGG,ATCCAGATCGAATC,3,20,19,12,-0.4595323293784402
8456,GTAGCCACGGG,ATCCAGATCGAATC,3,30,11,21,0.6466271649250525
8457,GTAGCCACGGG,ATCCAGATCGAATC,3,40,8,5,-0.4700036292457356
8458,GTAGCCACGGG,ATCCAGATCGAATC,3,50,8,9,0.11778303565638346
8459,GTAGCCACGGG,ATCCAGATCGAATC,3,60,11,13,0.16705408466316624
8460,GTAGCCACGGG,ATCCAGATCGAATC,4,0,8,3,-0.9808292530117262
8461,GTAGCCACGGG,ATCCAGATCGAATC,4,2,11,5,-0.7884573603642702
8462,GTAGCCACGGG,ATCCAGATCGAATC,4,5,15,1,-2.70805020110221
8463,GTAGCCACGGG,ATCCAGATCGAATC,4,10,19,9,-0.7472144018302211
8464,GTAGCCACGGG,ATCCAGATCGAATC,4,15,10,2,-1.6094379124341003
8465,GTAGCCACGGG,ATCCAGATCGAATC,4,20,9,11,0.20067069546215122
8466,GTAGCCACGGG,ATCCAGATCGAATC,4,30,7,8,0.13353139262452257
8467,GTAGCCACGGG,ATCCAGATCGAATC,4,40,13,27,0.7308875085427924
8468,GTAGCCACGGG,ATCCAGATCGAATC,4,50,16,55,1.2347444629926896
8469,GTAGCCACGGG,ATCCAGATCGAATC,4,60,8,12,0.4054651081081644
8470,GTATGTCCCCC,TTCCCTAAAATCCC,2,10,1,5,1.6094379124341003
8471,GTATGTCCCCC,TTCCCTAAAATCCC,3,20,1,9,2.197224577336219
8472,GTATGTCCCCC,TTCCCTAAAATCCC,3,40,1,15,2.70805020110221
8473,GTATGTCCCCC,TTCCCTAAAATCCC,4,60,1,10,2.3025850929940455
8474,GTATTCTTTCT,TCAATTTCTCTCGG,2,0,113,14,-2.088330489097082
8475,GTATTCTTTCT,TCAATTTCTCTCGG,2,2,145,18,-2.0863619845244097
8476,GTATTCTTTCT,TCAATTTCTCTCGG,2,5,134,10,-2.5952547069568657
8477,GTATTCTTTCT,TCAATTTCTCTCGG,2,10,186,27,-1.929909807708872
8478,GTATTCTTTCT,TCAATTTCTCTCGG,2,15,166,27,-1.816150922352214
8479,GTATTCTTTCT,TCAATTTCTCTCGG,2,20,155,37,-1.4325072042750222
8480,GTATTCTTTCT,TCAATTTCTCTCGG,2,30,139,31,-1.5004867286455454
8481,GTATTCTTTCT,TCAATTTCTCTCGG,2,40,191,31,-1.8182862235614836
8482,GTATTCTTTCT,TCAATTTCTCTCGG,2,50,184,45,-1.4082732678386658
8483,GTATTCTTTCT,TCAATTTCTCTCGG,2,60,149,51,-1.0721206732211335
8484,GTATTCTTTCT,TCAATTTCTCTCGG,3,0,123,6,-3.0204248861443626
8485,GTATTCTTTCT,TCAATTTCTCTCGG,3,2,119,10,-2.4765384001174837
8486,GTATTCTTTCT,TCAATTTCTCTCGG,3,5,145,9,-2.779509165084355
8487,GTATTCTTTCT,TCAATTTCTCTCGG,3,10,162,21,-2.043073897508961
8488,GTATTCTTTCT,TCAATTTCTCTCGG,3,15,140,51,-1.0098167898849786
8489,GTATTCTTTCT,TCAATTTCTCTCGG,3,20,133,56,-0.8649974374866045
8490,GTATTCTTTCT,TCAATTTCTCTCGG,3,30,96,20,-1.5686159179138452
8491,GTATTCTTTCT,TCAATTTCTCTCGG,3,40,119,32,-1.3133875903118029
8492,GTATTCTTTCT,TCAATTTCTCTCGG,3,50,146,29,-1.6163107917218624
8493,GTATTCTTTCT,TCAATTTCTCTCGG,3,60,118,41,-1.057112557761357
8494,GTATTCTTTCT,TCAATTTCTCTCGG,4,0,111,13,-2.144580843850797
8495,GTATTCTTTCT,TCAATTTCTCTCGG,4,2,187,15,-2.5230584157523763
8496,GTATTCTTTCT,TCAATTTCTCTCGG,4,5,80,6,-2.5902671654458267
8497,GTATTCTTTCT,TCAATTTCTCTCGG,4,10,124,48,-0.9490805546971459
8498,GTATTCTTTCT,TCAATTTCTCTCGG,4,15,104,30,-1.2431935174792172
8499,GTATTCTTTCT,TCAATTTCTCTCGG,4,20,92,19,-1.5773495978825998
8500,GTATTCTTTCT,TCAATTTCTCTCGG,4,30,160,36,-1.491654876777717
8501,GTATTCTTTCT,TCAATTTCTCTCGG,4,40,177,82,-0.769430485309576
8502,GTATTCTTTCT,TCAATTTCTCTCGG,4,50,181,57,-1.1554457634312756
8503,GTATTCTTTCT,TCAATTTCTCTCGG,4,60,163,40,-1.404870746692826
8504,GTCAAATAAAT,GGACTCTGCTTATG,2,0,1,1,0.0
8505,GTCAAATAAAT,GGACTCTGCTTATG,3,2,1,1,0.0
8506,GTCAAATAAAT,GGACTCTGCTTATG,4,30,1,1,0.0
8507,GTCAAATAAAT,GGACTCTGCTTATG,4,40,2,6,1.0986122886681096
8508,GTCAAATAAAT,GGACTCTGCTTATG,4,60,2,2,0.0
8509,GTCAGGGCGAG,TTGATATGGAGGCA,2,0,52,4,-2.5649493574615367
8510,GTCAGGGCGAG,TTGATATGGAGGCA,2,2,65,1,-4.174387269895637
8511,GTCAGGGCGAG,TTGATATGGAGGCA,2,5,47,4,-2.463853240590168
8512,GTCAGGGCGAG,TTGATATGGAGGCA,2,10,102,6,-2.833213344056216
8513,GTCAGGGCGAG,TTGATATGGAGGCA,2,15,85,4,-3.056356895370426
8514,GTCAGGGCGAG,TTGATATGGAGGCA,2,20,68,1,-4.219507705176107
8515,GTCAGGGCGAG,TTGATATGGAGGCA,2,30,49,1,-3.8918202981106265
8516,GTCAGGGCGAG,TTGATATGGAGGCA,2,40,56,5,-2.4159137783010487
8517,GTCAGGGCGAG,TTGATATGGAGGCA,2,50,56,6,-2.2335922215070942
8518,GTCAGGGCGAG,TTGATATGGAGGCA,2,60,86,4,-3.068052935133617
8519,GTCAGGGCGAG,TTGATATGGAGGCA,3,0,64,9,-1.9616585060234524
8520,GTCAGGGCGAG,TTGATATGGAGGCA,3,2,67,6,-2.412933150162911
8521,GTCAGGGCGAG,TTGATATGGAGGCA,3,5,61,3,-3.0122615755052013
8522,GTCAGGGCGAG,TTGATATGGAGGCA,3,10,37,2,-2.917770732084279
8523,GTCAGGGCGAG,TTGATATGGAGGCA,3,15,81,6,-2.6026896854443837
8524,GTCAGGGCGAG,TTGATATGGAGGCA,3,20,86,7,-2.5084371471981943
8525,GTCAGGGCGAG,TTGATATGGAGGCA,3,30,48,4,-2.4849066497880004
8526,GTCAGGGCGAG,TTGATATGGAGGCA,3,40,69,5,-2.6246685921631587
8527,GTCAGGGCGAG,TTGATATGGAGGCA,3,50,72,4,-2.8903717578961645
8528,GTCAGGGCGAG,TTGATATGGAGGCA,3,60,37,3,-2.512305623976115
8529,GTCAGGGCGAG,TTGATATGGAGGCA,4,0,43,1,-3.7612001156935624
8530,GTCAGGGCGAG,TTGATATGGAGGCA,4,2,80,8,-2.3025850929940455
8531,GTCAGGGCGAG,TTGATATGGAGGCA,4,5,54,1,-3.9889840465642745
8532,GTCAGGGCGAG,TTGATATGGAGGCA,4,10,64,3,-3.060270794691562
8533,GTCAGGGCGAG,TTGATATGGAGGCA,4,15,27,2,-2.6026896854443837
8534,GTCAGGGCGAG,TTGATATGGAGGCA,4,20,35,3,-2.456735772821304
8535,GTCAGGGCGAG,TTGATATGGAGGCA,4,30,56,4,-2.6390573296152584
8536,GTCAGGGCGAG,TTGATATGGAGGCA,4,40,91,11,-2.1129642337184795
8537,GTCAGGGCGAG,TTGATATGGAGGCA,4,50,46,3,-2.730029107820985
8538,GTCAGGGCGAG,TTGATATGGAGGCA,4,60,75,3,-3.2188758248682006
8539,GTCAGTGTAAA,TAACTTTGGAAAAA,2,0,41,4,-2.327277705584417
8540,GTCAGTGTAAA,TAACTTTGGAAAAA,2,2,41,6,-1.9218125974762528
8541,GTCAGTGTAAA,TAACTTTGGAAAAA,2,5,32,3,-2.367123614131617
8542,GTCAGTGTAAA,TAACTTTGGAAAAA,2,10,48,22,-0.7801585575495751
8543,GTCAGTGTAAA,TAACTTTGGAAAAA,2,15,43,25,-0.5423242908253616
8544,GTCAGTGTAAA,TAACTTTGGAAAAA,2,20,49,21,-0.8472978603872037
8545,GTCAGTGTAAA,TAACTTTGGAAAAA,2,30,54,43,-0.227783930870712
8546,GTCAGTGTAAA,TAACTTTGGAAAAA,2,40,29,16,-0.5947071077466928
8547,GTCAGTGTAAA,TAACTTTGGAAAAA,2,50,41,39,-0.050010420574661416
8548,GTCAGTGTAAA,TAACTTTGGAAAAA,2,60,30,37,0.2097205309820691
8549,GTCAGTGTAAA,TAACTTTGGAAAAA,3,2,24,1,-3.1780538303479458
8550,GTCAGTGTAAA,TAACTTTGGAAAAA,3,5,36,4,-2.1972245773362196
8551,GTCAGTGTAAA,TAACTTTGGAAAAA,3,10,29,11,-0.9694005571881035
8552,GTCAGTGTAAA,TAACTTTGGAAAAA,3,15,47,19,-0.9057086225436182
8553,GTCAGTGTAAA,TAACTTTGGAAAAA,3,20,51,33,-0.4353180712578455
8554,GTCAGTGTAAA,TAACTTTGGAAAAA,3,30,23,13,-0.570544858467613
8555,GTCAGTGTAAA,TAACTTTGGAAAAA,3,40,36,50,0.328504066972036
8556,GTCAGTGTAAA,TAACTTTGGAAAAA,3,50,31,25,-0.21511137961694557
8557,GTCAGTGTAAA,TAACTTTGGAAAAA,3,60,20,14,-0.35667494393873245
8558,GTCAGTGTAAA,TAACTTTGGAAAAA,4,0,48,1,-3.8712010109078907
8559,GTCAGTGTAAA,TAACTTTGGAAAAA,4,2,40,6,-1.8971199848858813
8560,GTCAGTGTAAA,TAACTTTGGAAAAA,4,5,23,2,-2.4423470353692043
8561,GTCAGTGTAAA,TAACTTTGGAAAAA,4,10,56,13,-1.4604023332736125
8562,GTCAGTGTAAA,TAACTTTGGAAAAA,4,15,42,10,-1.4350845252893227
8563,GTCAGTGTAAA,TAACTTTGGAAAAA,4,20,36,10,-1.2809338454620642
8564,GTCAGTGTAAA,TAACTTTGGAAAAA,4,30,41,33,-0.21706450523782753
8565,GTCAGTGTAAA,TAACTTTGGAAAAA,4,40,31,38,0.20359895524123953
8566,GTCAGTGTAAA,TAACTTTGGAAAAA,4,50,74,73,-0.013605652055778598
8567,GTCAGTGTAAA,TAACTTTGGAAAAA,4,60,28,22,-0.2411620568168881
8568,GTCCACATCCA,ATACAGTTAGCCCG,2,0,43,2,-3.068052935133617
8569,GTCCACATCCA,ATACAGTTAGCCCG,2,2,54,2,-3.295836866004329
8570,GTCCACATCCA,ATACAGTTAGCCCG,2,5,26,3,-2.159484249353372
8571,GTCCACATCCA,ATACAGTTAGCCCG,2,10,34,2,-2.833213344056216
8572,GTCCACATCCA,ATACAGTTAGCCCG,2,15,57,9,-1.8458266904983307
8573,GTCCACATCCA,ATACAGTTAGCCCG,2,20,51,10,-1.62924053973028
8574,GTCCACATCCA,ATACAGTTAGCCCG,2,30,74,7,-2.3581549441488563
8575,GTCCACATCCA,ATACAGTTAGCCCG,2,40,28,2,-2.6390573296152584
8576,GTCCACATCCA,ATACAGTTAGCCCG,2,50,79,12,-1.8845412026790211
8577,GTCCACATCCA,ATACAGTTAGCCCG,2,60,30,10,-1.0986122886681098
8578,GTCCACATCCA,ATACAGTTAGCCCG,3,0,8,2,-1.3862943611198906
8579,GTCCACATCCA,ATACAGTTAGCCCG,3,2,27,1,-3.295836866004329
8580,GTCCACATCCA,ATACAGTTAGCCCG,3,5,29,2,-2.6741486494265287
8581,GTCCACATCCA,ATACAGTTAGCCCG,3,10,35,3,-2.456735772821304
8582,GTCCACATCCA,ATACAGTTAGCCCG,3,15,44,2,-3.0910424533583156
8583,GTCCACATCCA,ATACAGTTAGCCCG,3,20,41,22,-0.6225296133459919
8584,GTCCACATCCA,ATACAGTTAGCCCG,3,30,51,7,-1.9859154836690123
8585,GTCCACATCCA,ATACAGTTAGCCCG,3,40,41,8,-1.6341305250244718
8586,GTCCACATCCA,ATACAGTTAGCCCG,3,50,26,4,-1.8718021769015913
8587,GTCCACATCCA,ATACAGTTAGCCCG,3,60,22,2,-2.3978952727983707
8588,GTCCACATCCA,ATACAGTTAGCCCG,4,0,40,1,-3.6888794541139363
8589,GTCCACATCCA,ATACAGTTAGCCCG,4,2,38,2,-2.9444389791664403
8590,GTCCACATCCA,ATACAGTTAGCCCG,4,10,39,1,-3.6635616461296463
8591,GTCCACATCCA,ATACAGTTAGCCCG,4,15,24,2,-2.4849066497880004
8592,GTCCACATCCA,ATACAGTTAGCCCG,4,20,38,6,-1.8458266904983307
8593,GTCCACATCCA,ATACAGTTAGCCCG,4,30,37,6,-1.8191584434161694
8594,GTCCACATCCA,ATACAGTTAGCCCG,4,40,26,5,-1.6486586255873816
8595,GTCCACATCCA,ATACAGTTAGCCCG,4,50,47,3,-2.751535313041949
8596,GTCCTGCTTCC,CATTCGTTCTCACG,3,5,1,5,1.6094379124341003
8597,GTCCTGCTTCC,CATTCGTTCTCACG,3,30,1,16,2.772588722239781
8598,GTCCTGCTTCC,CATTCGTTCTCACG,3,60,1,4,1.3862943611198906
8599,GTCCTGCTTCC,CATTCGTTCTCACG,4,10,1,28,3.332204510175204
8600,GTCCTGCTTCC,CATTCGTTCTCACG,4,50,1,42,3.737669618283368
8601,GTCGCTCAGCA,AATAACCTCATGGA,2,0,102,8,-2.545531271604435
8602,GTCGCTCAGCA,AATAACCTCATGGA,2,2,88,6,-2.6855773452501515
8603,GTCGCTCAGCA,AATAACCTCATGGA,2,5,109,11,-2.2934526094307732
8604,GTCGCTCAGCA,AATAACCTCATGGA,2,10,123,12,-2.327277705584417
8605,GTCGCTCAGCA,AATAACCTCATGGA,2,15,118,18,-1.8803128665695
8606,GTCGCTCAGCA,AATAACCTCATGGA,2,20,103,10,-2.33214389523559
8607,GTCGCTCAGCA,AATAACCTCATGGA,2,30,149,19,-2.0595073267790185
8608,GTCGCTCAGCA,AATAACCTCATGGA,2,40,88,14,-1.8382794848629478
8609,GTCGCTCAGCA,AATAACCTCATGGA,2,50,130,25,-1.6486586255873816
8610,GTCGCTCAGCA,AATAACCTCATGGA,2,60,106,21,-1.6189166563886441
8611,GTCGCTCAGCA,AATAACCTCATGGA,3,0,65,6,-2.382627800667582
8612,GTCGCTCAGCA,AATAACCTCATGGA,3,2,88,4,-3.0910424533583156
8613,GTCGCTCAGCA,AATAACCTCATGGA,3,5,83,2,-3.7256934272366524
8614,GTCGCTCAGCA,AATAACCTCATGGA,3,10,116,18,-1.8632184332102
8615,GTCGCTCAGCA,AATAACCTCATGGA,3,15,142,24,-1.777773227253315
8616,GTCGCTCAGCA,AATAACCTCATGGA,3,20,115,18,-1.8545603704670852
8617,GTCGCTCAGCA,AATAACCTCATGGA,3,30,93,19,-1.5881605139868153
8618,GTCGCTCAGCA,AATAACCTCATGGA,3,40,127,29,-1.476891256472117
8619,GTCGCTCAGCA,AATAACCTCATGGA,3,50,72,11,-1.8787708462176846
8620,GTCGCTCAGCA,AATAACCTCATGGA,3,60,82,10,-2.1041341542702074
8621,GTCGCTCAGCA,AATAACCTCATGGA,4,0,85,5,-2.833213344056216
8622,GTCGCTCAGCA,AATAACCTCATGGA,4,2,71,4,-2.8763855159214247
8623,GTCGCTCAGCA,AATAACCTCATGGA,4,5,72,2,-3.58351893845611
8624,GTCGCTCAGCA,AATAACCTCATGGA,4,10,101,10,-2.312535423847214
8625,GTCGCTCAGCA,AATAACCTCATGGA,4,15,85,13,-1.8777018990287795
8626,GTCGCTCAGCA,AATAACCTCATGGA,4,20,125,15,-2.120263536200091
8627,GTCGCTCAGCA,AATAACCTCATGGA,4,30,93,22,-1.44155703979494
8628,GTCGCTCAGCA,AATAACCTCATGGA,4,40,97,14,-1.9356536488881242
8629,GTCGCTCAGCA,AATAACCTCATGGA,4,50,110,28,-1.3682758556172123
8630,GTCGCTCAGCA,AATAACCTCATGGA,4,60,89,18,-1.5982646118359751
8631,GTCGTGAATGT,AGCACCGTTAAAAT,2,0,9,1,-2.1972245773362196
8632,GTCGTGAATGT,AGCACCGTTAAAAT,2,15,5,1,-1.6094379124341003
8633,GTCGTGAATGT,AGCACCGTTAAAAT,2,20,26,11,-0.8602012652231115
8634,GTCGTGAATGT,AGCACCGTTAAAAT,2,30,14,2,-1.9459101490553132
8635,GTCGTGAATGT,AGCACCGTTAAAAT,2,50,13,1,-2.5649493574615367
8636,GTCGTGAATGT,AGCACCGTTAAAAT,3,5,6,2,-1.0986122886681098
8637,GTCGTGAATGT,AGCACCGTTAAAAT,3,15,13,5,-0.9555114450274362
8638,GTCGTGAATGT,AGCACCGTTAAAAT,3,20,27,4,-1.9095425048844383
8639,GTCGTGAATGT,AGCACCGTTAAAAT,3,30,11,1,-2.3978952727983707
8640,GTCGTGAATGT,AGCACCGTTAAAAT,3,40,4,2,-0.6931471805599453
8641,GTCGTGAATGT,AGCACCGTTAAAAT,3,50,7,4,-0.5596157879354227
8642,GTCGTGAATGT,AGCACCGTTAAAAT,3,60,4,3,-0.2876820724517809
8643,GTCGTGAATGT,AGCACCGTTAAAAT,4,0,15,1,-2.70805020110221
8644,GTCGTGAATGT,AGCACCGTTAAAAT,4,15,16,1,-2.772588722239781
8645,GTCGTGAATGT,AGCACCGTTAAAAT,4,30,8,1,-2.0794415416798357
8646,GTCGTGAATGT,AGCACCGTTAAAAT,4,40,7,1,-1.9459101490553132
8647,GTCGTGAATGT,AGCACCGTTAAAAT,4,50,2,4,0.6931471805599453
8648,GTCTACCAGTA,AATGTTATGGCAGT,2,0,21,6,-1.252762968495368
8649,GTCTACCAGTA,AATGTTATGGCAGT,2,2,18,9,-0.6931471805599453
8650,GTCTACCAGTA,AATGTTATGGCAGT,2,5,20,3,-1.8971199848858813
8651,GTCTACCAGTA,AATGTTATGGCAGT,2,10,23,22,-0.0444517625708338
8652,GTCTACCAGTA,AATGTTATGGCAGT,2,15,28,13,-0.7672551527136671
8653,GTCTACCAGTA,AATGTTATGGCAGT,2,20,25,38,0.418710334858185
8654,GTCTACCAGTA,AATGTTATGGCAGT,2,30,19,13,-0.37948962170490375
8655,GTCTACCAGTA,AATGTTATGGCAGT,2,40,14,10,-0.3364722366212129
8656,GTCTACCAGTA,AATGTTATGGCAGT,2,50,22,14,-0.4519851237430572
8657,GTCTACCAGTA,AATGTTATGGCAGT,2,60,22,17,-0.2578291093020998
8658,GTCTACCAGTA,AATGTTATGGCAGT,3,0,23,7,-1.1895840668738362
8659,GTCTACCAGTA,AATGTTATGGCAGT,3,2,12,8,-0.40546510810816444
8660,GTCTACCAGTA,AATGTTATGGCAGT,3,5,24,17,-0.34484048629172953
8661,GTCTACCAGTA,AATGTTATGGCAGT,3,10,28,15,-0.6241543090729939
8662,GTCTACCAGTA,AATGTTATGGCAGT,3,15,30,14,-0.7621400520468967
8663,GTCTACCAGTA,AATGTTATGGCAGT,3,20,23,21,-0.09097177820572676
8664,GTCTACCAGTA,AATGTTATGGCAGT,3,30,12,8,-0.40546510810816444
8665,GTCTACCAGTA,AATGTTATGGCAGT,3,40,20,16,-0.2231435513142097
8666,GTCTACCAGTA,AATGTTATGGCAGT,3,50,13,16,0.20763936477824455
8667,GTCTACCAGTA,AATGTTATGGCAGT,3,60,19,13,-0.37948962170490375
8668,GTCTACCAGTA,AATGTTATGGCAGT,4,0,17,7,-0.8873031950009028
8669,GTCTACCAGTA,AATGTTATGGCAGT,4,2,15,8,-0.6286086594223741
8670,GTCTACCAGTA,AATGTTATGGCAGT,4,5,10,4,-0.916290731874155
8671,GTCTACCAGTA,AATGTTATGGCAGT,4,10,22,12,-0.6061358035703156
8672,GTCTACCAGTA,AATGTTATGGCAGT,4,15,13,6,-0.7731898882334817
8673,GTCTACCAGTA,AATGTTATGGCAGT,4,20,11,12,0.0870113769896297
8674,GTCTACCAGTA,AATGTTATGGCAGT,4,30,14,11,-0.2411620568168881
8675,GTCTACCAGTA,AATGTTATGGCAGT,4,40,16,10,-0.4700036292457356
8676,GTCTACCAGTA,AATGTTATGGCAGT,4,50,16,19,0.17185025692665923
8677,GTCTACCAGTA,AATGTTATGGCAGT,4,60,16,18,0.11778303565638346
8678,GTGACCATCTC,CATGCTAGAGACCG,2,15,1,15,2.70805020110221
8679,GTGAGAGTTCC,AGTGACTTCCGTCT,2,15,1,27,3.295836866004329
8680,GTGAGAGTTCC,AGTGACTTCCGTCT,4,0,1,1,0.0
8681,GTGAGCCGCCC,TGATAAGATTCCAT,2,0,731,60,-2.5000688975276777
8682,GTGAGCCGCCC,TGATAAGATTCCAT,2,2,793,76,-2.345089881348517
8683,GTGAGCCGCCC,TGATAAGATTCCAT,2,5,709,48,-2.6926545156242363
8684,GTGAGCCGCCC,TGATAAGATTCCAT,2,10,1007,75,-2.5972427791822517
8685,GTGAGCCGCCC,TGATAAGATTCCAT,2,15,995,60,-2.808398174936492
8686,GTGAGCCGCCC,TGATAAGATTCCAT,2,20,987,64,-2.7357869560738095
8687,GTGAGCCGCCC,TGATAAGATTCCAT,2,30,958,50,-2.9528247725427144
8688,GTGAGCCGCCC,TGATAAGATTCCAT,2,40,970,49,-2.985475773386802
8689,GTGAGCCGCCC,TGATAAGATTCCAT,2,50,1027,69,-2.700290705331299
8690,GTGAGCCGCCC,TGATAAGATTCCAT,2,60,951,48,-2.986313051637499
8691,GTGAGCCGCCC,TGATAAGATTCCAT,3,0,805,60,-2.5964977151964628
8692,GTGAGCCGCCC,TGATAAGATTCCAT,3,2,703,56,-2.5300052010755154
8693,GTGAGCCGCCC,TGATAAGATTCCAT,3,5,832,73,-2.4333729996728177
8694,GTGAGCCGCCC,TGATAAGATTCCAT,3,10,1079,67,-2.7790973458671684
8695,GTGAGCCGCCC,TGATAAGATTCCAT,3,15,1006,64,-2.7548542673000127
8696,GTGAGCCGCCC,TGATAAGATTCCAT,3,20,1089,93,-2.4604156297797046
8697,GTGAGCCGCCC,TGATAAGATTCCAT,3,30,790,48,-2.8008319345531763
8698,GTGAGCCGCCC,TGATAAGATTCCAT,3,40,909,45,-3.005682604407159
8699,GTGAGCCGCCC,TGATAAGATTCCAT,3,50,906,49,-2.917219007932353
8700,GTGAGCCGCCC,TGATAAGATTCCAT,3,60,807,45,-2.886661178499629
8701,GTGAGCCGCCC,TGATAAGATTCCAT,4,0,739,56,-2.5799462302130522
8702,GTGAGCCGCCC,TGATAAGATTCCAT,4,2,817,72,-2.4289729758439473
8703,GTGAGCCGCCC,TGATAAGATTCCAT,4,5,675,39,-2.8511510447428834
8704,GTGAGCCGCCC,TGATAAGATTCCAT,4,10,927,76,-2.501220225279524
8705,GTGAGCCGCCC,TGATAAGATTCCAT,4,15,793,53,-2.705531308082726
8706,GTGAGCCGCCC,TGATAAGATTCCAT,4,20,670,38,-2.869691552658626
8707,GTGAGCCGCCC,TGATAAGATTCCAT,4,30,815,36,-3.1196691747847525
8708,GTGAGCCGCCC,TGATAAGATTCCAT,4,40,937,46,-3.014041885749327
8709,GTGAGCCGCCC,TGATAAGATTCCAT,4,50,1141,71,-2.7769804728207603
8710,GTGAGCCGCCC,TGATAAGATTCCAT,4,60,931,58,-2.7758162667306476
8711,GTGAGGGAAAA,TGATAAGTATGTCA,3,30,1,1,0.0
8712,GTGCCTGTGAT,CGAGGAACGAAATA,2,30,1,10,2.3025850929940455
8713,GTGCTCATCCT,GATCCACTCATACT,2,0,10,1,-2.3025850929940455
8714,GTGCTCATCCT,GATCCACTCATACT,2,10,1,8,2.0794415416798357
8715,GTGCTCATCCT,GATCCACTCATACT,2,30,10,7,-0.35667494393873245
8716,GTGCTCATCCT,GATCCACTCATACT,2,60,5,1,-1.6094379124341003
8717,GTGCTCATCCT,GATCCACTCATACT,3,10,3,2,-0.40546510810816444
8718,GTGCTCATCCT,GATCCACTCATACT,3,20,1,1,0.0
8719,GTGCTCATCCT,GATCCACTCATACT,3,50,1,2,0.6931471805599453
8720,GTGCTCATCCT,GATCCACTCATACT,4,5,6,1,-1.791759469228055
8721,GTGCTCATCCT,GATCCACTCATACT,4,60,2,6,1.0986122886681096
8722,GTGGATGTGCC,TGAAGTCCCTAATT,2,0,139,7,-2.9885637840753785
8723,GTGGATGTGCC,TGAAGTCCCTAATT,2,2,158,8,-2.9831534913471307
8724,GTGGATGTGCC,TGAAGTCCCTAATT,2,5,79,6,-2.5776883832389665
8725,GTGGATGTGCC,TGAAGTCCCTAATT,2,10,148,7,-3.0513021247088017
8726,GTGGATGTGCC,TGAAGTCCCTAATT,2,15,136,15,-2.204604684633842
8727,GTGGATGTGCC,TGAAGTCCCTAATT,2,20,217,33,-1.8833897920739793
8728,GTGGATGTGCC,TGAAGTCCCTAATT,2,30,153,15,-2.322387720290225
8729,GTGGATGTGCC,TGAAGTCCCTAATT,2,40,189,20,-2.2460147415056513
8730,GTGGATGTGCC,TGAAGTCCCTAATT,2,50,158,14,-2.423537703411708
8731,GTGGATGTGCC,TGAAGTCCCTAATT,2,60,163,13,-2.5288008433452256
8732,GTGGATGTGCC,TGAAGTCCCTAATT,3,0,148,12,-2.512305623976115
8733,GTGGATGTGCC,TGAAGTCCCTAATT,3,2,96,6,-2.772588722239781
8734,GTGGATGTGCC,TGAAGTCCCTAATT,3,5,159,17,-2.2356908581640154
8735,GTGGATGTGCC,TGAAGTCCCTAATT,3,10,164,8,-3.0204248861443626
8736,GTGGATGTGCC,TGAAGTCCCTAATT,3,15,158,15,-2.3545448319247564
8737,GTGGATGTGCC,TGAAGTCCCTAATT,3,20,167,10,-2.8154087194227095
8738,GTGGATGTGCC,TGAAGTCCCTAATT,3,30,127,15,-2.136136885356381
8739,GTGGATGTGCC,TGAAGTCCCTAATT,3,40,127,22,-1.7531446331002754
8740,GTGGATGTGCC,TGAAGTCCCTAATT,3,50,126,16,-2.063693184711697
8741,GTGGATGTGCC,TGAAGTCCCTAATT,3,60,146,13,-2.4186572642467996
8742,GTGGATGTGCC,TGAAGTCCCTAATT,4,0,115,8,-2.665490586683414
8743,GTGGATGTGCC,TGAAGTCCCTAATT,4,2,113,7,-2.7814776696570274
8744,GTGGATGTGCC,TGAAGTCCCTAATT,4,5,115,6,-2.953172659135195
8745,GTGGATGTGCC,TGAAGTCCCTAATT,4,10,93,9,-2.3353749158170363
8746,GTGGATGTGCC,TGAAGTCCCTAATT,4,15,102,9,-2.4277482359480516
8747,GTGGATGTGCC,TGAAGTCCCTAATT,4,20,114,15,-2.028148247292285
8748,GTGGATGTGCC,TGAAGTCCCTAATT,4,30,169,20,-2.1341664413690826
8749,GTGGATGTGCC,TGAAGTCCCTAATT,4,40,159,19,-2.124465223053791
8750,GTGGATGTGCC,TGAAGTCCCTAATT,4,50,166,27,-1.816150922352214
8751,GTGGATGTGCC,TGAAGTCCCTAATT,4,60,173,16,-2.3807028722579977
8752,GTGGCGGAGGG,ATGTTAAGTCAAGA,2,0,12,6,-0.6931471805599453
8753,GTGGCGGAGGG,ATGTTAAGTCAAGA,2,10,11,4,-1.0116009116784799
8754,GTGGCGGAGGG,ATGTTAAGTCAAGA,2,15,25,2,-2.525728644308255
8755,GTGGCGGAGGG,ATGTTAAGTCAAGA,2,20,14,2,-1.9459101490553132
8756,GTGGCGGAGGG,ATGTTAAGTCAAGA,2,30,15,2,-2.0149030205422647
8757,GTGGCGGAGGG,ATGTTAAGTCAAGA,2,40,5,1,-1.6094379124341003
8758,GTGGCGGAGGG,ATGTTAAGTCAAGA,2,50,29,3,-2.268683541318364
8759,GTGGCGGAGGG,ATGTTAAGTCAAGA,2,60,8,1,-2.0794415416798357
8760,GTGGCGGAGGG,ATGTTAAGTCAAGA,3,0,10,1,-2.3025850929940455
8761,GTGGCGGAGGG,ATGTTAAGTCAAGA,3,5,9,4,-0.8109302162163288
8762,GTGGCGGAGGG,ATGTTAAGTCAAGA,3,10,21,2,-2.3513752571634776
8763,GTGGCGGAGGG,ATGTTAAGTCAAGA,3,15,12,4,-1.0986122886681098
8764,GTGGCGGAGGG,ATGTTAAGTCAAGA,3,20,16,20,0.22314355131420974
8765,GTGGCGGAGGG,ATGTTAAGTCAAGA,3,40,16,2,-2.0794415416798357
8766,GTGGCGGAGGG,ATGTTAAGTCAAGA,3,50,20,4,-1.6094379124341003
8767,GTGGCGGAGGG,ATGTTAAGTCAAGA,3,60,16,4,-1.3862943611198906
8768,GTGGCGGAGGG,ATGTTAAGTCAAGA,4,0,22,1,-3.0910424533583156
8769,GTGGCGGAGGG,ATGTTAAGTCAAGA,4,2,14,4,-1.252762968495368
8770,GTGGCGGAGGG,ATGTTAAGTCAAGA,4,5,6,1,-1.791759469228055
8771,GTGGCGGAGGG,ATGTTAAGTCAAGA,4,10,16,6,-0.9808292530117262
8772,GTGGCGGAGGG,ATGTTAAGTCAAGA,4,15,8,1,-2.0794415416798357
8773,GTGGCGGAGGG,ATGTTAAGTCAAGA,4,30,12,3,-1.3862943611198906
8774,GTGGCGGAGGG,ATGTTAAGTCAAGA,4,40,21,5,-1.4350845252893227
8775,GTGGCGGAGGG,ATGTTAAGTCAAGA,4,50,13,2,-1.8718021769015913
8776,GTGGCGGAGGG,ATGTTAAGTCAAGA,4,60,9,2,-1.5040773967762742
8777,GTGGCGGTGTC,CCAGTAATCTGATT,2,20,1,4,1.3862943611198906
8778,GTGGCGGTGTC,CCAGTAATCTGATT,4,40,1,6,1.791759469228055
8779,GTTAACCCCAA,AGTATACCGTGTAC,3,10,4,1,-1.3862943611198906
8780,GTTAAGTCAAC,CGCTTACCTAAGAT,2,0,110,6,-2.908720896564361
8781,GTTAAGTCAAC,CGCTTACCTAAGAT,2,2,110,16,-1.927891643552635
8782,GTTAAGTCAAC,CGCTTACCTAAGAT,2,5,98,4,-3.1986731175506815
8783,GTTAAGTCAAC,CGCTTACCTAAGAT,2,10,118,10,-2.468099531471619
8784,GTTAAGTCAAC,CGCTTACCTAAGAT,2,15,154,12,-2.5520459526256287
8785,GTTAAGTCAAC,CGCTTACCTAAGAT,2,20,109,26,-1.4332513442076615
8786,GTTAAGTCAAC,CGCTTACCTAAGAT,2,30,98,14,-1.9459101490553132
8787,GTTAAGTCAAC,CGCTTACCTAAGAT,2,40,125,21,-1.783791299578878
8788,GTTAAGTCAAC,CGCTTACCTAAGAT,2,50,143,14,-2.3237873006446486
8789,GTTAAGTCAAC,CGCTTACCTAAGAT,2,60,117,17,-1.92896059074154
8790,GTTAAGTCAAC,CGCTTACCTAAGAT,3,0,101,6,-2.8233610476132043
8791,GTTAAGTCAAC,CGCTTACCTAAGAT,3,2,79,8,-2.2900063107871853
8792,GTTAAGTCAAC,CGCTTACCTAAGAT,3,5,131,13,-2.310247965739615
8793,GTTAAGTCAAC,CGCTTACCTAAGAT,3,10,101,16,-1.842531794601478
8794,GTTAAGTCAAC,CGCTTACCTAAGAT,3,15,119,14,-2.1400661634962708
8795,GTTAAGTCAAC,CGCTTACCTAAGAT,3,20,108,13,-2.1171818696626827
8796,GTTAAGTCAAC,CGCTTACCTAAGAT,3,30,73,9,-2.093234863812172
8797,GTTAAGTCAAC,CGCTTACCTAAGAT,3,40,123,18,-1.9218125974762528
8798,GTTAAGTCAAC,CGCTTACCTAAGAT,3,50,99,12,-2.1102132003465894
8799,GTTAAGTCAAC,CGCTTACCTAAGAT,3,60,117,10,-2.4595888418037104
8800,GTTAAGTCAAC,CGCTTACCTAAGAT,4,0,105,6,-2.862200880929468
8801,GTTAAGTCAAC,CGCTTACCTAAGAT,4,2,77,2,-3.6506582412937383
8802,GTTAAGTCAAC,CGCTTACCTAAGAT,4,5,79,10,-2.0668627594729756
8803,GTTAAGTCAAC,CGCTTACCTAAGAT,4,10,94,11,-2.145399509471633
8804,GTTAAGTCAAC,CGCTTACCTAAGAT,4,15,81,8,-2.315007612992603
8805,GTTAAGTCAAC,CGCTTACCTAAGAT,4,20,81,9,-2.1972245773362196
8806,GTTAAGTCAAC,CGCTTACCTAAGAT,4,30,100,11,-2.2072749131897207
8807,GTTAAGTCAAC,CGCTTACCTAAGAT,4,40,94,14,-1.9042374526547452
8808,GTTAAGTCAAC,CGCTTACCTAAGAT,4,50,125,30,-1.4271163556401458
8809,GTTAAGTCAAC,CGCTTACCTAAGAT,4,60,105,8,-2.5745188084776873
8810,GTTACAGCTAA,GCAGGGAGCAAGCA,2,10,2,27,2.6026896854443837
8811,GTTACAGCTAA,GCAGGGAGCAAGCA,3,5,1,20,2.995732273553991
8812,GTTATAAGCAC,CCAGAGGGGCAGGG,2,0,123,3,-3.7135720667043075
8813,GTTATAAGCAC,CCAGAGGGGCAGGG,2,2,148,7,-3.0513021247088017
8814,GTTATAAGCAC,CCAGAGGGGCAGGG,2,5,77,2,-3.6506582412937383
8815,GTTATAAGCAC,CCAGAGGGGCAGGG,2,10,170,2,-4.442651256490317
8816,GTTATAAGCAC,CCAGAGGGGCAGGG,2,15,200,5,-3.6888794541139363
8817,GTTATAAGCAC,CCAGAGGGGCAGGG,2,20,218,15,-2.676444861686879
8818,GTTATAAGCAC,CCAGAGGGGCAGGG,2,30,139,13,-2.3695245756691548
8819,GTTATAAGCAC,CCAGAGGGGCAGGG,2,40,135,8,-2.8258332367585934
8820,GTTATAAGCAC,CCAGAGGGGCAGGG,2,50,165,13,-2.540996116439044
8821,GTTATAAGCAC,CCAGAGGGGCAGGG,2,60,189,11,-2.843851742261272
8822,GTTATAAGCAC,CCAGAGGGGCAGGG,3,0,174,4,-3.7727609380946383
8823,GTTATAAGCAC,CCAGAGGGGCAGGG,3,2,141,7,-3.002849741322855
8824,GTTATAAGCAC,CCAGAGGGGCAGGG,3,5,193,9,-3.065465611568666
8825,GTTATAAGCAC,CCAGAGGGGCAGGG,3,10,256,17,-2.711964100423346
8826,GTTATAAGCAC,CCAGAGGGGCAGGG,3,15,170,12,-2.6508917872622613
8827,GTTATAAGCAC,CCAGAGGGGCAGGG,3,20,177,10,-2.8735646395797834
8828,GTTATAAGCAC,CCAGAGGGGCAGGG,3,30,132,9,-2.6855773452501515
8829,GTTATAAGCAC,CCAGAGGGGCAGGG,3,40,144,9,-2.772588722239781
8830,GTTATAAGCAC,CCAGAGGGGCAGGG,3,50,178,13,-2.6168341928305483
8831,GTTATAAGCAC,CCAGAGGGGCAGGG,3,60,134,12,-2.412933150162911
8832,GTTATAAGCAC,CCAGAGGGGCAGGG,4,0,147,5,-3.3809946743446355
8833,GTTATAAGCAC,CCAGAGGGGCAGGG,4,2,187,5,-3.6216707044204863
8834,GTTATAAGCAC,CCAGAGGGGCAGGG,4,5,111,2,-4.0163830207523885
8835,GTTATAAGCAC,CCAGAGGGGCAGGG,4,10,185,10,-2.917770732084279
8836,GTTATAAGCAC,CCAGAGGGGCAGGG,4,15,125,5,-3.2188758248682006
8837,GTTATAAGCAC,CCAGAGGGGCAGGG,4,20,168,3,-4.025351690735149
8838,GTTATAAGCAC,CCAGAGGGGCAGGG,4,30,154,8,-2.957511060733793
8839,GTTATAAGCAC,CCAGAGGGGCAGGG,4,40,207,12,-2.847812143477369
8840,GTTATAAGCAC,CCAGAGGGGCAGGG,4,50,121,2,-4.102643365036796
8841,GTTATAAGCAC,CCAGAGGGGCAGGG,4,60,132,11,-2.4849066497880004
8842,GTTATATAAAT,TTGCTAGTCAAATG,2,0,24,1,-3.1780538303479458
8843,GTTATATAAAT,TTGCTAGTCAAATG,2,2,40,3,-2.5902671654458267
8844,GTTATATAAAT,TTGCTAGTCAAATG,2,10,44,5,-2.174751721484161
8845,GTTATATAAAT,TTGCTAGTCAAATG,2,15,63,16,-1.3705460041517514
8846,GTTATATAAAT,TTGCTAGTCAAATG,2,20,63,50,-0.2311117209633867
8847,GTTATATAAAT,TTGCTAGTCAAATG,2,30,95,23,-1.418382675671391
8848,GTTATATAAAT,TTGCTAGTCAAATG,2,40,44,14,-1.1451323043030026
8849,GTTATATAAAT,TTGCTAGTCAAATG,2,50,65,17,-1.3411739258394209
8850,GTTATATAAAT,TTGCTAGTCAAATG,2,60,58,6,-2.268683541318364
8851,GTTATATAAAT,TTGCTAGTCAAATG,3,0,31,5,-1.8245492920510458
8852,GTTATATAAAT,TTGCTAGTCAAATG,3,2,33,1,-3.4965075614664802
8853,GTTATATAAAT,TTGCTAGTCAAATG,3,5,39,4,-2.277267285009756
8854,GTTATATAAAT,TTGCTAGTCAAATG,3,10,49,5,-2.282382385676526
8855,GTTATATAAAT,TTGCTAGTCAAATG,3,15,18,8,-0.8109302162163288
8856,GTTATATAAAT,TTGCTAGTCAAATG,3,20,68,13,-1.65455834771457
8857,GTTATATAAAT,TTGCTAGTCAAATG,3,30,32,16,-0.6931471805599453
8858,GTTATATAAAT,TTGCTAGTCAAATG,3,40,28,5,-1.7227665977411035
8859,GTTATATAAAT,TTGCTAGTCAAATG,3,50,46,8,-1.749199854809259
8860,GTTATATAAAT,TTGCTAGTCAAATG,3,60,37,3,-2.512305623976115
8861,GTTATATAAAT,TTGCTAGTCAAATG,4,0,31,3,-2.3353749158170363
8862,GTTATATAAAT,TTGCTAGTCAAATG,4,10,58,13,-1.4954936530848826
8863,GTTATATAAAT,TTGCTAGTCAAATG,4,15,31,6,-1.6422277352570913
8864,GTTATATAAAT,TTGCTAGTCAAATG,4,20,23,3,-2.03688192726104
8865,GTTATATAAAT,TTGCTAGTCAAATG,4,30,48,9,-1.6739764335716716
8866,GTTATATAAAT,TTGCTAGTCAAATG,4,40,27,11,-0.8979415932059586
8867,GTTATATAAAT,TTGCTAGTCAAATG,4,50,49,19,-0.9473813189441862
8868,GTTATATAAAT,TTGCTAGTCAAATG,4,60,59,13,-1.5125880864441827
8869,GTTATCTATGG,TCTCAACCGGAGTG,2,0,20,1,-2.995732273553991
8870,GTTATCTATGG,TCTCAACCGGAGTG,2,2,15,2,-2.0149030205422647
8871,GTTATCTATGG,TCTCAACCGGAGTG,2,5,13,1,-2.5649493574615367
8872,GTTATCTATGG,TCTCAACCGGAGTG,2,10,45,6,-2.0149030205422647
8873,GTTATCTATGG,TCTCAACCGGAGTG,2,15,36,2,-2.8903717578961645
8874,GTTATCTATGG,TCTCAACCGGAGTG,2,20,10,1,-2.3025850929940455
8875,GTTATCTATGG,TCTCAACCGGAGTG,2,30,20,5,-1.3862943611198906
8876,GTTATCTATGG,TCTCAACCGGAGTG,2,40,22,1,-3.0910424533583156
8877,GTTATCTATGG,TCTCAACCGGAGTG,2,50,32,17,-0.6325225587435105
8878,GTTATCTATGG,TCTCAACCGGAGTG,2,60,32,6,-1.6739764335716716
8879,GTTATCTATGG,TCTCAACCGGAGTG,3,0,19,3,-1.8458266904983307
8880,GTTATCTATGG,TCTCAACCGGAGTG,3,2,15,1,-2.70805020110221
8881,GTTATCTATGG,TCTCAACCGGAGTG,3,10,16,2,-2.0794415416798357
8882,GTTATCTATGG,TCTCAACCGGAGTG,3,20,18,1,-2.8903717578961645
8883,GTTATCTATGG,TCTCAACCGGAGTG,3,30,7,2,-1.252762968495368
8884,GTTATCTATGG,TCTCAACCGGAGTG,3,40,19,4,-1.55814461804655
8885,GTTATCTATGG,TCTCAACCGGAGTG,3,50,24,2,-2.4849066497880004
8886,GTTATCTATGG,TCTCAACCGGAGTG,3,60,27,3,-2.1972245773362196
8887,GTTATCTATGG,TCTCAACCGGAGTG,4,0,12,3,-1.3862943611198906
8888,GTTATCTATGG,TCTCAACCGGAGTG,4,2,16,1,-2.772588722239781
8889,GTTATCTATGG,TCTCAACCGGAGTG,4,5,13,1,-2.5649493574615367
8890,GTTATCTATGG,TCTCAACCGGAGTG,4,10,23,3,-2.03688192726104
8891,GTTATCTATGG,TCTCAACCGGAGTG,4,20,12,1,-2.4849066497880004
8892,GTTATCTATGG,TCTCAACCGGAGTG,4,30,21,7,-1.0986122886681098
8893,GTTATCTATGG,TCTCAACCGGAGTG,4,40,15,8,-0.6286086594223741
8894,GTTATCTATGG,TCTCAACCGGAGTG,4,50,10,3,-1.203972804325936
8895,GTTATCTATGG,TCTCAACCGGAGTG,4,60,13,2,-1.8718021769015913
8896,GTTCACGCAGT,TGTTCCCTCCAAAG,4,30,1,1,0.0
8897,GTTCCTCGACC,GGGTACCTCCTACG,2,50,1,6,1.791759469228055
8898,GTTCTCCCTCC,GGTCCCCGCCTGTC,2,0,6,3,-0.6931471805599453
8899,GTTCTCCCTCC,GGTCCCCGCCTGTC,2,2,16,2,-2.0794415416798357
8900,GTTCTCCCTCC,GGTCCCCGCCTGTC,2,10,16,3,-1.6739764335716716
8901,GTTCTCCCTCC,GGTCCCCGCCTGTC,2,15,14,19,0.30538164955118186
8902,GTTCTCCCTCC,GGTCCCCGCCTGTC,2,20,22,23,0.044451762570833796
8903,GTTCTCCCTCC,GGTCCCCGCCTGTC,2,30,17,6,-1.041453874828161
8904,GTTCTCCCTCC,GGTCCCCGCCTGTC,2,40,31,5,-1.8245492920510458
8905,GTTCTCCCTCC,GGTCCCCGCCTGTC,2,50,11,7,-0.4519851237430572
8906,GTTCTCCCTCC,GGTCCCCGCCTGTC,2,60,19,3,-1.8458266904983307
8907,GTTCTCCCTCC,GGTCCCCGCCTGTC,3,0,9,1,-2.1972245773362196
8908,GTTCTCCCTCC,GGTCCCCGCCTGTC,3,2,11,2,-1.7047480922384253
8909,GTTCTCCCTCC,GGTCCCCGCCTGTC,3,5,28,1,-3.332204510175204
8910,GTTCTCCCTCC,GGTCCCCGCCTGTC,3,10,19,4,-1.55814461804655
8911,GTTCTCCCTCC,GGTCCCCGCCTGTC,3,20,49,19,-0.9473813189441862
8912,GTTCTCCCTCC,GGTCCCCGCCTGTC,3,30,17,18,0.05715841383994863
8913,GTTCTCCCTCC,GGTCCCCGCCTGTC,3,40,2,1,-0.6931471805599453
8914,GTTCTCCCTCC,GGTCCCCGCCTGTC,3,50,18,21,0.15415067982725836
8915,GTTCTCCCTCC,GGTCCCCGCCTGTC,3,60,39,8,-1.5841201044498106
8916,GTTCTCCCTCC,GGTCCCCGCCTGTC,4,0,14,2,-1.9459101490553132
8917,GTTCTCCCTCC,GGTCCCCGCCTGTC,4,2,25,1,-3.2188758248682006
8918,GTTCTCCCTCC,GGTCCCCGCCTGTC,4,5,14,1,-2.6390573296152584
8919,GTTCTCCCTCC,GGTCCCCGCCTGTC,4,10,13,7,-0.6190392084062235
8920,GTTCTCCCTCC,GGTCCCCGCCTGTC,4,15,7,2,-1.252762968495368
8921,GTTCTCCCTCC,GGTCCCCGCCTGTC,4,20,27,1,-3.295836866004329
8922,GTTCTCCCTCC,GGTCCCCGCCTGTC,4,30,4,1,-1.3862943611198906
8923,GTTCTCCCTCC,GGTCCCCGCCTGTC,4,40,9,8,-0.11778303565638351
8924,GTTCTCCCTCC,GGTCCCCGCCTGTC,4,50,12,4,-1.0986122886681098
8925,GTTCTCCCTCC,GGTCCCCGCCTGTC,4,60,16,2,-2.0794415416798357
8926,GTTCTTAGTCA,TTGCGCCAAAAGGA,2,5,5,1,-1.6094379124341003
8927,GTTCTTAGTCA,TTGCGCCAAAAGGA,2,15,4,1,-1.3862943611198906
8928,GTTCTTAGTCA,TTGCGCCAAAAGGA,2,20,8,3,-0.9808292530117262
8929,GTTCTTAGTCA,TTGCGCCAAAAGGA,2,30,7,3,-0.8472978603872037
8930,GTTCTTAGTCA,TTGCGCCAAAAGGA,2,40,4,3,-0.2876820724517809
8931,GTTCTTAGTCA,TTGCGCCAAAAGGA,2,50,13,3,-1.466337068793427
8932,GTTCTTAGTCA,TTGCGCCAAAAGGA,2,60,7,2,-1.252762968495368
8933,GTTCTTAGTCA,TTGCGCCAAAAGGA,3,5,6,5,-0.1823215567939546
8934,GTTCTTAGTCA,TTGCGCCAAAAGGA,3,15,3,1,-1.0986122886681098
8935,GTTCTTAGTCA,TTGCGCCAAAAGGA,3,50,15,2,-2.0149030205422647
8936,GTTCTTAGTCA,TTGCGCCAAAAGGA,3,60,10,2,-1.6094379124341003
8937,GTTCTTAGTCA,TTGCGCCAAAAGGA,4,0,4,2,-0.6931471805599453
8938,GTTCTTAGTCA,TTGCGCCAAAAGGA,4,2,20,2,-2.3025850929940455
8939,GTTCTTAGTCA,TTGCGCCAAAAGGA,4,5,4,1,-1.3862943611198906
8940,GTTCTTAGTCA,TTGCGCCAAAAGGA,4,10,12,1,-2.4849066497880004
8941,GTTCTTAGTCA,TTGCGCCAAAAGGA,4,15,10,1,-2.3025850929940455
8942,GTTCTTAGTCA,TTGCGCCAAAAGGA,4,30,10,1,-2.3025850929940455
8943,GTTCTTAGTCA,TTGCGCCAAAAGGA,4,40,8,3,-0.9808292530117262
8944,GTTCTTAGTCA,TTGCGCCAAAAGGA,4,60,9,4,-0.8109302162163288
8945,GTTGTTGCGTC,AGAGATGTTTACCG,2,2,6,6,0.0
8946,GTTGTTGCGTC,AGAGATGTTTACCG,2,5,30,6,-1.6094379124341003
8947,GTTGTTGCGTC,AGAGATGTTTACCG,2,10,18,2,-2.1972245773362196
8948,GTTGTTGCGTC,AGAGATGTTTACCG,2,15,10,1,-2.3025850929940455
8949,GTTGTTGCGTC,AGAGATGTTTACCG,2,30,9,4,-0.8109302162163288
8950,GTTGTTGCGTC,AGAGATGTTTACCG,2,40,9,3,-1.0986122886681098
8951,GTTGTTGCGTC,AGAGATGTTTACCG,2,50,7,6,-0.15415067982725836
8952,GTTGTTGCGTC,AGAGATGTTTACCG,2,60,17,1,-2.833213344056216
8953,GTTGTTGCGTC,AGAGATGTTTACCG,3,0,5,1,-1.6094379124341003
8954,GTTGTTGCGTC,AGAGATGTTTACCG,3,2,10,3,-1.203972804325936
8955,GTTGTTGCGTC,AGAGATGTTTACCG,3,15,14,1,-2.6390573296152584
8956,GTTGTTGCGTC,AGAGATGTTTACCG,3,20,4,3,-0.2876820724517809
8957,GTTGTTGCGTC,AGAGATGTTTACCG,3,40,19,8,-0.8649974374866045
8958,GTTGTTGCGTC,AGAGATGTTTACCG,3,50,11,5,-0.7884573603642702
8959,GTTGTTGCGTC,AGAGATGTTTACCG,4,0,18,5,-1.2809338454620642
8960,GTTGTTGCGTC,AGAGATGTTTACCG,4,2,17,2,-2.1400661634962708
8961,GTTGTTGCGTC,AGAGATGTTTACCG,4,15,10,1,-2.3025850929940455
8962,GTTGTTGCGTC,AGAGATGTTTACCG,4,20,16,2,-2.0794415416798357
8963,GTTGTTGCGTC,AGAGATGTTTACCG,4,30,11,1,-2.3978952727983707
8964,GTTGTTGCGTC,AGAGATGTTTACCG,4,40,6,3,-0.6931471805599453
8965,GTTGTTGCGTC,AGAGATGTTTACCG,4,50,12,8,-0.40546510810816444
8966,GTTGTTGCGTC,AGAGATGTTTACCG,4,60,9,2,-1.5040773967762742
8967,GTTTGAGTTAT,GTGGGTGATCTATA,2,2,1,14,2.6390573296152584
8968,GTTTGAGTTAT,GTGGGTGATCTATA,3,15,1,62,4.127134385045092
8969,GTTTGAGTTAT,GTGGGTGATCTATA,3,30,1,36,3.58351893845611
8970,GTTTGAGTTAT,GTGGGTGATCTATA,3,60,1,57,4.04305126783455
8971,GTTTGAGTTAT,GTGGGTGATCTATA,4,2,1,9,2.197224577336219
8972,GTTTGAGTTAT,GTGGGTGATCTATA,4,20,1,35,3.5553480614894135
8973,TAAAAACGTTA,GACAACACTACATC,2,5,6,1,-1.791759469228055
8974,TAAAAACGTTA,GACAACACTACATC,2,10,11,2,-1.7047480922384253
8975,TAAAAACGTTA,GACAACACTACATC,3,0,10,1,-2.3025850929940455
8976,TAAAAACGTTA,GACAACACTACATC,3,20,4,1,-1.3862943611198906
8977,TAAAAACGTTA,GACAACACTACATC,3,30,4,1,-1.3862943611198906
8978,TAAAAACGTTA,GACAACACTACATC,4,2,11,1,-2.3978952727983707
8979,TAAAAACGTTA,GACAACACTACATC,4,15,6,1,-1.791759469228055
8980,TAAAAAGATGT,AGATTAATTCTTCC,2,2,1,3,1.0986122886681096
8981,TAAAAGAAAAA,TGGATCGTCGAGTA,2,0,57,15,-1.3350010667323402
8982,TAAAAGAAAAA,TGGATCGTCGAGTA,2,2,83,19,-1.4744016286301576
8983,TAAAAGAAAAA,TGGATCGTCGAGTA,2,5,51,10,-1.62924053973028
8984,TAAAAGAAAAA,TGGATCGTCGAGTA,2,10,90,17,-1.6665963262740489
8985,TAAAAGAAAAA,TGGATCGTCGAGTA,2,15,65,14,-1.5353299402803784
8986,TAAAAGAAAAA,TGGATCGTCGAGTA,2,20,87,18,-1.575536360758419
8987,TAAAAGAAAAA,TGGATCGTCGAGTA,2,30,65,25,-0.9555114450274362
8988,TAAAAGAAAAA,TGGATCGTCGAGTA,2,40,103,23,-1.499234772300486
8989,TAAAAGAAAAA,TGGATCGTCGAGTA,2,50,80,35,-0.8266785731844679
8990,TAAAAGAAAAA,TGGATCGTCGAGTA,2,60,101,17,-1.7819071727850433
8991,TAAAAGAAAAA,TGGATCGTCGAGTA,3,0,74,15,-1.5960148921019597
8992,TAAAAGAAAAA,TGGATCGTCGAGTA,3,2,67,8,-2.12525107771113
8993,TAAAAGAAAAA,TGGATCGTCGAGTA,3,5,55,17,-1.1741198411762548
8994,TAAAAGAAAAA,TGGATCGTCGAGTA,3,10,81,17,-1.5612358106162227
8995,TAAAAGAAAAA,TGGATCGTCGAGTA,3,15,56,22,-0.9343092373768334
8996,TAAAAGAAAAA,TGGATCGTCGAGTA,3,20,93,23,-1.3971052772241062
8997,TAAAAGAAAAA,TGGATCGTCGAGTA,3,30,85,26,-1.1845547184688343
8998,TAAAAGAAAAA,TGGATCGTCGAGTA,3,40,79,20,-1.3737155789130304
8999,TAAAAGAAAAA,TGGATCGTCGAGTA,3,50,96,27,-1.2685113254635072
9000,TAAAAGAAAAA,TGGATCGTCGAGTA,3,60,73,22,-1.1994169877900753
9001,TAAAAGAAAAA,TGGATCGTCGAGTA,4,0,62,17,-1.2939210409888755
9002,TAAAAGAAAAA,TGGATCGTCGAGTA,4,2,99,13,-2.030170492673053
9003,TAAAAGAAAAA,TGGATCGTCGAGTA,4,5,87,7,-2.5199979695992702
9004,TAAAAGAAAAA,TGGATCGTCGAGTA,4,10,62,21,-1.0826119473216687
9005,TAAAAGAAAAA,TGGATCGTCGAGTA,4,15,79,11,-1.9715525796686508
9006,TAAAAGAAAAA,TGGATCGTCGAGTA,4,20,75,10,-2.0149030205422647
9007,TAAAAGAAAAA,TGGATCGTCGAGTA,4,30,61,20,-1.1151415906193203
9008,TAAAAGAAAAA,TGGATCGTCGAGTA,4,40,88,34,-0.9509762898620451
9009,TAAAAGAAAAA,TGGATCGTCGAGTA,4,50,95,21,-1.5093544538771178
9010,TAAAAGAAAAA,TGGATCGTCGAGTA,4,60,81,23,-1.258954938743289
9011,TAAAAGAATGG,TATAACGCGATTGT,2,0,41,5,-2.1041341542702074
9012,TAAAAGAATGG,TATAACGCGATTGT,2,2,58,6,-2.268683541318364
9013,TAAAAGAATGG,TATAACGCGATTGT,2,5,46,4,-2.4423470353692043
9014,TAAAAGAATGG,TATAACGCGATTGT,2,10,78,3,-3.2580965380214817
9015,TAAAAGAATGG,TATAACGCGATTGT,2,15,83,19,-1.4744016286301576
9016,TAAAAGAATGG,TATAACGCGATTGT,2,20,49,6,-2.1000608288825715
9017,TAAAAGAATGG,TATAACGCGATTGT,2,30,74,24,-1.126011262856224
9018,TAAAAGAATGG,TATAACGCGATTGT,2,40,97,19,-1.6302719993369423
9019,TAAAAGAATGG,TATAACGCGATTGT,2,50,72,12,-1.791759469228055
9020,TAAAAGAATGG,TATAACGCGATTGT,2,60,60,15,-1.3862943611198906
9021,TAAAAGAATGG,TATAACGCGATTGT,3,0,54,6,-2.1972245773362196
9022,TAAAAGAATGG,TATAACGCGATTGT,3,2,49,3,-2.793208009442517
9023,TAAAAGAATGG,TATAACGCGATTGT,3,5,108,9,-2.4849066497880004
9024,TAAAAGAATGG,TATAACGCGATTGT,3,10,64,9,-1.9616585060234524
9025,TAAAAGAATGG,TATAACGCGATTGT,3,15,56,17,-1.1921383466789333
9026,TAAAAGAATGG,TATAACGCGATTGT,3,20,83,24,-1.2407867774486523
9027,TAAAAGAATGG,TATAACGCGATTGT,3,30,51,7,-1.9859154836690123
9028,TAAAAGAATGG,TATAACGCGATTGT,3,40,61,11,-1.7129785913749407
9029,TAAAAGAATGG,TATAACGCGATTGT,3,50,45,22,-0.7156200364120039
9030,TAAAAGAATGG,TATAACGCGATTGT,3,60,70,5,-2.6390573296152584
9031,TAAAAGAATGG,TATAACGCGATTGT,4,0,53,3,-2.871679624884012
9032,TAAAAGAATGG,TATAACGCGATTGT,4,2,61,10,-1.8082887711792657
9033,TAAAAGAATGG,TATAACGCGATTGT,4,5,34,3,-2.4277482359480516
9034,TAAAAGAATGG,TATAACGCGATTGT,4,10,73,13,-1.7255100836868544
9035,TAAAAGAATGG,TATAACGCGATTGT,4,15,63,7,-2.1972245773362196
9036,TAAAAGAATGG,TATAACGCGATTGT,4,20,70,9,-2.05127066471314
9037,TAAAAGAATGG,TATAACGCGATTGT,4,30,62,13,-1.5621850275835547
9038,TAAAAGAATGG,TATAACGCGATTGT,4,40,72,23,-1.1411719030869056
9039,TAAAAGAATGG,TATAACGCGATTGT,4,50,60,13,-1.529395204760564
9040,TAAAAGAATGG,TATAACGCGATTGT,4,60,44,10,-1.4816045409242156
9041,TAAAATAAGGT,TACTCTATGTTAAA,2,0,7,1,-1.9459101490553132
9042,TAAAATAAGGT,TACTCTATGTTAAA,2,10,11,3,-1.2992829841302609
9043,TAAAATAAGGT,TACTCTATGTTAAA,2,15,16,3,-1.6739764335716716
9044,TAAAATAAGGT,TACTCTATGTTAAA,2,20,10,4,-0.916290731874155
9045,TAAAATAAGGT,TACTCTATGTTAAA,2,30,14,6,-0.8472978603872037
9046,TAAAATAAGGT,TACTCTATGTTAAA,2,40,14,10,-0.3364722366212129
9047,TAAAATAAGGT,TACTCTATGTTAAA,2,50,7,14,0.6931471805599453
9048,TAAAATAAGGT,TACTCTATGTTAAA,2,60,16,23,0.3629054936893685
9049,TAAAATAAGGT,TACTCTATGTTAAA,3,10,11,1,-2.3978952727983707
9050,TAAAATAAGGT,TACTCTATGTTAAA,3,15,9,5,-0.587786664902119
9051,TAAAATAAGGT,TACTCTATGTTAAA,3,40,3,7,0.8472978603872037
9052,TAAAATAAGGT,TACTCTATGTTAAA,3,50,7,10,0.3566749439387324
9053,TAAAATAAGGT,TACTCTATGTTAAA,3,60,10,7,-0.35667494393873245
9054,TAAAATAAGGT,TACTCTATGTTAAA,4,2,8,2,-1.3862943611198906
9055,TAAAATAAGGT,TACTCTATGTTAAA,4,10,11,1,-2.3978952727983707
9056,TAAAATAAGGT,TACTCTATGTTAAA,4,20,8,1,-2.0794415416798357
9057,TAAAATAAGGT,TACTCTATGTTAAA,4,30,7,6,-0.15415067982725836
9058,TAAAATAAGGT,TACTCTATGTTAAA,4,40,6,10,0.5108256237659907
9059,TAAAATAAGGT,TACTCTATGTTAAA,4,50,7,21,1.0986122886681096
9060,TAAAATAAGGT,TACTCTATGTTAAA,4,60,4,2,-0.6931471805599453
9061,TAAAATCTACA,TTGGCGATTTGTAG,2,0,47,6,-2.0583881324820035
9062,TAAAATCTACA,TTGGCGATTTGTAG,2,2,58,3,-2.9618307218783095
9063,TAAAATCTACA,TTGGCGATTTGTAG,2,5,45,3,-2.70805020110221
9064,TAAAATCTACA,TTGGCGATTTGTAG,2,10,85,14,-1.8035939268750578
9065,TAAAATCTACA,TTGGCGATTTGTAG,2,15,75,7,-2.371577964480997
9066,TAAAATCTACA,TTGGCGATTTGTAG,2,20,54,4,-2.6026896854443837
9067,TAAAATCTACA,TTGGCGATTTGTAG,2,30,93,14,-1.8935421635379972
9068,TAAAATCTACA,TTGGCGATTTGTAG,2,40,75,20,-1.3217558399823195
9069,TAAAATCTACA,TTGGCGATTTGTAG,2,50,70,25,-1.0296194171811581
9070,TAAAATCTACA,TTGGCGATTTGTAG,2,60,63,13,-1.578185368929996
9071,TAAAATCTACA,TTGGCGATTTGTAG,3,0,53,4,-2.583997552432231
9072,TAAAATCTACA,TTGGCGATTTGTAG,3,2,49,4,-2.505525936990736
9073,TAAAATCTACA,TTGGCGATTTGTAG,3,5,46,10,-1.5260563034950494
9074,TAAAATCTACA,TTGGCGATTTGTAG,3,10,87,7,-2.5199979695992702
9075,TAAAATCTACA,TTGGCGATTTGTAG,3,15,49,6,-2.1000608288825715
9076,TAAAATCTACA,TTGGCGATTTGTAG,3,20,82,25,-1.1878434223960523
9077,TAAAATCTACA,TTGGCGATTTGTAG,3,30,45,9,-1.6094379124341003
9078,TAAAATCTACA,TTGGCGATTTGTAG,3,40,65,17,-1.3411739258394209
9079,TAAAATCTACA,TTGGCGATTTGTAG,3,50,46,4,-2.4423470353692043
9080,TAAAATCTACA,TTGGCGATTTGTAG,3,60,40,13,-1.1239300966523995
9081,TAAAATCTACA,TTGGCGATTTGTAG,4,0,49,5,-2.282382385676526
9082,TAAAATCTACA,TTGGCGATTTGTAG,4,2,44,3,-2.6855773452501515
9083,TAAAATCTACA,TTGGCGATTTGTAG,4,5,39,6,-1.8718021769015913
9084,TAAAATCTACA,TTGGCGATTTGTAG,4,10,69,9,-2.03688192726104
9085,TAAAATCTACA,TTGGCGATTTGTAG,4,15,36,4,-2.1972245773362196
9086,TAAAATCTACA,TTGGCGATTTGTAG,4,20,69,3,-3.1354942159291497
9087,TAAAATCTACA,TTGGCGATTTGTAG,4,30,51,8,-1.8523840910444898
9088,TAAAATCTACA,TTGGCGATTTGTAG,4,40,68,28,-0.8873031950009028
9089,TAAAATCTACA,TTGGCGATTTGTAG,4,50,49,16,-1.1192315758708453
9090,TAAAATCTACA,TTGGCGATTTGTAG,4,60,63,5,-2.533696813957432
9091,TAAAATCTTTT,ACCACACTGGACCC,2,0,17,8,-0.7537718023763802
9092,TAAAATCTTTT,ACCACACTGGACCC,2,2,11,16,0.3746934494414107
9093,TAAAATCTTTT,ACCACACTGGACCC,2,5,3,15,1.6094379124341003
9094,TAAAATCTTTT,ACCACACTGGACCC,2,10,10,312,3.4404180948154366
9095,TAAAATCTTTT,ACCACACTGGACCC,2,15,18,356,2.984558972955866
9096,TAAAATCTTTT,ACCACACTGGACCC,2,20,14,675,3.8756553612572713
9097,TAAAATCTTTT,ACCACACTGGACCC,2,30,9,1594,5.176777282013941
9098,TAAAATCTTTT,ACCACACTGGACCC,2,40,17,1208,4.263508034438544
9099,TAAAATCTTTT,ACCACACTGGACCC,2,50,3,1414,6.1555655577884085
9100,TAAAATCTTTT,ACCACACTGGACCC,2,60,23,1829,4.376030432461715
9101,TAAAATCTTTT,ACCACACTGGACCC,3,0,8,4,-0.6931471805599453
9102,TAAAATCTTTT,ACCACACTGGACCC,3,2,1,5,1.6094379124341003
9103,TAAAATCTTTT,ACCACACTGGACCC,3,5,10,72,1.9740810260220096
9104,TAAAATCTTTT,ACCACACTGGACCC,3,10,8,298,3.6176519448255684
9105,TAAAATCTTTT,ACCACACTGGACCC,3,15,12,354,3.384390263345774
9106,TAAAATCTTTT,ACCACACTGGACCC,3,20,9,774,4.454347296253507
9107,TAAAATCTTTT,ACCACACTGGACCC,3,30,6,726,4.795790545596741
9108,TAAAATCTTTT,ACCACACTGGACCC,3,40,9,886,4.589492373268861
9109,TAAAATCTTTT,ACCACACTGGACCC,3,50,3,961,5.7693621203021825
9110,TAAAATCTTTT,ACCACACTGGACCC,3,60,9,878,4.580422016298897
9111,TAAAATCTTTT,ACCACACTGGACCC,4,0,7,6,-0.15415067982725836
9112,TAAAATCTTTT,ACCACACTGGACCC,4,2,8,18,0.8109302162163288
9113,TAAAATCTTTT,ACCACACTGGACCC,4,5,10,23,0.8329091229351039
9114,TAAAATCTTTT,ACCACACTGGACCC,4,10,6,297,3.9019726695746444
9115,TAAAATCTTTT,ACCACACTGGACCC,4,15,11,433,3.6728424552041194
9116,TAAAATCTTTT,ACCACACTGGACCC,4,20,7,301,3.7612001156935624
9117,TAAAATCTTTT,ACCACACTGGACCC,4,40,13,950,4.2915126271330495
9118,TAAAATCTTTT,ACCACACTGGACCC,4,50,17,1408,4.416712192661771
9119,TAAAATCTTTT,ACCACACTGGACCC,4,60,10,833,4.422448549172797
9120,TAAACTATTGC,TTATCTTTATAATA,2,10,1,9,2.197224577336219
9121,TAAACTATTGC,TTATCTTTATAATA,3,10,1,14,2.6390573296152584
9122,TAAACTATTGC,TTATCTTTATAATA,4,30,1,86,4.454347296253507
9123,TAAAGTAGTCT,CTAGTGGAGAAATT,2,0,79,6,-2.5776883832389665
9124,TAAAGTAGTCT,CTAGTGGAGAAATT,2,2,69,3,-3.1354942159291497
9125,TAAAGTAGTCT,CTAGTGGAGAAATT,2,5,42,9,-1.5404450409471488
9126,TAAAGTAGTCT,CTAGTGGAGAAATT,2,10,122,11,-2.406125771934886
9127,TAAAGTAGTCT,CTAGTGGAGAAATT,2,15,99,17,-1.7619065060783738
9128,TAAAGTAGTCT,CTAGTGGAGAAATT,2,20,103,27,-1.3388921222253067
9129,TAAAGTAGTCT,CTAGTGGAGAAATT,2,30,79,27,-1.0736109864626924
9130,TAAAGTAGTCT,CTAGTGGAGAAATT,2,40,102,20,-1.62924053973028
9131,TAAAGTAGTCT,CTAGTGGAGAAATT,2,50,41,18,-0.8232003088081431
9132,TAAAGTAGTCT,CTAGTGGAGAAATT,2,60,76,51,-0.39890770756200533
9133,TAAAGTAGTCT,CTAGTGGAGAAATT,3,0,49,7,-1.9459101490553132
9134,TAAAGTAGTCT,CTAGTGGAGAAATT,3,2,41,3,-2.614959778036198
9135,TAAAGTAGTCT,CTAGTGGAGAAATT,3,5,70,11,-1.8505999692509885
9136,TAAAGTAGTCT,CTAGTGGAGAAATT,3,10,62,10,-1.8245492920510458
9137,TAAAGTAGTCT,CTAGTGGAGAAATT,3,15,60,17,-1.2611312181658847
9138,TAAAGTAGTCT,CTAGTGGAGAAATT,3,20,70,12,-1.7635885922613586
9139,TAAAGTAGTCT,CTAGTGGAGAAATT,3,30,74,15,-1.5960148921019597
9140,TAAAGTAGTCT,CTAGTGGAGAAATT,3,40,74,21,-1.2595426554807467
9141,TAAAGTAGTCT,CTAGTGGAGAAATT,3,50,90,15,-1.791759469228055
9142,TAAAGTAGTCT,CTAGTGGAGAAATT,3,60,46,20,-0.832909122935104
9143,TAAAGTAGTCT,CTAGTGGAGAAATT,4,0,74,9,-2.10684051586795
9144,TAAAGTAGTCT,CTAGTGGAGAAATT,4,2,65,6,-2.382627800667582
9145,TAAAGTAGTCT,CTAGTGGAGAAATT,4,5,68,9,-2.0222831278398874
9146,TAAAGTAGTCT,CTAGTGGAGAAATT,4,10,92,15,-1.8137383759468302
9147,TAAAGTAGTCT,CTAGTGGAGAAATT,4,15,63,4,-2.7568403652716422
9148,TAAAGTAGTCT,CTAGTGGAGAAATT,4,20,73,19,-1.3460204619819507
9149,TAAAGTAGTCT,CTAGTGGAGAAATT,4,30,68,13,-1.65455834771457
9150,TAAAGTAGTCT,CTAGTGGAGAAATT,4,40,82,30,-1.0055218656020977
9151,TAAAGTAGTCT,CTAGTGGAGAAATT,4,50,77,51,-0.41197978912935806
9152,TAAAGTAGTCT,CTAGTGGAGAAATT,4,60,71,33,-0.7661723155748352
9153,TAAATTTCCAA,GGAATCGAAATTAC,2,0,132,4,-3.4965075614664802
9154,TAAATTTCCAA,GGAATCGAAATTAC,2,2,87,3,-3.3672958299864737
9155,TAAATTTCCAA,GGAATCGAAATTAC,2,5,85,6,-2.6508917872622613
9156,TAAATTTCCAA,GGAATCGAAATTAC,2,10,121,14,-2.1567332159814825
9157,TAAATTTCCAA,GGAATCGAAATTAC,2,15,160,21,-2.030651377510404
9158,TAAATTTCCAA,GGAATCGAAATTAC,2,20,156,20,-2.0541237336955462
9159,TAAATTTCCAA,GGAATCGAAATTAC,2,30,129,17,-2.026599060305456
9160,TAAATTTCCAA,GGAATCGAAATTAC,2,40,99,11,-2.1972245773362196
9161,TAAATTTCCAA,GGAATCGAAATTAC,2,50,103,24,-1.45667515788169
9162,TAAATTTCCAA,GGAATCGAAATTAC,2,60,75,16,-1.544899391296529
9163,TAAATTTCCAA,GGAATCGAAATTAC,3,0,77,13,-1.778856064392147
9164,TAAATTTCCAA,GGAATCGAAATTAC,3,2,92,8,-2.4423470353692043
9165,TAAATTTCCAA,GGAATCGAAATTAC,3,5,104,20,-1.6486586255873816
9166,TAAATTTCCAA,GGAATCGAAATTAC,3,10,140,23,-1.8061482066801546
9167,TAAATTTCCAA,GGAATCGAAATTAC,3,15,103,21,-1.5902065505062128
9168,TAAATTTCCAA,GGAATCGAAATTAC,3,20,135,15,-2.1972245773362196
9169,TAAATTTCCAA,GGAATCGAAATTAC,3,30,83,10,-2.1162555148025524
9170,TAAATTTCCAA,GGAATCGAAATTAC,3,40,147,17,-2.1572192427225203
9171,TAAATTTCCAA,GGAATCGAAATTAC,3,50,120,16,-2.0149030205422647
9172,TAAATTTCCAA,GGAATCGAAATTAC,3,60,134,17,-2.064626455894695
9173,TAAATTTCCAA,GGAATCGAAATTAC,4,0,90,13,-1.9348603128687283
9174,TAAATTTCCAA,GGAATCGAAATTAC,4,2,98,2,-3.8918202981106265
9175,TAAATTTCCAA,GGAATCGAAATTAC,4,5,80,4,-2.995732273553991
9176,TAAATTTCCAA,GGAATCGAAATTAC,4,10,155,13,-2.4784757594577096
9177,TAAATTTCCAA,GGAATCGAAATTAC,4,15,113,8,-2.6479462770325046
9178,TAAATTTCCAA,GGAATCGAAATTAC,4,20,104,19,-1.6999519199749322
9179,TAAATTTCCAA,GGAATCGAAATTAC,4,30,83,10,-2.1162555148025524
9180,TAAATTTCCAA,GGAATCGAAATTAC,4,40,171,26,-1.8835670184811777
9181,TAAATTTCCAA,GGAATCGAAATTAC,4,50,118,21,-1.7261621867422416
9182,TAAATTTCCAA,GGAATCGAAATTAC,4,60,133,18,-1.999977370325589
9183,TAACAATTCCT,CAATCGACCACTCG,2,2,13,1,-2.5649493574615367
9184,TAACAATTCCT,CAATCGACCACTCG,2,5,26,3,-2.159484249353372
9185,TAACAATTCCT,CAATCGACCACTCG,2,10,32,18,-0.5753641449035618
9186,TAACAATTCCT,CAATCGACCACTCG,2,15,28,49,0.5596157879354227
9187,TAACAATTCCT,CAATCGACCACTCG,2,20,24,42,0.5596157879354227
9188,TAACAATTCCT,CAATCGACCACTCG,2,30,8,47,1.7707060600302227
9189,TAACAATTCCT,CAATCGACCACTCG,2,40,22,117,1.6711314814394402
9190,TAACAATTCCT,CAATCGACCACTCG,2,50,36,69,0.6505875661411494
9191,TAACAATTCCT,CAATCGACCACTCG,2,60,36,128,1.268511325463507
9192,TAACAATTCCT,CAATCGACCACTCG,3,0,20,2,-2.3025850929940455
9193,TAACAATTCCT,CAATCGACCACTCG,3,10,17,9,-0.6359887667199966
9194,TAACAATTCCT,CAATCGACCACTCG,3,15,45,56,0.21868920096482947
9195,TAACAATTCCT,CAATCGACCACTCG,3,20,34,69,0.7077459799810979
9196,TAACAATTCCT,CAATCGACCACTCG,3,30,23,112,1.583004655365945
9197,TAACAATTCCT,CAATCGACCACTCG,3,40,17,114,1.9029851043382793
9198,TAACAATTCCT,CAATCGACCACTCG,3,50,19,67,1.2602536402245255
9199,TAACAATTCCT,CAATCGACCACTCG,3,60,9,57,1.8458266904983307
9200,TAACAATTCCT,CAATCGACCACTCG,4,2,40,5,-2.0794415416798357
9201,TAACAATTCCT,CAATCGACCACTCG,4,10,32,19,-0.5212969236332861
9202,TAACAATTCCT,CAATCGACCACTCG,4,15,26,25,-0.03922071315328127
9203,TAACAATTCCT,CAATCGACCACTCG,4,20,4,26,1.8718021769015913
9204,TAACAATTCCT,CAATCGACCACTCG,4,30,19,58,1.1160040313799788
9205,TAACAATTCCT,CAATCGACCACTCG,4,40,28,174,1.826850789039325
9206,TAACAATTCCT,CAATCGACCACTCG,4,50,31,97,1.1407237740182365
9207,TAACAATTCCT,CAATCGACCACTCG,4,60,28,81,1.0622446444972349
9208,TAACACCAGGT,GCGTCAGTTGTTGG,2,0,4,1,-1.3862943611198906
9209,TAACACCAGGT,GCGTCAGTTGTTGG,2,5,15,2,-2.0149030205422647
9210,TAACACCAGGT,GCGTCAGTTGTTGG,2,10,5,1,-1.6094379124341003
9211,TAACACCAGGT,GCGTCAGTTGTTGG,2,15,3,2,-0.40546510810816444
9212,TAACACCAGGT,GCGTCAGTTGTTGG,2,20,8,1,-2.0794415416798357
9213,TAACACCAGGT,GCGTCAGTTGTTGG,2,40,24,2,-2.4849066497880004
9214,TAACACCAGGT,GCGTCAGTTGTTGG,2,50,2,1,-0.6931471805599453
9215,TAACACCAGGT,GCGTCAGTTGTTGG,2,60,22,4,-1.7047480922384253
9216,TAACACCAGGT,GCGTCAGTTGTTGG,3,0,4,2,-0.6931471805599453
9217,TAACACCAGGT,GCGTCAGTTGTTGG,3,2,21,1,-3.044522437723423
9218,TAACACCAGGT,GCGTCAGTTGTTGG,3,10,10,1,-2.3025850929940455
9219,TAACACCAGGT,GCGTCAGTTGTTGG,3,20,7,1,-1.9459101490553132
9220,TAACACCAGGT,GCGTCAGTTGTTGG,3,30,22,6,-1.2992829841302609
9221,TAACACCAGGT,GCGTCAGTTGTTGG,3,40,18,3,-1.791759469228055
9222,TAACACCAGGT,GCGTCAGTTGTTGG,3,50,9,4,-0.8109302162163288
9223,TAACACCAGGT,GCGTCAGTTGTTGG,3,60,10,3,-1.203972804325936
9224,TAACACCAGGT,GCGTCAGTTGTTGG,4,0,7,1,-1.9459101490553132
9225,TAACACCAGGT,GCGTCAGTTGTTGG,4,2,6,2,-1.0986122886681098
9226,TAACACCAGGT,GCGTCAGTTGTTGG,4,10,4,1,-1.3862943611198906
9227,TAACACCAGGT,GCGTCAGTTGTTGG,4,15,2,1,-0.6931471805599453
9228,TAACACCAGGT,GCGTCAGTTGTTGG,4,30,12,3,-1.3862943611198906
9229,TAACACCAGGT,GCGTCAGTTGTTGG,4,50,14,5,-1.0296194171811581
9230,TAACACCAGGT,GCGTCAGTTGTTGG,4,60,8,1,-2.0794415416798357
9231,TAACGAAAATT,ATCCAATATTTCTA,2,0,28,3,-2.2335922215070942
9232,TAACGAAAATT,ATCCAATATTTCTA,2,2,51,2,-3.2386784521643803
9233,TAACGAAAATT,ATCCAATATTTCTA,2,5,50,7,-1.9661128563728325
9234,TAACGAAAATT,ATCCAATATTTCTA,2,10,44,5,-2.174751721484161
9235,TAACGAAAATT,ATCCAATATTTCTA,2,15,36,1,-3.58351893845611
9236,TAACGAAAATT,ATCCAATATTTCTA,2,20,46,7,-1.8827312474337816
9237,TAACGAAAATT,ATCCAATATTTCTA,2,30,31,12,-0.9490805546971459
9238,TAACGAAAATT,ATCCAATATTTCTA,2,40,39,9,-1.466337068793427
9239,TAACGAAAATT,ATCCAATATTTCTA,2,50,55,16,-1.2347444629926896
9240,TAACGAAAATT,ATCCAATATTTCTA,2,60,48,7,-1.9252908618525775
9241,TAACGAAAATT,ATCCAATATTTCTA,3,0,28,2,-2.6390573296152584
9242,TAACGAAAATT,ATCCAATATTTCTA,3,2,30,1,-3.4011973816621555
9243,TAACGAAAATT,ATCCAATATTTCTA,3,5,50,5,-2.3025850929940455
9244,TAACGAAAATT,ATCCAATATTTCTA,3,10,35,4,-2.169053700369523
9245,TAACGAAAATT,ATCCAATATTTCTA,3,15,43,3,-2.662587827025453
9246,TAACGAAAATT,ATCCAATATTTCTA,3,20,31,8,-1.3545456628053103
9247,TAACGAAAATT,ATCCAATATTTCTA,3,30,24,6,-1.3862943611198906
9248,TAACGAAAATT,ATCCAATATTTCTA,3,40,61,8,-2.031432322493475
9249,TAACGAAAATT,ATCCAATATTTCTA,3,50,53,8,-1.8908503718722858
9250,TAACGAAAATT,ATCCAATATTTCTA,3,60,31,9,-1.2367626271489267
9251,TAACGAAAATT,ATCCAATATTTCTA,4,0,37,9,-1.413693335308005
9252,TAACGAAAATT,ATCCAATATTTCTA,4,2,55,5,-2.3978952727983707
9253,TAACGAAAATT,ATCCAATATTTCTA,4,10,45,5,-2.1972245773362196
9254,TAACGAAAATT,ATCCAATATTTCTA,4,15,32,4,-2.0794415416798357
9255,TAACGAAAATT,ATCCAATATTTCTA,4,20,45,3,-2.70805020110221
9256,TAACGAAAATT,ATCCAATATTTCTA,4,30,45,10,-1.5040773967762742
9257,TAACGAAAATT,ATCCAATATTTCTA,4,40,43,18,-0.8708283577973976
9258,TAACGAAAATT,ATCCAATATTTCTA,4,50,39,14,-1.024504316514388
9259,TAACGAAAATT,ATCCAATATTTCTA,4,60,67,11,-1.8067973465925955
9260,TAACGCTATTT,GGAGAAGATTCCAA,2,2,7,1,-1.9459101490553132
9261,TAACGCTATTT,GGAGAAGATTCCAA,2,20,2,1,-0.6931471805599453
9262,TAACGCTATTT,GGAGAAGATTCCAA,2,40,17,1,-2.833213344056216
9263,TAACGCTATTT,GGAGAAGATTCCAA,3,15,1,1,0.0
9264,TAACGCTATTT,GGAGAAGATTCCAA,3,20,13,1,-2.5649493574615367
9265,TAACGCTATTT,GGAGAAGATTCCAA,3,30,4,1,-1.3862943611198906
9266,TAACGCTATTT,GGAGAAGATTCCAA,3,50,3,1,-1.0986122886681098
9267,TAACGCTATTT,GGAGAAGATTCCAA,3,60,17,2,-2.1400661634962708
9268,TAACGCTATTT,GGAGAAGATTCCAA,4,20,13,2,-1.8718021769015913
9269,TAACGCTATTT,GGAGAAGATTCCAA,4,40,5,2,-0.916290731874155
9270,TAACGCTATTT,GGAGAAGATTCCAA,4,50,8,1,-2.0794415416798357
9271,TAAGACTTAAA,GAGGTGGTTAACAA,2,10,23,1,-3.1354942159291497
9272,TAAGACTTAAA,GAGGTGGTTAACAA,2,15,23,2,-2.4423470353692043
9273,TAAGACTTAAA,GAGGTGGTTAACAA,2,20,36,3,-2.4849066497880004
9274,TAAGACTTAAA,GAGGTGGTTAACAA,2,50,18,2,-2.1972245773362196
9275,TAAGACTTAAA,GAGGTGGTTAACAA,2,60,42,2,-3.044522437723423
9276,TAAGACTTAAA,GAGGTGGTTAACAA,3,2,10,1,-2.3025850929940455
9277,TAAGACTTAAA,GAGGTGGTTAACAA,3,5,17,3,-1.7346010553881062
9278,TAAGACTTAAA,GAGGTGGTTAACAA,3,15,12,1,-2.4849066497880004
9279,TAAGACTTAAA,GAGGTGGTTAACAA,3,20,7,2,-1.252762968495368
9280,TAAGACTTAAA,GAGGTGGTTAACAA,3,60,11,1,-2.3978952727983707
9281,TAAGACTTAAA,GAGGTGGTTAACAA,4,0,13,1,-2.5649493574615367
9282,TAAGACTTAAA,GAGGTGGTTAACAA,4,2,24,1,-3.1780538303479458
9283,TAAGACTTAAA,GAGGTGGTTAACAA,4,5,12,2,-1.791759469228055
9284,TAAGACTTAAA,GAGGTGGTTAACAA,4,10,25,3,-2.120263536200091
9285,TAAGACTTAAA,GAGGTGGTTAACAA,4,20,34,2,-2.833213344056216
9286,TAAGACTTAAA,GAGGTGGTTAACAA,4,30,31,1,-3.4339872044851463
9287,TAAGACTTAAA,GAGGTGGTTAACAA,4,50,42,2,-3.044522437723423
9288,TAAGACTTAAA,GAGGTGGTTAACAA,4,60,15,1,-2.70805020110221
9289,TAAGAGCCCCG,CGCCGCTCGGACTC,2,2,97,2,-3.8815637979434374
9290,TAAGAGCCCCG,CGCCGCTCGGACTC,2,10,84,8,-2.3513752571634776
9291,TAAGAGCCCCG,CGCCGCTCGGACTC,2,15,84,8,-2.3513752571634776
9292,TAAGAGCCCCG,CGCCGCTCGGACTC,2,20,47,6,-2.0583881324820035
9293,TAAGAGCCCCG,CGCCGCTCGGACTC,2,30,117,15,-2.0541237336955462
9294,TAAGAGCCCCG,CGCCGCTCGGACTC,2,40,47,6,-2.0583881324820035
9295,TAAGAGCCCCG,CGCCGCTCGGACTC,2,50,78,11,-1.958813553891221
9296,TAAGAGCCCCG,CGCCGCTCGGACTC,2,60,74,12,-1.8191584434161694
9297,TAAGAGCCCCG,CGCCGCTCGGACTC,3,0,57,2,-3.349904087274605
9298,TAAGAGCCCCG,CGCCGCTCGGACTC,3,2,69,1,-4.234106504597259
9299,TAAGAGCCCCG,CGCCGCTCGGACTC,3,5,82,7,-2.46080909820894
9300,TAAGAGCCCCG,CGCCGCTCGGACTC,3,10,57,4,-2.6567569067146595
9301,TAAGAGCCCCG,CGCCGCTCGGACTC,3,15,54,2,-3.295836866004329
9302,TAAGAGCCCCG,CGCCGCTCGGACTC,3,20,58,2,-3.3672958299864737
9303,TAAGAGCCCCG,CGCCGCTCGGACTC,3,30,55,9,-1.8101086078962516
9304,TAAGAGCCCCG,CGCCGCTCGGACTC,3,40,68,5,-2.610069792742006
9305,TAAGAGCCCCG,CGCCGCTCGGACTC,3,50,40,4,-2.3025850929940455
9306,TAAGAGCCCCG,CGCCGCTCGGACTC,3,60,57,5,-2.4336133554004498
9307,TAAGAGCCCCG,CGCCGCTCGGACTC,4,0,68,3,-3.120895416507997
9308,TAAGAGCCCCG,CGCCGCTCGGACTC,4,2,58,6,-2.268683541318364
9309,TAAGAGCCCCG,CGCCGCTCGGACTC,4,5,44,2,-3.0910424533583156
9310,TAAGAGCCCCG,CGCCGCTCGGACTC,4,10,41,6,-1.9218125974762528
9311,TAAGAGCCCCG,CGCCGCTCGGACTC,4,15,37,2,-2.917770732084279
9312,TAAGAGCCCCG,CGCCGCTCGGACTC,4,20,54,3,-2.8903717578961645
9313,TAAGAGCCCCG,CGCCGCTCGGACTC,4,30,38,7,-1.6916760106710724
9314,TAAGAGCCCCG,CGCCGCTCGGACTC,4,40,149,11,-2.6060510331470885
9315,TAAGAGCCCCG,CGCCGCTCGGACTC,4,50,80,9,-2.184802057337662
9316,TAAGAGCCCCG,CGCCGCTCGGACTC,4,60,88,3,-3.378724525810097
9317,TAAGATTATGT,AAGCTTAGAAGAAT,2,0,42,5,-2.128231705849268
9318,TAAGATTATGT,AAGCTTAGAAGAAT,2,2,39,5,-2.0541237336955462
9319,TAAGATTATGT,AAGCTTAGAAGAAT,2,5,23,3,-2.03688192726104
9320,TAAGATTATGT,AAGCTTAGAAGAAT,2,10,54,6,-2.1972245773362196
9321,TAAGATTATGT,AAGCTTAGAAGAAT,2,15,54,7,-2.043073897508961
9322,TAAGATTATGT,AAGCTTAGAAGAAT,2,20,34,1,-3.526360524616161
9323,TAAGATTATGT,AAGCTTAGAAGAAT,2,30,44,4,-2.3978952727983707
9324,TAAGATTATGT,AAGCTTAGAAGAAT,2,40,76,35,-0.7753852787969174
9325,TAAGATTATGT,AAGCTTAGAAGAAT,2,50,47,11,-1.452252328911688
9326,TAAGATTATGT,AAGCTTAGAAGAAT,2,60,36,14,-0.9444616088408513
9327,TAAGATTATGT,AAGCTTAGAAGAAT,3,0,41,3,-2.614959778036198
9328,TAAGATTATGT,AAGCTTAGAAGAAT,3,2,21,7,-1.0986122886681098
9329,TAAGATTATGT,AAGCTTAGAAGAAT,3,5,49,9,-1.6945957207744071
9330,TAAGATTATGT,AAGCTTAGAAGAAT,3,10,45,23,-0.6711682738411702
9331,TAAGATTATGT,AAGCTTAGAAGAAT,3,15,25,15,-0.5108256237659907
9332,TAAGATTATGT,AAGCTTAGAAGAAT,3,20,65,16,-1.4017985476558559
9333,TAAGATTATGT,AAGCTTAGAAGAAT,3,30,29,5,-1.7578579175523736
9334,TAAGATTATGT,AAGCTTAGAAGAAT,3,40,23,11,-0.7375989431307791
9335,TAAGATTATGT,AAGCTTAGAAGAAT,3,50,64,18,-1.2685113254635072
9336,TAAGATTATGT,AAGCTTAGAAGAAT,3,60,42,8,-1.6582280766035324
9337,TAAGATTATGT,AAGCTTAGAAGAAT,4,0,20,6,-1.203972804325936
9338,TAAGATTATGT,AAGCTTAGAAGAAT,4,2,30,4,-2.0149030205422647
9339,TAAGATTATGT,AAGCTTAGAAGAAT,4,5,32,2,-2.772588722239781
9340,TAAGATTATGT,AAGCTTAGAAGAAT,4,10,52,6,-2.159484249353372
9341,TAAGATTATGT,AAGCTTAGAAGAAT,4,15,31,1,-3.4339872044851463
9342,TAAGATTATGT,AAGCTTAGAAGAAT,4,20,34,15,-0.8183103235139513
9343,TAAGATTATGT,AAGCTTAGAAGAAT,4,30,36,16,-0.8109302162163288
9344,TAAGATTATGT,AAGCTTAGAAGAAT,4,40,52,13,-1.3862943611198906
9345,TAAGATTATGT,AAGCTTAGAAGAAT,4,50,35,15,-0.8472978603872037
9346,TAAGATTATGT,AAGCTTAGAAGAAT,4,60,22,9,-0.8938178760220964
9347,TAAGGATCTAT,GGAATCGTGTAGGG,3,15,1,7,1.9459101490553132
9348,TAAGGATCTAT,GGAATCGTGTAGGG,4,30,1,3,1.0986122886681096
9349,TAAGGTCTGTG,CTGCAGTGCAGCAG,2,0,45,5,-2.1972245773362196
9350,TAAGGTCTGTG,CTGCAGTGCAGCAG,2,2,43,1,-3.7612001156935624
9351,TAAGGTCTGTG,CTGCAGTGCAGCAG,2,5,43,3,-2.662587827025453
9352,TAAGGTCTGTG,CTGCAGTGCAGCAG,2,10,67,13,-1.6397432619294292
9353,TAAGGTCTGTG,CTGCAGTGCAGCAG,2,15,53,8,-1.8908503718722858
9354,TAAGGTCTGTG,CTGCAGTGCAGCAG,2,20,64,9,-1.9616585060234524
9355,TAAGGTCTGTG,CTGCAGTGCAGCAG,2,30,53,3,-2.871679624884012
9356,TAAGGTCTGTG,CTGCAGTGCAGCAG,2,40,55,8,-1.927891643552635
9357,TAAGGTCTGTG,CTGCAGTGCAGCAG,2,50,80,17,-1.5488132906176655
9358,TAAGGTCTGTG,CTGCAGTGCAGCAG,2,60,71,4,-2.8763855159214247
9359,TAAGGTCTGTG,CTGCAGTGCAGCAG,3,0,61,3,-3.0122615755052013
9360,TAAGGTCTGTG,CTGCAGTGCAGCAG,3,2,27,4,-1.9095425048844383
9361,TAAGGTCTGTG,CTGCAGTGCAGCAG,3,5,49,4,-2.505525936990736
9362,TAAGGTCTGTG,CTGCAGTGCAGCAG,3,10,116,11,-2.3556949183079943
9363,TAAGGTCTGTG,CTGCAGTGCAGCAG,3,15,62,16,-1.3545456628053103
9364,TAAGGTCTGTG,CTGCAGTGCAGCAG,3,20,69,3,-3.1354942159291497
9365,TAAGGTCTGTG,CTGCAGTGCAGCAG,3,30,58,4,-2.6741486494265287
9366,TAAGGTCTGTG,CTGCAGTGCAGCAG,3,40,45,5,-2.1972245773362196
9367,TAAGGTCTGTG,CTGCAGTGCAGCAG,3,50,87,6,-2.6741486494265287
9368,TAAGGTCTGTG,CTGCAGTGCAGCAG,3,60,55,8,-1.927891643552635
9369,TAAGGTCTGTG,CTGCAGTGCAGCAG,4,0,82,4,-3.0204248861443626
9370,TAAGGTCTGTG,CTGCAGTGCAGCAG,4,2,60,9,-1.8971199848858813
9371,TAAGGTCTGTG,CTGCAGTGCAGCAG,4,5,72,6,-2.4849066497880004
9372,TAAGGTCTGTG,CTGCAGTGCAGCAG,4,10,96,9,-2.367123614131617
9373,TAAGGTCTGTG,CTGCAGTGCAGCAG,4,15,58,11,-1.6625477377480489
9374,TAAGGTCTGTG,CTGCAGTGCAGCAG,4,20,67,8,-2.12525107771113
9375,TAAGGTCTGTG,CTGCAGTGCAGCAG,4,30,60,6,-2.3025850929940455
9376,TAAGGTCTGTG,CTGCAGTGCAGCAG,4,40,92,16,-1.749199854809259
9377,TAAGGTCTGTG,CTGCAGTGCAGCAG,4,50,78,16,-1.5841201044498106
9378,TAAGGTCTGTG,CTGCAGTGCAGCAG,4,60,59,32,-0.6118015411059929
9379,TAAGTCTATTG,ACCAGTATTCCGTT,2,5,17,3,-1.7346010553881062
9380,TAAGTCTATTG,ACCAGTATTCCGTT,2,10,3,1,-1.0986122886681098
9381,TAAGTCTATTG,ACCAGTATTCCGTT,2,15,26,3,-2.159484249353372
9382,TAAGTCTATTG,ACCAGTATTCCGTT,2,20,12,2,-1.791759469228055
9383,TAAGTCTATTG,ACCAGTATTCCGTT,2,30,29,7,-1.4213856809311607
9384,TAAGTCTATTG,ACCAGTATTCCGTT,2,50,14,9,-0.4418327522790392
9385,TAAGTCTATTG,ACCAGTATTCCGTT,2,60,16,3,-1.6739764335716716
9386,TAAGTCTATTG,ACCAGTATTCCGTT,3,0,6,2,-1.0986122886681098
9387,TAAGTCTATTG,ACCAGTATTCCGTT,3,2,9,1,-2.1972245773362196
9388,TAAGTCTATTG,ACCAGTATTCCGTT,3,5,27,1,-3.295836866004329
9389,TAAGTCTATTG,ACCAGTATTCCGTT,3,15,4,1,-1.3862943611198906
9390,TAAGTCTATTG,ACCAGTATTCCGTT,3,20,38,2,-2.9444389791664403
9391,TAAGTCTATTG,ACCAGTATTCCGTT,3,30,20,4,-1.6094379124341003
9392,TAAGTCTATTG,ACCAGTATTCCGTT,3,40,21,3,-1.9459101490553132
9393,TAAGTCTATTG,ACCAGTATTCCGTT,3,50,17,7,-0.8873031950009028
9394,TAAGTCTATTG,ACCAGTATTCCGTT,4,2,30,3,-2.3025850929940455
9395,TAAGTCTATTG,ACCAGTATTCCGTT,4,10,18,4,-1.5040773967762742
9396,TAAGTCTATTG,ACCAGTATTCCGTT,4,20,17,2,-2.1400661634962708
9397,TAAGTCTATTG,ACCAGTATTCCGTT,4,30,25,3,-2.120263536200091
9398,TAAGTCTATTG,ACCAGTATTCCGTT,4,40,23,1,-3.1354942159291497
9399,TAAGTCTATTG,ACCAGTATTCCGTT,4,50,12,7,-0.5389965007326869
9400,TAAGTCTATTG,ACCAGTATTCCGTT,4,60,19,3,-1.8458266904983307
9401,TAAGTCTGTAG,TCTAAACTCTTTCA,2,0,88,7,-2.531426665422893
9402,TAAGTCTGTAG,TCTAAACTCTTTCA,2,2,71,6,-2.4709204078132605
9403,TAAGTCTGTAG,TCTAAACTCTTTCA,2,5,75,10,-2.0149030205422647
9404,TAAGTCTGTAG,TCTAAACTCTTTCA,2,10,87,11,-2.068012845856213
9405,TAAGTCTGTAG,TCTAAACTCTTTCA,2,15,81,14,-1.7553918250571803
9406,TAAGTCTGTAG,TCTAAACTCTTTCA,2,20,90,17,-1.6665963262740489
9407,TAAGTCTGTAG,TCTAAACTCTTTCA,2,30,81,23,-1.258954938743289
9408,TAAGTCTGTAG,TCTAAACTCTTTCA,2,40,64,25,-0.9400072584914712
9409,TAAGTCTGTAG,TCTAAACTCTTTCA,2,50,70,33,-0.7519876805828788
9410,TAAGTCTGTAG,TCTAAACTCTTTCA,2,60,89,41,-0.7750643030278319
9411,TAAGTCTGTAG,TCTAAACTCTTTCA,3,0,53,7,-2.0243817644968085
9412,TAAGTCTGTAG,TCTAAACTCTTTCA,3,2,79,10,-2.0668627594729756
9413,TAAGTCTGTAG,TCTAAACTCTTTCA,3,5,99,9,-2.3978952727983707
9414,TAAGTCTGTAG,TCTAAACTCTTTCA,3,10,78,10,-2.0541237336955462
9415,TAAGTCTGTAG,TCTAAACTCTTTCA,3,15,84,19,-1.486377819676873
9416,TAAGTCTGTAG,TCTAAACTCTTTCA,3,20,70,13,-1.6835458845878222
9417,TAAGTCTGTAG,TCTAAACTCTTTCA,3,30,66,28,-0.8574502318512216
9418,TAAGTCTGTAG,TCTAAACTCTTTCA,3,40,54,7,-2.043073897508961
9419,TAAGTCTGTAG,TCTAAACTCTTTCA,3,50,71,30,-0.86148249537916
9420,TAAGTCTGTAG,TCTAAACTCTTTCA,3,60,83,21,-1.374318170073175
9421,TAAGTCTGTAG,TCTAAACTCTTTCA,4,0,68,3,-3.120895416507997
9422,TAAGTCTGTAG,TCTAAACTCTTTCA,4,2,49,5,-2.282382385676526
9423,TAAGTCTGTAG,TCTAAACTCTTTCA,4,5,69,11,-1.8362112317988888
9424,TAAGTCTGTAG,TCTAAACTCTTTCA,4,10,66,4,-2.803360380906535
9425,TAAGTCTGTAG,TCTAAACTCTTTCA,4,15,82,8,-2.327277705584417
9426,TAAGTCTGTAG,TCTAAACTCTTTCA,4,20,59,14,-1.4384801142904609
9427,TAAGTCTGTAG,TCTAAACTCTTTCA,4,30,78,13,-1.791759469228055
9428,TAAGTCTGTAG,TCTAAACTCTTTCA,4,40,73,38,-0.6528732814220054
9429,TAAGTCTGTAG,TCTAAACTCTTTCA,4,50,133,47,-1.0402015265116953
9430,TAAGTCTGTAG,TCTAAACTCTTTCA,4,60,54,20,-0.9932517730102834
9431,TAATAGTCATC,GGAAGGCGAGATCT,2,50,1,2,0.6931471805599453
9432,TAATAGTCATC,GGAAGGCGAGATCT,2,60,1,2,0.6931471805599453
9433,TAATAGTCATC,GGAAGGCGAGATCT,3,2,1,3,1.0986122886681096
9434,TAATCCCTTTA,CATAAGACGCTCGC,2,0,36,6,-1.791759469228055
9435,TAATCCCTTTA,CATAAGACGCTCGC,2,2,61,4,-2.7245795030534206
9436,TAATCCCTTTA,CATAAGACGCTCGC,2,5,72,4,-2.8903717578961645
9437,TAATCCCTTTA,CATAAGACGCTCGC,2,10,82,4,-3.0204248861443626
9438,TAATCCCTTTA,CATAAGACGCTCGC,2,15,85,4,-3.056356895370426
9439,TAATCCCTTTA,CATAAGACGCTCGC,2,20,86,25,-1.2354714713853068
9440,TAATCCCTTTA,CATAAGACGCTCGC,2,30,82,11,-2.0088239744658822
9441,TAATCCCTTTA,CATAAGACGCTCGC,2,40,97,29,-1.2074151485169087
9442,TAATCCCTTTA,CATAAGACGCTCGC,2,50,66,20,-1.1939224684724346
9443,TAATCCCTTTA,CATAAGACGCTCGC,2,60,55,23,-0.8718389693033213
9444,TAATCCCTTTA,CATAAGACGCTCGC,3,0,51,2,-3.2386784521643803
9445,TAATCCCTTTA,CATAAGACGCTCGC,3,2,49,4,-2.505525936990736
9446,TAATCCCTTTA,CATAAGACGCTCGC,3,5,31,3,-2.3353749158170363
9447,TAATCCCTTTA,CATAAGACGCTCGC,3,10,113,9,-2.5301632413761213
9448,TAATCCCTTTA,CATAAGACGCTCGC,3,15,74,8,-2.2246235515243336
9449,TAATCCCTTTA,CATAAGACGCTCGC,3,20,80,15,-1.6739764335716716
9450,TAATCCCTTTA,CATAAGACGCTCGC,3,30,81,12,-1.9095425048844383
9451,TAATCCCTTTA,CATAAGACGCTCGC,3,40,46,11,-1.4307461236907244
9452,TAATCCCTTTA,CATAAGACGCTCGC,3,50,80,31,-0.9480394301887354
9453,TAATCCCTTTA,CATAAGACGCTCGC,3,60,62,8,-2.0476928433652555
9454,TAATCCCTTTA,CATAAGACGCTCGC,4,0,72,2,-3.58351893845611
9455,TAATCCCTTTA,CATAAGACGCTCGC,4,2,54,11,-1.5910887737659039
9456,TAATCCCTTTA,CATAAGACGCTCGC,4,5,30,2,-2.70805020110221
9457,TAATCCCTTTA,CATAAGACGCTCGC,4,10,85,10,-2.1400661634962708
9458,TAATCCCTTTA,CATAAGACGCTCGC,4,15,67,11,-1.8067973465925955
9459,TAATCCCTTTA,CATAAGACGCTCGC,4,20,68,12,-1.7346010553881062
9460,TAATCCCTTTA,CATAAGACGCTCGC,4,30,60,17,-1.2611312181658847
9461,TAATCCCTTTA,CATAAGACGCTCGC,4,40,90,22,-1.4087672169719492
9462,TAATCCCTTTA,CATAAGACGCTCGC,4,50,71,20,-1.2669476034873244
9463,TAATCCCTTTA,CATAAGACGCTCGC,4,60,72,8,-2.1972245773362196
9464,TAATTATATAC,CATACAAAATTGTT,2,20,1,1,0.0
9465,TAATTGGAGTT,ACGAAAGGTACTAG,2,60,1,1,0.0
9466,TACACAATAAC,ACATAATAGCACCC,2,10,1,30,3.4011973816621555
9467,TACACAATAAC,ACATAATAGCACCC,2,50,1,117,4.762173934797756
9468,TACACAATAAC,ACATAATAGCACCC,3,40,1,116,4.7535901911063645
9469,TACACAATAAC,ACATAATAGCACCC,3,60,1,83,4.418840607796597
9470,TACACAATAAC,ACATAATAGCACCC,4,20,1,50,3.912023005428146
9471,TACACTTTTAC,ACGCAAACGATTAT,2,10,1,40,3.6888794541139363
9472,TACACTTTTAC,ACGCAAACGATTAT,3,2,1,6,1.791759469228055
9473,TACACTTTTAC,ACGCAAACGATTAT,4,20,1,79,4.3694478524670215
9474,TACACTTTTAC,ACGCAAACGATTAT,4,50,1,198,5.288267030694535
9475,TACACTTTTAC,ACGCAAACGATTAT,4,60,1,94,4.543294782270004
9476,TACAGACGATT,ACACATCACTCCTA,2,2,34,2,-2.833213344056216
9477,TACAGACGATT,ACACATCACTCCTA,2,5,47,3,-2.751535313041949
9478,TACAGACGATT,ACACATCACTCCTA,2,10,52,7,-2.005333569526114
9479,TACAGACGATT,ACACATCACTCCTA,2,15,31,2,-2.740840023925201
9480,TACAGACGATT,ACACATCACTCCTA,2,20,64,8,-2.0794415416798357
9481,TACAGACGATT,ACACATCACTCCTA,2,30,64,12,-1.6739764335716716
9482,TACAGACGATT,ACACATCACTCCTA,2,40,66,15,-1.4816045409242156
9483,TACAGACGATT,ACACATCACTCCTA,2,50,62,13,-1.5621850275835547
9484,TACAGACGATT,ACACATCACTCCTA,2,60,43,7,-1.815289966638249
9485,TACAGACGATT,ACACATCACTCCTA,3,0,48,3,-2.772588722239781
9486,TACAGACGATT,ACACATCACTCCTA,3,2,29,10,-1.0647107369924282
9487,TACAGACGATT,ACACATCACTCCTA,3,5,67,6,-2.412933150162911
9488,TACAGACGATT,ACACATCACTCCTA,3,10,61,5,-2.501435951739211
9489,TACAGACGATT,ACACATCACTCCTA,3,15,62,14,-1.4880770554298328
9490,TACAGACGATT,ACACATCACTCCTA,3,20,54,11,-1.5910887737659039
9491,TACAGACGATT,ACACATCACTCCTA,3,30,15,3,-1.6094379124341003
9492,TACAGACGATT,ACACATCACTCCTA,3,40,47,2,-3.157000421150113
9493,TACAGACGATT,ACACATCACTCCTA,3,50,48,6,-2.0794415416798357
9494,TACAGACGATT,ACACATCACTCCTA,4,0,25,1,-3.2188758248682006
9495,TACAGACGATT,ACACATCACTCCTA,4,2,55,5,-2.3978952727983707
9496,TACAGACGATT,ACACATCACTCCTA,4,5,30,3,-2.3025850929940455
9497,TACAGACGATT,ACACATCACTCCTA,4,15,47,4,-2.463853240590168
9498,TACAGACGATT,ACACATCACTCCTA,4,20,27,5,-1.6863989535702286
9499,TACAGACGATT,ACACATCACTCCTA,4,30,45,2,-3.1135153092103742
9500,TACAGACGATT,ACACATCACTCCTA,4,40,53,10,-1.667706820558076
9501,TACAGACGATT,ACACATCACTCCTA,4,50,49,6,-2.1000608288825715
9502,TACAGACGATT,ACACATCACTCCTA,4,60,34,4,-2.1400661634962708
9503,TACATCCGGGT,TAAATAGCAAGATC,3,10,1,9,2.197224577336219
9504,TACATGTGCAT,TATGGTTACACCAA,2,0,41,4,-2.327277705584417
9505,TACATGTGCAT,TATGGTTACACCAA,2,2,47,4,-2.463853240590168
9506,TACATGTGCAT,TATGGTTACACCAA,2,10,71,5,-2.653241964607215
9507,TACATGTGCAT,TATGGTTACACCAA,2,15,61,6,-2.3191143949452564
9508,TACATGTGCAT,TATGGTTACACCAA,2,20,70,6,-2.456735772821304
9509,TACATGTGCAT,TATGGTTACACCAA,2,30,67,3,-3.106080330722856
9510,TACATGTGCAT,TATGGTTACACCAA,2,40,98,12,-2.1000608288825715
9511,TACATGTGCAT,TATGGTTACACCAA,2,50,72,11,-1.8787708462176846
9512,TACATGTGCAT,TATGGTTACACCAA,2,60,46,3,-2.730029107820985
9513,TACATGTGCAT,TATGGTTACACCAA,3,0,41,1,-3.7135720667043075
9514,TACATGTGCAT,TATGGTTACACCAA,3,2,34,5,-1.9169226121820608
9515,TACATGTGCAT,TATGGTTACACCAA,3,5,41,4,-2.327277705584417
9516,TACATGTGCAT,TATGGTTACACCAA,3,10,42,5,-2.128231705849268
9517,TACATGTGCAT,TATGGTTACACCAA,3,15,65,2,-3.481240089335692
9518,TACATGTGCAT,TATGGTTACACCAA,3,20,64,5,-2.5494451709255714
9519,TACATGTGCAT,TATGGTTACACCAA,3,30,31,6,-1.6422277352570913
9520,TACATGTGCAT,TATGGTTACACCAA,3,40,56,7,-2.0794415416798357
9521,TACATGTGCAT,TATGGTTACACCAA,3,50,62,6,-2.3353749158170363
9522,TACATGTGCAT,TATGGTTACACCAA,3,60,48,4,-2.4849066497880004
9523,TACATGTGCAT,TATGGTTACACCAA,4,0,63,3,-3.044522437723423
9524,TACATGTGCAT,TATGGTTACACCAA,4,2,50,10,-1.6094379124341003
9525,TACATGTGCAT,TATGGTTACACCAA,4,5,20,4,-1.6094379124341003
9526,TACATGTGCAT,TATGGTTACACCAA,4,10,69,8,-2.1546649629174235
9527,TACATGTGCAT,TATGGTTACACCAA,4,15,64,4,-2.772588722239781
9528,TACATGTGCAT,TATGGTTACACCAA,4,20,61,3,-3.0122615755052013
9529,TACATGTGCAT,TATGGTTACACCAA,4,30,39,2,-2.970414465569701
9530,TACATGTGCAT,TATGGTTACACCAA,4,40,76,9,-2.1335087629501115
9531,TACATGTGCAT,TATGGTTACACCAA,4,50,59,8,-1.9980959022258835
9532,TACATGTGCAT,TATGGTTACACCAA,4,60,49,3,-2.793208009442517
9533,TACCATTTCCT,GTGAATAAACTAGG,4,40,1,1,0.0
9534,TACCGACTTCC,GTACCTTAGAATTC,2,0,221,17,-2.5649493574615367
9535,TACCGACTTCC,GTACCTTAGAATTC,2,2,250,25,-2.3025850929940455
9536,TACCGACTTCC,GTACCTTAGAATTC,2,5,153,11,-2.632542648594065
9537,TACCGACTTCC,GTACCTTAGAATTC,2,10,236,25,-2.2449559801574095
9538,TACCGACTTCC,GTACCTTAGAATTC,2,15,228,25,-2.21046980408624
9539,TACCGACTTCC,GTACCTTAGAATTC,2,20,292,44,-1.8925641683500205
9540,TACCGACTTCC,GTACCTTAGAATTC,2,30,332,73,-1.5146755277680974
9541,TACCGACTTCC,GTACCTTAGAATTC,2,40,305,116,-0.9667215855010469
9542,TACCGACTTCC,GTACCTTAGAATTC,2,50,284,119,-0.8698507450496766
9543,TACCGACTTCC,GTACCTTAGAATTC,2,60,222,28,-2.0704728716970755
9544,TACCGACTTCC,GTACCTTAGAATTC,3,0,174,11,-2.7611600264161584
9545,TACCGACTTCC,GTACCTTAGAATTC,3,2,171,9,-2.9444389791664403
9546,TACCGACTTCC,GTACCTTAGAATTC,3,5,226,18,-2.5301632413761213
9547,TACCGACTTCC,GTACCTTAGAATTC,3,10,266,43,-1.8222961930881367
9548,TACCGACTTCC,GTACCTTAGAATTC,3,15,249,30,-2.1162555148025524
9549,TACCGACTTCC,GTACCTTAGAATTC,3,20,237,43,-1.7068600254415687
9550,TACCGACTTCC,GTACCTTAGAATTC,3,30,195,35,-1.717651497074333
9551,TACCGACTTCC,GTACCTTAGAATTC,3,40,244,66,-1.307513483266776
9552,TACCGACTTCC,GTACCTTAGAATTC,3,50,196,43,-1.5169145435369549
9553,TACCGACTTCC,GTACCTTAGAATTC,3,60,234,59,-1.377783671451982
9554,TACCGACTTCC,GTACCTTAGAATTC,4,0,162,14,-2.4485390056171257
9555,TACCGACTTCC,GTACCTTAGAATTC,4,2,223,12,-2.9222651216721185
9556,TACCGACTTCC,GTACCTTAGAATTC,4,5,172,11,-2.7495992040150825
9557,TACCGACTTCC,GTACCTTAGAATTC,4,10,259,28,-2.2246235515243336
9558,TACCGACTTCC,GTACCTTAGAATTC,4,15,178,16,-2.409194828052304
9559,TACCGACTTCC,GTACCTTAGAATTC,4,20,167,31,-1.6840066079316087
9560,TACCGACTTCC,GTACCTTAGAATTC,4,30,193,50,-1.3506671834767396
9561,TACCGACTTCC,GTACCTTAGAATTC,4,40,274,79,-1.2436802539210488
9562,TACCGACTTCC,GTACCTTAGAATTC,4,50,255,45,-1.7346010553881062
9563,TACCGACTTCC,GTACCTTAGAATTC,4,60,203,56,-1.287854288306638
9564,TACCGTTGTCT,TCGTGCAGGGCTAG,2,5,12,2,-1.791759469228055
9565,TACCGTTGTCT,TCGTGCAGGGCTAG,2,10,6,1,-1.791759469228055
9566,TACCGTTGTCT,TCGTGCAGGGCTAG,2,15,2,1,-0.6931471805599453
9567,TACCGTTGTCT,TCGTGCAGGGCTAG,2,20,20,2,-2.3025850929940455
9568,TACCGTTGTCT,TCGTGCAGGGCTAG,2,50,14,3,-1.5404450409471488
9569,TACCGTTGTCT,TCGTGCAGGGCTAG,3,30,5,2,-0.916290731874155
9570,TACCGTTGTCT,TCGTGCAGGGCTAG,3,60,1,1,0.0
9571,TACCGTTGTCT,TCGTGCAGGGCTAG,4,2,4,1,-1.3862943611198906
9572,TACCGTTGTCT,TCGTGCAGGGCTAG,4,5,12,2,-1.791759469228055
9573,TACCGTTGTCT,TCGTGCAGGGCTAG,4,30,11,1,-2.3978952727983707
9574,TACCGTTGTCT,TCGTGCAGGGCTAG,4,50,2,1,-0.6931471805599453
9575,TACCGTTGTCT,TCGTGCAGGGCTAG,4,60,6,1,-1.791759469228055
9576,TACGAAATTCT,TTGATGCACCGCCA,3,0,1,8,2.0794415416798357
9577,TACGAAATTCT,TTGATGCACCGCCA,3,15,1,27,3.295836866004329
9578,TACGAAATTCT,TTGATGCACCGCCA,3,50,1,21,3.044522437723423
9579,TACTACAAAAA,AGACTCTATAACGA,3,2,33,1,-3.4965075614664802
9580,TACTACAAAAA,AGACTCTATAACGA,3,20,55,1,-4.007333185232471
9581,TACTACAAAAA,AGACTCTATAACGA,3,60,25,2,-2.525728644308255
9582,TACTACAAAAA,AGACTCTATAACGA,4,5,36,1,-3.58351893845611
9583,TACTACCGGCG,TATCCTCAGTCAAA,3,2,1,2,0.6931471805599453
9584,TACTCCTGACG,CTCAGCGTAGCTAC,2,60,1,51,3.9318256327243257
9585,TACTCCTGACG,CTCAGCGTAGCTAC,3,0,1,11,2.3978952727983707
9586,TACTTGAGCTA,ATGACACTTATGCT,2,0,42,6,-1.9459101490553132
9587,TACTTGAGCTA,ATGACACTTATGCT,2,2,38,10,-1.3350010667323402
9588,TACTTGAGCTA,ATGACACTTATGCT,2,10,56,7,-2.0794415416798357
9589,TACTTGAGCTA,ATGACACTTATGCT,2,15,53,7,-2.0243817644968085
9590,TACTTGAGCTA,ATGACACTTATGCT,2,20,39,9,-1.466337068793427
9591,TACTTGAGCTA,ATGACACTTATGCT,2,30,21,6,-1.252762968495368
9592,TACTTGAGCTA,ATGACACTTATGCT,2,40,42,7,-1.791759469228055
9593,TACTTGAGCTA,ATGACACTTATGCT,2,50,30,6,-1.6094379124341003
9594,TACTTGAGCTA,ATGACACTTATGCT,2,60,36,1,-3.58351893845611
9595,TACTTGAGCTA,ATGACACTTATGCT,3,0,26,4,-1.8718021769015913
9596,TACTTGAGCTA,ATGACACTTATGCT,3,2,18,6,-1.0986122886681098
9597,TACTTGAGCTA,ATGACACTTATGCT,3,5,39,2,-2.970414465569701
9598,TACTTGAGCTA,ATGACACTTATGCT,3,10,51,4,-2.545531271604435
9599,TACTTGAGCTA,ATGACACTTATGCT,3,15,30,4,-2.0149030205422647
9600,TACTTGAGCTA,ATGACACTTATGCT,3,20,22,2,-2.3978952727983707
9601,TACTTGAGCTA,ATGACACTTATGCT,3,30,34,3,-2.4277482359480516
9602,TACTTGAGCTA,ATGACACTTATGCT,3,40,33,10,-1.1939224684724346
9603,TACTTGAGCTA,ATGACACTTATGCT,3,50,45,8,-1.7272209480904837
9604,TACTTGAGCTA,ATGACACTTATGCT,4,0,44,2,-3.0910424533583156
9605,TACTTGAGCTA,ATGACACTTATGCT,4,2,29,5,-1.7578579175523736
9606,TACTTGAGCTA,ATGACACTTATGCT,4,5,28,1,-3.332204510175204
9607,TACTTGAGCTA,ATGACACTTATGCT,4,10,39,8,-1.5841201044498106
9608,TACTTGAGCTA,ATGACACTTATGCT,4,15,28,4,-1.9459101490553132
9609,TACTTGAGCTA,ATGACACTTATGCT,4,20,43,6,-1.9694406464655074
9610,TACTTGAGCTA,ATGACACTTATGCT,4,30,27,5,-1.6863989535702286
9611,TACTTGAGCTA,ATGACACTTATGCT,4,40,44,7,-1.8382794848629478
9612,TACTTGAGCTA,ATGACACTTATGCT,4,50,53,9,-1.7730673362159024
9613,TACTTGAGCTA,ATGACACTTATGCT,4,60,25,6,-1.4271163556401458
9614,TAGAACGTTGA,TTTCACATCTCCTT,3,60,1,2,0.6931471805599453
9615,TAGAAGAGGGA,TGGGTGTGTTCAAC,2,0,31,4,-2.0476928433652555
9616,TAGAAGAGGGA,TGGGTGTGTTCAAC,2,2,56,3,-2.9267394020670396
9617,TAGAAGAGGGA,TGGGTGTGTTCAAC,2,5,31,4,-2.0476928433652555
9618,TAGAAGAGGGA,TGGGTGTGTTCAAC,2,10,60,17,-1.2611312181658847
9619,TAGAAGAGGGA,TGGGTGTGTTCAAC,2,15,36,17,-0.750305594399894
9620,TAGAAGAGGGA,TGGGTGTGTTCAAC,2,20,59,34,-0.551176919289558
9621,TAGAAGAGGGA,TGGGTGTGTTCAAC,2,30,60,28,-0.7621400520468967
9622,TAGAAGAGGGA,TGGGTGTGTTCAAC,2,40,49,13,-1.3268709406490897
9623,TAGAAGAGGGA,TGGGTGTGTTCAAC,2,50,43,30,-0.36000273403140703
9624,TAGAAGAGGGA,TGGGTGTGTTCAAC,2,60,46,28,-0.496436886313891
9625,TAGAAGAGGGA,TGGGTGTGTTCAAC,3,0,31,5,-1.8245492920510458
9626,TAGAAGAGGGA,TGGGTGTGTTCAAC,3,2,41,2,-3.0204248861443626
9627,TAGAAGAGGGA,TGGGTGTGTTCAAC,3,5,47,1,-3.8501476017100584
9628,TAGAAGAGGGA,TGGGTGTGTTCAAC,3,10,63,18,-1.252762968495368
9629,TAGAAGAGGGA,TGGGTGTGTTCAAC,3,15,35,18,-0.6649763035932491
9630,TAGAAGAGGGA,TGGGTGTGTTCAAC,3,20,66,13,-1.6247053845648889
9631,TAGAAGAGGGA,TGGGTGTGTTCAAC,3,30,57,24,-0.8649974374866045
9632,TAGAAGAGGGA,TGGGTGTGTTCAAC,3,40,58,25,-0.8415671856782186
9633,TAGAAGAGGGA,TGGGTGTGTTCAAC,3,50,49,14,-1.252762968495368
9634,TAGAAGAGGGA,TGGGTGTGTTCAAC,3,60,37,17,-0.7777045685880083
9635,TAGAAGAGGGA,TGGGTGTGTTCAAC,4,0,36,3,-2.4849066497880004
9636,TAGAAGAGGGA,TGGGTGTGTTCAAC,4,2,48,4,-2.4849066497880004
9637,TAGAAGAGGGA,TGGGTGTGTTCAAC,4,5,27,1,-3.295836866004329
9638,TAGAAGAGGGA,TGGGTGTGTTCAAC,4,10,42,1,-3.7376696182833684
9639,TAGAAGAGGGA,TGGGTGTGTTCAAC,4,15,44,15,-1.0761394328160512
9640,TAGAAGAGGGA,TGGGTGTGTTCAAC,4,20,18,6,-1.0986122886681098
9641,TAGAAGAGGGA,TGGGTGTGTTCAAC,4,30,35,18,-0.6649763035932491
9642,TAGAAGAGGGA,TGGGTGTGTTCAAC,4,40,67,50,-0.29266961396281993
9643,TAGAAGAGGGA,TGGGTGTGTTCAAC,4,50,52,22,-0.8602012652231115
9644,TAGAAGAGGGA,TGGGTGTGTTCAAC,4,60,38,34,-0.11122563511022437
9645,TAGAATGTTTA,GTGGACGTTTAATA,3,2,1,3,1.0986122886681096
9646,TAGAATGTTTA,GTGGACGTTTAATA,3,5,1,6,1.791759469228055
9647,TAGAATGTTTA,GTGGACGTTTAATA,3,10,1,8,2.0794415416798357
9648,TAGAATGTTTA,GTGGACGTTTAATA,4,40,1,21,3.044522437723423
9649,TAGATACGTAA,AAGGCCTTCAGAAT,2,0,1,5,1.6094379124341003
9650,TAGATCAATAC,TATGTTAAGGTAAA,2,15,1,9,2.197224577336219
9651,TAGATCAATAC,TATGTTAAGGTAAA,2,50,1,15,2.70805020110221
9652,TAGCAATGTGG,CTCTACAATACACC,2,5,1,2,0.6931471805599453
9653,TAGCCGGCACT,GGTCACACCCATTC,3,40,21,2,-2.3513752571634776
9654,TAGCCGGCACT,GGTCACACCCATTC,4,0,12,2,-1.791759469228055
9655,TAGCCGGCACT,GGTCACACCCATTC,4,10,20,1,-2.995732273553991
9656,TAGCCGGCACT,GGTCACACCCATTC,4,50,11,2,-1.7047480922384253
9657,TAGCGAGCAGA,GGCATCAGATTAAC,2,0,12,2,-1.791759469228055
9658,TAGCGAGCAGA,GGCATCAGATTAAC,3,0,1,1,0.0
9659,TAGCGAGCAGA,GGCATCAGATTAAC,3,20,2,1,-0.6931471805599453
9660,TAGCGAGCAGA,GGCATCAGATTAAC,4,0,5,1,-1.6094379124341003
9661,TAGCGAGCAGA,GGCATCAGATTAAC,4,40,11,2,-1.7047480922384253
9662,TAGCGCCGCAA,GCCCTAGCTTTCCA,3,5,1,30,3.4011973816621555
9663,TAGCGCCGCAA,GCCCTAGCTTTCCA,4,10,1,76,4.330733340286331
9664,TAGCGCCGCAA,GCCCTAGCTTTCCA,4,15,1,57,4.04305126783455
9665,TAGCGTTTAAT,TGTGTTTCGCCACA,2,0,32,1,-3.4657359027997265
9666,TAGCGTTTAAT,TGTGTTTCGCCACA,2,2,28,1,-3.332204510175204
9667,TAGCGTTTAAT,TGTGTTTCGCCACA,2,5,14,2,-1.9459101490553132
9668,TAGCGTTTAAT,TGTGTTTCGCCACA,2,10,22,5,-1.4816045409242156
9669,TAGCGTTTAAT,TGTGTTTCGCCACA,2,15,36,1,-3.58351893845611
9670,TAGCGTTTAAT,TGTGTTTCGCCACA,2,20,25,3,-2.120263536200091
9671,TAGCGTTTAAT,TGTGTTTCGCCACA,2,30,41,1,-3.7135720667043075
9672,TAGCGTTTAAT,TGTGTTTCGCCACA,2,40,48,1,-3.8712010109078907
9673,TAGCGTTTAAT,TGTGTTTCGCCACA,2,50,43,3,-2.662587827025453
9674,TAGCGTTTAAT,TGTGTTTCGCCACA,2,60,43,2,-3.068052935133617
9675,TAGCGTTTAAT,TGTGTTTCGCCACA,3,0,39,1,-3.6635616461296463
9676,TAGCGTTTAAT,TGTGTTTCGCCACA,3,2,24,2,-2.4849066497880004
9677,TAGCGTTTAAT,TGTGTTTCGCCACA,3,5,14,2,-1.9459101490553132
9678,TAGCGTTTAAT,TGTGTTTCGCCACA,3,10,41,6,-1.9218125974762528
9679,TAGCGTTTAAT,TGTGTTTCGCCACA,3,15,33,5,-1.8870696490323797
9680,TAGCGTTTAAT,TGTGTTTCGCCACA,3,20,26,6,-1.466337068793427
9681,TAGCGTTTAAT,TGTGTTTCGCCACA,3,30,30,5,-1.791759469228055
9682,TAGCGTTTAAT,TGTGTTTCGCCACA,3,50,31,1,-3.4339872044851463
9683,TAGCGTTTAAT,TGTGTTTCGCCACA,3,60,34,2,-2.833213344056216
9684,TAGCGTTTAAT,TGTGTTTCGCCACA,4,2,34,1,-3.526360524616161
9685,TAGCGTTTAAT,TGTGTTTCGCCACA,4,10,22,2,-2.3978952727983707
9686,TAGCGTTTAAT,TGTGTTTCGCCACA,4,15,32,1,-3.4657359027997265
9687,TAGCGTTTAAT,TGTGTTTCGCCACA,4,20,24,6,-1.3862943611198906
9688,TAGCGTTTAAT,TGTGTTTCGCCACA,4,30,41,2,-3.0204248861443626
9689,TAGCGTTTAAT,TGTGTTTCGCCACA,4,40,34,5,-1.9169226121820608
9690,TAGCGTTTAAT,TGTGTTTCGCCACA,4,50,38,4,-2.2512917986064953
9691,TAGCGTTTAAT,TGTGTTTCGCCACA,4,60,29,6,-1.575536360758419
9692,TAGCTAAAACA,TAGGTCCGAGAAGC,2,0,16,2,-2.0794415416798357
9693,TAGCTAAAACA,TAGGTCCGAGAAGC,2,2,20,1,-2.995732273553991
9694,TAGCTAAAACA,TAGGTCCGAGAAGC,2,5,4,3,-0.2876820724517809
9695,TAGCTAAAACA,TAGGTCCGAGAAGC,2,10,10,1,-2.3025850929940455
9696,TAGCTAAAACA,TAGGTCCGAGAAGC,2,20,9,3,-1.0986122886681098
9697,TAGCTAAAACA,TAGGTCCGAGAAGC,2,30,27,8,-1.2163953243244932
9698,TAGCTAAAACA,TAGGTCCGAGAAGC,2,40,34,4,-2.1400661634962708
9699,TAGCTAAAACA,TAGGTCCGAGAAGC,2,50,4,1,-1.3862943611198906
9700,TAGCTAAAACA,TAGGTCCGAGAAGC,3,0,8,2,-1.3862943611198906
9701,TAGCTAAAACA,TAGGTCCGAGAAGC,3,5,10,1,-2.3025850929940455
9702,TAGCTAAAACA,TAGGTCCGAGAAGC,3,10,12,1,-2.4849066497880004
9703,TAGCTAAAACA,TAGGTCCGAGAAGC,3,20,15,1,-2.70805020110221
9704,TAGCTAAAACA,TAGGTCCGAGAAGC,3,40,12,1,-2.4849066497880004
9705,TAGCTAAAACA,TAGGTCCGAGAAGC,3,60,18,1,-2.8903717578961645
9706,TAGCTAAAACA,TAGGTCCGAGAAGC,4,0,8,2,-1.3862943611198906
9707,TAGCTAAAACA,TAGGTCCGAGAAGC,4,2,11,3,-1.2992829841302609
9708,TAGCTAAAACA,TAGGTCCGAGAAGC,4,15,8,2,-1.3862943611198906
9709,TAGGAATCACA,GAGCTCGTTATATT,2,0,126,12,-2.3513752571634776
9710,TAGGAATCACA,GAGCTCGTTATATT,2,2,139,6,-3.1427144639026365
9711,TAGGAATCACA,GAGCTCGTTATATT,2,5,138,5,-3.317815772723104
9712,TAGGAATCACA,GAGCTCGTTATATT,2,10,138,17,-2.0940403411009885
9713,TAGGAATCACA,GAGCTCGTTATATT,2,15,115,14,-2.1058747987479913
9714,TAGGAATCACA,GAGCTCGTTATATT,2,20,165,44,-1.3217558399823195
9715,TAGGAATCACA,GAGCTCGTTATATT,2,30,180,31,-1.7589696464050641
9716,TAGGAATCACA,GAGCTCGTTATATT,2,40,170,56,-1.1104467463151124
9717,TAGGAATCACA,GAGCTCGTTATATT,2,50,187,43,-1.4699085011610242
9718,TAGGAATCACA,GAGCTCGTTATATT,2,60,231,63,-1.2992829841302609
9719,TAGGAATCACA,GAGCTCGTTATATT,3,0,131,5,-3.265759410767051
9720,TAGGAATCACA,GAGCTCGTTATATT,3,2,172,10,-2.8449093838194073
9721,TAGGAATCACA,GAGCTCGTTATATT,3,5,152,7,-3.077970371790963
9722,TAGGAATCACA,GAGCTCGTTATATT,3,10,140,15,-2.2335922215070942
9723,TAGGAATCACA,GAGCTCGTTATATT,3,15,196,25,-2.0592388343623163
9724,TAGGAATCACA,GAGCTCGTTATATT,3,20,253,46,-1.7047480922384253
9725,TAGGAATCACA,GAGCTCGTTATATT,3,30,127,15,-2.136136885356381
9726,TAGGAATCACA,GAGCTCGTTATATT,3,40,183,33,-1.7129785913749407
9727,TAGGAATCACA,GAGCTCGTTATATT,3,50,165,38,-1.4683593141741946
9728,TAGGAATCACA,GAGCTCGTTATATT,3,60,125,21,-1.783791299578878
9729,TAGGAATCACA,GAGCTCGTTATATT,4,0,158,13,-2.49764567556543
9730,TAGGAATCACA,GAGCTCGTTATATT,4,2,158,9,-2.8653704556907473
9731,TAGGAATCACA,GAGCTCGTTATATT,4,5,116,10,-2.451005098112319
9732,TAGGAATCACA,GAGCTCGTTATATT,4,10,182,9,-3.006782109740576
9733,TAGGAATCACA,GAGCTCGTTATATT,4,15,138,16,-2.1546649629174235
9734,TAGGAATCACA,GAGCTCGTTATATT,4,20,135,30,-1.5040773967762742
9735,TAGGAATCACA,GAGCTCGTTATATT,4,30,148,44,-1.2130226398458537
9736,TAGGAATCACA,GAGCTCGTTATATT,4,40,203,46,-1.4845645825526923
9737,TAGGAATCACA,GAGCTCGTTATATT,4,50,183,38,-1.571899993115035
9738,TAGGAATCACA,GAGCTCGTTATATT,4,60,157,37,-1.4453278927040836
9739,TAGGAGCGGGC,TATTAAATATCACG,2,15,1,13,2.5649493574615367
9740,TAGGAGCGGGC,TATTAAATATCACG,4,10,2,17,2.1400661634962708
9741,TAGGGATGCCC,TATGCCCAAGCGGG,2,0,46,5,-2.2192034840549946
9742,TAGGGATGCCC,TATGCCCAAGCGGG,2,2,42,2,-3.044522437723423
9743,TAGGGATGCCC,TATGCCCAAGCGGG,2,5,36,2,-2.8903717578961645
9744,TAGGGATGCCC,TATGCCCAAGCGGG,2,10,58,5,-2.451005098112319
9745,TAGGGATGCCC,TATGCCCAAGCGGG,2,15,75,2,-3.6243409329763647
9746,TAGGGATGCCC,TATGCCCAAGCGGG,2,20,80,9,-2.184802057337662
9747,TAGGGATGCCC,TATGCCCAAGCGGG,2,30,66,10,-1.8870696490323797
9748,TAGGGATGCCC,TATGCCCAAGCGGG,2,40,111,24,-1.5314763709643884
9749,TAGGGATGCCC,TATGCCCAAGCGGG,2,50,59,7,-2.1316272948504063
9750,TAGGGATGCCC,TATGCCCAAGCGGG,2,60,74,19,-1.3596261140377293
9751,TAGGGATGCCC,TATGCCCAAGCGGG,3,0,46,3,-2.730029107820985
9752,TAGGGATGCCC,TATGCCCAAGCGGG,3,2,40,4,-2.3025850929940455
9753,TAGGGATGCCC,TATGCCCAAGCGGG,3,5,51,6,-2.1400661634962708
9754,TAGGGATGCCC,TATGCCCAAGCGGG,3,10,49,13,-1.3268709406490897
9755,TAGGGATGCCC,TATGCCCAAGCGGG,3,15,62,11,-1.729239112246721
9756,TAGGGATGCCC,TATGCCCAAGCGGG,3,20,47,8,-1.7707060600302227
9757,TAGGGATGCCC,TATGCCCAAGCGGG,3,30,29,6,-1.575536360758419
9758,TAGGGATGCCC,TATGCCCAAGCGGG,3,40,64,8,-2.0794415416798357
9759,TAGGGATGCCC,TATGCCCAAGCGGG,3,50,43,3,-2.662587827025453
9760,TAGGGATGCCC,TATGCCCAAGCGGG,3,60,48,7,-1.9252908618525775
9761,TAGGGATGCCC,TATGCCCAAGCGGG,4,0,30,1,-3.4011973816621555
9762,TAGGGATGCCC,TATGCCCAAGCGGG,4,2,49,4,-2.505525936990736
9763,TAGGGATGCCC,TATGCCCAAGCGGG,4,5,50,3,-2.8134107167600364
9764,TAGGGATGCCC,TATGCCCAAGCGGG,4,10,76,10,-2.028148247292285
9765,TAGGGATGCCC,TATGCCCAAGCGGG,4,15,46,2,-3.1354942159291497
9766,TAGGGATGCCC,TATGCCCAAGCGGG,4,20,61,9,-1.9136492868370918
9767,TAGGGATGCCC,TATGCCCAAGCGGG,4,30,40,7,-1.742969305058623
9768,TAGGGATGCCC,TATGCCCAAGCGGG,4,40,86,10,-2.151762203259462
9769,TAGGGATGCCC,TATGCCCAAGCGGG,4,50,74,5,-2.6946271807700692
9770,TAGGGATGCCC,TATGCCCAAGCGGG,4,60,55,9,-1.8101086078962516
9771,TAGGGCCTAGA,CTATCTAAAAGTAT,2,2,1,1,0.0
9772,TAGGGCCTAGA,CTATCTAAAAGTAT,2,10,9,1,-2.1972245773362196
9773,TAGGGCCTAGA,CTATCTAAAAGTAT,2,30,4,1,-1.3862943611198906
9774,TAGGGCCTAGA,CTATCTAAAAGTAT,2,40,2,1,-0.6931471805599453
9775,TAGGGCCTAGA,CTATCTAAAAGTAT,3,10,11,2,-1.7047480922384253
9776,TAGGGCCTAGA,CTATCTAAAAGTAT,3,15,9,2,-1.5040773967762742
9777,TAGGGTCAGCA,TGGACCATTTTAAG,2,0,113,23,-1.5918936027831907
9778,TAGGGTCAGCA,TGGACCATTTTAAG,2,2,90,31,-1.0658224658451187
9779,TAGGGTCAGCA,TGGACCATTTTAAG,2,5,111,20,-1.713797927758343
9780,TAGGGTCAGCA,TGGACCATTTTAAG,2,10,120,19,-1.8430527636156055
9781,TAGGGTCAGCA,TGGACCATTTTAAG,2,15,177,33,-1.6796421711073488
9782,TAGGGTCAGCA,TGGACCATTTTAAG,2,20,175,35,-1.6094379124341003
9783,TAGGGTCAGCA,TGGACCATTTTAAG,2,30,152,39,-1.36031887471663
9784,TAGGGTCAGCA,TGGACCATTTTAAG,2,40,197,35,-1.7278556672485748
9785,TAGGGTCAGCA,TGGACCATTTTAAG,2,50,157,44,-1.272056171430047
9786,TAGGGTCAGCA,TGGACCATTTTAAG,2,60,154,45,-1.2302901126433095
9787,TAGGGTCAGCA,TGGACCATTTTAAG,3,0,136,26,-1.65455834771457
9788,TAGGGTCAGCA,TGGACCATTTTAAG,3,2,113,15,-2.0193376176101303
9789,TAGGGTCAGCA,TGGACCATTTTAAG,3,5,138,35,-1.371905623667791
9790,TAGGGTCAGCA,TGGACCATTTTAAG,3,10,141,28,-1.6165553802029642
9791,TAGGGTCAGCA,TGGACCATTTTAAG,3,15,147,35,-1.4350845252893227
9792,TAGGGTCAGCA,TGGACCATTTTAAG,3,20,151,37,-1.4063619241707
9793,TAGGGTCAGCA,TGGACCATTTTAAG,3,30,128,29,-1.4847344339331432
9794,TAGGGTCAGCA,TGGACCATTTTAAG,3,40,134,48,-1.0266387890430204
9795,TAGGGTCAGCA,TGGACCATTTTAAG,3,50,166,42,-1.374318170073175
9796,TAGGGTCAGCA,TGGACCATTTTAAG,3,60,128,42,-1.114360645636249
9797,TAGGGTCAGCA,TGGACCATTTTAAG,4,0,109,24,-1.513294051881198
9798,TAGGGTCAGCA,TGGACCATTTTAAG,4,2,121,23,-1.6602963296675912
9799,TAGGGTCAGCA,TGGACCATTTTAAG,4,5,112,17,-1.8852855272388784
9800,TAGGGTCAGCA,TGGACCATTTTAAG,4,10,168,28,-1.791759469228055
9801,TAGGGTCAGCA,TGGACCATTTTAAG,4,15,160,35,-1.519825753744413
9802,TAGGGTCAGCA,TGGACCATTTTAAG,4,20,123,27,-1.5163474893680884
9803,TAGGGTCAGCA,TGGACCATTTTAAG,4,30,149,36,-1.420427367489349
9804,TAGGGTCAGCA,TGGACCATTTTAAG,4,40,154,45,-1.2302901126433095
9805,TAGGGTCAGCA,TGGACCATTTTAAG,4,50,169,39,-1.466337068793427
9806,TAGGGTCAGCA,TGGACCATTTTAAG,4,60,141,32,-1.4830239875784417
9807,TAGGTTTTGAG,TCCCTTTTTTCTAT,2,0,246,13,-2.9403821784708257
9808,TAGGTTTTGAG,TCCCTTTTTTCTAT,2,2,205,19,-2.3785709999719677
9809,TAGGTTTTGAG,TCCCTTTTTTCTAT,2,5,161,17,-2.248191020928247
9810,TAGGTTTTGAG,TCCCTTTTTTCTAT,2,10,248,39,-1.8498671000353357
9811,TAGGTTTTGAG,TCCCTTTTTTCTAT,2,15,253,44,-1.749199854809259
9812,TAGGTTTTGAG,TCCCTTTTTTCTAT,2,20,235,76,-1.1288521738578279
9813,TAGGTTTTGAG,TCCCTTTTTTCTAT,2,30,226,75,-1.1030468857359754
9814,TAGGTTTTGAG,TCCCTTTTTTCTAT,2,40,155,69,-0.8093186123219871
9815,TAGGTTTTGAG,TCCCTTTTTTCTAT,2,50,194,78,-0.9111493323737363
9816,TAGGTTTTGAG,TCCCTTTTTTCTAT,2,60,172,69,-0.9133879722161937
9817,TAGGTTTTGAG,TCCCTTTTTTCTAT,3,0,162,11,-2.6897010624340134
9818,TAGGTTTTGAG,TCCCTTTTTTCTAT,3,2,146,8,-2.9041650800285006
9819,TAGGTTTTGAG,TCCCTTTTTTCTAT,3,5,227,25,-2.206074192613202
9820,TAGGTTTTGAG,TCCCTTTTTTCTAT,3,10,197,23,-2.147709512808839
9821,TAGGTTTTGAG,TCCCTTTTTTCTAT,3,15,207,41,-1.6191467265610613
9822,TAGGTTTTGAG,TCCCTTTTTTCTAT,3,20,274,57,-1.57007683855352
9823,TAGGTTTTGAG,TCCCTTTTTTCTAT,3,30,116,52,-0.8023464725249373
9824,TAGGTTTTGAG,TCCCTTTTTTCTAT,3,40,205,74,-1.0189448859342385
9825,TAGGTTTTGAG,TCCCTTTTTTCTAT,3,50,175,61,-1.0539121097502027
9826,TAGGTTTTGAG,TCCCTTTTTTCTAT,3,60,150,64,-0.8517522107365838
9827,TAGGTTTTGAG,TCCCTTTTTTCTAT,4,0,163,9,-2.8965256234705428
9828,TAGGTTTTGAG,TCCCTTTTTTCTAT,4,2,223,11,-3.009276498661748
9829,TAGGTTTTGAG,TCCCTTTTTTCTAT,4,5,152,15,-2.3158303197440664
9830,TAGGTTTTGAG,TCCCTTTTTTCTAT,4,10,222,26,-2.144580843850797
9831,TAGGTTTTGAG,TCCCTTTTTTCTAT,4,15,219,30,-1.9878743481543455
9832,TAGGTTTTGAG,TCCCTTTTTTCTAT,4,20,147,30,-1.5892352051165808
9833,TAGGTTTTGAG,TCCCTTTTTTCTAT,4,30,210,58,-1.2866645201710492
9834,TAGGTTTTGAG,TCCCTTTTTTCTAT,4,40,289,99,-1.0713068379778423
9835,TAGGTTTTGAG,TCCCTTTTTTCTAT,4,50,203,86,-0.8588586827882796
9836,TAGGTTTTGAG,TCCCTTTTTTCTAT,4,60,175,50,-1.252762968495368
9837,TAGTAAGAATA,ATCAGCCCCAGCCT,2,10,1,8,2.0794415416798357
9838,TAGTAAGAATA,ATCAGCCCCAGCCT,2,40,1,5,1.6094379124341003
9839,TAGTAAGAATA,ATCAGCCCCAGCCT,2,50,1,12,2.4849066497880004
9840,TAGTATACTCG,GTAAAACTTTCCTA,2,2,5,1,-1.6094379124341003
9841,TAGTATACTCG,GTAAAACTTTCCTA,2,5,4,2,-0.6931471805599453
9842,TAGTATACTCG,GTAAAACTTTCCTA,2,10,17,1,-2.833213344056216
9843,TAGTATACTCG,GTAAAACTTTCCTA,2,20,12,3,-1.3862943611198906
9844,TAGTATACTCG,GTAAAACTTTCCTA,2,30,9,2,-1.5040773967762742
9845,TAGTATACTCG,GTAAAACTTTCCTA,2,40,10,3,-1.203972804325936
9846,TAGTATACTCG,GTAAAACTTTCCTA,2,50,10,2,-1.6094379124341003
9847,TAGTATACTCG,GTAAAACTTTCCTA,3,0,23,1,-3.1354942159291497
9848,TAGTATACTCG,GTAAAACTTTCCTA,3,2,22,2,-2.3978952727983707
9849,TAGTATACTCG,GTAAAACTTTCCTA,3,5,37,2,-2.917770732084279
9850,TAGTATACTCG,GTAAAACTTTCCTA,3,10,19,2,-2.2512917986064953
9851,TAGTATACTCG,GTAAAACTTTCCTA,3,15,16,2,-2.0794415416798357
9852,TAGTATACTCG,GTAAAACTTTCCTA,3,20,5,1,-1.6094379124341003
9853,TAGTATACTCG,GTAAAACTTTCCTA,3,40,12,1,-2.4849066497880004
9854,TAGTATACTCG,GTAAAACTTTCCTA,3,50,21,3,-1.9459101490553132
9855,TAGTATACTCG,GTAAAACTTTCCTA,3,60,16,3,-1.6739764335716716
9856,TAGTATACTCG,GTAAAACTTTCCTA,4,0,14,1,-2.6390573296152584
9857,TAGTATACTCG,GTAAAACTTTCCTA,4,2,14,1,-2.6390573296152584
9858,TAGTATACTCG,GTAAAACTTTCCTA,4,10,23,1,-3.1354942159291497
9859,TAGTATACTCG,GTAAAACTTTCCTA,4,15,20,1,-2.995732273553991
9860,TAGTATACTCG,GTAAAACTTTCCTA,4,20,13,2,-1.8718021769015913
9861,TAGTATACTCG,GTAAAACTTTCCTA,4,50,7,1,-1.9459101490553132
9862,TAGTATACTCG,GTAAAACTTTCCTA,4,60,27,6,-1.5040773967762742
9863,TAGTGATCCCC,TGAACCATTGAGTA,2,0,6,2,-1.0986122886681098
9864,TAGTGATCCCC,TGAACCATTGAGTA,2,10,14,1,-2.6390573296152584
9865,TAGTGATCCCC,TGAACCATTGAGTA,2,20,3,6,0.6931471805599453
9866,TAGTGATCCCC,TGAACCATTGAGTA,2,30,8,6,-0.2876820724517809
9867,TAGTGATCCCC,TGAACCATTGAGTA,2,40,8,2,-1.3862943611198906
9868,TAGTGATCCCC,TGAACCATTGAGTA,2,50,7,5,-0.3364722366212129
9869,TAGTGATCCCC,TGAACCATTGAGTA,2,60,10,4,-0.916290731874155
9870,TAGTGATCCCC,TGAACCATTGAGTA,3,0,11,3,-1.2992829841302609
9871,TAGTGATCCCC,TGAACCATTGAGTA,3,10,14,3,-1.5404450409471488
9872,TAGTGATCCCC,TGAACCATTGAGTA,3,15,11,2,-1.7047480922384253
9873,TAGTGATCCCC,TGAACCATTGAGTA,3,20,12,7,-0.5389965007326869
9874,TAGTGATCCCC,TGAACCATTGAGTA,3,30,7,1,-1.9459101490553132
9875,TAGTGATCCCC,TGAACCATTGAGTA,3,40,7,5,-0.3364722366212129
9876,TAGTGATCCCC,TGAACCATTGAGTA,3,50,12,5,-0.8754687373538999
9877,TAGTGATCCCC,TGAACCATTGAGTA,3,60,3,1,-1.0986122886681098
9878,TAGTGATCCCC,TGAACCATTGAGTA,4,2,3,2,-0.40546510810816444
9879,TAGTGATCCCC,TGAACCATTGAGTA,4,5,7,1,-1.9459101490553132
9880,TAGTGATCCCC,TGAACCATTGAGTA,4,15,5,1,-1.6094379124341003
9881,TAGTGATCCCC,TGAACCATTGAGTA,4,20,10,7,-0.35667494393873245
9882,TAGTGATCCCC,TGAACCATTGAGTA,4,30,4,6,0.4054651081081644
9883,TAGTGATCCCC,TGAACCATTGAGTA,4,60,9,2,-1.5040773967762742
9884,TAGTGTACTAA,TCAAAGACTTTCTC,2,0,213,17,-2.528078821653209
9885,TAGTGTACTAA,TCAAAGACTTTCTC,2,2,222,33,-1.906169820405799
9886,TAGTGTACTAA,TCAAAGACTTTCTC,2,5,176,18,-2.280112237141987
9887,TAGTGTACTAA,TCAAAGACTTTCTC,2,10,245,34,-1.9748976859285656
9888,TAGTGTACTAA,TCAAAGACTTTCTC,2,15,244,38,-1.859582065566816
9889,TAGTGTACTAA,TCAAAGACTTTCTC,2,20,190,32,-1.7812881693607596
9890,TAGTGTACTAA,TCAAAGACTTTCTC,2,30,319,48,-1.8939900918769534
9891,TAGTGTACTAA,TCAAAGACTTTCTC,2,40,252,47,-1.6792814858013647
9892,TAGTGTACTAA,TCAAAGACTTTCTC,2,50,223,49,-1.5153514733494922
9893,TAGTGTACTAA,TCAAAGACTTTCTC,2,60,194,36,-1.684339220607218
9894,TAGTGTACTAA,TCAAAGACTTTCTC,3,0,203,21,-2.268683541318364
9895,TAGTGTACTAA,TCAAAGACTTTCTC,3,2,182,29,-1.8367108570903214
9896,TAGTGTACTAA,TCAAAGACTTTCTC,3,5,250,40,-1.83258146374831
9897,TAGTGTACTAA,TCAAAGACTTTCTC,3,10,259,37,-1.9459101490553132
9898,TAGTGTACTAA,TCAAAGACTTTCTC,3,15,247,36,-1.925869398171867
9899,TAGTGTACTAA,TCAAAGACTTTCTC,3,20,257,43,-1.7878759692016575
9900,TAGTGTACTAA,TCAAAGACTTTCTC,3,30,187,24,-2.0530547865066406
9901,TAGTGTACTAA,TCAAAGACTTTCTC,3,40,241,39,-1.8212352873610085
9902,TAGTGTACTAA,TCAAAGACTTTCTC,3,50,251,35,-1.9701048776423702
9903,TAGTGTACTAA,TCAAAGACTTTCTC,3,60,186,51,-1.2939210409888755
9904,TAGTGTACTAA,TCAAAGACTTTCTC,4,0,179,21,-2.142863368117332
9905,TAGTGTACTAA,TCAAAGACTTTCTC,4,2,224,28,-2.0794415416798357
9906,TAGTGTACTAA,TCAAAGACTTTCTC,4,5,185,7,-3.2744456760230114
9907,TAGTGTACTAA,TCAAAGACTTTCTC,4,10,308,50,-1.8180767775454283
9908,TAGTGTACTAA,TCAAAGACTTTCTC,4,15,165,26,-1.8478489358790986
9909,TAGTGTACTAA,TCAAAGACTTTCTC,4,20,202,25,-2.089391872533004
9910,TAGTGTACTAA,TCAAAGACTTTCTC,4,30,217,42,-1.6422277352570913
9911,TAGTGTACTAA,TCAAAGACTTTCTC,4,40,277,48,-1.7528164952794476
9912,TAGTGTACTAA,TCAAAGACTTTCTC,4,50,281,55,-1.6310214841012747
9913,TAGTGTACTAA,TCAAAGACTTTCTC,4,60,194,35,-1.7125100975739143
9914,TATACAGATTC,TAATGTCGCTGCGA,2,15,2,1,-0.6931471805599453
9915,TATACAGATTC,TAATGTCGCTGCGA,2,20,21,3,-1.9459101490553132
9916,TATACAGATTC,TAATGTCGCTGCGA,2,50,3,1,-1.0986122886681098
9917,TATACAGATTC,TAATGTCGCTGCGA,3,40,11,3,-1.2992829841302609
9918,TATACAGATTC,TAATGTCGCTGCGA,3,50,2,1,-0.6931471805599453
9919,TATACAGATTC,TAATGTCGCTGCGA,3,60,2,1,-0.6931471805599453
9920,TATACAGATTC,TAATGTCGCTGCGA,4,60,3,1,-1.0986122886681098
9921,TATACCATTAA,GAATGTATTAAAAA,2,2,6,1,-1.791759469228055
9922,TATACCATTAA,GAATGTATTAAAAA,2,5,8,1,-2.0794415416798357
9923,TATACCATTAA,GAATGTATTAAAAA,2,15,21,1,-3.044522437723423
9924,TATACCATTAA,GAATGTATTAAAAA,2,40,9,1,-2.1972245773362196
9925,TATACCATTAA,GAATGTATTAAAAA,2,60,1,1,0.0
9926,TATACCATTAA,GAATGTATTAAAAA,3,5,4,1,-1.3862943611198906
9927,TATACCATTAA,GAATGTATTAAAAA,3,10,6,3,-0.6931471805599453
9928,TATACCATTAA,GAATGTATTAAAAA,3,20,3,1,-1.0986122886681098
9929,TATACCATTAA,GAATGTATTAAAAA,3,60,3,1,-1.0986122886681098
9930,TATACCATTAA,GAATGTATTAAAAA,4,10,9,1,-2.1972245773362196
9931,TATACCATTAA,GAATGTATTAAAAA,4,40,4,4,0.0
9932,TATACCATTAA,GAATGTATTAAAAA,4,50,2,3,0.4054651081081644
9933,TATACTTTCTG,ATAGTGCTCGATCC,2,50,1,27,3.295836866004329
9934,TATACTTTCTG,ATAGTGCTCGATCC,4,10,1,14,2.6390573296152584
9935,TATAGTGTCTT,ACATCGTCATCCCT,3,60,4,1,-1.3862943611198906
9936,TATATAAATAG,TAACGTTCGGATAA,2,0,30,4,-2.0149030205422647
9937,TATATAAATAG,TAACGTTCGGATAA,2,2,51,7,-1.9859154836690123
9938,TATATAAATAG,TAACGTTCGGATAA,2,10,35,3,-2.456735772821304
9939,TATATAAATAG,TAACGTTCGGATAA,2,15,47,2,-3.157000421150113
9940,TATATAAATAG,TAACGTTCGGATAA,2,30,43,6,-1.9694406464655074
9941,TATATAAATAG,TAACGTTCGGATAA,2,40,84,18,-1.5404450409471488
9942,TATATAAATAG,TAACGTTCGGATAA,2,50,13,3,-1.466337068793427
9943,TATATAAATAG,TAACGTTCGGATAA,2,60,21,1,-3.044522437723423
9944,TATATAAATAG,TAACGTTCGGATAA,3,0,69,3,-3.1354942159291497
9945,TATATAAATAG,TAACGTTCGGATAA,3,2,45,3,-2.70805020110221
9946,TATATAAATAG,TAACGTTCGGATAA,3,5,44,5,-2.174751721484161
9947,TATATAAATAG,TAACGTTCGGATAA,3,10,34,7,-1.580450375560848
9948,TATATAAATAG,TAACGTTCGGATAA,3,15,27,4,-1.9095425048844383
9949,TATATAAATAG,TAACGTTCGGATAA,3,20,70,5,-2.6390573296152584
9950,TATATAAATAG,TAACGTTCGGATAA,3,30,48,8,-1.791759469228055
9951,TATATAAATAG,TAACGTTCGGATAA,3,40,27,8,-1.2163953243244932
9952,TATATAAATAG,TAACGTTCGGATAA,3,50,52,8,-1.8718021769015913
9953,TATATAAATAG,TAACGTTCGGATAA,3,60,25,1,-3.2188758248682006
9954,TATATAAATAG,TAACGTTCGGATAA,4,0,46,1,-3.828641396489095
9955,TATATAAATAG,TAACGTTCGGATAA,4,2,31,2,-2.740840023925201
9956,TATATAAATAG,TAACGTTCGGATAA,4,5,53,1,-3.9702919135521215
9957,TATATAAATAG,TAACGTTCGGATAA,4,10,52,3,-2.8526314299133175
9958,TATATAAATAG,TAACGTTCGGATAA,4,15,23,5,-1.5260563034950494
9959,TATATAAATAG,TAACGTTCGGATAA,4,20,44,4,-2.3978952727983707
9960,TATATAAATAG,TAACGTTCGGATAA,4,30,35,13,-0.9903987040278769
9961,TATATAAATAG,TAACGTTCGGATAA,4,40,34,8,-1.4469189829363254
9962,TATATAAATAG,TAACGTTCGGATAA,4,50,94,8,-2.463853240590168
9963,TATATAAATAG,TAACGTTCGGATAA,4,60,39,6,-1.8718021769015913
9964,TATATTATCTT,TCCACAACGTAATG,2,20,1,11,2.3978952727983707
9965,TATATTATCTT,TCCACAACGTAATG,3,30,1,2,0.6931471805599453
9966,TATCCACGAGG,TTGAGTTGCGCCCC,3,40,1,31,3.4339872044851463
9967,TATCCATAGAG,CCAACAAATATTAA,2,5,10,2,-1.6094379124341003
9968,TATCCATAGAG,CCAACAAATATTAA,2,15,29,1,-3.3672958299864737
9969,TATCCATAGAG,CCAACAAATATTAA,2,20,27,2,-2.6026896854443837
9970,TATCCATAGAG,CCAACAAATATTAA,2,40,60,1,-4.0943445622221
9971,TATCCATAGAG,CCAACAAATATTAA,2,50,44,1,-3.784189633918261
9972,TATCCATAGAG,CCAACAAATATTAA,2,60,10,1,-2.3025850929940455
9973,TATCCATAGAG,CCAACAAATATTAA,3,2,27,3,-2.1972245773362196
9974,TATCCATAGAG,CCAACAAATATTAA,3,5,21,1,-3.044522437723423
9975,TATCCATAGAG,CCAACAAATATTAA,3,15,28,4,-1.9459101490553132
9976,TATCCATAGAG,CCAACAAATATTAA,3,20,18,2,-2.1972245773362196
9977,TATCCATAGAG,CCAACAAATATTAA,3,50,24,1,-3.1780538303479458
9978,TATCCATAGAG,CCAACAAATATTAA,3,60,25,2,-2.525728644308255
9979,TATCCATAGAG,CCAACAAATATTAA,4,2,17,1,-2.833213344056216
9980,TATCCATAGAG,CCAACAAATATTAA,4,5,11,1,-2.3978952727983707
9981,TATCCATAGAG,CCAACAAATATTAA,4,10,46,1,-3.828641396489095
9982,TATCCATAGAG,CCAACAAATATTAA,4,15,32,1,-3.4657359027997265
9983,TATCCATAGAG,CCAACAAATATTAA,4,30,34,4,-2.1400661634962708
9984,TATCCATAGAG,CCAACAAATATTAA,4,40,38,1,-3.6375861597263857
9985,TATCCATAGAG,CCAACAAATATTAA,4,50,15,1,-2.70805020110221
9986,TATCCATAGAG,CCAACAAATATTAA,4,60,32,2,-2.772588722239781
9987,TATCCGATCCC,CCATTTCATTACCC,2,30,1,19,2.9444389791664403
9988,TATCCGATCCC,CCATTTCATTACCC,3,2,1,4,1.3862943611198906
9989,TATCCGATCCC,CCATTTCATTACCC,4,15,1,5,1.6094379124341003
9990,TATCTCAGTCC,TCCATTTGTTGGGG,2,0,130,3,-3.7689221617874726
9991,TATCTCAGTCC,TCCATTTGTTGGGG,2,2,106,9,-2.466214516775848
9992,TATCTCAGTCC,TCCATTTGTTGGGG,2,5,91,3,-3.41224721784874
9993,TATCTCAGTCC,TCCATTTGTTGGGG,2,10,133,3,-3.791736839553644
9994,TATCTCAGTCC,TCCATTTGTTGGGG,2,15,114,11,-2.338303175596125
9995,TATCTCAGTCC,TCCATTTGTTGGGG,2,20,113,4,-3.34109345759245
9996,TATCTCAGTCC,TCCATTTGTTGGGG,2,30,149,12,-2.519039656157459
9997,TATCTCAGTCC,TCCATTTGTTGGGG,2,40,132,10,-2.580216829592325
9998,TATCTCAGTCC,TCCATTTGTTGGGG,2,50,148,20,-2.001480000210124
9999,TATCTCAGTCC,TCCATTTGTTGGGG,2,60,155,12,-2.558518467131246
10000,TATCTCAGTCC,TCCATTTGTTGGGG,3,0,91,4,-3.1245651453969594
10001,TATCTCAGTCC,TCCATTTGTTGGGG,3,2,112,3,-3.6198865826269846
10002,TATCTCAGTCC,TCCATTTGTTGGGG,3,5,132,5,-3.2733640101522705
10003,TATCTCAGTCC,TCCATTTGTTGGGG,3,10,171,10,-2.839078463508614
10004,TATCTCAGTCC,TCCATTTGTTGGGG,3,15,111,7,-2.763620052257021
10005,TATCTCAGTCC,TCCATTTGTTGGGG,3,20,157,6,-3.264486336120253
10006,TATCTCAGTCC,TCCATTTGTTGGGG,3,30,136,14,-2.2735975561207935
10007,TATCTCAGTCC,TCCATTTGTTGGGG,3,40,200,8,-3.2188758248682006
10008,TATCTCAGTCC,TCCATTTGTTGGGG,3,50,172,20,-2.151762203259462
10009,TATCTCAGTCC,TCCATTTGTTGGGG,3,60,126,8,-2.7568403652716422
10010,TATCTCAGTCC,TCCATTTGTTGGGG,4,0,92,5,-2.91235066461494
10011,TATCTCAGTCC,TCCATTTGTTGGGG,4,2,151,4,-3.6309854756950335
10012,TATCTCAGTCC,TCCATTTGTTGGGG,4,5,148,6,-3.2054528045360597
10013,TATCTCAGTCC,TCCATTTGTTGGGG,4,10,143,14,-2.3237873006446486
10014,TATCTCAGTCC,TCCATTTGTTGGGG,4,15,112,7,-2.772588722239781
10015,TATCTCAGTCC,TCCATTTGTTGGGG,4,20,136,7,-2.9667447366807385
10016,TATCTCAGTCC,TCCATTTGTTGGGG,4,30,122,12,-2.3191143949452564
10017,TATCTCAGTCC,TCCATTTGTTGGGG,4,40,202,17,-2.4750543533449885
10018,TATCTCAGTCC,TCCATTTGTTGGGG,4,50,144,12,-2.4849066497880004
10019,TATCTCAGTCC,TCCATTTGTTGGGG,4,60,144,18,-2.0794415416798357
10020,TATGAATCAAG,GCACAAACCGAAAA,2,2,11,2,-1.7047480922384253
10021,TATGAATCAAG,GCACAAACCGAAAA,2,10,31,3,-2.3353749158170363
10022,TATGAATCAAG,GCACAAACCGAAAA,2,20,4,2,-0.6931471805599453
10023,TATGAATCAAG,GCACAAACCGAAAA,2,30,19,4,-1.55814461804655
10024,TATGAATCAAG,GCACAAACCGAAAA,2,60,18,3,-1.791759469228055
10025,TATGAATCAAG,GCACAAACCGAAAA,3,0,16,2,-2.0794415416798357
10026,TATGAATCAAG,GCACAAACCGAAAA,3,2,15,1,-2.70805020110221
10027,TATGAATCAAG,GCACAAACCGAAAA,3,5,6,2,-1.0986122886681098
10028,TATGAATCAAG,GCACAAACCGAAAA,3,10,12,3,-1.3862943611198906
10029,TATGAATCAAG,GCACAAACCGAAAA,3,15,11,4,-1.0116009116784799
10030,TATGAATCAAG,GCACAAACCGAAAA,3,20,12,3,-1.3862943611198906
10031,TATGAATCAAG,GCACAAACCGAAAA,3,40,12,5,-0.8754687373538999
10032,TATGAATCAAG,GCACAAACCGAAAA,3,50,13,2,-1.8718021769015913
10033,TATGAATCAAG,GCACAAACCGAAAA,4,2,6,1,-1.791759469228055
10034,TATGAATCAAG,GCACAAACCGAAAA,4,10,13,3,-1.466337068793427
10035,TATGAATCAAG,GCACAAACCGAAAA,4,15,18,2,-2.1972245773362196
10036,TATGAATCAAG,GCACAAACCGAAAA,4,20,7,1,-1.9459101490553132
10037,TATGAATCAAG,GCACAAACCGAAAA,4,40,12,2,-1.791759469228055
10038,TATGAATCAAG,GCACAAACCGAAAA,4,50,13,3,-1.466337068793427
10039,TATGAATCAAG,GCACAAACCGAAAA,4,60,11,3,-1.2992829841302609
10040,TATGACTCCAA,CTGGCACTTCGCGG,3,40,1,1,0.0
10041,TATGGCCACGA,TTTTCAGTAACGAG,2,20,9,2,-1.5040773967762742
10042,TATGGCCACGA,TTTTCAGTAACGAG,2,30,3,1,-1.0986122886681098
10043,TATGGCCACGA,TTTTCAGTAACGAG,2,40,4,1,-1.3862943611198906
10044,TATGGCCACGA,TTTTCAGTAACGAG,3,10,9,3,-1.0986122886681098
10045,TATGGCCACGA,TTTTCAGTAACGAG,3,15,10,2,-1.6094379124341003
10046,TATGGCCACGA,TTTTCAGTAACGAG,3,40,4,1,-1.3862943611198906
10047,TATGGCCACGA,TTTTCAGTAACGAG,3,60,2,1,-0.6931471805599453
10048,TATGGCCACGA,TTTTCAGTAACGAG,4,5,2,1,-0.6931471805599453
10049,TATGGCCACGA,TTTTCAGTAACGAG,4,30,7,1,-1.9459101490553132
10050,TATGGCCACGA,TTTTCAGTAACGAG,4,40,22,2,-2.3978952727983707
10051,TATGGCCACGA,TTTTCAGTAACGAG,4,50,12,4,-1.0986122886681098
10052,TATGTTGACTG,TGAAGGCTCATCAA,2,60,1,28,3.332204510175204
10053,TATGTTGACTG,TGAAGGCTCATCAA,4,20,1,11,2.3978952727983707
10054,TATTAATTAGA,ATGGGGTGATTTTT,2,2,13,2,-1.8718021769015913
10055,TATTAATTAGA,ATGGGGTGATTTTT,2,10,5,1,-1.6094379124341003
10056,TATTAATTAGA,ATGGGGTGATTTTT,2,15,13,2,-1.8718021769015913
10057,TATTAATTAGA,ATGGGGTGATTTTT,2,20,20,3,-1.8971199848858813
10058,TATTAATTAGA,ATGGGGTGATTTTT,2,30,4,9,0.8109302162163288
10059,TATTAATTAGA,ATGGGGTGATTTTT,2,40,23,5,-1.5260563034950494
10060,TATTAATTAGA,ATGGGGTGATTTTT,2,50,11,9,-0.2006706954621511
10061,TATTAATTAGA,ATGGGGTGATTTTT,2,60,6,7,0.15415067982725836
10062,TATTAATTAGA,ATGGGGTGATTTTT,3,0,6,1,-1.791759469228055
10063,TATTAATTAGA,ATGGGGTGATTTTT,3,2,19,1,-2.9444389791664403
10064,TATTAATTAGA,ATGGGGTGATTTTT,3,5,15,1,-2.70805020110221
10065,TATTAATTAGA,ATGGGGTGATTTTT,3,10,11,3,-1.2992829841302609
10066,TATTAATTAGA,ATGGGGTGATTTTT,3,15,20,5,-1.3862943611198906
10067,TATTAATTAGA,ATGGGGTGATTTTT,3,20,22,5,-1.4816045409242156
10068,TATTAATTAGA,ATGGGGTGATTTTT,3,30,22,6,-1.2992829841302609
10069,TATTAATTAGA,ATGGGGTGATTTTT,3,40,34,19,-0.5819215454497209
10070,TATTAATTAGA,ATGGGGTGATTTTT,3,50,16,21,0.27193371548364176
10071,TATTAATTAGA,ATGGGGTGATTTTT,3,60,19,5,-1.3350010667323402
10072,TATTAATTAGA,ATGGGGTGATTTTT,4,10,19,8,-0.8649974374866045
10073,TATTAATTAGA,ATGGGGTGATTTTT,4,15,11,1,-2.3978952727983707
10074,TATTAATTAGA,ATGGGGTGATTTTT,4,20,10,4,-0.916290731874155
10075,TATTAATTAGA,ATGGGGTGATTTTT,4,30,11,3,-1.2992829841302609
10076,TATTAATTAGA,ATGGGGTGATTTTT,4,40,17,12,-0.3483066942682157
10077,TATTAATTAGA,ATGGGGTGATTTTT,4,50,20,10,-0.6931471805599453
10078,TATTAATTAGA,ATGGGGTGATTTTT,4,60,12,22,0.6061358035703155
10079,TATTCCAATGA,TACCCTCCATCGCG,2,0,13,2,-1.8718021769015913
10080,TATTCCAATGA,TACCCTCCATCGCG,2,2,19,2,-2.2512917986064953
10081,TATTCCAATGA,TACCCTCCATCGCG,2,5,22,1,-3.0910424533583156
10082,TATTCCAATGA,TACCCTCCATCGCG,2,10,23,2,-2.4423470353692043
10083,TATTCCAATGA,TACCCTCCATCGCG,2,15,23,1,-3.1354942159291497
10084,TATTCCAATGA,TACCCTCCATCGCG,2,20,29,6,-1.575536360758419
10085,TATTCCAATGA,TACCCTCCATCGCG,2,30,18,1,-2.8903717578961645
10086,TATTCCAATGA,TACCCTCCATCGCG,2,40,18,3,-1.791759469228055
10087,TATTCCAATGA,TACCCTCCATCGCG,2,50,12,5,-0.8754687373538999
10088,TATTCCAATGA,TACCCTCCATCGCG,2,60,26,10,-0.9555114450274362
10089,TATTCCAATGA,TACCCTCCATCGCG,3,0,25,2,-2.525728644308255
10090,TATTCCAATGA,TACCCTCCATCGCG,3,2,26,3,-2.159484249353372
10091,TATTCCAATGA,TACCCTCCATCGCG,3,5,27,3,-2.1972245773362196
10092,TATTCCAATGA,TACCCTCCATCGCG,3,10,29,3,-2.268683541318364
10093,TATTCCAATGA,TACCCTCCATCGCG,3,15,32,5,-1.856297990365626
10094,TATTCCAATGA,TACCCTCCATCGCG,3,20,21,2,-2.3513752571634776
10095,TATTCCAATGA,TACCCTCCATCGCG,3,30,24,5,-1.5686159179138452
10096,TATTCCAATGA,TACCCTCCATCGCG,3,40,22,3,-1.992430164690206
10097,TATTCCAATGA,TACCCTCCATCGCG,3,50,30,2,-2.70805020110221
10098,TATTCCAATGA,TACCCTCCATCGCG,4,0,27,4,-1.9095425048844383
10099,TATTCCAATGA,TACCCTCCATCGCG,4,2,19,2,-2.2512917986064953
10100,TATTCCAATGA,TACCCTCCATCGCG,4,5,20,4,-1.6094379124341003
10101,TATTCCAATGA,TACCCTCCATCGCG,4,10,25,4,-1.83258146374831
10102,TATTCCAATGA,TACCCTCCATCGCG,4,15,24,5,-1.5686159179138452
10103,TATTCCAATGA,TACCCTCCATCGCG,4,20,20,2,-2.3025850929940455
10104,TATTCCAATGA,TACCCTCCATCGCG,4,30,15,6,-0.916290731874155
10105,TATTCCAATGA,TACCCTCCATCGCG,4,40,31,8,-1.3545456628053103
10106,TATTCCAATGA,TACCCTCCATCGCG,4,50,40,8,-1.6094379124341003
10107,TATTCCAATGA,TACCCTCCATCGCG,4,60,37,12,-1.126011262856224
10108,TATTCTTGGCT,CTCCTTGTGCCATA,2,5,4,1,-1.3862943611198906
10109,TATTCTTGGCT,CTCCTTGTGCCATA,2,10,9,3,-1.0986122886681098
10110,TATTCTTGGCT,CTCCTTGTGCCATA,2,15,11,5,-0.7884573603642702
10111,TATTCTTGGCT,CTCCTTGTGCCATA,3,60,11,6,-0.6061358035703156
10112,TATTCTTGGCT,CTCCTTGTGCCATA,4,40,11,3,-1.2992829841302609
10113,TATTCTTGGCT,CTCCTTGTGCCATA,4,50,13,2,-1.8718021769015913
10114,TATTGACTGAT,CGGATACGGGGCAC,4,60,1,55,4.007333185232471
10115,TATTTCCTTAG,ACAAATACTGAATT,2,0,45,3,-2.70805020110221
10116,TATTTCCTTAG,ACAAATACTGAATT,2,2,51,4,-2.545531271604435
10117,TATTTCCTTAG,ACAAATACTGAATT,2,5,21,2,-2.3513752571634776
10118,TATTTCCTTAG,ACAAATACTGAATT,2,10,45,7,-1.8607523407150064
10119,TATTTCCTTAG,ACAAATACTGAATT,2,15,48,9,-1.6739764335716716
10120,TATTTCCTTAG,ACAAATACTGAATT,2,20,26,5,-1.6486586255873816
10121,TATTTCCTTAG,ACAAATACTGAATT,2,30,51,8,-1.8523840910444898
10122,TATTTCCTTAG,ACAAATACTGAATT,2,40,37,34,-0.084557388028063
10123,TATTTCCTTAG,ACAAATACTGAATT,2,50,49,33,-0.3953127366441464
10124,TATTTCCTTAG,ACAAATACTGAATT,2,60,39,14,-1.024504316514388
10125,TATTTCCTTAG,ACAAATACTGAATT,3,0,34,2,-2.833213344056216
10126,TATTTCCTTAG,ACAAATACTGAATT,3,2,24,2,-2.4849066497880004
10127,TATTTCCTTAG,ACAAATACTGAATT,3,5,24,7,-1.2321436812926323
10128,TATTTCCTTAG,ACAAATACTGAATT,3,10,55,5,-2.3978952727983707
10129,TATTTCCTTAG,ACAAATACTGAATT,3,15,28,11,-0.9343092373768334
10130,TATTTCCTTAG,ACAAATACTGAATT,3,20,49,7,-1.9459101490553132
10131,TATTTCCTTAG,ACAAATACTGAATT,3,30,43,7,-1.815289966638249
10132,TATTTCCTTAG,ACAAATACTGAATT,3,40,42,8,-1.6582280766035324
10133,TATTTCCTTAG,ACAAATACTGAATT,3,50,50,18,-1.0216512475319814
10134,TATTTCCTTAG,ACAAATACTGAATT,3,60,38,13,-1.072636802264849
10135,TATTTCCTTAG,ACAAATACTGAATT,4,0,29,3,-2.268683541318364
10136,TATTTCCTTAG,ACAAATACTGAATT,4,2,50,6,-2.120263536200091
10137,TATTTCCTTAG,ACAAATACTGAATT,4,5,44,5,-2.174751721484161
10138,TATTTCCTTAG,ACAAATACTGAATT,4,10,89,12,-2.0037297199441393
10139,TATTTCCTTAG,ACAAATACTGAATT,4,15,40,2,-2.995732273553991
10140,TATTTCCTTAG,ACAAATACTGAATT,4,20,40,7,-1.742969305058623
10141,TATTTCCTTAG,ACAAATACTGAATT,4,30,24,5,-1.5686159179138452
10142,TATTTCCTTAG,ACAAATACTGAATT,4,40,43,17,-0.9279867716373464
10143,TATTTCCTTAG,ACAAATACTGAATT,4,50,35,7,-1.6094379124341003
10144,TATTTCCTTAG,ACAAATACTGAATT,4,60,39,3,-2.5649493574615367
10145,TATTTCCTTTA,AAGAGAACTTAAAA,2,0,213,18,-2.4709204078132605
10146,TATTTCCTTTA,AAGAGAACTTAAAA,2,2,232,19,-2.5022983924998696
10147,TATTTCCTTTA,AAGAGAACTTAAAA,2,5,184,9,-3.0177111802727663
10148,TATTTCCTTTA,AAGAGAACTTAAAA,2,10,219,32,-1.9233358270167742
10149,TATTTCCTTTA,AAGAGAACTTAAAA,2,15,181,28,-1.8662925210906218
10150,TATTTCCTTTA,AAGAGAACTTAAAA,2,20,229,31,-1.9997347990690932
10151,TATTTCCTTTA,AAGAGAACTTAAAA,2,30,275,60,-1.5224265354444706
10152,TATTTCCTTTA,AAGAGAACTTAAAA,2,40,172,57,-1.104443208978903
10153,TATTTCCTTTA,AAGAGAACTTAAAA,2,50,220,78,-1.0369187196627698
10154,TATTTCCTTTA,AAGAGAACTTAAAA,2,60,182,51,-1.2721810543524694
10155,TATTTCCTTTA,AAGAGAACTTAAAA,3,0,156,6,-3.2580965380214817
10156,TATTTCCTTTA,AAGAGAACTTAAAA,3,2,134,4,-3.5115454388310208
10157,TATTTCCTTTA,AAGAGAACTTAAAA,3,5,221,14,-2.759105371902494
10158,TATTTCCTTTA,AAGAGAACTTAAAA,3,10,169,29,-1.7626028849365996
10159,TATTTCCTTTA,AAGAGAACTTAAAA,3,15,221,56,-1.3728110107826035
10160,TATTTCCTTTA,AAGAGAACTTAAAA,3,20,298,43,-1.9358933708118418
10161,TATTTCCTTTA,AAGAGAACTTAAAA,3,30,180,60,-1.0986122886681098
10162,TATTTCCTTTA,AAGAGAACTTAAAA,3,40,265,68,-1.3602221208101155
10163,TATTTCCTTTA,AAGAGAACTTAAAA,3,50,220,50,-1.4816045409242156
10164,TATTTCCTTTA,AAGAGAACTTAAAA,3,60,179,32,-1.7216499030410284
10165,TATTTCCTTTA,AAGAGAACTTAAAA,4,0,202,10,-3.005682604407159
10166,TATTTCCTTTA,AAGAGAACTTAAAA,4,2,162,13,-2.5226469777708473
10167,TATTTCCTTTA,AAGAGAACTTAAAA,4,5,162,14,-2.4485390056171257
10168,TATTTCCTTTA,AAGAGAACTTAAAA,4,10,201,30,-1.9021075263969205
10169,TATTTCCTTTA,AAGAGAACTTAAAA,4,15,136,19,-1.9682159065696114
10170,TATTTCCTTTA,AAGAGAACTTAAAA,4,20,165,33,-1.6094379124341003
10171,TATTTCCTTTA,AAGAGAACTTAAAA,4,30,185,38,-1.582769665351939
10172,TATTTCCTTTA,AAGAGAACTTAAAA,4,40,250,112,-0.8029620465671519
10173,TATTTCCTTTA,AAGAGAACTTAAAA,4,50,259,103,-0.9220990734699019
10174,TATTTCCTTTA,AAGAGAACTTAAAA,4,60,205,46,-1.4943685826493132
10175,TCAAAACATAA,TAACATGATACGCC,2,2,58,1,-4.060443010546419
10176,TCAAAACATAA,TAACATGATACGCC,2,5,21,2,-2.3513752571634776
10177,TCAAAACATAA,TAACATGATACGCC,2,10,82,7,-2.46080909820894
10178,TCAAAACATAA,TAACATGATACGCC,2,15,67,9,-2.0074680420547466
10179,TCAAAACATAA,TAACATGATACGCC,2,20,84,12,-1.9459101490553132
10180,TCAAAACATAA,TAACATGATACGCC,2,30,56,9,-1.8281271133989296
10181,TCAAAACATAA,TAACATGATACGCC,2,40,70,6,-2.456735772821304
10182,TCAAAACATAA,TAACATGATACGCC,2,50,53,6,-2.1785324443240666
10183,TCAAAACATAA,TAACATGATACGCC,2,60,73,2,-3.5973122605884456
10184,TCAAAACATAA,TAACATGATACGCC,3,0,28,1,-3.332204510175204
10185,TCAAAACATAA,TAACATGATACGCC,3,2,35,3,-2.456735772821304
10186,TCAAAACATAA,TAACATGATACGCC,3,5,64,3,-3.060270794691562
10187,TCAAAACATAA,TAACATGATACGCC,3,10,45,3,-2.70805020110221
10188,TCAAAACATAA,TAACATGATACGCC,3,15,67,13,-1.6397432619294292
10189,TCAAAACATAA,TAACATGATACGCC,3,20,93,9,-2.3353749158170363
10190,TCAAAACATAA,TAACATGATACGCC,3,30,43,4,-2.3749057545736716
10191,TCAAAACATAA,TAACATGATACGCC,3,40,46,7,-1.8827312474337816
10192,TCAAAACATAA,TAACATGATACGCC,3,50,61,10,-1.8082887711792657
10193,TCAAAACATAA,TAACATGATACGCC,3,60,45,6,-2.0149030205422647
10194,TCAAAACATAA,TAACATGATACGCC,4,0,69,2,-3.540959324037314
10195,TCAAAACATAA,TAACATGATACGCC,4,2,67,2,-3.5115454388310208
10196,TCAAAACATAA,TAACATGATACGCC,4,10,64,3,-3.060270794691562
10197,TCAAAACATAA,TAACATGATACGCC,4,15,67,1,-4.204692619390966
10198,TCAAAACATAA,TAACATGATACGCC,4,20,40,2,-2.995732273553991
10199,TCAAAACATAA,TAACATGATACGCC,4,30,63,5,-2.533696813957432
10200,TCAAAACATAA,TAACATGATACGCC,4,40,69,4,-2.847812143477369
10201,TCAAAACATAA,TAACATGATACGCC,4,50,56,5,-2.4159137783010487
10202,TCAAAACATAA,TAACATGATACGCC,4,60,74,9,-2.10684051586795
10203,TCAACTTGGGA,TGAATGTACCAATA,2,0,32,5,-1.856297990365626
10204,TCAACTTGGGA,TGAATGTACCAATA,2,2,16,15,-0.06453852113757116
10205,TCAACTTGGGA,TGAATGTACCAATA,2,5,13,18,0.3254224004346279
10206,TCAACTTGGGA,TGAATGTACCAATA,2,10,55,15,-1.2992829841302609
10207,TCAACTTGGGA,TGAATGTACCAATA,2,15,57,21,-0.9985288301111271
10208,TCAACTTGGGA,TGAATGTACCAATA,2,20,46,15,-1.120591195386885
10209,TCAACTTGGGA,TGAATGTACCAATA,2,30,55,18,-1.1169614273363062
10210,TCAACTTGGGA,TGAATGTACCAATA,2,40,33,31,-0.06252035698133393
10211,TCAACTTGGGA,TGAATGTACCAATA,2,50,60,19,-1.1499055830556602
10212,TCAACTTGGGA,TGAATGTACCAATA,2,60,33,38,0.14107859825990562
10213,TCAACTTGGGA,TGAATGTACCAATA,3,0,28,9,-1.1349799328389845
10214,TCAACTTGGGA,TGAATGTACCAATA,3,2,11,18,0.4924764850977942
10215,TCAACTTGGGA,TGAATGTACCAATA,3,5,29,14,-0.7282385003712153
10216,TCAACTTGGGA,TGAATGTACCAATA,3,10,21,26,0.21357410029805907
10217,TCAACTTGGGA,TGAATGTACCAATA,3,15,33,20,-0.5007752879124892
10218,TCAACTTGGGA,TGAATGTACCAATA,3,20,31,31,0.0
10219,TCAACTTGGGA,TGAATGTACCAATA,3,30,25,17,-0.3856624808119846
10220,TCAACTTGGGA,TGAATGTACCAATA,3,40,27,33,0.20067069546215122
10221,TCAACTTGGGA,TGAATGTACCAATA,3,50,30,35,0.15415067982725836
10222,TCAACTTGGGA,TGAATGTACCAATA,3,60,26,16,-0.48550781578170077
10223,TCAACTTGGGA,TGAATGTACCAATA,4,0,32,11,-1.0678406300013559
10224,TCAACTTGGGA,TGAATGTACCAATA,4,2,29,14,-0.7282385003712153
10225,TCAACTTGGGA,TGAATGTACCAATA,4,5,42,10,-1.4350845252893227
10226,TCAACTTGGGA,TGAATGTACCAATA,4,10,33,13,-0.9315582040049435
10227,TCAACTTGGGA,TGAATGTACCAATA,4,15,41,15,-1.0055218656020977
10228,TCAACTTGGGA,TGAATGTACCAATA,4,20,19,17,-0.11122563511022437
10229,TCAACTTGGGA,TGAATGTACCAATA,4,30,48,29,-0.503905180921417
10230,TCAACTTGGGA,TGAATGTACCAATA,4,40,30,22,-0.31015492830383956
10231,TCAACTTGGGA,TGAATGTACCAATA,4,50,24,35,0.37729423114146804
10232,TCAACTTGGGA,TGAATGTACCAATA,4,60,42,19,-0.7932306391169278
10233,TCAAGTCTCAA,ATTGGGTAACCAGT,2,0,6,1,-1.791759469228055
10234,TCAAGTCTCAA,ATTGGGTAACCAGT,2,5,3,1,-1.0986122886681098
10235,TCAAGTCTCAA,ATTGGGTAACCAGT,2,10,4,5,0.22314355131420974
10236,TCAAGTCTCAA,ATTGGGTAACCAGT,2,20,24,7,-1.2321436812926323
10237,TCAAGTCTCAA,ATTGGGTAACCAGT,2,30,13,2,-1.8718021769015913
10238,TCAAGTCTCAA,ATTGGGTAACCAGT,3,5,24,1,-3.1780538303479458
10239,TCAAGTCTCAA,ATTGGGTAACCAGT,3,10,22,1,-3.0910424533583156
10240,TCAAGTCTCAA,ATTGGGTAACCAGT,3,15,14,1,-2.6390573296152584
10241,TCAAGTCTCAA,ATTGGGTAACCAGT,3,20,9,2,-1.5040773967762742
10242,TCAAGTCTCAA,ATTGGGTAACCAGT,3,30,6,1,-1.791759469228055
10243,TCAAGTCTCAA,ATTGGGTAACCAGT,3,40,7,1,-1.9459101490553132
10244,TCAAGTCTCAA,ATTGGGTAACCAGT,3,50,19,1,-2.9444389791664403
10245,TCAAGTCTCAA,ATTGGGTAACCAGT,4,2,16,4,-1.3862943611198906
10246,TCAAGTCTCAA,ATTGGGTAACCAGT,4,10,14,2,-1.9459101490553132
10247,TCAAGTCTCAA,ATTGGGTAACCAGT,4,30,7,2,-1.252762968495368
10248,TCAAGTCTCAA,ATTGGGTAACCAGT,4,40,20,3,-1.8971199848858813
10249,TCAAGTCTCAA,ATTGGGTAACCAGT,4,50,20,1,-2.995732273553991
10250,TCAAGTCTCAA,ATTGGGTAACCAGT,4,60,4,1,-1.3862943611198906
10251,TCAATTAACGT,TCATAGAACCCTAT,3,10,1,4,1.3862943611198906
10252,TCAATTAACGT,TCATAGAACCCTAT,4,20,1,8,2.0794415416798357
10253,TCAATTAACGT,TCATAGAACCCTAT,4,50,1,4,1.3862943611198906
10254,TCACAACCGTC,TTTGCCTGGCATTA,2,0,1,21,3.044522437723423
10255,TCACAACCGTC,TTTGCCTGGCATTA,2,30,1,48,3.8712010109078907
10256,TCACAACCGTC,TTTGCCTGGCATTA,2,60,1,57,4.04305126783455
10257,TCACAACCGTC,TTTGCCTGGCATTA,3,5,1,41,3.7135720667043075
10258,TCACAACCGTC,TTTGCCTGGCATTA,3,30,3,31,2.3353749158170367
10259,TCACAACCGTC,TTTGCCTGGCATTA,3,40,2,60,3.4011973816621555
10260,TCACAACCGTC,TTTGCCTGGCATTA,4,5,1,10,2.3025850929940455
10261,TCACGAACAAA,TGCGTACAAGGCTC,2,2,1,2,0.6931471805599453
10262,TCACGAACAAA,TGCGTACAAGGCTC,2,30,1,7,1.9459101490553132
10263,TCACGAACAAA,TGCGTACAAGGCTC,2,60,1,5,1.6094379124341003
10264,TCACGAACAAA,TGCGTACAAGGCTC,4,40,1,5,1.6094379124341003
10265,TCACGTTTCTT,TACTACTTGCTGAC,3,10,1,1,0.0
10266,TCACTGTCTAC,CTGTTTATGCAATT,2,0,48,5,-2.2617630984737906
10267,TCACTGTCTAC,CTGTTTATGCAATT,2,2,28,3,-2.2335922215070942
10268,TCACTGTCTAC,CTGTTTATGCAATT,2,5,38,6,-1.8458266904983307
10269,TCACTGTCTAC,CTGTTTATGCAATT,2,10,71,36,-0.6791609385852054
10270,TCACTGTCTAC,CTGTTTATGCAATT,2,15,110,125,0.127833371509885
10271,TCACTGTCTAC,CTGTTTATGCAATT,2,20,47,113,0.8772402170022819
10272,TCACTGTCTAC,CTGTTTATGCAATT,2,30,53,144,0.9995213860238787
10273,TCACTGTCTAC,CTGTTTATGCAATT,2,40,63,200,1.155182640156504
10274,TCACTGTCTAC,CTGTTTATGCAATT,2,50,115,374,1.1793236690512818
10275,TCACTGTCTAC,CTGTTTATGCAATT,2,60,68,222,1.1831696766961728
10276,TCACTGTCTAC,CTGTTTATGCAATT,3,0,55,6,-2.2155737160044158
10277,TCACTGTCTAC,CTGTTTATGCAATT,3,2,44,2,-3.0910424533583156
10278,TCACTGTCTAC,CTGTTTATGCAATT,3,5,82,12,-1.9218125974762528
10279,TCACTGTCTAC,CTGTTTATGCAATT,3,10,40,31,-0.25489224962879004
10280,TCACTGTCTAC,CTGTTTATGCAATT,3,15,70,71,0.014184634991956381
10281,TCACTGTCTAC,CTGTTTATGCAATT,3,20,103,103,0.0
10282,TCACTGTCTAC,CTGTTTATGCAATT,3,30,58,121,0.7353475350503218
10283,TCACTGTCTAC,CTGTTTATGCAATT,3,40,64,148,0.8383291904044432
10284,TCACTGTCTAC,CTGTTTATGCAATT,3,50,64,161,0.9225212816247911
10285,TCACTGTCTAC,CTGTTTATGCAATT,3,60,30,107,1.2716314527997508
10286,TCACTGTCTAC,CTGTTTATGCAATT,4,0,50,4,-2.525728644308255
10287,TCACTGTCTAC,CTGTTTATGCAATT,4,2,52,2,-3.2580965380214817
10288,TCACTGTCTAC,CTGTTTATGCAATT,4,5,51,5,-2.322387720290225
10289,TCACTGTCTAC,CTGTTTATGCAATT,4,10,75,29,-0.9501922835498364
10290,TCACTGTCTAC,CTGTTTATGCAATT,4,15,59,39,-0.413975797776073
10291,TCACTGTCTAC,CTGTTTATGCAATT,4,20,21,40,0.6443570163905132
10292,TCACTGTCTAC,CTGTTTATGCAATT,4,30,57,126,0.7932306391169279
10293,TCACTGTCTAC,CTGTTTATGCAATT,4,40,63,158,0.9194603066354341
10294,TCACTGTCTAC,CTGTTTATGCAATT,4,50,62,212,1.2294518896269209
10295,TCACTGTCTAC,CTGTTTATGCAATT,4,60,48,106,0.7922380832041762
10296,TCAGCCATCCA,CACTGTAGGTCAGG,3,40,1,2,0.6931471805599453
10297,TCATCGACACA,AAGAAGTCAACAAT,2,0,48,5,-2.2617630984737906
10298,TCATCGACACA,AAGAAGTCAACAAT,2,2,38,8,-1.55814461804655
10299,TCATCGACACA,AAGAAGTCAACAAT,2,5,54,4,-2.6026896854443837
10300,TCATCGACACA,AAGAAGTCAACAAT,2,10,54,14,-1.3499267169490157
10301,TCATCGACACA,AAGAAGTCAACAAT,2,15,74,10,-2.001480000210124
10302,TCATCGACACA,AAGAAGTCAACAAT,2,20,83,25,-1.199964782928397
10303,TCATCGACACA,AAGAAGTCAACAAT,2,30,74,19,-1.3596261140377293
10304,TCATCGACACA,AAGAAGTCAACAAT,2,40,80,20,-1.3862943611198906
10305,TCATCGACACA,AAGAAGTCAACAAT,2,50,73,22,-1.1994169877900753
10306,TCATCGACACA,AAGAAGTCAACAAT,2,60,75,29,-0.9501922835498364
10307,TCATCGACACA,AAGAAGTCAACAAT,3,0,53,6,-2.1785324443240666
10308,TCATCGACACA,AAGAAGTCAACAAT,3,2,39,4,-2.277267285009756
10309,TCATCGACACA,AAGAAGTCAACAAT,3,5,35,9,-1.3581234841531944
10310,TCATCGACACA,AAGAAGTCAACAAT,3,10,70,16,-1.4759065198095778
10311,TCATCGACACA,AAGAAGTCAACAAT,3,15,71,14,-1.6236225474260568
10312,TCATCGACACA,AAGAAGTCAACAAT,3,20,80,10,-2.0794415416798357
10313,TCATCGACACA,AAGAAGTCAACAAT,3,30,45,17,-0.9734491457141037
10314,TCATCGACACA,AAGAAGTCAACAAT,3,40,48,11,-1.4733057381095205
10315,TCATCGACACA,AAGAAGTCAACAAT,3,50,65,20,-1.178654996341646
10316,TCATCGACACA,AAGAAGTCAACAAT,3,60,75,20,-1.3217558399823195
10317,TCATCGACACA,AAGAAGTCAACAAT,4,0,58,4,-2.6741486494265287
10318,TCATCGACACA,AAGAAGTCAACAAT,4,2,85,8,-2.3632097148104805
10319,TCATCGACACA,AAGAAGTCAACAAT,4,5,55,1,-4.007333185232471
10320,TCATCGACACA,AAGAAGTCAACAAT,4,10,92,10,-2.2192034840549946
10321,TCATCGACACA,AAGAAGTCAACAAT,4,15,66,22,-1.0986122886681098
10322,TCATCGACACA,AAGAAGTCAACAAT,4,20,45,13,-1.241713132308783
10323,TCATCGACACA,AAGAAGTCAACAAT,4,30,51,21,-0.8873031950009028
10324,TCATCGACACA,AAGAAGTCAACAAT,4,40,75,36,-0.7339691750802004
10325,TCATCGACACA,AAGAAGTCAACAAT,4,50,67,35,-0.6493445579015524
10326,TCATCGACACA,AAGAAGTCAACAAT,4,60,47,14,-1.2110902720948
10327,TCATTCCGCCT,CACACCCCCAGCTC,4,20,1,21,3.044522437723423
10328,TCCAAGGACAT,TCAGAGTCAGCCCC,2,30,1,2,0.6931471805599453
10329,TCCAATCGCAC,ATATTGCTAGAGCT,2,2,41,4,-2.327277705584417
10330,TCCAATCGCAC,ATATTGCTAGAGCT,2,5,28,1,-3.332204510175204
10331,TCCAATCGCAC,ATATTGCTAGAGCT,2,10,42,9,-1.5404450409471488
10332,TCCAATCGCAC,ATATTGCTAGAGCT,2,15,44,5,-2.174751721484161
10333,TCCAATCGCAC,ATATTGCTAGAGCT,2,20,53,15,-1.2622417124499117
10334,TCCAATCGCAC,ATATTGCTAGAGCT,2,30,80,30,-0.9808292530117262
10335,TCCAATCGCAC,ATATTGCTAGAGCT,2,40,50,11,-1.5141277326297755
10336,TCCAATCGCAC,ATATTGCTAGAGCT,2,50,41,11,-1.315676793905937
10337,TCCAATCGCAC,ATATTGCTAGAGCT,2,60,33,10,-1.1939224684724346
10338,TCCAATCGCAC,ATATTGCTAGAGCT,3,0,42,4,-2.3513752571634776
10339,TCCAATCGCAC,ATATTGCTAGAGCT,3,2,22,2,-2.3978952727983707
10340,TCCAATCGCAC,ATATTGCTAGAGCT,3,5,30,3,-2.3025850929940455
10341,TCCAATCGCAC,ATATTGCTAGAGCT,3,10,31,4,-2.0476928433652555
10342,TCCAATCGCAC,ATATTGCTAGAGCT,3,15,42,10,-1.4350845252893227
10343,TCCAATCGCAC,ATATTGCTAGAGCT,3,20,16,5,-1.1631508098056809
10344,TCCAATCGCAC,ATATTGCTAGAGCT,3,30,34,7,-1.580450375560848
10345,TCCAATCGCAC,ATATTGCTAGAGCT,3,40,19,2,-2.2512917986064953
10346,TCCAATCGCAC,ATATTGCTAGAGCT,3,50,50,29,-0.544727175441672
10347,TCCAATCGCAC,ATATTGCTAGAGCT,3,60,29,11,-0.9694005571881035
10348,TCCAATCGCAC,ATATTGCTAGAGCT,4,0,39,3,-2.5649493574615367
10349,TCCAATCGCAC,ATATTGCTAGAGCT,4,2,26,1,-3.2580965380214817
10350,TCCAATCGCAC,ATATTGCTAGAGCT,4,5,33,1,-3.4965075614664802
10351,TCCAATCGCAC,ATATTGCTAGAGCT,4,10,37,8,-1.5314763709643884
10352,TCCAATCGCAC,ATATTGCTAGAGCT,4,15,36,3,-2.4849066497880004
10353,TCCAATCGCAC,ATATTGCTAGAGCT,4,20,23,6,-1.3437347467010947
10354,TCCAATCGCAC,ATATTGCTAGAGCT,4,30,24,21,-0.13353139262452263
10355,TCCAATCGCAC,ATATTGCTAGAGCT,4,40,51,19,-0.9873866535578852
10356,TCCAATCGCAC,ATATTGCTAGAGCT,4,50,41,6,-1.9218125974762528
10357,TCCAATCGCAC,ATATTGCTAGAGCT,4,60,34,12,-1.041453874828161
10358,TCCACATATGA,GAACCCCGCGTGAG,3,5,1,9,2.197224577336219
10359,TCCAGCATGTT,CGGCTGACCCTTAG,4,50,1,22,3.0910424533583156
10360,TCCATAGTAAA,TGCCCGTAGAAGAC,2,40,1,1,0.0
10361,TCCATAGTAAA,TGCCCGTAGAAGAC,3,2,2,1,-0.6931471805599453
10362,TCCATAGTAAA,TGCCCGTAGAAGAC,4,10,6,3,-0.6931471805599453
10363,TCCATAGTAAA,TGCCCGTAGAAGAC,4,30,8,2,-1.3862943611198906
10364,TCCATAGTAAA,TGCCCGTAGAAGAC,4,40,16,3,-1.6739764335716716
10365,TCCATAGTAAA,TGCCCGTAGAAGAC,4,50,22,5,-1.4816045409242156
10366,TCCATCACCCT,TACACATATCAAGA,2,0,16,3,-1.6739764335716716
10367,TCCATCACCCT,TACACATATCAAGA,2,2,16,4,-1.3862943611198906
10368,TCCATCACCCT,TACACATATCAAGA,2,5,8,1,-2.0794415416798357
10369,TCCATCACCCT,TACACATATCAAGA,2,10,29,6,-1.575536360758419
10370,TCCATCACCCT,TACACATATCAAGA,2,15,33,17,-0.6632942174102642
10371,TCCATCACCCT,TACACATATCAAGA,2,20,3,2,-0.40546510810816444
10372,TCCATCACCCT,TACACATATCAAGA,2,30,18,6,-1.0986122886681098
10373,TCCATCACCCT,TACACATATCAAGA,2,40,39,17,-0.8303483020734304
10374,TCCATCACCCT,TACACATATCAAGA,2,50,39,25,-0.4446858212614456
10375,TCCATCACCCT,TACACATATCAAGA,2,60,18,5,-1.2809338454620642
10376,TCCATCACCCT,TACACATATCAAGA,3,0,21,4,-1.6582280766035324
10377,TCCATCACCCT,TACACATATCAAGA,3,2,14,2,-1.9459101490553132
10378,TCCATCACCCT,TACACATATCAAGA,3,5,14,1,-2.6390573296152584
10379,TCCATCACCCT,TACACATATCAAGA,3,15,21,4,-1.6582280766035324
10380,TCCATCACCCT,TACACATATCAAGA,3,20,38,12,-1.1526795099383855
10381,TCCATCACCCT,TACACATATCAAGA,3,30,11,2,-1.7047480922384253
10382,TCCATCACCCT,TACACATATCAAGA,3,40,16,5,-1.1631508098056809
10383,TCCATCACCCT,TACACATATCAAGA,3,50,9,12,0.28768207245178085
10384,TCCATCACCCT,TACACATATCAAGA,3,60,14,1,-2.6390573296152584
10385,TCCATCACCCT,TACACATATCAAGA,4,0,30,3,-2.3025850929940455
10386,TCCATCACCCT,TACACATATCAAGA,4,2,17,3,-1.7346010553881062
10387,TCCATCACCCT,TACACATATCAAGA,4,5,13,2,-1.8718021769015913
10388,TCCATCACCCT,TACACATATCAAGA,4,10,28,9,-1.1349799328389845
10389,TCCATCACCCT,TACACATATCAAGA,4,15,20,4,-1.6094379124341003
10390,TCCATCACCCT,TACACATATCAAGA,4,20,14,4,-1.252762968495368
10391,TCCATCACCCT,TACACATATCAAGA,4,30,15,5,-1.0986122886681098
10392,TCCATCACCCT,TACACATATCAAGA,4,40,32,8,-1.3862943611198906
10393,TCCATCACCCT,TACACATATCAAGA,4,50,32,6,-1.6739764335716716
10394,TCCATCACCCT,TACACATATCAAGA,4,60,18,11,-0.49247648509779407
10395,TCCATTTATGC,CATGACGTATGATG,2,0,6,2,-1.0986122886681098
10396,TCCATTTATGC,CATGACGTATGATG,2,2,1,1,0.0
10397,TCCATTTATGC,CATGACGTATGATG,2,15,8,1,-2.0794415416798357
10398,TCCATTTATGC,CATGACGTATGATG,2,50,1,2,0.6931471805599453
10399,TCCATTTATGC,CATGACGTATGATG,3,60,4,1,-1.3862943611198906
10400,TCCATTTATGC,CATGACGTATGATG,4,0,7,1,-1.9459101490553132
10401,TCCATTTATGC,CATGACGTATGATG,4,50,18,1,-2.8903717578961645
10402,TCCCAACCGGT,GCTAGACTCTTCAC,2,0,13,1,-2.5649493574615367
10403,TCCCAACCGGT,GCTAGACTCTTCAC,2,5,8,2,-1.3862943611198906
10404,TCCCAACCGGT,GCTAGACTCTTCAC,2,10,16,1,-2.772588722239781
10405,TCCCAACCGGT,GCTAGACTCTTCAC,2,15,19,3,-1.8458266904983307
10406,TCCCAACCGGT,GCTAGACTCTTCAC,2,20,35,8,-1.4759065198095778
10407,TCCCAACCGGT,GCTAGACTCTTCAC,2,30,14,6,-0.8472978603872037
10408,TCCCAACCGGT,GCTAGACTCTTCAC,2,40,13,3,-1.466337068793427
10409,TCCCAACCGGT,GCTAGACTCTTCAC,2,50,16,2,-2.0794415416798357
10410,TCCCAACCGGT,GCTAGACTCTTCAC,2,60,32,13,-0.9007865453381898
10411,TCCCAACCGGT,GCTAGACTCTTCAC,3,0,6,2,-1.0986122886681098
10412,TCCCAACCGGT,GCTAGACTCTTCAC,3,2,14,2,-1.9459101490553132
10413,TCCCAACCGGT,GCTAGACTCTTCAC,3,5,11,7,-0.4519851237430572
10414,TCCCAACCGGT,GCTAGACTCTTCAC,3,10,6,2,-1.0986122886681098
10415,TCCCAACCGGT,GCTAGACTCTTCAC,3,15,24,10,-0.8754687373538999
10416,TCCCAACCGGT,GCTAGACTCTTCAC,3,20,17,5,-1.2237754316221157
10417,TCCCAACCGGT,GCTAGACTCTTCAC,3,30,19,4,-1.55814461804655
10418,TCCCAACCGGT,GCTAGACTCTTCAC,3,40,29,11,-0.9694005571881035
10419,TCCCAACCGGT,GCTAGACTCTTCAC,3,50,23,8,-1.056052674249314
10420,TCCCAACCGGT,GCTAGACTCTTCAC,3,60,6,2,-1.0986122886681098
10421,TCCCAACCGGT,GCTAGACTCTTCAC,4,0,10,1,-2.3025850929940455
10422,TCCCAACCGGT,GCTAGACTCTTCAC,4,2,24,3,-2.0794415416798357
10423,TCCCAACCGGT,GCTAGACTCTTCAC,4,10,19,2,-2.2512917986064953
10424,TCCCAACCGGT,GCTAGACTCTTCAC,4,15,19,1,-2.9444389791664403
10425,TCCCAACCGGT,GCTAGACTCTTCAC,4,20,25,4,-1.83258146374831
10426,TCCCAACCGGT,GCTAGACTCTTCAC,4,30,19,6,-1.1526795099383855
10427,TCCCAACCGGT,GCTAGACTCTTCAC,4,40,12,1,-2.4849066497880004
10428,TCCCAACCGGT,GCTAGACTCTTCAC,4,50,17,4,-1.4469189829363254
10429,TCCCAACCGGT,GCTAGACTCTTCAC,4,60,20,8,-0.916290731874155
10430,TCCCCCGACAC,ATCCGCCTCCGGCC,2,10,1,9,2.197224577336219
10431,TCCCCCGACAC,ATCCGCCTCCGGCC,3,5,1,20,2.995732273553991
10432,TCCCCCGACAC,ATCCGCCTCCGGCC,4,2,1,8,2.0794415416798357
10433,TCCCCCTCTTC,CCACTCCGTTCGAC,2,0,28,4,-1.9459101490553132
10434,TCCCCCTCTTC,CCACTCCGTTCGAC,2,2,34,3,-2.4277482359480516
10435,TCCCCCTCTTC,CCACTCCGTTCGAC,2,10,40,11,-1.2909841813155656
10436,TCCCCCTCTTC,CCACTCCGTTCGAC,2,15,30,6,-1.6094379124341003
10437,TCCCCCTCTTC,CCACTCCGTTCGAC,2,20,50,14,-1.2729656758128873
10438,TCCCCCTCTTC,CCACTCCGTTCGAC,2,30,9,8,-0.11778303565638351
10439,TCCCCCTCTTC,CCACTCCGTTCGAC,2,40,37,10,-1.3083328196501787
10440,TCCCCCTCTTC,CCACTCCGTTCGAC,2,50,22,4,-1.7047480922384253
10441,TCCCCCTCTTC,CCACTCCGTTCGAC,2,60,25,7,-1.2729656758128873
10442,TCCCCCTCTTC,CCACTCCGTTCGAC,3,0,14,3,-1.5404450409471488
10443,TCCCCCTCTTC,CCACTCCGTTCGAC,3,2,17,1,-2.833213344056216
10444,TCCCCCTCTTC,CCACTCCGTTCGAC,3,5,33,5,-1.8870696490323797
10445,TCCCCCTCTTC,CCACTCCGTTCGAC,3,10,32,6,-1.6739764335716716
10446,TCCCCCTCTTC,CCACTCCGTTCGAC,3,15,31,5,-1.8245492920510458
10447,TCCCCCTCTTC,CCACTCCGTTCGAC,3,20,24,3,-2.0794415416798357
10448,TCCCCCTCTTC,CCACTCCGTTCGAC,3,30,34,5,-1.9169226121820608
10449,TCCCCCTCTTC,CCACTCCGTTCGAC,3,40,54,8,-1.9095425048844383
10450,TCCCCCTCTTC,CCACTCCGTTCGAC,3,50,32,10,-1.1631508098056809
10451,TCCCCCTCTTC,CCACTCCGTTCGAC,3,60,21,2,-2.3513752571634776
10452,TCCCCCTCTTC,CCACTCCGTTCGAC,4,0,29,3,-2.268683541318364
10453,TCCCCCTCTTC,CCACTCCGTTCGAC,4,2,40,1,-3.6888794541139363
10454,TCCCCCTCTTC,CCACTCCGTTCGAC,4,5,28,1,-3.332204510175204
10455,TCCCCCTCTTC,CCACTCCGTTCGAC,4,10,25,2,-2.525728644308255
10456,TCCCCCTCTTC,CCACTCCGTTCGAC,4,15,29,7,-1.4213856809311607
10457,TCCCCCTCTTC,CCACTCCGTTCGAC,4,20,29,3,-2.268683541318364
10458,TCCCCCTCTTC,CCACTCCGTTCGAC,4,30,21,6,-1.252762968495368
10459,TCCCCCTCTTC,CCACTCCGTTCGAC,4,40,28,5,-1.7227665977411035
10460,TCCCCCTCTTC,CCACTCCGTTCGAC,4,50,28,11,-0.9343092373768334
10461,TCCCCCTCTTC,CCACTCCGTTCGAC,4,60,43,9,-1.563975538357343
10462,TCCCCGCCAGT,GTGAGTCCAAGTGA,2,0,55,7,-2.0614230361771577
10463,TCCCCGCCAGT,GTGAGTCCAAGTGA,2,2,66,7,-2.243744592971112
10464,TCCCCGCCAGT,GTGAGTCCAAGTGA,2,5,56,8,-1.9459101490553132
10465,TCCCCGCCAGT,GTGAGTCCAAGTGA,2,10,37,5,-2.001480000210124
10466,TCCCCGCCAGT,GTGAGTCCAAGTGA,2,15,58,6,-2.268683541318364
10467,TCCCCGCCAGT,GTGAGTCCAAGTGA,2,20,53,4,-2.583997552432231
10468,TCCCCGCCAGT,GTGAGTCCAAGTGA,2,30,75,10,-2.0149030205422647
10469,TCCCCGCCAGT,GTGAGTCCAAGTGA,2,40,60,8,-2.0149030205422647
10470,TCCCCGCCAGT,GTGAGTCCAAGTGA,2,50,39,7,-1.717651497074333
10471,TCCCCGCCAGT,GTGAGTCCAAGTGA,2,60,56,6,-2.2335922215070942
10472,TCCCCGCCAGT,GTGAGTCCAAGTGA,3,0,42,2,-3.044522437723423
10473,TCCCCGCCAGT,GTGAGTCCAAGTGA,3,2,25,4,-1.83258146374831
10474,TCCCCGCCAGT,GTGAGTCCAAGTGA,3,5,19,1,-2.9444389791664403
10475,TCCCCGCCAGT,GTGAGTCCAAGTGA,3,10,64,10,-1.856297990365626
10476,TCCCCGCCAGT,GTGAGTCCAAGTGA,3,15,64,13,-1.5939337258981352
10477,TCCCCGCCAGT,GTGAGTCCAAGTGA,3,20,55,6,-2.2155737160044158
10478,TCCCCGCCAGT,GTGAGTCCAAGTGA,3,30,32,4,-2.0794415416798357
10479,TCCCCGCCAGT,GTGAGTCCAAGTGA,3,40,28,4,-1.9459101490553132
10480,TCCCCGCCAGT,GTGAGTCCAAGTGA,3,50,57,6,-2.2512917986064953
10481,TCCCCGCCAGT,GTGAGTCCAAGTGA,3,60,52,6,-2.159484249353372
10482,TCCCCGCCAGT,GTGAGTCCAAGTGA,4,0,45,5,-2.1972245773362196
10483,TCCCCGCCAGT,GTGAGTCCAAGTGA,4,2,67,3,-3.106080330722856
10484,TCCCCGCCAGT,GTGAGTCCAAGTGA,4,5,26,5,-1.6486586255873816
10485,TCCCCGCCAGT,GTGAGTCCAAGTGA,4,10,84,11,-2.032921526044943
10486,TCCCCGCCAGT,GTGAGTCCAAGTGA,4,15,53,3,-2.871679624884012
10487,TCCCCGCCAGT,GTGAGTCCAAGTGA,4,20,55,8,-1.927891643552635
10488,TCCCCGCCAGT,GTGAGTCCAAGTGA,4,30,27,2,-2.6026896854443837
10489,TCCCCGCCAGT,GTGAGTCCAAGTGA,4,40,46,3,-2.730029107820985
10490,TCCCCGCCAGT,GTGAGTCCAAGTGA,4,50,84,15,-1.7227665977411035
10491,TCCCCTATGAC,TCTGCCCTGCACCG,4,10,1,3,1.0986122886681096
10492,TCCCCTGTAAG,TAAGGAACACCACC,2,0,19,1,-2.9444389791664403
10493,TCCCCTGTAAG,TAAGGAACACCACC,2,2,23,3,-2.03688192726104
10494,TCCCCTGTAAG,TAAGGAACACCACC,2,5,26,2,-2.5649493574615367
10495,TCCCCTGTAAG,TAAGGAACACCACC,2,10,26,3,-2.159484249353372
10496,TCCCCTGTAAG,TAAGGAACACCACC,2,15,31,3,-2.3353749158170363
10497,TCCCCTGTAAG,TAAGGAACACCACC,2,20,33,8,-1.4170660197866443
10498,TCCCCTGTAAG,TAAGGAACACCACC,2,30,41,14,-1.074514737089049
10499,TCCCCTGTAAG,TAAGGAACACCACC,2,40,27,3,-2.1972245773362196
10500,TCCCCTGTAAG,TAAGGAACACCACC,2,50,25,6,-1.4271163556401458
10501,TCCCCTGTAAG,TAAGGAACACCACC,2,60,45,7,-1.8607523407150064
10502,TCCCCTGTAAG,TAAGGAACACCACC,3,0,25,1,-3.2188758248682006
10503,TCCCCTGTAAG,TAAGGAACACCACC,3,2,14,5,-1.0296194171811581
10504,TCCCCTGTAAG,TAAGGAACACCACC,3,5,64,2,-3.4657359027997265
10505,TCCCCTGTAAG,TAAGGAACACCACC,3,10,41,2,-3.0204248861443626
10506,TCCCCTGTAAG,TAAGGAACACCACC,3,15,50,5,-2.3025850929940455
10507,TCCCCTGTAAG,TAAGGAACACCACC,3,20,33,5,-1.8870696490323797
10508,TCCCCTGTAAG,TAAGGAACACCACC,3,30,23,3,-2.03688192726104
10509,TCCCCTGTAAG,TAAGGAACACCACC,3,40,14,1,-2.6390573296152584
10510,TCCCCTGTAAG,TAAGGAACACCACC,3,50,17,5,-1.2237754316221157
10511,TCCCCTGTAAG,TAAGGAACACCACC,3,60,57,6,-2.2512917986064953
10512,TCCCCTGTAAG,TAAGGAACACCACC,4,0,86,3,-3.3557350075853978
10513,TCCCCTGTAAG,TAAGGAACACCACC,4,2,58,1,-4.060443010546419
10514,TCCCCTGTAAG,TAAGGAACACCACC,4,5,22,2,-2.3978952727983707
10515,TCCCCTGTAAG,TAAGGAACACCACC,4,15,23,1,-3.1354942159291497
10516,TCCCCTGTAAG,TAAGGAACACCACC,4,20,34,6,-1.7346010553881062
10517,TCCCCTGTAAG,TAAGGAACACCACC,4,30,39,7,-1.717651497074333
10518,TCCCCTGTAAG,TAAGGAACACCACC,4,40,13,2,-1.8718021769015913
10519,TCCCCTGTAAG,TAAGGAACACCACC,4,50,38,5,-2.028148247292285
10520,TCCCCTGTAAG,TAAGGAACACCACC,4,60,40,13,-1.1239300966523995
10521,TCCCTTCCTGT,TCTGCTTCTACCTA,2,15,1,8,2.0794415416798357
10522,TCCCTTCCTGT,TCTGCTTCTACCTA,2,60,1,16,2.772588722239781
10523,TCCCTTCCTGT,TCTGCTTCTACCTA,3,2,1,3,1.0986122886681096
10524,TCCGTATAACA,TACCTTACATTGAT,2,0,29,4,-1.9810014688665833
10525,TCCGTATAACA,TACCTTACATTGAT,2,2,8,1,-2.0794415416798357
10526,TCCGTATAACA,TACCTTACATTGAT,2,5,6,3,-0.6931471805599453
10527,TCCGTATAACA,TACCTTACATTGAT,2,10,16,3,-1.6739764335716716
10528,TCCGTATAACA,TACCTTACATTGAT,2,15,21,4,-1.6582280766035324
10529,TCCGTATAACA,TACCTTACATTGAT,2,20,16,1,-2.772588722239781
10530,TCCGTATAACA,TACCTTACATTGAT,2,30,31,3,-2.3353749158170363
10531,TCCGTATAACA,TACCTTACATTGAT,2,40,40,6,-1.8971199848858813
10532,TCCGTATAACA,TACCTTACATTGAT,2,50,14,4,-1.252762968495368
10533,TCCGTATAACA,TACCTTACATTGAT,2,60,11,2,-1.7047480922384253
10534,TCCGTATAACA,TACCTTACATTGAT,3,2,23,2,-2.4423470353692043
10535,TCCGTATAACA,TACCTTACATTGAT,3,5,21,3,-1.9459101490553132
10536,TCCGTATAACA,TACCTTACATTGAT,3,10,36,2,-2.8903717578961645
10537,TCCGTATAACA,TACCTTACATTGAT,3,15,13,6,-0.7731898882334817
10538,TCCGTATAACA,TACCTTACATTGAT,3,20,14,2,-1.9459101490553132
10539,TCCGTATAACA,TACCTTACATTGAT,3,30,13,1,-2.5649493574615367
10540,TCCGTATAACA,TACCTTACATTGAT,3,40,15,5,-1.0986122886681098
10541,TCCGTATAACA,TACCTTACATTGAT,3,50,8,3,-0.9808292530117262
10542,TCCGTATAACA,TACCTTACATTGAT,3,60,22,8,-1.0116009116784799
10543,TCCGTATAACA,TACCTTACATTGAT,4,2,18,1,-2.8903717578961645
10544,TCCGTATAACA,TACCTTACATTGAT,4,10,18,3,-1.791759469228055
10545,TCCGTATAACA,TACCTTACATTGAT,4,30,9,2,-1.5040773967762742
10546,TCCGTATAACA,TACCTTACATTGAT,4,50,14,4,-1.252762968495368
10547,TCCGTATAACA,TACCTTACATTGAT,4,60,25,6,-1.4271163556401458
10548,TCCTCATTTGT,TGTTTCTGCGCCGG,2,0,4,1,-1.3862943611198906
10549,TCCTCATTTGT,TGTTTCTGCGCCGG,2,10,5,4,-0.2231435513142097
10550,TCCTCATTTGT,TGTTTCTGCGCCGG,2,15,37,11,-1.2130226398458537
10551,TCCTCATTTGT,TGTTTCTGCGCCGG,2,30,27,5,-1.6863989535702286
10552,TCCTCATTTGT,TGTTTCTGCGCCGG,2,40,15,4,-1.3217558399823195
10553,TCCTCATTTGT,TGTTTCTGCGCCGG,2,50,17,5,-1.2237754316221157
10554,TCCTCATTTGT,TGTTTCTGCGCCGG,2,60,5,3,-0.5108256237659907
10555,TCCTCATTTGT,TGTTTCTGCGCCGG,3,2,18,2,-2.1972245773362196
10556,TCCTCATTTGT,TGTTTCTGCGCCGG,3,10,18,2,-2.1972245773362196
10557,TCCTCATTTGT,TGTTTCTGCGCCGG,3,15,9,4,-0.8109302162163288
10558,TCCTCATTTGT,TGTTTCTGCGCCGG,3,30,9,2,-1.5040773967762742
10559,TCCTCATTTGT,TGTTTCTGCGCCGG,3,40,33,4,-2.1102132003465894
10560,TCCTCATTTGT,TGTTTCTGCGCCGG,3,50,13,1,-2.5649493574615367
10561,TCCTCATTTGT,TGTTTCTGCGCCGG,3,60,8,1,-2.0794415416798357
10562,TCCTCATTTGT,TGTTTCTGCGCCGG,4,0,12,1,-2.4849066497880004
10563,TCCTCATTTGT,TGTTTCTGCGCCGG,4,2,15,2,-2.0149030205422647
10564,TCCTCATTTGT,TGTTTCTGCGCCGG,4,10,24,5,-1.5686159179138452
10565,TCCTCATTTGT,TGTTTCTGCGCCGG,4,15,2,1,-0.6931471805599453
10566,TCCTCATTTGT,TGTTTCTGCGCCGG,4,20,9,3,-1.0986122886681098
10567,TCCTCATTTGT,TGTTTCTGCGCCGG,4,30,5,2,-0.916290731874155
10568,TCCTCATTTGT,TGTTTCTGCGCCGG,4,40,8,7,-0.13353139262452263
10569,TCCTCATTTGT,TGTTTCTGCGCCGG,4,50,19,2,-2.2512917986064953
10570,TCCTCATTTGT,TGTTTCTGCGCCGG,4,60,8,3,-0.9808292530117262
10571,TCCTCGAACAG,CCTGGAGAATATGT,2,2,7,1,-1.9459101490553132
10572,TCCTCGAACAG,CCTGGAGAATATGT,2,60,6,1,-1.791759469228055
10573,TCCTCGAACAG,CCTGGAGAATATGT,3,0,6,2,-1.0986122886681098
10574,TCCTCGAACAG,CCTGGAGAATATGT,3,2,7,1,-1.9459101490553132
10575,TCCTCGAACAG,CCTGGAGAATATGT,3,5,3,1,-1.0986122886681098
10576,TCCTCGAACAG,CCTGGAGAATATGT,3,10,9,3,-1.0986122886681098
10577,TCCTCGAACAG,CCTGGAGAATATGT,3,15,14,5,-1.0296194171811581
10578,TCCTCGAACAG,CCTGGAGAATATGT,3,20,8,1,-2.0794415416798357
10579,TCCTCGAACAG,CCTGGAGAATATGT,3,30,7,1,-1.9459101490553132
10580,TCCTCGAACAG,CCTGGAGAATATGT,3,50,7,9,0.2513144282809061
10581,TCCTCGAACAG,CCTGGAGAATATGT,4,2,11,1,-2.3978952727983707
10582,TCCTCGAACAG,CCTGGAGAATATGT,4,10,13,1,-2.5649493574615367
10583,TCCTCGAACAG,CCTGGAGAATATGT,4,15,3,1,-1.0986122886681098
10584,TCCTCGAACAG,CCTGGAGAATATGT,4,20,9,3,-1.0986122886681098
10585,TCCTCGAACAG,CCTGGAGAATATGT,4,30,5,2,-0.916290731874155
10586,TCCTCGAACAG,CCTGGAGAATATGT,4,50,5,1,-1.6094379124341003
10587,TCCTCGAACAG,CCTGGAGAATATGT,4,60,16,11,-0.3746934494414107
10588,TCCTGTCGCCT,ACAAAGTATAAGCC,4,50,1,8,2.0794415416798357
10589,TCCTTAATTTC,TCATGAGCTATCAA,2,0,25,1,-3.2188758248682006
10590,TCCTTAATTTC,TCATGAGCTATCAA,2,2,9,1,-2.1972245773362196
10591,TCCTTAATTTC,TCATGAGCTATCAA,2,5,29,1,-3.3672958299864737
10592,TCCTTAATTTC,TCATGAGCTATCAA,2,10,29,3,-2.268683541318364
10593,TCCTTAATTTC,TCATGAGCTATCAA,2,15,35,4,-2.169053700369523
10594,TCCTTAATTTC,TCATGAGCTATCAA,2,40,13,5,-0.9555114450274362
10595,TCCTTAATTTC,TCATGAGCTATCAA,2,50,29,1,-3.3672958299864737
10596,TCCTTAATTTC,TCATGAGCTATCAA,2,60,34,1,-3.526360524616161
10597,TCCTTAATTTC,TCATGAGCTATCAA,3,0,23,1,-3.1354942159291497
10598,TCCTTAATTTC,TCATGAGCTATCAA,3,10,29,3,-2.268683541318364
10599,TCCTTAATTTC,TCATGAGCTATCAA,3,15,14,1,-2.6390573296152584
10600,TCCTTAATTTC,TCATGAGCTATCAA,3,20,12,14,0.15415067982725836
10601,TCCTTAATTTC,TCATGAGCTATCAA,3,30,31,4,-2.0476928433652555
10602,TCCTTAATTTC,TCATGAGCTATCAA,3,50,18,9,-0.6931471805599453
10603,TCCTTAATTTC,TCATGAGCTATCAA,3,60,26,1,-3.2580965380214817
10604,TCCTTAATTTC,TCATGAGCTATCAA,4,0,9,1,-2.1972245773362196
10605,TCCTTAATTTC,TCATGAGCTATCAA,4,5,36,1,-3.58351893845611
10606,TCCTTAATTTC,TCATGAGCTATCAA,4,20,23,3,-2.03688192726104
10607,TCCTTAATTTC,TCATGAGCTATCAA,4,40,30,1,-3.4011973816621555
10608,TCCTTAATTTC,TCATGAGCTATCAA,4,50,2,1,-0.6931471805599453
10609,TCCTTAATTTC,TCATGAGCTATCAA,4,60,38,1,-3.6375861597263857
10610,TCCTTCGCCCC,CCTTCTCCCTGCAA,3,10,1,9,2.197224577336219
10611,TCCTTCGCCCC,CCTTCTCCCTGCAA,3,30,1,9,2.197224577336219
10612,TCGATCTACTC,TACACAACCGTAGA,2,0,1,11,2.3978952727983707
10613,TCGATCTACTC,TACACAACCGTAGA,2,10,2,12,1.791759469228055
10614,TCGATCTACTC,TACACAACCGTAGA,3,5,2,10,1.6094379124341003
10615,TCGATCTACTC,TACACAACCGTAGA,3,30,1,8,2.0794415416798357
10616,TCGATCTACTC,TACACAACCGTAGA,3,60,1,5,1.6094379124341003
10617,TCGATCTACTC,TACACAACCGTAGA,4,10,1,12,2.4849066497880004
10618,TCGATCTACTC,TACACAACCGTAGA,4,40,1,22,3.0910424533583156
10619,TCGCCAAATGT,TACTTGGGTATTAA,2,10,1,10,2.3025850929940455
10620,TCGCCAAATGT,TACTTGGGTATTAA,3,2,1,4,1.3862943611198906
10621,TCGCCAAATGT,TACTTGGGTATTAA,3,15,1,17,2.833213344056216
10622,TCGCGCGCCCC,TTCAACCACGTCTG,2,0,72,4,-2.8903717578961645
10623,TCGCGCGCCCC,TTCAACCACGTCTG,2,2,64,4,-2.772588722239781
10624,TCGCGCGCCCC,TTCAACCACGTCTG,2,5,52,4,-2.5649493574615367
10625,TCGCGCGCCCC,TTCAACCACGTCTG,2,10,137,8,-2.840539384148289
10626,TCGCGCGCCCC,TTCAACCACGTCTG,2,15,116,11,-2.3556949183079943
10627,TCGCGCGCCCC,TTCAACCACGTCTG,2,20,109,22,-1.6003054288708278
10628,TCGCGCGCCCC,TTCAACCACGTCTG,2,30,73,9,-2.093234863812172
10629,TCGCGCGCCCC,TTCAACCACGTCTG,2,40,92,16,-1.749199854809259
10630,TCGCGCGCCCC,TTCAACCACGTCTG,2,50,103,19,-1.6902900090631952
10631,TCGCGCGCCCC,TTCAACCACGTCTG,2,60,80,19,-1.4375876555074412
10632,TCGCGCGCCCC,TTCAACCACGTCTG,3,0,88,11,-2.0794415416798357
10633,TCGCGCGCCCC,TTCAACCACGTCTG,3,2,79,9,-2.172223275130802
10634,TCGCGCGCCCC,TTCAACCACGTCTG,3,5,71,8,-2.1832383353614793
10635,TCGCGCGCCCC,TTCAACCACGTCTG,3,10,99,4,-3.208825489014699
10636,TCGCGCGCCCC,TTCAACCACGTCTG,3,15,90,11,-2.1019143975318944
10637,TCGCGCGCCCC,TTCAACCACGTCTG,3,20,87,9,-2.268683541318364
10638,TCGCGCGCCCC,TTCAACCACGTCTG,3,30,87,7,-2.5199979695992702
10639,TCGCGCGCCCC,TTCAACCACGTCTG,3,40,64,10,-1.856297990365626
10640,TCGCGCGCCCC,TTCAACCACGTCTG,3,50,75,6,-2.525728644308255
10641,TCGCGCGCCCC,TTCAACCACGTCTG,3,60,80,13,-1.817077277212345
10642,TCGCGCGCCCC,TTCAACCACGTCTG,4,0,75,1,-4.31748811353631
10643,TCGCGCGCCCC,TTCAACCACGTCTG,4,2,81,7,-2.4485390056171257
10644,TCGCGCGCCCC,TTCAACCACGTCTG,4,5,66,5,-2.580216829592325
10645,TCGCGCGCCCC,TTCAACCACGTCTG,4,10,90,17,-1.6665963262740489
10646,TCGCGCGCCCC,TTCAACCACGTCTG,4,15,82,10,-2.1041341542702074
10647,TCGCGCGCCCC,TTCAACCACGTCTG,4,20,66,7,-2.243744592971112
10648,TCGCGCGCCCC,TTCAACCACGTCTG,4,30,81,12,-1.9095425048844383
10649,TCGCGCGCCCC,TTCAACCACGTCTG,4,40,83,13,-1.853891250335061
10650,TCGCGCGCCCC,TTCAACCACGTCTG,4,50,148,24,-1.8191584434161694
10651,TCGCGCGCCCC,TTCAACCACGTCTG,4,60,83,7,-2.472930458741285
10652,TCGCGCTGTCC,ACGCCGGAGCCTCG,4,30,1,4,1.3862943611198906
10653,TCGGACCTGTT,TAAGTACCACCAGC,2,2,19,3,-1.8458266904983307
10654,TCGGACCTGTT,TAAGTACCACCAGC,2,5,25,2,-2.525728644308255
10655,TCGGACCTGTT,TAAGTACCACCAGC,2,10,47,9,-1.652923024373839
10656,TCGGACCTGTT,TAAGTACCACCAGC,2,15,31,15,-0.7259370033829361
10657,TCGGACCTGTT,TAAGTACCACCAGC,2,20,51,8,-1.8523840910444898
10658,TCGGACCTGTT,TAAGTACCACCAGC,2,30,40,10,-1.3862943611198906
10659,TCGGACCTGTT,TAAGTACCACCAGC,2,40,65,18,-1.2840155119994723
10660,TCGGACCTGTT,TAAGTACCACCAGC,2,50,63,15,-1.4350845252893227
10661,TCGGACCTGTT,TAAGTACCACCAGC,2,60,38,11,-1.2396908869280152
10662,TCGGACCTGTT,TAAGTACCACCAGC,3,0,34,1,-3.526360524616161
10663,TCGGACCTGTT,TAAGTACCACCAGC,3,2,30,2,-2.70805020110221
10664,TCGGACCTGTT,TAAGTACCACCAGC,3,5,31,3,-2.3353749158170363
10665,TCGGACCTGTT,TAAGTACCACCAGC,3,10,39,6,-1.8718021769015913
10666,TCGGACCTGTT,TAAGTACCACCAGC,3,15,61,8,-2.031432322493475
10667,TCGGACCTGTT,TAAGTACCACCAGC,3,20,52,23,-0.8157495026522776
10668,TCGGACCTGTT,TAAGTACCACCAGC,3,30,41,26,-0.4554755286828257
10669,TCGGACCTGTT,TAAGTACCACCAGC,3,40,15,11,-0.31015492830383956
10670,TCGGACCTGTT,TAAGTACCACCAGC,3,50,31,5,-1.8245492920510458
10671,TCGGACCTGTT,TAAGTACCACCAGC,3,60,47,27,-0.5543107357057294
10672,TCGGACCTGTT,TAAGTACCACCAGC,4,0,29,1,-3.3672958299864737
10673,TCGGACCTGTT,TAAGTACCACCAGC,4,2,28,1,-3.332204510175204
10674,TCGGACCTGTT,TAAGTACCACCAGC,4,10,36,8,-1.5040773967762742
10675,TCGGACCTGTT,TAAGTACCACCAGC,4,15,30,4,-2.0149030205422647
10676,TCGGACCTGTT,TAAGTACCACCAGC,4,20,32,8,-1.3862943611198906
10677,TCGGACCTGTT,TAAGTACCACCAGC,4,30,27,5,-1.6863989535702286
10678,TCGGACCTGTT,TAAGTACCACCAGC,4,40,41,15,-1.0055218656020977
10679,TCGGACCTGTT,TAAGTACCACCAGC,4,50,24,9,-0.9808292530117262
10680,TCGGACCTGTT,TAAGTACCACCAGC,4,60,23,4,-1.749199854809259
10681,TCGGCGACCAG,GATATAAATGATAT,3,50,5,1,-1.6094379124341003
10682,TCGGCGACCAG,GATATAAATGATAT,4,20,1,1,0.0
10683,TCGGTCTTTGA,GGGCATAGCCTGTT,2,20,1,8,2.0794415416798357
10684,TCGTATTGGAA,TCGCAAATTTAATT,2,2,10,3,-1.203972804325936
10685,TCGTATTGGAA,TCGCAAATTTAATT,2,5,9,1,-2.1972245773362196
10686,TCGTATTGGAA,TCGCAAATTTAATT,2,10,11,2,-1.7047480922384253
10687,TCGTATTGGAA,TCGCAAATTTAATT,2,15,24,5,-1.5686159179138452
10688,TCGTATTGGAA,TCGCAAATTTAATT,2,30,7,4,-0.5596157879354227
10689,TCGTATTGGAA,TCGCAAATTTAATT,2,40,45,6,-2.0149030205422647
10690,TCGTATTGGAA,TCGCAAATTTAATT,2,50,11,1,-2.3978952727983707
10691,TCGTATTGGAA,TCGCAAATTTAATT,2,60,7,1,-1.9459101490553132
10692,TCGTATTGGAA,TCGCAAATTTAATT,3,2,5,1,-1.6094379124341003
10693,TCGTATTGGAA,TCGCAAATTTAATT,3,5,6,2,-1.0986122886681098
10694,TCGTATTGGAA,TCGCAAATTTAATT,3,10,7,1,-1.9459101490553132
10695,TCGTATTGGAA,TCGCAAATTTAATT,3,15,12,3,-1.3862943611198906
10696,TCGTATTGGAA,TCGCAAATTTAATT,3,20,10,2,-1.6094379124341003
10697,TCGTATTGGAA,TCGCAAATTTAATT,3,30,34,2,-2.833213344056216
10698,TCGTATTGGAA,TCGCAAATTTAATT,3,40,26,9,-1.0608719606852626
10699,TCGTATTGGAA,TCGCAAATTTAATT,3,60,8,4,-0.6931471805599453
10700,TCGTATTGGAA,TCGCAAATTTAATT,4,2,9,1,-2.1972245773362196
10701,TCGTATTGGAA,TCGCAAATTTAATT,4,10,10,1,-2.3025850929940455
10702,TCGTATTGGAA,TCGCAAATTTAATT,4,15,8,2,-1.3862943611198906
10703,TCGTATTGGAA,TCGCAAATTTAATT,4,20,14,3,-1.5404450409471488
10704,TCGTATTGGAA,TCGCAAATTTAATT,4,30,21,3,-1.9459101490553132
10705,TCGTATTGGAA,TCGCAAATTTAATT,4,40,17,3,-1.7346010553881062
10706,TCGTATTGGAA,TCGCAAATTTAATT,4,50,5,2,-0.916290731874155
10707,TCGTATTGGAA,TCGCAAATTTAATT,4,60,22,6,-1.2992829841302609
10708,TCGTGGATTAC,AGCGCTTCCGAACC,2,40,1,15,2.70805020110221
10709,TCGTGGATTAC,AGCGCTTCCGAACC,3,50,1,12,2.4849066497880004
10710,TCTATATAGGA,CATGTGAGAGCACT,2,2,15,5,-1.0986122886681098
10711,TCTATATAGGA,CATGTGAGAGCACT,2,5,29,5,-1.7578579175523736
10712,TCTATATAGGA,CATGTGAGAGCACT,2,10,8,3,-0.9808292530117262
10713,TCTATATAGGA,CATGTGAGAGCACT,2,20,16,2,-2.0794415416798357
10714,TCTATATAGGA,CATGTGAGAGCACT,2,30,8,1,-2.0794415416798357
10715,TCTATATAGGA,CATGTGAGAGCACT,2,40,5,1,-1.6094379124341003
10716,TCTATATAGGA,CATGTGAGAGCACT,2,50,14,6,-0.8472978603872037
10717,TCTATATAGGA,CATGTGAGAGCACT,2,60,28,8,-1.252762968495368
10718,TCTATATAGGA,CATGTGAGAGCACT,3,0,10,6,-0.5108256237659907
10719,TCTATATAGGA,CATGTGAGAGCACT,3,2,10,2,-1.6094379124341003
10720,TCTATATAGGA,CATGTGAGAGCACT,3,5,14,6,-0.8472978603872037
10721,TCTATATAGGA,CATGTGAGAGCACT,3,10,23,4,-1.749199854809259
10722,TCTATATAGGA,CATGTGAGAGCACT,3,15,15,1,-2.70805020110221
10723,TCTATATAGGA,CATGTGAGAGCACT,3,20,22,6,-1.2992829841302609
10724,TCTATATAGGA,CATGTGAGAGCACT,3,30,5,1,-1.6094379124341003
10725,TCTATATAGGA,CATGTGAGAGCACT,3,40,17,7,-0.8873031950009028
10726,TCTATATAGGA,CATGTGAGAGCACT,3,50,9,1,-2.1972245773362196
10727,TCTATATAGGA,CATGTGAGAGCACT,3,60,12,8,-0.40546510810816444
10728,TCTATATAGGA,CATGTGAGAGCACT,4,0,24,1,-3.1780538303479458
10729,TCTATATAGGA,CATGTGAGAGCACT,4,2,12,3,-1.3862943611198906
10730,TCTATATAGGA,CATGTGAGAGCACT,4,5,5,3,-0.5108256237659907
10731,TCTATATAGGA,CATGTGAGAGCACT,4,15,9,3,-1.0986122886681098
10732,TCTATATAGGA,CATGTGAGAGCACT,4,20,18,1,-2.8903717578961645
10733,TCTATATAGGA,CATGTGAGAGCACT,4,30,15,4,-1.3217558399823195
10734,TCTATATAGGA,CATGTGAGAGCACT,4,40,11,2,-1.7047480922384253
10735,TCTATATAGGA,CATGTGAGAGCACT,4,50,11,2,-1.7047480922384253
10736,TCTATATAGGA,CATGTGAGAGCACT,4,60,15,9,-0.5108256237659907
10737,TCTATGAAACT,TACTGTTGCCACCA,2,40,1,24,3.1780538303479453
10738,TCTATTTCGGA,TCTACGAGGACCCG,2,0,28,5,-1.7227665977411035
10739,TCTATTTCGGA,TCTACGAGGACCCG,2,2,58,7,-2.114532861491106
10740,TCTATTTCGGA,TCTACGAGGACCCG,2,5,37,3,-2.512305623976115
10741,TCTATTTCGGA,TCTACGAGGACCCG,2,10,78,8,-2.277267285009756
10742,TCTATTTCGGA,TCTACGAGGACCCG,2,15,47,8,-1.7707060600302227
10743,TCTATTTCGGA,TCTACGAGGACCCG,2,20,47,7,-1.9042374526547452
10744,TCTATTTCGGA,TCTACGAGGACCCG,2,30,56,14,-1.3862943611198906
10745,TCTATTTCGGA,TCTACGAGGACCCG,2,40,47,13,-1.2851982442485217
10746,TCTATTTCGGA,TCTACGAGGACCCG,2,50,47,15,-1.1420974006078484
10747,TCTATTTCGGA,TCTACGAGGACCCG,2,60,46,6,-2.03688192726104
10748,TCTATTTCGGA,TCTACGAGGACCCG,3,0,42,9,-1.5404450409471488
10749,TCTATTTCGGA,TCTACGAGGACCCG,3,2,38,4,-2.2512917986064953
10750,TCTATTTCGGA,TCTACGAGGACCCG,3,5,69,8,-2.1546649629174235
10751,TCTATTTCGGA,TCTACGAGGACCCG,3,10,64,11,-1.7609878105613013
10752,TCTATTTCGGA,TCTACGAGGACCCG,3,15,68,15,-1.5114575040738967
10753,TCTATTTCGGA,TCTACGAGGACCCG,3,20,76,13,-1.7657839828247943
10754,TCTATTTCGGA,TCTACGAGGACCCG,3,30,32,5,-1.856297990365626
10755,TCTATTTCGGA,TCTACGAGGACCCG,3,40,51,10,-1.62924053973028
10756,TCTATTTCGGA,TCTACGAGGACCCG,3,50,65,8,-2.094945728215801
10757,TCTATTTCGGA,TCTACGAGGACCCG,3,60,34,6,-1.7346010553881062
10758,TCTATTTCGGA,TCTACGAGGACCCG,4,2,74,13,-1.739115735742633
10759,TCTATTTCGGA,TCTACGAGGACCCG,4,5,24,5,-1.5686159179138452
10760,TCTATTTCGGA,TCTACGAGGACCCG,4,10,54,9,-1.791759469228055
10761,TCTATTTCGGA,TCTACGAGGACCCG,4,15,25,1,-3.2188758248682006
10762,TCTATTTCGGA,TCTACGAGGACCCG,4,20,30,5,-1.791759469228055
10763,TCTATTTCGGA,TCTACGAGGACCCG,4,30,39,13,-1.0986122886681098
10764,TCTATTTCGGA,TCTACGAGGACCCG,4,40,34,12,-1.041453874828161
10765,TCTATTTCGGA,TCTACGAGGACCCG,4,50,62,18,-1.2367626271489267
10766,TCTATTTCGGA,TCTACGAGGACCCG,4,60,85,14,-1.8035939268750578
10767,TCTCAGAAAAC,TTGCCCTAGTTGTC,2,0,140,11,-2.5437471498109336
10768,TCTCAGAAAAC,TTGCCCTAGTTGTC,2,2,145,14,-2.337676412805316
10769,TCTCAGAAAAC,TTGCCCTAGTTGTC,2,5,115,8,-2.665490586683414
10770,TCTCAGAAAAC,TTGCCCTAGTTGTC,2,10,143,10,-2.6602595372658615
10771,TCTCAGAAAAC,TTGCCCTAGTTGTC,2,15,155,21,-1.9989026791958235
10772,TCTCAGAAAAC,TTGCCCTAGTTGTC,2,20,158,37,-1.4516771203827423
10773,TCTCAGAAAAC,TTGCCCTAGTTGTC,2,30,217,25,-2.1610215286722587
10774,TCTCAGAAAAC,TTGCCCTAGTTGTC,2,40,194,28,-1.9356536488881242
10775,TCTCAGAAAAC,TTGCCCTAGTTGTC,2,50,174,42,-1.4213856809311607
10776,TCTCAGAAAAC,TTGCCCTAGTTGTC,2,60,202,20,-2.312535423847214
10777,TCTCAGAAAAC,TTGCCCTAGTTGTC,3,0,155,14,-2.404367787303988
10778,TCTCAGAAAAC,TTGCCCTAGTTGTC,3,2,110,8,-2.6210388241125804
10779,TCTCAGAAAAC,TTGCCCTAGTTGTC,3,5,125,13,-2.2633643798407643
10780,TCTCAGAAAAC,TTGCCCTAGTTGTC,3,10,158,24,-1.8845412026790211
10781,TCTCAGAAAAC,TTGCCCTAGTTGTC,3,15,147,25,-1.7715567619105355
10782,TCTCAGAAAAC,TTGCCCTAGTTGTC,3,20,157,24,-1.8781919750003624
10783,TCTCAGAAAAC,TTGCCCTAGTTGTC,3,30,111,24,-1.5314763709643884
10784,TCTCAGAAAAC,TTGCCCTAGTTGTC,3,40,135,23,-1.7697805625092797
10785,TCTCAGAAAAC,TTGCCCTAGTTGTC,3,50,140,31,-1.507655218124158
10786,TCTCAGAAAAC,TTGCCCTAGTTGTC,3,60,116,18,-1.8632184332102
10787,TCTCAGAAAAC,TTGCCCTAGTTGTC,4,0,136,4,-3.526360524616161
10788,TCTCAGAAAAC,TTGCCCTAGTTGTC,4,2,151,13,-2.4523304793533875
10789,TCTCAGAAAAC,TTGCCCTAGTTGTC,4,5,88,2,-3.784189633918261
10790,TCTCAGAAAAC,TTGCCCTAGTTGTC,4,10,152,27,-1.7280436548419473
10791,TCTCAGAAAAC,TTGCCCTAGTTGTC,4,15,137,15,-2.2119307247259146
10792,TCTCAGAAAAC,TTGCCCTAGTTGTC,4,20,114,19,-1.791759469228055
10793,TCTCAGAAAAC,TTGCCCTAGTTGTC,4,30,135,30,-1.5040773967762742
10794,TCTCAGAAAAC,TTGCCCTAGTTGTC,4,40,204,35,-1.7627719323548026
10795,TCTCAGAAAAC,TTGCCCTAGTTGTC,4,50,206,32,-1.8621402659898545
10796,TCTCAGAAAAC,TTGCCCTAGTTGTC,4,60,149,30,-1.6027489242833037
10797,TCTCGCCACCT,ATACGTGTCGAGCT,2,15,3,1,-1.0986122886681098
10798,TCTCGCCACCT,ATACGTGTCGAGCT,2,40,20,2,-2.3025850929940455
10799,TCTCGCCACCT,ATACGTGTCGAGCT,2,50,7,1,-1.9459101490553132
10800,TCTCGCCACCT,ATACGTGTCGAGCT,3,2,6,1,-1.791759469228055
10801,TCTCGCCACCT,ATACGTGTCGAGCT,3,30,5,1,-1.6094379124341003
10802,TCTCGCCACCT,ATACGTGTCGAGCT,3,50,4,3,-0.2876820724517809
10803,TCTCGCCACCT,ATACGTGTCGAGCT,3,60,1,2,0.6931471805599453
10804,TCTCGCCACCT,ATACGTGTCGAGCT,4,10,2,1,-0.6931471805599453
10805,TCTCGCCACCT,ATACGTGTCGAGCT,4,20,11,2,-1.7047480922384253
10806,TCTCTAACGGA,TAAACAACGATTGA,2,0,69,2,-3.540959324037314
10807,TCTCTAACGGA,TAAACAACGATTGA,2,2,69,1,-4.234106504597259
10808,TCTCTAACGGA,TAAACAACGATTGA,2,5,44,2,-3.0910424533583156
10809,TCTCTAACGGA,TAAACAACGATTGA,2,10,84,5,-2.8213788864092133
10810,TCTCTAACGGA,TAAACAACGATTGA,2,15,112,19,-1.774059892128654
10811,TCTCTAACGGA,TAAACAACGATTGA,2,20,110,10,-2.3978952727983707
10812,TCTCTAACGGA,TAAACAACGATTGA,2,30,100,13,-2.0402208285265546
10813,TCTCTAACGGA,TAAACAACGATTGA,2,40,88,8,-2.3978952727983707
10814,TCTCTAACGGA,TAAACAACGATTGA,2,50,107,19,-1.7283898552954657
10815,TCTCTAACGGA,TAAACAACGATTGA,2,60,93,17,-1.6993861490970397
10816,TCTCTAACGGA,TAAACAACGATTGA,3,0,88,2,-3.784189633918261
10817,TCTCTAACGGA,TAAACAACGATTGA,3,2,47,3,-2.751535313041949
10818,TCTCTAACGGA,TAAACAACGATTGA,3,5,70,5,-2.6390573296152584
10819,TCTCTAACGGA,TAAACAACGATTGA,3,10,96,14,-1.9252908618525775
10820,TCTCTAACGGA,TAAACAACGATTGA,3,15,79,19,-1.425008873300581
10821,TCTCTAACGGA,TAAACAACGATTGA,3,20,108,24,-1.5040773967762742
10822,TCTCTAACGGA,TAAACAACGATTGA,3,30,45,5,-2.1972245773362196
10823,TCTCTAACGGA,TAAACAACGATTGA,3,40,53,3,-2.871679624884012
10824,TCTCTAACGGA,TAAACAACGATTGA,3,50,111,15,-2.001480000210124
10825,TCTCTAACGGA,TAAACAACGATTGA,3,60,94,16,-1.7707060600302227
10826,TCTCTAACGGA,TAAACAACGATTGA,4,0,66,5,-2.580216829592325
10827,TCTCTAACGGA,TAAACAACGATTGA,4,2,79,8,-2.2900063107871853
10828,TCTCTAACGGA,TAAACAACGATTGA,4,5,50,3,-2.8134107167600364
10829,TCTCTAACGGA,TAAACAACGATTGA,4,10,101,9,-2.41789593950504
10830,TCTCTAACGGA,TAAACAACGATTGA,4,15,73,8,-2.211017899468555
10831,TCTCTAACGGA,TAAACAACGATTGA,4,20,106,9,-2.466214516775848
10832,TCTCTAACGGA,TAAACAACGATTGA,4,30,65,22,-1.0833448165373212
10833,TCTCTAACGGA,TAAACAACGATTGA,4,40,100,20,-1.6094379124341003
10834,TCTCTAACGGA,TAAACAACGATTGA,4,50,94,21,-1.4987723445465808
10835,TCTCTAACGGA,TAAACAACGATTGA,4,60,77,10,-2.0412203288596382
10836,TCTGAGTCAGA,GTCTCAGCAACCTA,4,15,1,4,1.3862943611198906
10837,TCTGCCATGCT,TTCGCTAGCAACAC,2,0,1,3,1.0986122886681096
10838,TCTGCCATGCT,TTCGCTAGCAACAC,3,2,1,1,0.0
10839,TCTGCCATGCT,TTCGCTAGCAACAC,3,30,1,3,1.0986122886681096
10840,TCTGCCATGCT,TTCGCTAGCAACAC,4,10,1,3,1.0986122886681096
10841,TCTTCCTGGCG,CCTTGCACTAAAAA,2,20,1,9,2.197224577336219
10842,TCTTCTGTCTT,AGAGTCCACCCGAT,2,20,34,3,-2.4277482359480516
10843,TCTTCTGTCTT,AGAGTCCACCCGAT,2,40,25,1,-3.2188758248682006
10844,TCTTCTGTCTT,AGAGTCCACCCGAT,2,60,61,1,-4.110873864173311
10845,TCTTCTGTCTT,AGAGTCCACCCGAT,3,2,33,1,-3.4965075614664802
10846,TCTTCTGTCTT,AGAGTCCACCCGAT,3,15,26,1,-3.2580965380214817
10847,TCTTCTGTCTT,AGAGTCCACCCGAT,3,20,48,1,-3.8712010109078907
10848,TCTTCTGTCTT,AGAGTCCACCCGAT,3,50,10,1,-2.3025850929940455
10849,TCTTCTGTCTT,AGAGTCCACCCGAT,4,2,21,1,-3.044522437723423
10850,TCTTCTGTCTT,AGAGTCCACCCGAT,4,15,11,3,-1.2992829841302609
10851,TCTTCTGTCTT,AGAGTCCACCCGAT,4,40,34,1,-3.526360524616161
10852,TCTTCTGTCTT,AGAGTCCACCCGAT,4,60,12,2,-1.791759469228055
10853,TCTTGTTCTTC,TCACGGTGTCAGAG,2,0,168,1,-5.123963979403259
10854,TCTTGTTCTTC,TCACGGTGTCAGAG,2,2,113,8,-2.6479462770325046
10855,TCTTGTTCTTC,TCACGGTGTCAGAG,2,5,142,10,-2.653241964607215
10856,TCTTGTTCTTC,TCACGGTGTCAGAG,2,10,190,14,-2.6079667425452273
10857,TCTTGTTCTTC,TCACGGTGTCAGAG,2,15,157,19,-2.1118068261818674
10858,TCTTGTTCTTC,TCACGGTGTCAGAG,2,20,199,30,-1.892107443062337
10859,TCTTGTTCTTC,TCACGGTGTCAGAG,2,30,201,90,-0.8034952377288106
10860,TCTTGTTCTTC,TCACGGTGTCAGAG,2,40,214,42,-1.6283063967384832
10861,TCTTGTTCTTC,TCACGGTGTCAGAG,2,50,151,52,-1.066036118233497
10862,TCTTGTTCTTC,TCACGGTGTCAGAG,2,60,180,33,-1.6964492894237302
10863,TCTTGTTCTTC,TCACGGTGTCAGAG,3,0,171,10,-2.839078463508614
10864,TCTTGTTCTTC,TCACGGTGTCAGAG,3,2,135,7,-2.959364629383116
10865,TCTTGTTCTTC,TCACGGTGTCAGAG,3,5,138,13,-2.362304327695668
10866,TCTTGTTCTTC,TCACGGTGTCAGAG,3,10,176,17,-2.3372706509819356
10867,TCTTGTTCTTC,TCACGGTGTCAGAG,3,15,192,22,-2.1664529186694654
10868,TCTTGTTCTTC,TCACGGTGTCAGAG,3,20,171,30,-1.7404661748405044
10869,TCTTGTTCTTC,TCACGGTGTCAGAG,3,30,177,45,-1.3694872428035094
10870,TCTTGTTCTTC,TCACGGTGTCAGAG,3,40,137,39,-1.2564192796984786
10871,TCTTGTTCTTC,TCACGGTGTCAGAG,3,50,160,32,-1.6094379124341003
10872,TCTTGTTCTTC,TCACGGTGTCAGAG,3,60,170,43,-1.3745983213566992
10873,TCTTGTTCTTC,TCACGGTGTCAGAG,4,0,129,3,-3.7612001156935624
10874,TCTTGTTCTTC,TCACGGTGTCAGAG,4,2,131,3,-3.7765850345330416
10875,TCTTGTTCTTC,TCACGGTGTCAGAG,4,5,119,5,-3.1696855806774287
10876,TCTTGTTCTTC,TCACGGTGTCAGAG,4,10,181,15,-2.4904468301636156
10877,TCTTGTTCTTC,TCACGGTGTCAGAG,4,15,155,12,-2.558518467131246
10878,TCTTGTTCTTC,TCACGGTGTCAGAG,4,20,172,28,-1.815289966638249
10879,TCTTGTTCTTC,TCACGGTGTCAGAG,4,30,204,39,-1.65455834771457
10880,TCTTGTTCTTC,TCACGGTGTCAGAG,4,40,122,22,-1.7129785913749407
10881,TCTTGTTCTTC,TCACGGTGTCAGAG,4,50,231,57,-1.3993664426872434
10882,TCTTGTTCTTC,TCACGGTGTCAGAG,4,60,180,35,-1.6376087894007967
10883,TGAAATGTATG,GTAAATATCGGAAA,2,2,19,1,-2.9444389791664403
10884,TGAAATGTATG,GTAAATATCGGAAA,2,5,11,1,-2.3978952727983707
10885,TGAAATGTATG,GTAAATATCGGAAA,2,10,23,2,-2.4423470353692043
10886,TGAAATGTATG,GTAAATATCGGAAA,2,15,37,6,-1.8191584434161694
10887,TGAAATGTATG,GTAAATATCGGAAA,2,20,10,6,-0.5108256237659907
10888,TGAAATGTATG,GTAAATATCGGAAA,2,30,18,10,-0.587786664902119
10889,TGAAATGTATG,GTAAATATCGGAAA,2,40,32,13,-0.9007865453381898
10890,TGAAATGTATG,GTAAATATCGGAAA,2,50,15,7,-0.7621400520468967
10891,TGAAATGTATG,GTAAATATCGGAAA,2,60,10,3,-1.203972804325936
10892,TGAAATGTATG,GTAAATATCGGAAA,3,5,21,1,-3.044522437723423
10893,TGAAATGTATG,GTAAATATCGGAAA,3,10,19,4,-1.55814461804655
10894,TGAAATGTATG,GTAAATATCGGAAA,3,15,16,2,-2.0794415416798357
10895,TGAAATGTATG,GTAAATATCGGAAA,3,20,17,3,-1.7346010553881062
10896,TGAAATGTATG,GTAAATATCGGAAA,3,30,11,4,-1.0116009116784799
10897,TGAAATGTATG,GTAAATATCGGAAA,3,50,23,20,-0.13976194237515874
10898,TGAAATGTATG,GTAAATATCGGAAA,3,60,17,5,-1.2237754316221157
10899,TGAAATGTATG,GTAAATATCGGAAA,4,0,8,3,-0.9808292530117262
10900,TGAAATGTATG,GTAAATATCGGAAA,4,10,10,2,-1.6094379124341003
10901,TGAAATGTATG,GTAAATATCGGAAA,4,15,21,3,-1.9459101490553132
10902,TGAAATGTATG,GTAAATATCGGAAA,4,20,15,5,-1.0986122886681098
10903,TGAAATGTATG,GTAAATATCGGAAA,4,40,18,6,-1.0986122886681098
10904,TGAAATGTATG,GTAAATATCGGAAA,4,50,15,5,-1.0986122886681098
10905,TGAAATGTATG,GTAAATATCGGAAA,4,60,12,2,-1.791759469228055
10906,TGAAATTATGA,CCATGACGTAAGGG,2,50,1,2,0.6931471805599453
10907,TGAAATTATGA,CCATGACGTAAGGG,3,5,2,2,0.0
10908,TGAAATTATGA,CCATGACGTAAGGG,3,10,3,7,0.8472978603872037
10909,TGAAATTATGA,CCATGACGTAAGGG,3,15,1,2,0.6931471805599453
10910,TGAAATTATGA,CCATGACGTAAGGG,3,20,1,2,0.6931471805599453
10911,TGAAATTATGA,CCATGACGTAAGGG,3,30,1,3,1.0986122886681096
10912,TGAAATTATGA,CCATGACGTAAGGG,4,2,1,2,0.6931471805599453
10913,TGAAATTATGA,CCATGACGTAAGGG,4,5,4,1,-1.3862943611198906
10914,TGAAATTATGA,CCATGACGTAAGGG,4,20,1,1,0.0
10915,TGAAATTATGA,CCATGACGTAAGGG,4,60,1,4,1.3862943611198906
10916,TGAACTGAAGG,AGATAGTTGATAAG,2,2,24,2,-2.4849066497880004
10917,TGAACTGAAGG,AGATAGTTGATAAG,2,10,14,7,-0.6931471805599453
10918,TGAACTGAAGG,AGATAGTTGATAAG,2,15,18,1,-2.8903717578961645
10919,TGAACTGAAGG,AGATAGTTGATAAG,2,20,26,21,-0.21357410029805904
10920,TGAACTGAAGG,AGATAGTTGATAAG,2,30,20,12,-0.5108256237659907
10921,TGAACTGAAGG,AGATAGTTGATAAG,2,40,19,7,-0.9985288301111271
10922,TGAACTGAAGG,AGATAGTTGATAAG,2,50,20,14,-0.35667494393873245
10923,TGAACTGAAGG,AGATAGTTGATAAG,2,60,19,2,-2.2512917986064953
10924,TGAACTGAAGG,AGATAGTTGATAAG,3,0,22,3,-1.992430164690206
10925,TGAACTGAAGG,AGATAGTTGATAAG,3,5,25,3,-2.120263536200091
10926,TGAACTGAAGG,AGATAGTTGATAAG,3,10,19,3,-1.8458266904983307
10927,TGAACTGAAGG,AGATAGTTGATAAG,3,15,11,3,-1.2992829841302609
10928,TGAACTGAAGG,AGATAGTTGATAAG,3,20,6,1,-1.791759469228055
10929,TGAACTGAAGG,AGATAGTTGATAAG,3,30,23,5,-1.5260563034950494
10930,TGAACTGAAGG,AGATAGTTGATAAG,3,40,34,7,-1.580450375560848
10931,TGAACTGAAGG,AGATAGTTGATAAG,3,50,12,4,-1.0986122886681098
10932,TGAACTGAAGG,AGATAGTTGATAAG,3,60,15,1,-2.70805020110221
10933,TGAACTGAAGG,AGATAGTTGATAAG,4,2,24,2,-2.4849066497880004
10934,TGAACTGAAGG,AGATAGTTGATAAG,4,10,24,3,-2.0794415416798357
10935,TGAACTGAAGG,AGATAGTTGATAAG,4,15,13,1,-2.5649493574615367
10936,TGAACTGAAGG,AGATAGTTGATAAG,4,20,22,8,-1.0116009116784799
10937,TGAACTGAAGG,AGATAGTTGATAAG,4,30,28,22,-0.2411620568168881
10938,TGAACTGAAGG,AGATAGTTGATAAG,4,40,27,14,-0.6567795363890705
10939,TGAACTGAAGG,AGATAGTTGATAAG,4,50,19,11,-0.5465437063680698
10940,TGAACTGAAGG,AGATAGTTGATAAG,4,60,12,8,-0.40546510810816444
10941,TGAAGTAGGAG,TTCCTGAAGCTCTA,2,60,1,2,0.6931471805599453
10942,TGAAGTCCTGA,GAACTCAACGCCAT,2,10,5,1,-1.6094379124341003
10943,TGAAGTCCTGA,GAACTCAACGCCAT,2,30,9,1,-2.1972245773362196
10944,TGAAGTCCTGA,GAACTCAACGCCAT,2,50,9,3,-1.0986122886681098
10945,TGAAGTCCTGA,GAACTCAACGCCAT,3,15,17,1,-2.833213344056216
10946,TGAAGTCCTGA,GAACTCAACGCCAT,3,20,18,2,-2.1972245773362196
10947,TGAAGTCCTGA,GAACTCAACGCCAT,3,40,4,2,-0.6931471805599453
10948,TGAAGTCCTGA,GAACTCAACGCCAT,4,5,17,1,-2.833213344056216
10949,TGAAGTCCTGA,GAACTCAACGCCAT,4,30,16,2,-2.0794415416798357
10950,TGAAGTCCTGA,GAACTCAACGCCAT,4,40,17,3,-1.7346010553881062
10951,TGAAGTCCTGA,GAACTCAACGCCAT,4,60,6,2,-1.0986122886681098
10952,TGAAGTTGCTT,CTCGCTTATTGCCA,2,0,1,8,2.0794415416798357
10953,TGAAGTTGCTT,CTCGCTTATTGCCA,4,30,1,9,2.197224577336219
10954,TGACGAGTCGC,CTATTTCCGATAAT,4,40,1,7,1.9459101490553132
10955,TGACGGTAGTT,TCAATGAAAACCTT,2,2,16,1,-2.772588722239781
10956,TGACGGTAGTT,TCAATGAAAACCTT,2,5,22,4,-1.7047480922384253
10957,TGACGGTAGTT,TCAATGAAAACCTT,2,10,38,7,-1.6916760106710724
10958,TGACGGTAGTT,TCAATGAAAACCTT,2,15,29,5,-1.7578579175523736
10959,TGACGGTAGTT,TCAATGAAAACCTT,2,30,29,22,-0.27625337662815824
10960,TGACGGTAGTT,TCAATGAAAACCTT,2,40,20,20,0.0
10961,TGACGGTAGTT,TCAATGAAAACCTT,2,50,10,3,-1.203972804325936
10962,TGACGGTAGTT,TCAATGAAAACCTT,2,60,21,6,-1.252762968495368
10963,TGACGGTAGTT,TCAATGAAAACCTT,3,0,37,4,-2.2246235515243336
10964,TGACGGTAGTT,TCAATGAAAACCTT,3,10,31,2,-2.740840023925201
10965,TGACGGTAGTT,TCAATGAAAACCTT,3,15,42,4,-2.3513752571634776
10966,TGACGGTAGTT,TCAATGAAAACCTT,3,20,15,3,-1.6094379124341003
10967,TGACGGTAGTT,TCAATGAAAACCTT,3,30,31,9,-1.2367626271489267
10968,TGACGGTAGTT,TCAATGAAAACCTT,3,40,25,4,-1.83258146374831
10969,TGACGGTAGTT,TCAATGAAAACCTT,3,50,27,4,-1.9095425048844383
10970,TGACGGTAGTT,TCAATGAAAACCTT,3,60,26,10,-0.9555114450274362
10971,TGACGGTAGTT,TCAATGAAAACCTT,4,0,19,3,-1.8458266904983307
10972,TGACGGTAGTT,TCAATGAAAACCTT,4,2,23,1,-3.1354942159291497
10973,TGACGGTAGTT,TCAATGAAAACCTT,4,5,22,1,-3.0910424533583156
10974,TGACGGTAGTT,TCAATGAAAACCTT,4,10,31,4,-2.0476928433652555
10975,TGACGGTAGTT,TCAATGAAAACCTT,4,15,31,3,-2.3353749158170363
10976,TGACGGTAGTT,TCAATGAAAACCTT,4,20,22,6,-1.2992829841302609
10977,TGACGGTAGTT,TCAATGAAAACCTT,4,30,33,6,-1.7047480922384253
10978,TGACGGTAGTT,TCAATGAAAACCTT,4,40,35,4,-2.169053700369523
10979,TGACGGTAGTT,TCAATGAAAACCTT,4,50,25,12,-0.7339691750802004
10980,TGACGGTAGTT,TCAATGAAAACCTT,4,60,33,8,-1.4170660197866443
10981,TGACTTAGCGC,AATGCAAGTTACTG,2,15,16,5,-1.1631508098056809
10982,TGACTTAGCGC,AATGCAAGTTACTG,2,30,11,2,-1.7047480922384253
10983,TGACTTAGCGC,AATGCAAGTTACTG,2,40,7,2,-1.252762968495368
10984,TGACTTAGCGC,AATGCAAGTTACTG,2,50,9,3,-1.0986122886681098
10985,TGACTTAGCGC,AATGCAAGTTACTG,2,60,20,5,-1.3862943611198906
10986,TGACTTAGCGC,AATGCAAGTTACTG,3,0,19,3,-1.8458266904983307
10987,TGACTTAGCGC,AATGCAAGTTACTG,3,2,14,1,-2.6390573296152584
10988,TGACTTAGCGC,AATGCAAGTTACTG,3,5,23,3,-2.03688192726104
10989,TGACTTAGCGC,AATGCAAGTTACTG,3,10,10,3,-1.203972804325936
10990,TGACTTAGCGC,AATGCAAGTTACTG,3,15,15,1,-2.70805020110221
10991,TGACTTAGCGC,AATGCAAGTTACTG,3,20,14,4,-1.252762968495368
10992,TGACTTAGCGC,AATGCAAGTTACTG,3,30,17,9,-0.6359887667199966
10993,TGACTTAGCGC,AATGCAAGTTACTG,3,40,14,1,-2.6390573296152584
10994,TGACTTAGCGC,AATGCAAGTTACTG,3,50,13,3,-1.466337068793427
10995,TGACTTAGCGC,AATGCAAGTTACTG,3,60,34,3,-2.4277482359480516
10996,TGACTTAGCGC,AATGCAAGTTACTG,4,0,8,1,-2.0794415416798357
10997,TGACTTAGCGC,AATGCAAGTTACTG,4,2,5,1,-1.6094379124341003
10998,TGACTTAGCGC,AATGCAAGTTACTG,4,5,24,2,-2.4849066497880004
10999,TGACTTAGCGC,AATGCAAGTTACTG,4,15,18,2,-2.1972245773362196
11000,TGACTTAGCGC,AATGCAAGTTACTG,4,20,5,2,-0.916290731874155
11001,TGACTTAGCGC,AATGCAAGTTACTG,4,30,6,4,-0.40546510810816444
11002,TGACTTAGCGC,AATGCAAGTTACTG,4,40,13,4,-1.178654996341646
11003,TGACTTAGCGC,AATGCAAGTTACTG,4,50,11,2,-1.7047480922384253
11004,TGACTTAGCGC,AATGCAAGTTACTG,4,60,11,1,-2.3978952727983707
11005,TGAGATAACCC,TAATGTTAGTCGCA,2,5,1,11,2.3978952727983707
11006,TGAGATAACCC,TAATGTTAGTCGCA,3,30,1,12,2.4849066497880004
11007,TGAGATAACCC,TAATGTTAGTCGCA,4,5,1,7,1.9459101490553132
11008,TGAGATAACCC,TAATGTTAGTCGCA,4,20,1,12,2.4849066497880004
11009,TGAGATAACCC,TAATGTTAGTCGCA,4,40,2,17,2.1400661634962708
11010,TGAGGAGTGAG,GATTGCTGGTAACA,2,0,24,2,-2.4849066497880004
11011,TGAGGAGTGAG,GATTGCTGGTAACA,2,2,9,3,-1.0986122886681098
11012,TGAGGAGTGAG,GATTGCTGGTAACA,2,5,3,2,-0.40546510810816444
11013,TGAGGAGTGAG,GATTGCTGGTAACA,2,10,17,1,-2.833213344056216
11014,TGAGGAGTGAG,GATTGCTGGTAACA,2,20,5,1,-1.6094379124341003
11015,TGAGGAGTGAG,GATTGCTGGTAACA,2,40,3,6,0.6931471805599453
11016,TGAGGAGTGAG,GATTGCTGGTAACA,2,50,8,8,0.0
11017,TGAGGAGTGAG,GATTGCTGGTAACA,2,60,11,5,-0.7884573603642702
11018,TGAGGAGTGAG,GATTGCTGGTAACA,3,0,3,1,-1.0986122886681098
11019,TGAGGAGTGAG,GATTGCTGGTAACA,3,2,6,1,-1.791759469228055
11020,TGAGGAGTGAG,GATTGCTGGTAACA,3,5,11,2,-1.7047480922384253
11021,TGAGGAGTGAG,GATTGCTGGTAACA,3,10,7,2,-1.252762968495368
11022,TGAGGAGTGAG,GATTGCTGGTAACA,3,15,21,8,-0.965080896043587
11023,TGAGGAGTGAG,GATTGCTGGTAACA,3,20,7,5,-0.3364722366212129
11024,TGAGGAGTGAG,GATTGCTGGTAACA,3,30,4,3,-0.2876820724517809
11025,TGAGGAGTGAG,GATTGCTGGTAACA,3,40,15,5,-1.0986122886681098
11026,TGAGGAGTGAG,GATTGCTGGTAACA,3,50,14,4,-1.252762968495368
11027,TGAGGAGTGAG,GATTGCTGGTAACA,3,60,3,1,-1.0986122886681098
11028,TGAGGAGTGAG,GATTGCTGGTAACA,4,0,7,4,-0.5596157879354227
11029,TGAGGAGTGAG,GATTGCTGGTAACA,4,2,12,3,-1.3862943611198906
11030,TGAGGAGTGAG,GATTGCTGGTAACA,4,5,9,1,-2.1972245773362196
11031,TGAGGAGTGAG,GATTGCTGGTAACA,4,15,9,1,-2.1972245773362196
11032,TGAGGAGTGAG,GATTGCTGGTAACA,4,20,5,1,-1.6094379124341003
11033,TGAGGAGTGAG,GATTGCTGGTAACA,4,30,17,4,-1.4469189829363254
11034,TGAGGAGTGAG,GATTGCTGGTAACA,4,40,7,6,-0.15415067982725836
11035,TGAGGAGTGAG,GATTGCTGGTAACA,4,50,15,7,-0.7621400520468967
11036,TGAGGAGTGAG,GATTGCTGGTAACA,4,60,9,6,-0.40546510810816444
11037,TGAGTATTAGA,CCACACACGCCCGC,4,10,8,2,-1.3862943611198906
11038,TGAGTTGGCTC,CTTCTTTGCTGTAT,2,2,4,2,-0.6931471805599453
11039,TGAGTTGGCTC,CTTCTTTGCTGTAT,2,5,11,1,-2.3978952727983707
11040,TGAGTTGGCTC,CTTCTTTGCTGTAT,2,20,25,1,-3.2188758248682006
11041,TGAGTTGGCTC,CTTCTTTGCTGTAT,2,40,15,2,-2.0149030205422647
11042,TGAGTTGGCTC,CTTCTTTGCTGTAT,2,50,28,2,-2.6390573296152584
11043,TGAGTTGGCTC,CTTCTTTGCTGTAT,2,60,23,1,-3.1354942159291497
11044,TGAGTTGGCTC,CTTCTTTGCTGTAT,3,5,16,1,-2.772588722239781
11045,TGAGTTGGCTC,CTTCTTTGCTGTAT,3,10,25,2,-2.525728644308255
11046,TGAGTTGGCTC,CTTCTTTGCTGTAT,3,15,12,1,-2.4849066497880004
11047,TGAGTTGGCTC,CTTCTTTGCTGTAT,3,20,19,1,-2.9444389791664403
11048,TGAGTTGGCTC,CTTCTTTGCTGTAT,3,30,24,1,-3.1780538303479458
11049,TGAGTTGGCTC,CTTCTTTGCTGTAT,3,40,24,1,-3.1780538303479458
11050,TGAGTTGGCTC,CTTCTTTGCTGTAT,3,60,9,1,-2.1972245773362196
11051,TGAGTTGGCTC,CTTCTTTGCTGTAT,4,0,13,2,-1.8718021769015913
11052,TGAGTTGGCTC,CTTCTTTGCTGTAT,4,5,21,1,-3.044522437723423
11053,TGAGTTGGCTC,CTTCTTTGCTGTAT,4,15,13,3,-1.466337068793427
11054,TGAGTTGGCTC,CTTCTTTGCTGTAT,4,20,12,1,-2.4849066497880004
11055,TGAGTTGGCTC,CTTCTTTGCTGTAT,4,50,24,2,-2.4849066497880004
11056,TGATAAGTGTG,TAGAATCGGATCTT,4,20,1,6,1.791759469228055
11057,TGATAAGTGTG,TAGAATCGGATCTT,4,50,1,10,2.3025850929940455
11058,TGATAATAGGA,TTCTCATTACTGAA,2,0,52,3,-2.8526314299133175
11059,TGATAATAGGA,TTCTCATTACTGAA,2,2,47,6,-2.0583881324820035
11060,TGATAATAGGA,TTCTCATTACTGAA,2,5,91,12,-2.02595285672885
11061,TGATAATAGGA,TTCTCATTACTGAA,2,10,82,4,-3.0204248861443626
11062,TGATAATAGGA,TTCTCATTACTGAA,2,15,42,11,-1.3397743454849977
11063,TGATAATAGGA,TTCTCATTACTGAA,2,20,51,7,-1.9859154836690123
11064,TGATAATAGGA,TTCTCATTACTGAA,2,30,50,12,-1.4271163556401458
11065,TGATAATAGGA,TTCTCATTACTGAA,2,40,37,13,-1.0459685551826876
11066,TGATAATAGGA,TTCTCATTACTGAA,2,50,49,12,-1.4069136483226263
11067,TGATAATAGGA,TTCTCATTACTGAA,2,60,46,12,-1.3437347467010947
11068,TGATAATAGGA,TTCTCATTACTGAA,3,0,36,2,-2.8903717578961645
11069,TGATAATAGGA,TTCTCATTACTGAA,3,2,50,2,-3.2188758248682006
11070,TGATAATAGGA,TTCTCATTACTGAA,3,5,35,3,-2.456735772821304
11071,TGATAATAGGA,TTCTCATTACTGAA,3,10,54,5,-2.379546134130174
11072,TGATAATAGGA,TTCTCATTACTGAA,3,15,58,8,-1.9810014688665833
11073,TGATAATAGGA,TTCTCATTACTGAA,3,20,42,8,-1.6582280766035324
11074,TGATAATAGGA,TTCTCATTACTGAA,3,30,54,10,-1.6863989535702286
11075,TGATAATAGGA,TTCTCATTACTGAA,3,40,51,6,-2.1400661634962708
11076,TGATAATAGGA,TTCTCATTACTGAA,3,50,38,3,-2.538973871058276
11077,TGATAATAGGA,TTCTCATTACTGAA,3,60,26,3,-2.159484249353372
11078,TGATAATAGGA,TTCTCATTACTGAA,4,2,39,7,-1.717651497074333
11079,TGATAATAGGA,TTCTCATTACTGAA,4,5,19,3,-1.8458266904983307
11080,TGATAATAGGA,TTCTCATTACTGAA,4,10,31,3,-2.3353749158170363
11081,TGATAATAGGA,TTCTCATTACTGAA,4,15,72,12,-1.791759469228055
11082,TGATAATAGGA,TTCTCATTACTGAA,4,20,30,5,-1.791759469228055
11083,TGATAATAGGA,TTCTCATTACTGAA,4,30,65,9,-1.9771626925594177
11084,TGATAATAGGA,TTCTCATTACTGAA,4,40,45,9,-1.6094379124341003
11085,TGATAATAGGA,TTCTCATTACTGAA,4,50,77,11,-1.9459101490553132
11086,TGATAATAGGA,TTCTCATTACTGAA,4,60,62,9,-1.929909807708872
11087,TGATACTTACG,AACCACCATCAGTA,2,0,47,2,-3.157000421150113
11088,TGATACTTACG,AACCACCATCAGTA,2,5,26,1,-3.2580965380214817
11089,TGATACTTACG,AACCACCATCAGTA,2,10,57,4,-2.6567569067146595
11090,TGATACTTACG,AACCACCATCAGTA,2,15,68,8,-2.1400661634962708
11091,TGATACTTACG,AACCACCATCAGTA,2,20,49,6,-2.1000608288825715
11092,TGATACTTACG,AACCACCATCAGTA,2,30,38,2,-2.9444389791664403
11093,TGATACTTACG,AACCACCATCAGTA,2,40,50,8,-1.83258146374831
11094,TGATACTTACG,AACCACCATCAGTA,2,50,38,10,-1.3350010667323402
11095,TGATACTTACG,AACCACCATCAGTA,2,60,41,2,-3.0204248861443626
11096,TGATACTTACG,AACCACCATCAGTA,3,0,30,1,-3.4011973816621555
11097,TGATACTTACG,AACCACCATCAGTA,3,2,22,1,-3.0910424533583156
11098,TGATACTTACG,AACCACCATCAGTA,3,5,43,4,-2.3749057545736716
11099,TGATACTTACG,AACCACCATCAGTA,3,10,45,6,-2.0149030205422647
11100,TGATACTTACG,AACCACCATCAGTA,3,15,53,6,-2.1785324443240666
11101,TGATACTTACG,AACCACCATCAGTA,3,20,74,5,-2.6946271807700692
11102,TGATACTTACG,AACCACCATCAGTA,3,30,25,4,-1.83258146374831
11103,TGATACTTACG,AACCACCATCAGTA,3,40,77,12,-1.8588987720656835
11104,TGATACTTACG,AACCACCATCAGTA,3,50,30,2,-2.70805020110221
11105,TGATACTTACG,AACCACCATCAGTA,3,60,46,7,-1.8827312474337816
11106,TGATACTTACG,AACCACCATCAGTA,4,0,35,3,-2.456735772821304
11107,TGATACTTACG,AACCACCATCAGTA,4,2,54,8,-1.9095425048844383
11108,TGATACTTACG,AACCACCATCAGTA,4,5,21,1,-3.044522437723423
11109,TGATACTTACG,AACCACCATCAGTA,4,10,50,6,-2.120263536200091
11110,TGATACTTACG,AACCACCATCAGTA,4,15,35,2,-2.862200880929468
11111,TGATACTTACG,AACCACCATCAGTA,4,20,29,4,-1.9810014688665833
11112,TGATACTTACG,AACCACCATCAGTA,4,30,45,6,-2.0149030205422647
11113,TGATACTTACG,AACCACCATCAGTA,4,40,40,5,-2.0794415416798357
11114,TGATACTTACG,AACCACCATCAGTA,4,50,79,9,-2.172223275130802
11115,TGATACTTACG,AACCACCATCAGTA,4,60,50,3,-2.8134107167600364
11116,TGATAGAGTAA,TCCAGCTACAGGTA,2,40,1,71,4.2626798770413155
11117,TGATAGAGTAA,TCCAGCTACAGGTA,3,5,1,14,2.6390573296152584
11118,TGATAGAGTAA,TCCAGCTACAGGTA,3,50,1,77,4.343805421853684
11119,TGATAGAGTAA,TCCAGCTACAGGTA,4,20,1,23,3.1354942159291497
11120,TGCAAATAAGA,CCAGGGGCAACCCA,2,0,15,2,-2.0149030205422647
11121,TGCAAATAAGA,CCAGGGGCAACCCA,2,2,33,6,-1.7047480922384253
11122,TGCAAATAAGA,CCAGGGGCAACCCA,2,10,34,16,-0.7537718023763802
11123,TGCAAATAAGA,CCAGGGGCAACCCA,2,15,33,12,-1.0116009116784799
11124,TGCAAATAAGA,CCAGGGGCAACCCA,2,20,21,9,-0.8472978603872037
11125,TGCAAATAAGA,CCAGGGGCAACCCA,2,30,17,4,-1.4469189829363254
11126,TGCAAATAAGA,CCAGGGGCAACCCA,2,40,18,8,-0.8109302162163288
11127,TGCAAATAAGA,CCAGGGGCAACCCA,2,50,34,30,-0.12516314295400605
11128,TGCAAATAAGA,CCAGGGGCAACCCA,2,60,40,28,-0.35667494393873245
11129,TGCAAATAAGA,CCAGGGGCAACCCA,3,2,21,1,-3.044522437723423
11130,TGCAAATAAGA,CCAGGGGCAACCCA,3,5,21,3,-1.9459101490553132
11131,TGCAAATAAGA,CCAGGGGCAACCCA,3,10,31,10,-1.1314021114911006
11132,TGCAAATAAGA,CCAGGGGCAACCCA,3,15,32,9,-1.2685113254635072
11133,TGCAAATAAGA,CCAGGGGCAACCCA,3,20,11,12,0.0870113769896297
11134,TGCAAATAAGA,CCAGGGGCAACCCA,3,30,29,7,-1.4213856809311607
11135,TGCAAATAAGA,CCAGGGGCAACCCA,3,40,11,3,-1.2992829841302609
11136,TGCAAATAAGA,CCAGGGGCAACCCA,3,50,42,16,-0.965080896043587
11137,TGCAAATAAGA,CCAGGGGCAACCCA,3,60,30,12,-0.916290731874155
11138,TGCAAATAAGA,CCAGGGGCAACCCA,4,0,21,1,-3.044522437723423
11139,TGCAAATAAGA,CCAGGGGCAACCCA,4,2,22,5,-1.4816045409242156
11140,TGCAAATAAGA,CCAGGGGCAACCCA,4,5,18,3,-1.791759469228055
11141,TGCAAATAAGA,CCAGGGGCAACCCA,4,10,32,12,-0.9808292530117262
11142,TGCAAATAAGA,CCAGGGGCAACCCA,4,15,21,1,-3.044522437723423
11143,TGCAAATAAGA,CCAGGGGCAACCCA,4,20,27,7,-1.3499267169490157
11144,TGCAAATAAGA,CCAGGGGCAACCCA,4,30,24,8,-1.0986122886681098
11145,TGCAAATAAGA,CCAGGGGCAACCCA,4,40,26,15,-0.5500463369192721
11146,TGCAAATAAGA,CCAGGGGCAACCCA,4,50,44,7,-1.8382794848629478
11147,TGCAAATAAGA,CCAGGGGCAACCCA,4,60,24,7,-1.2321436812926323
11148,TGCATGAAAAG,GTTGAATAATATCA,2,5,8,3,-0.9808292530117262
11149,TGCATGAAAAG,GTTGAATAATATCA,2,10,10,3,-1.203972804325936
11150,TGCATGAAAAG,GTTGAATAATATCA,2,15,22,1,-3.0910424533583156
11151,TGCATGAAAAG,GTTGAATAATATCA,2,40,11,4,-1.0116009116784799
11152,TGCATGAAAAG,GTTGAATAATATCA,2,50,6,3,-0.6931471805599453
11153,TGCATGAAAAG,GTTGAATAATATCA,2,60,9,1,-2.1972245773362196
11154,TGCATGAAAAG,GTTGAATAATATCA,3,10,21,4,-1.6582280766035324
11155,TGCATGAAAAG,GTTGAATAATATCA,3,15,9,5,-0.587786664902119
11156,TGCATGAAAAG,GTTGAATAATATCA,3,20,14,3,-1.5404450409471488
11157,TGCATGAAAAG,GTTGAATAATATCA,3,30,10,1,-2.3025850929940455
11158,TGCATGAAAAG,GTTGAATAATATCA,3,50,19,5,-1.3350010667323402
11159,TGCATGAAAAG,GTTGAATAATATCA,4,2,14,1,-2.6390573296152584
11160,TGCATGAAAAG,GTTGAATAATATCA,4,5,2,1,-0.6931471805599453
11161,TGCATGAAAAG,GTTGAATAATATCA,4,10,14,1,-2.6390573296152584
11162,TGCATGAAAAG,GTTGAATAATATCA,4,15,12,1,-2.4849066497880004
11163,TGCATGAAAAG,GTTGAATAATATCA,4,20,7,1,-1.9459101490553132
11164,TGCATGAAAAG,GTTGAATAATATCA,4,40,12,1,-2.4849066497880004
11165,TGCATGAAAAG,GTTGAATAATATCA,4,50,13,1,-2.5649493574615367
11166,TGCATGAAAAG,GTTGAATAATATCA,4,60,27,2,-2.6026896854443837
11167,TGCCATAAAGT,TGAAACACCGCTTG,2,0,78,4,-2.970414465569701
11168,TGCCATAAAGT,TGAAACACCGCTTG,2,2,58,2,-3.3672958299864737
11169,TGCCATAAAGT,TGAAACACCGCTTG,2,5,61,6,-2.3191143949452564
11170,TGCCATAAAGT,TGAAACACCGCTTG,2,10,82,23,-1.2712250313351032
11171,TGCCATAAAGT,TGAAACACCGCTTG,2,15,101,48,-0.7439195059333685
11172,TGCCATAAAGT,TGAAACACCGCTTG,2,20,118,59,-0.6931471805599453
11173,TGCCATAAAGT,TGAAACACCGCTTG,2,30,65,27,-0.8785504038913079
11174,TGCCATAAAGT,TGAAACACCGCTTG,2,40,105,69,-0.419853845560264
11175,TGCCATAAAGT,TGAAACACCGCTTG,2,50,98,55,-0.577634293438101
11176,TGCCATAAAGT,TGAAACACCGCTTG,2,60,62,44,-0.34294475112683037
11177,TGCCATAAAGT,TGAAACACCGCTTG,3,0,72,5,-2.667228206581955
11178,TGCCATAAAGT,TGAAACACCGCTTG,3,2,72,4,-2.8903717578961645
11179,TGCCATAAAGT,TGAAACACCGCTTG,3,5,83,12,-1.9339339580085975
11180,TGCCATAAAGT,TGAAACACCGCTTG,3,10,83,27,-1.123003741792269
11181,TGCCATAAAGT,TGAAACACCGCTTG,3,15,95,22,-1.462834438242225
11182,TGCCATAAAGT,TGAAACACCGCTTG,3,20,71,29,-0.8953840470548413
11183,TGCCATAAAGT,TGAAACACCGCTTG,3,30,54,43,-0.227783930870712
11184,TGCCATAAAGT,TGAAACACCGCTTG,3,40,69,44,-0.4499168706789983
11185,TGCCATAAAGT,TGAAACACCGCTTG,3,50,47,46,-0.02150620522096362
11186,TGCCATAAAGT,TGAAACACCGCTTG,3,60,58,39,-0.3968813644167729
11187,TGCCATAAAGT,TGAAACACCGCTTG,4,0,78,7,-2.4107986776342782
11188,TGCCATAAAGT,TGAAACACCGCTTG,4,2,70,6,-2.456735772821304
11189,TGCCATAAAGT,TGAAACACCGCTTG,4,5,38,10,-1.3350010667323402
11190,TGCCATAAAGT,TGAAACACCGCTTG,4,10,62,17,-1.2939210409888755
11191,TGCCATAAAGT,TGAAACACCGCTTG,4,15,58,11,-1.6625477377480489
11192,TGCCATAAAGT,TGAAACACCGCTTG,4,20,48,19,-0.9267620317414504
11193,TGCCATAAAGT,TGAAACACCGCTTG,4,30,77,15,-1.6357552207514736
11194,TGCCATAAAGT,TGAAACACCGCTTG,4,40,84,89,0.05781957088882624
11195,TGCCATAAAGT,TGAAACACCGCTTG,4,50,96,35,-1.0090001299784226
11196,TGCCATAAAGT,TGAAACACCGCTTG,4,60,43,19,-0.8167611365271219
11197,TGCCTGGTTTG,ACTACACTGAAATC,2,15,3,24,2.0794415416798357
11198,TGCCTGGTTTG,ACTACACTGAAATC,2,50,1,31,3.4339872044851463
11199,TGCCTGGTTTG,ACTACACTGAAATC,3,10,1,18,2.8903717578961645
11200,TGCGGAATGCT,ACGGAAATAACACC,2,10,8,1,-2.0794415416798357
11201,TGCGGAATGCT,ACGGAAATAACACC,2,15,4,7,0.5596157879354227
11202,TGCGGAATGCT,ACGGAAATAACACC,2,30,4,4,0.0
11203,TGCGGAATGCT,ACGGAAATAACACC,2,40,19,9,-0.7472144018302211
11204,TGCGGAATGCT,ACGGAAATAACACC,2,50,22,5,-1.4816045409242156
11205,TGCGGAATGCT,ACGGAAATAACACC,2,60,7,2,-1.252762968495368
11206,TGCGGAATGCT,ACGGAAATAACACC,3,0,8,2,-1.3862943611198906
11207,TGCGGAATGCT,ACGGAAATAACACC,3,2,14,1,-2.6390573296152584
11208,TGCGGAATGCT,ACGGAAATAACACC,3,5,11,1,-2.3978952727983707
11209,TGCGGAATGCT,ACGGAAATAACACC,3,10,15,4,-1.3217558399823195
11210,TGCGGAATGCT,ACGGAAATAACACC,3,15,9,2,-1.5040773967762742
11211,TGCGGAATGCT,ACGGAAATAACACC,3,20,23,3,-2.03688192726104
11212,TGCGGAATGCT,ACGGAAATAACACC,3,40,26,11,-0.8602012652231115
11213,TGCGGAATGCT,ACGGAAATAACACC,3,50,14,1,-2.6390573296152584
11214,TGCGGAATGCT,ACGGAAATAACACC,4,2,20,1,-2.995732273553991
11215,TGCGGAATGCT,ACGGAAATAACACC,4,10,21,4,-1.6582280766035324
11216,TGCGGAATGCT,ACGGAAATAACACC,4,30,12,3,-1.3862943611198906
11217,TGCGGAATGCT,ACGGAAATAACACC,4,40,4,4,0.0
11218,TGCGGAATGCT,ACGGAAATAACACC,4,50,20,9,-0.7985076962177715
11219,TGCGGAATGCT,ACGGAAATAACACC,4,60,28,2,-2.6390573296152584
11220,TGCGGTGCTTA,CTAAACTATAGTCA,2,60,1,35,3.5553480614894135
11221,TGCGGTGCTTA,CTAAACTATAGTCA,3,20,1,31,3.4339872044851463
11222,TGCGGTGCTTA,CTAAACTATAGTCA,4,60,1,45,3.8066624897703196
11223,TGCTACGGTGG,TACTTTATTCCCTA,3,20,1,29,3.3672958299864737
11224,TGCTACGGTGG,TACTTTATTCCCTA,3,50,1,51,3.9318256327243257
11225,TGCTACGGTGG,TACTTTATTCCCTA,4,30,1,36,3.58351893845611
11226,TGCTTACCCTC,CATCCTCCCACGTT,3,20,1,9,2.197224577336219
11227,TGGAAATTAAC,TTCTCACATGGTCA,2,0,14,1,-2.6390573296152584
11228,TGGAAATTAAC,TTCTCACATGGTCA,2,5,23,1,-3.1354942159291497
11229,TGGAAATTAAC,TTCTCACATGGTCA,2,15,22,1,-3.0910424533583156
11230,TGGAAATTAAC,TTCTCACATGGTCA,2,20,14,2,-1.9459101490553132
11231,TGGAAATTAAC,TTCTCACATGGTCA,2,30,23,2,-2.4423470353692043
11232,TGGAAATTAAC,TTCTCACATGGTCA,3,20,11,1,-2.3978952727983707
11233,TGGAAATTAAC,TTCTCACATGGTCA,3,40,8,2,-1.3862943611198906
11234,TGGAAATTAAC,TTCTCACATGGTCA,3,50,15,1,-2.70805020110221
11235,TGGAAATTAAC,TTCTCACATGGTCA,4,2,6,1,-1.791759469228055
11236,TGGAAATTAAC,TTCTCACATGGTCA,4,5,10,3,-1.203972804325936
11237,TGGAAATTAAC,TTCTCACATGGTCA,4,15,13,1,-2.5649493574615367
11238,TGGAAATTAAC,TTCTCACATGGTCA,4,20,10,2,-1.6094379124341003
11239,TGGAAATTAAC,TTCTCACATGGTCA,4,30,10,2,-1.6094379124341003
11240,TGGACCACAAT,CAGCCAAACCATCA,4,20,1,2,0.6931471805599453
11241,TGGAGGCTATA,GTATACAGGCTAAC,2,0,1,10,2.3025850929940455
11242,TGGAGGCTATA,GTATACAGGCTAAC,3,2,1,11,2.3978952727983707
11243,TGGAGGCTATA,GTATACAGGCTAAC,3,40,1,55,4.007333185232471
11244,TGGAGGTTACT,CGGAATTCCGATGT,2,60,1,14,2.6390573296152584
11245,TGGAGGTTACT,CGGAATTCCGATGT,3,20,1,8,2.0794415416798357
11246,TGGAGGTTACT,CGGAATTCCGATGT,3,30,1,23,3.1354942159291497
11247,TGGAGGTTACT,CGGAATTCCGATGT,4,0,1,7,1.9459101490553132
11248,TGGAGGTTACT,CGGAATTCCGATGT,4,15,1,1,0.0
11249,TGGAGGTTACT,CGGAATTCCGATGT,4,20,1,11,2.3978952727983707
11250,TGGATAGAAAT,GCCTCTTATAGCTT,2,5,1,5,1.6094379124341003
11251,TGGATAGAAAT,GCCTCTTATAGCTT,4,5,1,3,1.0986122886681096
11252,TGGATAGAAAT,GCCTCTTATAGCTT,4,15,1,6,1.791759469228055
11253,TGGATCCTCGT,GAAAAGGTCAGTTT,2,15,20,3,-1.8971199848858813
11254,TGGATCCTCGT,GAAAAGGTCAGTTT,2,20,12,1,-2.4849066497880004
11255,TGGATCCTCGT,GAAAAGGTCAGTTT,2,30,19,4,-1.55814461804655
11256,TGGATCCTCGT,GAAAAGGTCAGTTT,2,40,14,1,-2.6390573296152584
11257,TGGATCCTCGT,GAAAAGGTCAGTTT,2,50,11,4,-1.0116009116784799
11258,TGGATCCTCGT,GAAAAGGTCAGTTT,2,60,55,2,-3.3141860046725253
11259,TGGATCCTCGT,GAAAAGGTCAGTTT,3,0,20,1,-2.995732273553991
11260,TGGATCCTCGT,GAAAAGGTCAGTTT,3,2,19,1,-2.9444389791664403
11261,TGGATCCTCGT,GAAAAGGTCAGTTT,3,5,9,1,-2.1972245773362196
11262,TGGATCCTCGT,GAAAAGGTCAGTTT,3,10,18,4,-1.5040773967762742
11263,TGGATCCTCGT,GAAAAGGTCAGTTT,3,15,10,1,-2.3025850929940455
11264,TGGATCCTCGT,GAAAAGGTCAGTTT,3,30,18,5,-1.2809338454620642
11265,TGGATCCTCGT,GAAAAGGTCAGTTT,3,40,31,9,-1.2367626271489267
11266,TGGATCCTCGT,GAAAAGGTCAGTTT,3,50,20,2,-2.3025850929940455
11267,TGGATCCTCGT,GAAAAGGTCAGTTT,4,0,18,2,-2.1972245773362196
11268,TGGATCCTCGT,GAAAAGGTCAGTTT,4,2,5,1,-1.6094379124341003
11269,TGGATCCTCGT,GAAAAGGTCAGTTT,4,5,18,1,-2.8903717578961645
11270,TGGATCCTCGT,GAAAAGGTCAGTTT,4,10,35,4,-2.169053700369523
11271,TGGATCCTCGT,GAAAAGGTCAGTTT,4,20,13,2,-1.8718021769015913
11272,TGGATCCTCGT,GAAAAGGTCAGTTT,4,30,12,1,-2.4849066497880004
11273,TGGATCCTCGT,GAAAAGGTCAGTTT,4,40,17,2,-2.1400661634962708
11274,TGGATCCTCGT,GAAAAGGTCAGTTT,4,50,28,4,-1.9459101490553132
11275,TGGATCCTCGT,GAAAAGGTCAGTTT,4,60,6,1,-1.791759469228055
11276,TGGCATTCTAG,CAACAGTAACATGT,2,50,1,455,6.12029741895095
11277,TGGCCGTGGGG,ATAGGGCGACGCAC,3,50,1,2,0.6931471805599453
11278,TGGCGGGAGAA,ACGGACGAAACATG,2,0,49,6,-2.1000608288825715
11279,TGGCGGGAGAA,ACGGACGAAACATG,2,2,87,6,-2.6741486494265287
11280,TGGCGGGAGAA,ACGGACGAAACATG,2,5,67,7,-2.2587824703356527
11281,TGGCGGGAGAA,ACGGACGAAACATG,2,10,85,19,-1.498212277323876
11282,TGGCGGGAGAA,ACGGACGAAACATG,2,15,108,20,-1.6863989535702286
11283,TGGCGGGAGAA,ACGGACGAAACATG,2,20,71,13,-1.6977305195797787
11284,TGGCGGGAGAA,ACGGACGAAACATG,2,30,111,31,-1.2755429968271879
11285,TGGCGGGAGAA,ACGGACGAAACATG,2,40,110,51,-0.7686547330680904
11286,TGGCGGGAGAA,ACGGACGAAACATG,2,50,180,65,-1.0185695809945732
11287,TGGCGGGAGAA,ACGGACGAAACATG,2,60,59,25,-0.8586616190375187
11288,TGGCGGGAGAA,ACGGACGAAACATG,3,0,41,6,-1.9218125974762528
11289,TGGCGGGAGAA,ACGGACGAAACATG,3,2,50,6,-2.120263536200091
11290,TGGCGGGAGAA,ACGGACGAAACATG,3,5,72,8,-2.1972245773362196
11291,TGGCGGGAGAA,ACGGACGAAACATG,3,10,70,16,-1.4759065198095778
11292,TGGCGGGAGAA,ACGGACGAAACATG,3,15,96,15,-1.856297990365626
11293,TGGCGGGAGAA,ACGGACGAAACATG,3,20,97,24,-1.396657148155437
11294,TGGCGGGAGAA,ACGGACGAAACATG,3,30,42,14,-1.0986122886681098
11295,TGGCGGGAGAA,ACGGACGAAACATG,3,40,75,16,-1.544899391296529
11296,TGGCGGGAGAA,ACGGACGAAACATG,3,50,66,31,-0.7556675375412792
11297,TGGCGGGAGAA,ACGGACGAAACATG,3,60,84,28,-1.0986122886681098
11298,TGGCGGGAGAA,ACGGACGAAACATG,4,0,48,5,-2.2617630984737906
11299,TGGCGGGAGAA,ACGGACGAAACATG,4,2,64,11,-1.7609878105613013
11300,TGGCGGGAGAA,ACGGACGAAACATG,4,5,64,5,-2.5494451709255714
11301,TGGCGGGAGAA,ACGGACGAAACATG,4,10,52,9,-1.754019141245208
11302,TGGCGGGAGAA,ACGGACGAAACATG,4,15,70,12,-1.7635885922613586
11303,TGGCGGGAGAA,ACGGACGAAACATG,4,20,45,9,-1.6094379124341003
11304,TGGCGGGAGAA,ACGGACGAAACATG,4,30,61,13,-1.5459245067117746
11305,TGGCGGGAGAA,ACGGACGAAACATG,4,40,67,25,-0.9858167945227652
11306,TGGCGGGAGAA,ACGGACGAAACATG,4,50,101,33,-1.1186129553747792
11307,TGGCGGGAGAA,ACGGACGAAACATG,4,60,56,11,-1.6274564179367788
11308,TGGGACTTAAC,TATGGTTTATTTTA,2,2,4,1,-1.3862943611198906
11309,TGGGACTTAAC,TATGGTTTATTTTA,2,5,14,1,-2.6390573296152584
11310,TGGGACTTAAC,TATGGTTTATTTTA,2,15,5,1,-1.6094379124341003
11311,TGGGACTTAAC,TATGGTTTATTTTA,2,30,15,6,-0.916290731874155
11312,TGGGACTTAAC,TATGGTTTATTTTA,2,40,13,2,-1.8718021769015913
11313,TGGGACTTAAC,TATGGTTTATTTTA,2,50,22,11,-0.6931471805599453
11314,TGGGACTTAAC,TATGGTTTATTTTA,3,0,5,1,-1.6094379124341003
11315,TGGGACTTAAC,TATGGTTTATTTTA,3,10,12,1,-2.4849066497880004
11316,TGGGACTTAAC,TATGGTTTATTTTA,3,15,3,1,-1.0986122886681098
11317,TGGGACTTAAC,TATGGTTTATTTTA,3,20,9,1,-2.1972245773362196
11318,TGGGACTTAAC,TATGGTTTATTTTA,3,40,7,4,-0.5596157879354227
11319,TGGGACTTAAC,TATGGTTTATTTTA,3,50,6,4,-0.40546510810816444
11320,TGGGACTTAAC,TATGGTTTATTTTA,3,60,3,1,-1.0986122886681098
11321,TGGGACTTAAC,TATGGTTTATTTTA,4,2,5,1,-1.6094379124341003
11322,TGGGACTTAAC,TATGGTTTATTTTA,4,5,20,2,-2.3025850929940455
11323,TGGGACTTAAC,TATGGTTTATTTTA,4,10,11,2,-1.7047480922384253
11324,TGGGACTTAAC,TATGGTTTATTTTA,4,15,11,2,-1.7047480922384253
11325,TGGGACTTAAC,TATGGTTTATTTTA,4,20,6,5,-0.1823215567939546
11326,TGGGACTTAAC,TATGGTTTATTTTA,4,40,9,4,-0.8109302162163288
11327,TGGTCTCCACC,CGGGCAGGTTGGTT,2,0,42,7,-1.791759469228055
11328,TGGTCTCCACC,CGGGCAGGTTGGTT,2,2,57,5,-2.4336133554004498
11329,TGGTCTCCACC,CGGGCAGGTTGGTT,2,5,50,5,-2.3025850929940455
11330,TGGTCTCCACC,CGGGCAGGTTGGTT,2,10,42,6,-1.9459101490553132
11331,TGGTCTCCACC,CGGGCAGGTTGGTT,2,15,32,3,-2.367123614131617
11332,TGGTCTCCACC,CGGGCAGGTTGGTT,2,20,49,3,-2.793208009442517
11333,TGGTCTCCACC,CGGGCAGGTTGGTT,2,30,47,6,-2.0583881324820035
11334,TGGTCTCCACC,CGGGCAGGTTGGTT,2,40,26,7,-1.3121863889661687
11335,TGGTCTCCACC,CGGGCAGGTTGGTT,2,50,27,6,-1.5040773967762742
11336,TGGTCTCCACC,CGGGCAGGTTGGTT,2,60,57,16,-1.270462545594769
11337,TGGTCTCCACC,CGGGCAGGTTGGTT,3,0,33,4,-2.1102132003465894
11338,TGGTCTCCACC,CGGGCAGGTTGGTT,3,2,41,3,-2.614959778036198
11339,TGGTCTCCACC,CGGGCAGGTTGGTT,3,5,49,10,-1.5892352051165808
11340,TGGTCTCCACC,CGGGCAGGTTGGTT,3,10,62,9,-1.929909807708872
11341,TGGTCTCCACC,CGGGCAGGTTGGTT,3,15,58,5,-2.451005098112319
11342,TGGTCTCCACC,CGGGCAGGTTGGTT,3,20,56,7,-2.0794415416798357
11343,TGGTCTCCACC,CGGGCAGGTTGGTT,3,30,50,8,-1.83258146374831
11344,TGGTCTCCACC,CGGGCAGGTTGGTT,3,40,68,7,-2.2735975561207935
11345,TGGTCTCCACC,CGGGCAGGTTGGTT,3,50,54,24,-0.8109302162163288
11346,TGGTCTCCACC,CGGGCAGGTTGGTT,3,60,42,8,-1.6582280766035324
11347,TGGTCTCCACC,CGGGCAGGTTGGTT,4,0,47,8,-1.7707060600302227
11348,TGGTCTCCACC,CGGGCAGGTTGGTT,4,2,48,7,-1.9252908618525775
11349,TGGTCTCCACC,CGGGCAGGTTGGTT,4,5,29,5,-1.7578579175523736
11350,TGGTCTCCACC,CGGGCAGGTTGGTT,4,10,64,11,-1.7609878105613013
11351,TGGTCTCCACC,CGGGCAGGTTGGTT,4,15,53,6,-2.1785324443240666
11352,TGGTCTCCACC,CGGGCAGGTTGGTT,4,20,35,3,-2.456735772821304
11353,TGGTCTCCACC,CGGGCAGGTTGGTT,4,30,39,12,-1.178654996341646
11354,TGGTCTCCACC,CGGGCAGGTTGGTT,4,40,57,3,-2.9444389791664403
11355,TGGTCTCCACC,CGGGCAGGTTGGTT,4,50,53,11,-1.5723966407537513
11356,TGGTCTCCACC,CGGGCAGGTTGGTT,4,60,53,7,-2.0243817644968085
11357,TGGTTGTAGGG,AAACCGTAGCGACG,2,50,12,2,-1.791759469228055
11358,TGGTTGTAGGG,AAACCGTAGCGACG,3,0,8,2,-1.3862943611198906
11359,TGGTTGTAGGG,AAACCGTAGCGACG,3,5,8,4,-0.6931471805599453
11360,TGGTTGTAGGG,AAACCGTAGCGACG,3,15,4,1,-1.3862943611198906
11361,TGGTTGTAGGG,AAACCGTAGCGACG,3,20,4,1,-1.3862943611198906
11362,TGGTTGTAGGG,AAACCGTAGCGACG,3,30,5,3,-0.5108256237659907
11363,TGGTTGTAGGG,AAACCGTAGCGACG,3,40,1,1,0.0
11364,TGGTTGTAGGG,AAACCGTAGCGACG,3,50,10,1,-2.3025850929940455
11365,TGGTTGTAGGG,AAACCGTAGCGACG,3,60,7,1,-1.9459101490553132
11366,TGGTTGTAGGG,AAACCGTAGCGACG,4,2,1,1,0.0
11367,TGGTTGTAGGG,AAACCGTAGCGACG,4,10,11,3,-1.2992829841302609
11368,TGGTTGTAGGG,AAACCGTAGCGACG,4,30,5,1,-1.6094379124341003
11369,TGGTTGTAGGG,AAACCGTAGCGACG,4,50,16,4,-1.3862943611198906
11370,TGGTTGTAGGG,AAACCGTAGCGACG,4,60,5,2,-0.916290731874155
11371,TGTACAAATTT,TGAGGACTCAGCGT,3,0,1,2,0.6931471805599453
11372,TGTATGCGTAT,GTATCGGTAAATCA,2,60,1,4,1.3862943611198906
11373,TGTCTCTCCCC,CATACCCACTCTCC,2,0,131,10,-2.5726122302071057
11374,TGTCTCTCCCC,CATACCCACTCTCC,2,2,118,20,-1.7749523509116738
11375,TGTCTCTCCCC,CATACCCACTCTCC,2,5,67,6,-2.412933150162911
11376,TGTCTCTCCCC,CATACCCACTCTCC,2,10,183,20,-2.21375387928743
11377,TGTCTCTCCCC,CATACCCACTCTCC,2,15,175,19,-2.2203469947570738
11378,TGTCTCTCCCC,CATACCCACTCTCC,2,20,125,17,-1.995100393246085
11379,TGTCTCTCCCC,CATACCCACTCTCC,2,30,157,26,-1.798149267326826
11380,TGTCTCTCCCC,CATACCCACTCTCC,2,40,161,44,-1.2972147310662017
11381,TGTCTCTCCCC,CATACCCACTCTCC,2,50,146,40,-1.2947271675944
11382,TGTCTCTCCCC,CATACCCACTCTCC,2,60,130,22,-1.7764919970972666
11383,TGTCTCTCCCC,CATACCCACTCTCC,3,0,61,6,-2.3191143949452564
11384,TGTCTCTCCCC,CATACCCACTCTCC,3,2,132,8,-2.803360380906535
11385,TGTCTCTCCCC,CATACCCACTCTCC,3,5,120,13,-2.222542385320509
11386,TGTCTCTCCCC,CATACCCACTCTCC,3,10,113,23,-1.5918936027831907
11387,TGTCTCTCCCC,CATACCCACTCTCC,3,15,144,21,-1.9252908618525775
11388,TGTCTCTCCCC,CATACCCACTCTCC,3,20,124,21,-1.7757591278816138
11389,TGTCTCTCCCC,CATACCCACTCTCC,3,30,134,28,-1.5656352897757073
11390,TGTCTCTCCCC,CATACCCACTCTCC,3,40,51,21,-0.8873031950009028
11391,TGTCTCTCCCC,CATACCCACTCTCC,3,50,114,17,-1.9029851043382793
11392,TGTCTCTCCCC,CATACCCACTCTCC,3,60,120,17,-1.9542783987258299
11393,TGTCTCTCCCC,CATACCCACTCTCC,4,0,116,7,-2.807680042051051
11394,TGTCTCTCCCC,CATACCCACTCTCC,4,2,134,16,-2.12525107771113
11395,TGTCTCTCCCC,CATACCCACTCTCC,4,5,67,8,-2.12525107771113
11396,TGTCTCTCCCC,CATACCCACTCTCC,4,10,125,24,-1.6502599069543553
11397,TGTCTCTCCCC,CATACCCACTCTCC,4,15,142,29,-1.5885312276147867
11398,TGTCTCTCCCC,CATACCCACTCTCC,4,20,97,18,-1.684339220607218
11399,TGTCTCTCCCC,CATACCCACTCTCC,4,30,151,23,-1.8817856208857746
11400,TGTCTCTCCCC,CATACCCACTCTCC,4,40,95,12,-2.0689702418125404
11401,TGTCTCTCCCC,CATACCCACTCTCC,4,50,172,46,-1.318853080324358
11402,TGTCTCTCCCC,CATACCCACTCTCC,4,60,113,22,-1.6363453653540248
11403,TGTGTTAGGAA,GCCACTCTCGGTAC,2,0,24,1,-3.1780538303479458
11404,TGTGTTAGGAA,GCCACTCTCGGTAC,2,2,24,3,-2.0794415416798357
11405,TGTGTTAGGAA,GCCACTCTCGGTAC,2,5,25,2,-2.525728644308255
11406,TGTGTTAGGAA,GCCACTCTCGGTAC,2,10,20,2,-2.3025850929940455
11407,TGTGTTAGGAA,GCCACTCTCGGTAC,2,15,36,4,-2.1972245773362196
11408,TGTGTTAGGAA,GCCACTCTCGGTAC,2,20,27,3,-2.1972245773362196
11409,TGTGTTAGGAA,GCCACTCTCGGTAC,2,30,15,4,-1.3217558399823195
11410,TGTGTTAGGAA,GCCACTCTCGGTAC,2,40,24,2,-2.4849066497880004
11411,TGTGTTAGGAA,GCCACTCTCGGTAC,2,50,34,7,-1.580450375560848
11412,TGTGTTAGGAA,GCCACTCTCGGTAC,2,60,21,2,-2.3513752571634776
11413,TGTGTTAGGAA,GCCACTCTCGGTAC,3,0,17,1,-2.833213344056216
11414,TGTGTTAGGAA,GCCACTCTCGGTAC,3,2,23,1,-3.1354942159291497
11415,TGTGTTAGGAA,GCCACTCTCGGTAC,3,5,29,2,-2.6741486494265287
11416,TGTGTTAGGAA,GCCACTCTCGGTAC,3,15,29,1,-3.3672958299864737
11417,TGTGTTAGGAA,GCCACTCTCGGTAC,3,20,34,4,-2.1400661634962708
11418,TGTGTTAGGAA,GCCACTCTCGGTAC,3,30,17,2,-2.1400661634962708
11419,TGTGTTAGGAA,GCCACTCTCGGTAC,3,40,32,6,-1.6739764335716716
11420,TGTGTTAGGAA,GCCACTCTCGGTAC,3,50,9,1,-2.1972245773362196
11421,TGTGTTAGGAA,GCCACTCTCGGTAC,3,60,23,3,-2.03688192726104
11422,TGTGTTAGGAA,GCCACTCTCGGTAC,4,2,14,1,-2.6390573296152584
11423,TGTGTTAGGAA,GCCACTCTCGGTAC,4,5,18,2,-2.1972245773362196
11424,TGTGTTAGGAA,GCCACTCTCGGTAC,4,10,31,1,-3.4339872044851463
11425,TGTGTTAGGAA,GCCACTCTCGGTAC,4,15,22,2,-2.3978952727983707
11426,TGTGTTAGGAA,GCCACTCTCGGTAC,4,20,21,1,-3.044522437723423
11427,TGTGTTAGGAA,GCCACTCTCGGTAC,4,30,46,1,-3.828641396489095
11428,TGTGTTAGGAA,GCCACTCTCGGTAC,4,50,21,4,-1.6582280766035324
11429,TGTGTTAGGAA,GCCACTCTCGGTAC,4,60,24,1,-3.1780538303479458
11430,TGTTAAGTAAT,TAGGAAACAACCTA,2,2,22,3,-1.992430164690206
11431,TGTTAAGTAAT,TAGGAAACAACCTA,2,5,15,1,-2.70805020110221
11432,TGTTAAGTAAT,TAGGAAACAACCTA,2,10,28,5,-1.7227665977411035
11433,TGTTAAGTAAT,TAGGAAACAACCTA,2,20,17,3,-1.7346010553881062
11434,TGTTAAGTAAT,TAGGAAACAACCTA,2,30,24,6,-1.3862943611198906
11435,TGTTAAGTAAT,TAGGAAACAACCTA,2,40,51,24,-0.7537718023763802
11436,TGTTAAGTAAT,TAGGAAACAACCTA,2,50,19,14,-0.30538164955118186
11437,TGTTAAGTAAT,TAGGAAACAACCTA,2,60,31,10,-1.1314021114911006
11438,TGTTAAGTAAT,TAGGAAACAACCTA,3,5,18,1,-2.8903717578961645
11439,TGTTAAGTAAT,TAGGAAACAACCTA,3,10,17,3,-1.7346010553881062
11440,TGTTAAGTAAT,TAGGAAACAACCTA,3,15,21,3,-1.9459101490553132
11441,TGTTAAGTAAT,TAGGAAACAACCTA,3,20,29,4,-1.9810014688665833
11442,TGTTAAGTAAT,TAGGAAACAACCTA,3,30,21,2,-2.3513752571634776
11443,TGTTAAGTAAT,TAGGAAACAACCTA,3,40,24,1,-3.1780538303479458
11444,TGTTAAGTAAT,TAGGAAACAACCTA,3,50,21,5,-1.4350845252893227
11445,TGTTAAGTAAT,TAGGAAACAACCTA,3,60,17,3,-1.7346010553881062
11446,TGTTAAGTAAT,TAGGAAACAACCTA,4,2,30,4,-2.0149030205422647
11447,TGTTAAGTAAT,TAGGAAACAACCTA,4,5,26,1,-3.2580965380214817
11448,TGTTAAGTAAT,TAGGAAACAACCTA,4,10,28,4,-1.9459101490553132
11449,TGTTAAGTAAT,TAGGAAACAACCTA,4,20,18,4,-1.5040773967762742
11450,TGTTAAGTAAT,TAGGAAACAACCTA,4,30,12,3,-1.3862943611198906
11451,TGTTAAGTAAT,TAGGAAACAACCTA,4,50,44,6,-1.992430164690206
11452,TGTTAAGTAAT,TAGGAAACAACCTA,4,60,29,5,-1.7578579175523736
11453,TGTTCTGGAAA,CTCCCTCGCGATTA,2,0,21,1,-3.044522437723423
11454,TGTTCTGGAAA,CTCCCTCGCGATTA,2,2,8,1,-2.0794415416798357
11455,TGTTCTGGAAA,CTCCCTCGCGATTA,2,10,39,2,-2.970414465569701
11456,TGTTCTGGAAA,CTCCCTCGCGATTA,2,20,60,1,-4.0943445622221
11457,TGTTCTGGAAA,CTCCCTCGCGATTA,2,40,27,3,-2.1972245773362196
11458,TGTTCTGGAAA,CTCCCTCGCGATTA,2,50,38,3,-2.538973871058276
11459,TGTTCTGGAAA,CTCCCTCGCGATTA,2,60,37,2,-2.917770732084279
11460,TGTTCTGGAAA,CTCCCTCGCGATTA,3,2,15,1,-2.70805020110221
11461,TGTTCTGGAAA,CTCCCTCGCGATTA,3,5,30,1,-3.4011973816621555
11462,TGTTCTGGAAA,CTCCCTCGCGATTA,3,10,28,1,-3.332204510175204
11463,TGTTCTGGAAA,CTCCCTCGCGATTA,3,20,18,1,-2.8903717578961645
11464,TGTTCTGGAAA,CTCCCTCGCGATTA,4,5,17,3,-1.7346010553881062
11465,TGTTCTGGAAA,CTCCCTCGCGATTA,4,10,22,3,-1.992430164690206
11466,TGTTCTGGAAA,CTCCCTCGCGATTA,4,15,19,3,-1.8458266904983307
11467,TGTTCTGGAAA,CTCCCTCGCGATTA,4,60,33,1,-3.4965075614664802
11468,TGTTTAATACA,TTGCCTCAGTATTG,3,0,1,4,1.3862943611198906
11469,TGTTTAATACA,TTGCCTCAGTATTG,4,2,1,10,2.3025850929940455
11470,TGTTTAATACA,TTGCCTCAGTATTG,4,20,1,216,5.375278407684164
11471,TGTTTTTCGGC,TTGACAGCGACGGT,2,15,1,29,3.3672958299864737
11472,TGTTTTTCGGC,TTGACAGCGACGGT,3,60,1,35,3.5553480614894135
11473,TGTTTTTCGGC,TTGACAGCGACGGT,4,60,1,34,3.526360524616161
11474,TTAACGTCCTG,CACCTTAGACTCTA,2,15,1,1,0.0
11475,TTAACTACTAG,TCAGTGGCAACAAC,2,5,4,1,-1.3862943611198906
11476,TTAACTCGTAT,GTTGAACAATAAAT,2,0,7,1,-1.9459101490553132
11477,TTAACTCGTAT,GTTGAACAATAAAT,2,2,7,3,-0.8472978603872037
11478,TTAACTCGTAT,GTTGAACAATAAAT,2,20,15,3,-1.6094379124341003
11479,TTAACTCGTAT,GTTGAACAATAAAT,2,30,6,1,-1.791759469228055
11480,TTAACTCGTAT,GTTGAACAATAAAT,2,40,16,1,-2.772588722239781
11481,TTAACTCGTAT,GTTGAACAATAAAT,2,50,7,1,-1.9459101490553132
11482,TTAACTCGTAT,GTTGAACAATAAAT,3,0,6,2,-1.0986122886681098
11483,TTAACTCGTAT,GTTGAACAATAAAT,3,2,3,1,-1.0986122886681098
11484,TTAACTCGTAT,GTTGAACAATAAAT,3,10,5,2,-0.916290731874155
11485,TTAACTCGTAT,GTTGAACAATAAAT,3,30,3,3,0.0
11486,TTAACTCGTAT,GTTGAACAATAAAT,3,40,11,1,-2.3978952727983707
11487,TTAACTCGTAT,GTTGAACAATAAAT,3,60,15,2,-2.0149030205422647
11488,TTAACTCGTAT,GTTGAACAATAAAT,4,15,4,1,-1.3862943611198906
11489,TTAACTCGTAT,GTTGAACAATAAAT,4,30,9,2,-1.5040773967762742
11490,TTAACTCGTAT,GTTGAACAATAAAT,4,40,8,1,-2.0794415416798357
11491,TTAACTCGTAT,GTTGAACAATAAAT,4,50,3,2,-0.40546510810816444
11492,TTAAGGAGAGT,CGTAGTCTAGGACT,2,0,11,1,-2.3978952727983707
11493,TTAAGGAGAGT,CGTAGTCTAGGACT,2,2,29,1,-3.3672958299864737
11494,TTAAGGAGAGT,CGTAGTCTAGGACT,2,5,17,2,-2.1400661634962708
11495,TTAAGGAGAGT,CGTAGTCTAGGACT,2,10,28,5,-1.7227665977411035
11496,TTAAGGAGAGT,CGTAGTCTAGGACT,2,15,53,7,-2.0243817644968085
11497,TTAAGGAGAGT,CGTAGTCTAGGACT,2,20,17,4,-1.4469189829363254
11498,TTAAGGAGAGT,CGTAGTCTAGGACT,2,30,24,5,-1.5686159179138452
11499,TTAAGGAGAGT,CGTAGTCTAGGACT,2,40,46,1,-3.828641396489095
11500,TTAAGGAGAGT,CGTAGTCTAGGACT,2,50,27,2,-2.6026896854443837
11501,TTAAGGAGAGT,CGTAGTCTAGGACT,2,60,27,4,-1.9095425048844383
11502,TTAAGGAGAGT,CGTAGTCTAGGACT,3,0,28,1,-3.332204510175204
11503,TTAAGGAGAGT,CGTAGTCTAGGACT,3,2,42,1,-3.7376696182833684
11504,TTAAGGAGAGT,CGTAGTCTAGGACT,3,5,36,8,-1.5040773967762742
11505,TTAAGGAGAGT,CGTAGTCTAGGACT,3,10,31,8,-1.3545456628053103
11506,TTAAGGAGAGT,CGTAGTCTAGGACT,3,15,37,2,-2.917770732084279
11507,TTAAGGAGAGT,CGTAGTCTAGGACT,3,20,51,13,-1.366876275262789
11508,TTAAGGAGAGT,CGTAGTCTAGGACT,3,30,29,1,-3.3672958299864737
11509,TTAAGGAGAGT,CGTAGTCTAGGACT,3,40,23,7,-1.1895840668738362
11510,TTAAGGAGAGT,CGTAGTCTAGGACT,3,50,24,5,-1.5686159179138452
11511,TTAAGGAGAGT,CGTAGTCTAGGACT,3,60,10,8,-0.2231435513142097
11512,TTAAGGAGAGT,CGTAGTCTAGGACT,4,2,27,1,-3.295836866004329
11513,TTAAGGAGAGT,CGTAGTCTAGGACT,4,5,16,1,-2.772588722239781
11514,TTAAGGAGAGT,CGTAGTCTAGGACT,4,10,52,4,-2.5649493574615367
11515,TTAAGGAGAGT,CGTAGTCTAGGACT,4,15,46,3,-2.730029107820985
11516,TTAAGGAGAGT,CGTAGTCTAGGACT,4,20,12,3,-1.3862943611198906
11517,TTAAGGAGAGT,CGTAGTCTAGGACT,4,30,27,2,-2.6026896854443837
11518,TTAAGGAGAGT,CGTAGTCTAGGACT,4,40,43,8,-1.6817585740137264
11519,TTAAGGAGAGT,CGTAGTCTAGGACT,4,50,32,3,-2.367123614131617
11520,TTAAGGAGAGT,CGTAGTCTAGGACT,4,60,32,1,-3.4657359027997265
11521,TTAAGTTTGCA,CCAGCTCTTGGACG,2,0,1,1,0.0
11522,TTAATCTTCCC,TATGACTTCCATTG,2,0,177,1,-5.176149732573829
11523,TTAATCTTCCC,TATGACTTCCATTG,2,2,179,2,-4.4942386252808095
11524,TTAATCTTCCC,TATGACTTCCATTG,2,5,208,1,-5.337538079701318
11525,TTAATCTTCCC,TATGACTTCCATTG,2,10,178,2,-4.48863636973214
11526,TTAATCTTCCC,TATGACTTCCATTG,2,15,239,5,-3.86702563949741
11527,TTAATCTTCCC,TATGACTTCCATTG,2,20,209,1,-5.342334251964811
11528,TTAATCTTCCC,TATGACTTCCATTG,2,30,265,1,-5.579729825986222
11529,TTAATCTTCCC,TATGACTTCCATTG,2,40,218,3,-4.285882774120979
11530,TTAATCTTCCC,TATGACTTCCATTG,2,50,247,2,-4.816241156068032
11531,TTAATCTTCCC,TATGACTTCCATTG,2,60,195,5,-3.6635616461296463
11532,TTAATCTTCCC,TATGACTTCCATTG,3,0,170,1,-5.135798437050262
11533,TTAATCTTCCC,TATGACTTCCATTG,3,2,150,2,-4.31748811353631
11534,TTAATCTTCCC,TATGACTTCCATTG,3,5,188,3,-4.137829674161839
11535,TTAATCTTCCC,TATGACTTCCATTG,3,10,277,3,-4.5254052175192285
11536,TTAATCTTCCC,TATGACTTCCATTG,3,15,216,1,-5.375278407684165
11537,TTAATCTTCCC,TATGACTTCCATTG,3,20,199,1,-5.293304824724492
11538,TTAATCTTCCC,TATGACTTCCATTG,3,30,162,2,-4.394449154672438
11539,TTAATCTTCCC,TATGACTTCCATTG,3,40,213,3,-4.2626798770413155
11540,TTAATCTTCCC,TATGACTTCCATTG,3,50,160,6,-3.2834143460057716
11541,TTAATCTTCCC,TATGACTTCCATTG,3,60,189,1,-5.241747015059643
11542,TTAATCTTCCC,TATGACTTCCATTG,4,0,149,2,-4.310799125385514
11543,TTAATCTTCCC,TATGACTTCCATTG,4,2,196,1,-5.278114659230517
11544,TTAATCTTCCC,TATGACTTCCATTG,4,5,150,1,-5.0106352940962555
11545,TTAATCTTCCC,TATGACTTCCATTG,4,10,191,4,-3.865979066926739
11546,TTAATCTTCCC,TATGACTTCCATTG,4,20,187,8,-3.1516670751747506
11547,TTAATCTTCCC,TATGACTTCCATTG,4,30,172,4,-3.7612001156935624
11548,TTAATCTTCCC,TATGACTTCCATTG,4,40,292,5,-4.067315889834181
11549,TTAATCTTCCC,TATGACTTCCATTG,4,50,228,6,-3.6375861597263857
11550,TTAATCTTCCC,TATGACTTCCATTG,4,60,156,4,-3.6635616461296463
11551,TTACAACTTTT,CCATATGCGATCAT,2,15,2,2,0.0
11552,TTACAACTTTT,CCATATGCGATCAT,3,10,9,1,-2.1972245773362196
11553,TTACAACTTTT,CCATATGCGATCAT,3,30,3,2,-0.40546510810816444
11554,TTACAACTTTT,CCATATGCGATCAT,4,2,1,1,0.0
11555,TTACGGTCTAC,TAGGGTGTCACAAG,3,0,1,2,0.6931471805599453
11556,TTACGGTCTAC,TAGGGTGTCACAAG,3,20,1,9,2.197224577336219
11557,TTAGACAGGCC,ATCTCTCTGGTGGG,2,2,15,1,-2.70805020110221
11558,TTAGACAGGCC,ATCTCTCTGGTGGG,2,5,25,4,-1.83258146374831
11559,TTAGACAGGCC,ATCTCTCTGGTGGG,2,10,21,3,-1.9459101490553132
11560,TTAGACAGGCC,ATCTCTCTGGTGGG,2,20,20,3,-1.8971199848858813
11561,TTAGACAGGCC,ATCTCTCTGGTGGG,2,30,9,2,-1.5040773967762742
11562,TTAGACAGGCC,ATCTCTCTGGTGGG,2,40,20,5,-1.3862943611198906
11563,TTAGACAGGCC,ATCTCTCTGGTGGG,2,50,20,2,-2.3025850929940455
11564,TTAGACAGGCC,ATCTCTCTGGTGGG,2,60,13,2,-1.8718021769015913
11565,TTAGACAGGCC,ATCTCTCTGGTGGG,3,0,14,1,-2.6390573296152584
11566,TTAGACAGGCC,ATCTCTCTGGTGGG,3,10,30,2,-2.70805020110221
11567,TTAGACAGGCC,ATCTCTCTGGTGGG,3,15,15,2,-2.0149030205422647
11568,TTAGACAGGCC,ATCTCTCTGGTGGG,3,20,22,2,-2.3978952727983707
11569,TTAGACAGGCC,ATCTCTCTGGTGGG,3,30,23,4,-1.749199854809259
11570,TTAGACAGGCC,ATCTCTCTGGTGGG,3,40,26,2,-2.5649493574615367
11571,TTAGACAGGCC,ATCTCTCTGGTGGG,3,50,23,6,-1.3437347467010947
11572,TTAGACAGGCC,ATCTCTCTGGTGGG,3,60,24,3,-2.0794415416798357
11573,TTAGACAGGCC,ATCTCTCTGGTGGG,4,0,25,2,-2.525728644308255
11574,TTAGACAGGCC,ATCTCTCTGGTGGG,4,2,24,1,-3.1780538303479458
11575,TTAGACAGGCC,ATCTCTCTGGTGGG,4,5,15,1,-2.70805020110221
11576,TTAGACAGGCC,ATCTCTCTGGTGGG,4,10,12,1,-2.4849066497880004
11577,TTAGACAGGCC,ATCTCTCTGGTGGG,4,15,15,2,-2.0149030205422647
11578,TTAGACAGGCC,ATCTCTCTGGTGGG,4,30,19,1,-2.9444389791664403
11579,TTAGACAGGCC,ATCTCTCTGGTGGG,4,40,31,7,-1.4880770554298328
11580,TTAGACAGGCC,ATCTCTCTGGTGGG,4,50,24,5,-1.5686159179138452
11581,TTAGACAGGCC,ATCTCTCTGGTGGG,4,60,8,4,-0.6931471805599453
11582,TTAGACTTGTG,GGCCGGATTAAGCT,2,0,1,26,3.2580965380214817
11583,TTAGACTTGTG,GGCCGGATTAAGCT,2,20,1,60,4.0943445622221
11584,TTAGACTTGTG,GGCCGGATTAAGCT,2,50,1,71,4.2626798770413155
11585,TTAGACTTGTG,GGCCGGATTAAGCT,3,5,1,25,3.2188758248682006
11586,TTAGACTTGTG,GGCCGGATTAAGCT,3,15,1,44,3.784189633918261
11587,TTATAGTCCTA,GTGTTGCCGTTGGC,4,40,1,20,2.995732273553991
11588,TTATAGTGCAC,GGAGCCTAAATACC,2,0,2,1,-0.6931471805599453
11589,TTATAGTGCAC,GGAGCCTAAATACC,2,2,7,1,-1.9459101490553132
11590,TTATAGTGCAC,GGAGCCTAAATACC,2,15,26,4,-1.8718021769015913
11591,TTATAGTGCAC,GGAGCCTAAATACC,2,20,11,1,-2.3978952727983707
11592,TTATAGTGCAC,GGAGCCTAAATACC,2,40,2,1,-0.6931471805599453
11593,TTATAGTGCAC,GGAGCCTAAATACC,2,60,11,4,-1.0116009116784799
11594,TTATAGTGCAC,GGAGCCTAAATACC,3,5,7,2,-1.252762968495368
11595,TTATAGTGCAC,GGAGCCTAAATACC,3,20,6,3,-0.6931471805599453
11596,TTATAGTGCAC,GGAGCCTAAATACC,3,50,1,1,0.0
11597,TTATAGTGCAC,GGAGCCTAAATACC,4,2,16,1,-2.772588722239781
11598,TTATAGTGCAC,GGAGCCTAAATACC,4,10,13,2,-1.8718021769015913
11599,TTATAGTGCAC,GGAGCCTAAATACC,4,15,20,7,-1.0498221244986778
11600,TTATAGTGCAC,GGAGCCTAAATACC,4,30,3,11,1.2992829841302607
11601,TTATAGTGCAC,GGAGCCTAAATACC,4,50,11,3,-1.2992829841302609
11602,TTATGGACTAC,ACCATTGATACCTC,2,0,58,3,-2.9618307218783095
11603,TTATGGACTAC,ACCATTGATACCTC,2,2,39,3,-2.5649493574615367
11604,TTATGGACTAC,ACCATTGATACCTC,2,5,50,6,-2.120263536200091
11605,TTATGGACTAC,ACCATTGATACCTC,2,10,24,5,-1.5686159179138452
11606,TTATGGACTAC,ACCATTGATACCTC,2,15,66,10,-1.8870696490323797
11607,TTATGGACTAC,ACCATTGATACCTC,2,20,65,9,-1.9771626925594177
11608,TTATGGACTAC,ACCATTGATACCTC,2,30,26,3,-2.159484249353372
11609,TTATGGACTAC,ACCATTGATACCTC,2,40,59,8,-1.9980959022258835
11610,TTATGGACTAC,ACCATTGATACCTC,2,50,76,12,-1.8458266904983307
11611,TTATGGACTAC,ACCATTGATACCTC,2,60,58,20,-1.0647107369924282
11612,TTATGGACTAC,ACCATTGATACCTC,3,0,40,2,-2.995732273553991
11613,TTATGGACTAC,ACCATTGATACCTC,3,2,39,2,-2.970414465569701
11614,TTATGGACTAC,ACCATTGATACCTC,3,5,62,3,-3.0285220963769817
11615,TTATGGACTAC,ACCATTGATACCTC,3,10,51,4,-2.545531271604435
11616,TTATGGACTAC,ACCATTGATACCTC,3,15,58,10,-1.7578579175523736
11617,TTATGGACTAC,ACCATTGATACCTC,3,20,52,5,-2.341805806147327
11618,TTATGGACTAC,ACCATTGATACCTC,3,30,49,3,-2.793208009442517
11619,TTATGGACTAC,ACCATTGATACCTC,3,40,35,11,-1.157452788691043
11620,TTATGGACTAC,ACCATTGATACCTC,3,50,48,12,-1.3862943611198906
11621,TTATGGACTAC,ACCATTGATACCTC,3,60,33,4,-2.1102132003465894
11622,TTATGGACTAC,ACCATTGATACCTC,4,0,28,1,-3.332204510175204
11623,TTATGGACTAC,ACCATTGATACCTC,4,2,41,6,-1.9218125974762528
11624,TTATGGACTAC,ACCATTGATACCTC,4,5,37,1,-3.6109179126442243
11625,TTATGGACTAC,ACCATTGATACCTC,4,10,32,6,-1.6739764335716716
11626,TTATGGACTAC,ACCATTGATACCTC,4,15,62,8,-2.0476928433652555
11627,TTATGGACTAC,ACCATTGATACCTC,4,20,35,4,-2.169053700369523
11628,TTATGGACTAC,ACCATTGATACCTC,4,30,60,7,-2.1484344131667874
11629,TTATGGACTAC,ACCATTGATACCTC,4,40,46,13,-1.2636920390275583
11630,TTATGGACTAC,ACCATTGATACCTC,4,50,80,16,-1.6094379124341003
11631,TTATGGACTAC,ACCATTGATACCTC,4,60,46,6,-2.03688192726104
11632,TTCACAATAGT,GTGATTACCTATTC,2,2,15,1,-2.70805020110221
11633,TTCACAATAGT,GTGATTACCTATTC,2,5,10,1,-2.3025850929940455
11634,TTCACAATAGT,GTGATTACCTATTC,2,10,3,1,-1.0986122886681098
11635,TTCACAATAGT,GTGATTACCTATTC,2,20,9,2,-1.5040773967762742
11636,TTCACAATAGT,GTGATTACCTATTC,2,40,16,4,-1.3862943611198906
11637,TTCACAATAGT,GTGATTACCTATTC,2,50,16,4,-1.3862943611198906
11638,TTCACAATAGT,GTGATTACCTATTC,2,60,5,1,-1.6094379124341003
11639,TTCACAATAGT,GTGATTACCTATTC,3,0,3,1,-1.0986122886681098
11640,TTCACAATAGT,GTGATTACCTATTC,3,5,11,1,-2.3978952727983707
11641,TTCACAATAGT,GTGATTACCTATTC,3,10,9,1,-2.1972245773362196
11642,TTCACAATAGT,GTGATTACCTATTC,3,15,32,3,-2.367123614131617
11643,TTCACAATAGT,GTGATTACCTATTC,3,20,24,4,-1.791759469228055
11644,TTCACAATAGT,GTGATTACCTATTC,3,30,9,2,-1.5040773967762742
11645,TTCACAATAGT,GTGATTACCTATTC,3,40,33,5,-1.8870696490323797
11646,TTCACAATAGT,GTGATTACCTATTC,4,0,27,2,-2.6026896854443837
11647,TTCACAATAGT,GTGATTACCTATTC,4,2,17,3,-1.7346010553881062
11648,TTCACAATAGT,GTGATTACCTATTC,4,5,4,3,-0.2876820724517809
11649,TTCACAATAGT,GTGATTACCTATTC,4,10,20,4,-1.6094379124341003
11650,TTCACAATAGT,GTGATTACCTATTC,4,20,12,4,-1.0986122886681098
11651,TTCACAATAGT,GTGATTACCTATTC,4,30,10,1,-2.3025850929940455
11652,TTCACAATAGT,GTGATTACCTATTC,4,40,18,4,-1.5040773967762742
11653,TTCACAATAGT,GTGATTACCTATTC,4,50,10,1,-2.3025850929940455
11654,TTCATGCATAT,ATTGCATTAAATGT,2,20,1,49,3.8918202981106265
11655,TTCCAATTTCC,GTAACCGCTAAATC,3,10,1,3,1.0986122886681096
11656,TTCCAATTTCC,GTAACCGCTAAATC,4,5,1,5,1.6094379124341003
11657,TTCCACACCAC,TTGCAAGGATTTCA,2,15,1,30,3.4011973816621555
11658,TTCCACACCAC,TTGCAAGGATTTCA,2,60,1,23,3.1354942159291497
11659,TTCCACACCAC,TTGCAAGGATTTCA,4,5,1,14,2.6390573296152584
11660,TTCCCATCATG,AGACATAGCTCTAA,2,0,74,7,-2.3581549441488563
11661,TTCCCATCATG,AGACATAGCTCTAA,2,2,85,6,-2.6508917872622613
11662,TTCCCATCATG,AGACATAGCTCTAA,2,5,50,6,-2.120263536200091
11663,TTCCCATCATG,AGACATAGCTCTAA,2,10,85,10,-2.1400661634962708
11664,TTCCCATCATG,AGACATAGCTCTAA,2,15,111,13,-2.144580843850797
11665,TTCCCATCATG,AGACATAGCTCTAA,2,20,140,25,-1.7227665977411035
11666,TTCCCATCATG,AGACATAGCTCTAA,2,30,74,14,-1.6650077635889111
11667,TTCCCATCATG,AGACATAGCTCTAA,2,40,123,50,-0.9001613499442714
11668,TTCCCATCATG,AGACATAGCTCTAA,2,50,67,17,-1.3714792753347498
11669,TTCCCATCATG,AGACATAGCTCTAA,2,60,57,11,-1.6451559950361796
11670,TTCCCATCATG,AGACATAGCTCTAA,3,0,58,3,-2.9618307218783095
11671,TTCCCATCATG,AGACATAGCTCTAA,3,2,70,11,-1.8505999692509885
11672,TTCCCATCATG,AGACATAGCTCTAA,3,5,84,8,-2.3513752571634776
11673,TTCCCATCATG,AGACATAGCTCTAA,3,10,57,8,-1.9636097261547143
11674,TTCCCATCATG,AGACATAGCTCTAA,3,15,66,8,-2.1102132003465894
11675,TTCCCATCATG,AGACATAGCTCTAA,3,20,111,20,-1.713797927758343
11676,TTCCCATCATG,AGACATAGCTCTAA,3,30,82,24,-1.2286654169163076
11677,TTCCCATCATG,AGACATAGCTCTAA,3,40,90,13,-1.9348603128687283
11678,TTCCCATCATG,AGACATAGCTCTAA,3,50,76,39,-0.6671716941566845
11679,TTCCCATCATG,AGACATAGCTCTAA,3,60,82,43,-0.6455191315706906
11680,TTCCCATCATG,AGACATAGCTCTAA,4,0,57,3,-2.9444389791664403
11681,TTCCCATCATG,AGACATAGCTCTAA,4,2,81,7,-2.4485390056171257
11682,TTCCCATCATG,AGACATAGCTCTAA,4,5,77,3,-3.245193133185574
11683,TTCCCATCATG,AGACATAGCTCTAA,4,10,66,13,-1.6247053845648889
11684,TTCCCATCATG,AGACATAGCTCTAA,4,15,70,13,-1.6835458845878222
11685,TTCCCATCATG,AGACATAGCTCTAA,4,20,83,21,-1.374318170073175
11686,TTCCCATCATG,AGACATAGCTCTAA,4,30,96,28,-1.2321436812926323
11687,TTCCCATCATG,AGACATAGCTCTAA,4,40,112,29,-1.3512030413086205
11688,TTCCCATCATG,AGACATAGCTCTAA,4,50,106,40,-0.9745596399981307
11689,TTCCCATCATG,AGACATAGCTCTAA,4,60,92,44,-0.7375989431307791
11690,TTCCCGATAAC,TTATATGTTAAGTA,3,2,1,5,1.6094379124341003
11691,TTCCCGATAAC,TTATATGTTAAGTA,3,5,1,6,1.791759469228055
11692,TTCCCGCGAAA,GTAAACATGATCAC,2,2,1,2,0.6931471805599453
11693,TTCCGCATGGC,ATGGATCAACGCCC,2,0,121,15,-2.087740344494531
11694,TTCCGCATGGC,ATGGATCAACGCCC,2,2,109,4,-3.305053521109253
11695,TTCCGCATGGC,ATGGATCAACGCCC,2,5,46,7,-1.8827312474337816
11696,TTCCGCATGGC,ATGGATCAACGCCC,2,10,147,20,-1.9947003132247452
11697,TTCCGCATGGC,ATGGATCAACGCCC,2,15,73,6,-2.498699971920336
11698,TTCCGCATGGC,ATGGATCAACGCCC,2,20,100,11,-2.2072749131897207
11699,TTCCGCATGGC,ATGGATCAACGCCC,2,30,93,13,-1.9676501356917193
11700,TTCCGCATGGC,ATGGATCAACGCCC,2,40,98,12,-2.1000608288825715
11701,TTCCGCATGGC,ATGGATCAACGCCC,2,50,113,12,-2.24248116892434
11702,TTCCGCATGGC,ATGGATCAACGCCC,2,60,103,16,-1.8621402659898545
11703,TTCCGCATGGC,ATGGATCAACGCCC,3,0,92,6,-2.730029107820985
11704,TTCCGCATGGC,ATGGATCAACGCCC,3,2,73,6,-2.498699971920336
11705,TTCCGCATGGC,ATGGATCAACGCCC,3,5,92,7,-2.575878427993727
11706,TTCCGCATGGC,ATGGATCAACGCCC,3,10,100,10,-2.3025850929940455
11707,TTCCGCATGGC,ATGGATCAACGCCC,3,15,83,8,-2.339399066116762
11708,TTCCGCATGGC,ATGGATCAACGCCC,3,20,130,13,-2.3025850929940455
11709,TTCCGCATGGC,ATGGATCAACGCCC,3,30,81,8,-2.315007612992603
11710,TTCCGCATGGC,ATGGATCAACGCCC,3,40,57,11,-1.6451559950361796
11711,TTCCGCATGGC,ATGGATCAACGCCC,3,50,112,16,-1.9459101490553132
11712,TTCCGCATGGC,ATGGATCAACGCCC,3,60,86,18,-1.563975538357343
11713,TTCCGCATGGC,ATGGATCAACGCCC,4,0,126,6,-3.044522437723423
11714,TTCCGCATGGC,ATGGATCAACGCCC,4,2,93,7,-2.5866893440979424
11715,TTCCGCATGGC,ATGGATCAACGCCC,4,5,47,8,-1.7707060600302227
11716,TTCCGCATGGC,ATGGATCAACGCCC,4,10,138,16,-2.1546649629174235
11717,TTCCGCATGGC,ATGGATCAACGCCC,4,15,64,8,-2.0794415416798357
11718,TTCCGCATGGC,ATGGATCAACGCCC,4,20,71,4,-2.8763855159214247
11719,TTCCGCATGGC,ATGGATCAACGCCC,4,30,110,13,-2.1355310083308794
11720,TTCCGCATGGC,ATGGATCAACGCCC,4,40,132,22,-1.791759469228055
11721,TTCCGCATGGC,ATGGATCAACGCCC,4,50,90,14,-1.8607523407150064
11722,TTCCGCATGGC,ATGGATCAACGCCC,4,60,78,10,-2.0541237336955462
11723,TTCCTACGCAA,GGCATTGGCAATCC,2,0,43,4,-2.3749057545736716
11724,TTCCTACGCAA,GGCATTGGCAATCC,2,2,45,3,-2.70805020110221
11725,TTCCTACGCAA,GGCATTGGCAATCC,2,5,21,4,-1.6582280766035324
11726,TTCCTACGCAA,GGCATTGGCAATCC,2,10,75,4,-2.9311937524164198
11727,TTCCTACGCAA,GGCATTGGCAATCC,2,15,78,8,-2.277267285009756
11728,TTCCTACGCAA,GGCATTGGCAATCC,2,20,53,11,-1.5723966407537513
11729,TTCCTACGCAA,GGCATTGGCAATCC,2,30,86,9,-2.257122718917288
11730,TTCCTACGCAA,GGCATTGGCAATCC,2,40,81,17,-1.5612358106162227
11731,TTCCTACGCAA,GGCATTGGCAATCC,2,50,61,29,-0.7435780341868372
11732,TTCCTACGCAA,GGCATTGGCAATCC,2,60,22,13,-0.5260930958967791
11733,TTCCTACGCAA,GGCATTGGCAATCC,3,0,28,3,-2.2335922215070942
11734,TTCCTACGCAA,GGCATTGGCAATCC,3,2,46,1,-3.828641396489095
11735,TTCCTACGCAA,GGCATTGGCAATCC,3,5,80,8,-2.3025850929940455
11736,TTCCTACGCAA,GGCATTGGCAATCC,3,10,68,2,-3.526360524616161
11737,TTCCTACGCAA,GGCATTGGCAATCC,3,15,50,7,-1.9661128563728325
11738,TTCCTACGCAA,GGCATTGGCAATCC,3,20,84,10,-2.128231705849268
11739,TTCCTACGCAA,GGCATTGGCAATCC,3,30,63,14,-1.5040773967762742
11740,TTCCTACGCAA,GGCATTGGCAATCC,3,40,69,11,-1.8362112317988888
11741,TTCCTACGCAA,GGCATTGGCAATCC,3,50,48,11,-1.4733057381095205
11742,TTCCTACGCAA,GGCATTGGCAATCC,3,60,58,19,-1.1160040313799788
11743,TTCCTACGCAA,GGCATTGGCAATCC,4,0,34,2,-2.833213344056216
11744,TTCCTACGCAA,GGCATTGGCAATCC,4,2,53,5,-2.3608540011180215
11745,TTCCTACGCAA,GGCATTGGCAATCC,4,5,59,3,-2.9789251552376097
11746,TTCCTACGCAA,GGCATTGGCAATCC,4,10,40,6,-1.8971199848858813
11747,TTCCTACGCAA,GGCATTGGCAATCC,4,15,77,6,-2.5520459526256287
11748,TTCCTACGCAA,GGCATTGGCAATCC,4,20,45,7,-1.8607523407150064
11749,TTCCTACGCAA,GGCATTGGCAATCC,4,30,60,6,-2.3025850929940455
11750,TTCCTACGCAA,GGCATTGGCAATCC,4,40,79,16,-1.5968591302272404
11751,TTCCTACGCAA,GGCATTGGCAATCC,4,50,91,5,-2.9014215940827497
11752,TTCCTACGCAA,GGCATTGGCAATCC,4,60,58,5,-2.451005098112319
11753,TTCCTGTACGA,TGGAGCTGGACCCC,2,0,1,4,1.3862943611198906
11754,TTCCTGTACGA,TGGAGCTGGACCCC,4,20,1,18,2.8903717578961645
11755,TTCGAATTTAG,TACCGCTCTTGATC,2,0,66,12,-1.7047480922384253
11756,TTCGAATTTAG,TACCGCTCTTGATC,2,2,71,9,-2.065455299705096
11757,TTCGAATTTAG,TACCGCTCTTGATC,2,5,62,6,-2.3353749158170363
11758,TTCGAATTTAG,TACCGCTCTTGATC,2,10,130,20,-1.8718021769015913
11759,TTCGAATTTAG,TACCGCTCTTGATC,2,15,100,18,-1.7147984280919266
11760,TTCGAATTTAG,TACCGCTCTTGATC,2,20,152,16,-2.2512917986064953
11761,TTCGAATTTAG,TACCGCTCTTGATC,2,30,104,27,-1.3485540331370434
11762,TTCGAATTTAG,TACCGCTCTTGATC,2,40,100,30,-1.203972804325936
11763,TTCGAATTTAG,TACCGCTCTTGATC,2,50,69,38,-0.5965203448708736
11764,TTCGAATTTAG,TACCGCTCTTGATC,2,60,93,39,-0.8690378470236094
11765,TTCGAATTTAG,TACCGCTCTTGATC,3,0,66,4,-2.803360380906535
11766,TTCGAATTTAG,TACCGCTCTTGATC,3,2,66,7,-2.243744592971112
11767,TTCGAATTTAG,TACCGCTCTTGATC,3,5,72,6,-2.4849066497880004
11768,TTCGAATTTAG,TACCGCTCTTGATC,3,10,74,14,-1.6650077635889111
11769,TTCGAATTTAG,TACCGCTCTTGATC,3,15,127,11,-2.4462918136602205
11770,TTCGAATTTAG,TACCGCTCTTGATC,3,20,95,22,-1.462834438242225
11771,TTCGAATTTAG,TACCGCTCTTGATC,3,30,41,17,-0.8803587226480918
11772,TTCGAATTTAG,TACCGCTCTTGATC,3,40,124,27,-1.5244446996007077
11773,TTCGAATTTAG,TACCGCTCTTGATC,3,50,75,17,-1.4842747694800944
11774,TTCGAATTTAG,TACCGCTCTTGATC,3,60,66,21,-1.1451323043030026
11775,TTCGAATTTAG,TACCGCTCTTGATC,4,0,53,10,-1.667706820558076
11776,TTCGAATTTAG,TACCGCTCTTGATC,4,2,103,19,-1.6902900090631952
11777,TTCGAATTTAG,TACCGCTCTTGATC,4,5,47,4,-2.463853240590168
11778,TTCGAATTTAG,TACCGCTCTTGATC,4,10,105,10,-2.3513752571634776
11779,TTCGAATTTAG,TACCGCTCTTGATC,4,15,97,18,-1.684339220607218
11780,TTCGAATTTAG,TACCGCTCTTGATC,4,20,72,9,-2.0794415416798357
11781,TTCGAATTTAG,TACCGCTCTTGATC,4,30,87,29,-1.0986122886681098
11782,TTCGAATTTAG,TACCGCTCTTGATC,4,40,109,42,-0.9536782639457753
11783,TTCGAATTTAG,TACCGCTCTTGATC,4,50,152,57,-0.9808292530117262
11784,TTCGAATTTAG,TACCGCTCTTGATC,4,60,105,23,-1.5184661342283736
11785,TTCGAGGAAAT,AGCAAGCAACCCTT,2,0,4,11,1.0116009116784799
11786,TTCGAGGAAAT,AGCAAGCAACCCTT,2,2,1,12,2.4849066497880004
11787,TTCGAGGAAAT,AGCAAGCAACCCTT,2,5,6,16,0.9808292530117262
11788,TTCGAGGAAAT,AGCAAGCAACCCTT,2,10,1,12,2.4849066497880004
11789,TTCGAGGAAAT,AGCAAGCAACCCTT,2,15,1,8,2.0794415416798357
11790,TTCGAGGAAAT,AGCAAGCAACCCTT,2,20,3,26,2.159484249353372
11791,TTCGAGGAAAT,AGCAAGCAACCCTT,2,30,10,13,0.26236426446749106
11792,TTCGAGGAAAT,AGCAAGCAACCCTT,2,40,12,37,1.1260112628562242
11793,TTCGAGGAAAT,AGCAAGCAACCCTT,2,50,6,17,1.041453874828161
11794,TTCGAGGAAAT,AGCAAGCAACCCTT,2,60,5,45,2.197224577336219
11795,TTCGAGGAAAT,AGCAAGCAACCCTT,3,0,3,5,0.5108256237659907
11796,TTCGAGGAAAT,AGCAAGCAACCCTT,3,5,5,7,0.33647223662121284
11797,TTCGAGGAAAT,AGCAAGCAACCCTT,3,10,8,17,0.7537718023763801
11798,TTCGAGGAAAT,AGCAAGCAACCCTT,3,15,3,24,2.0794415416798357
11799,TTCGAGGAAAT,AGCAAGCAACCCTT,3,20,14,10,-0.3364722366212129
11800,TTCGAGGAAAT,AGCAAGCAACCCTT,3,30,5,16,1.1631508098056809
11801,TTCGAGGAAAT,AGCAAGCAACCCTT,3,40,5,56,2.4159137783010487
11802,TTCGAGGAAAT,AGCAAGCAACCCTT,3,50,3,21,1.9459101490553132
11803,TTCGAGGAAAT,AGCAAGCAACCCTT,3,60,2,30,2.70805020110221
11804,TTCGAGGAAAT,AGCAAGCAACCCTT,4,0,3,9,1.0986122886681096
11805,TTCGAGGAAAT,AGCAAGCAACCCTT,4,2,1,8,2.0794415416798357
11806,TTCGAGGAAAT,AGCAAGCAACCCTT,4,5,6,7,0.15415067982725836
11807,TTCGAGGAAAT,AGCAAGCAACCCTT,4,15,2,10,1.6094379124341003
11808,TTCGAGGAAAT,AGCAAGCAACCCTT,4,20,12,12,0.0
11809,TTCGAGGAAAT,AGCAAGCAACCCTT,4,30,7,10,0.3566749439387324
11810,TTCGAGGAAAT,AGCAAGCAACCCTT,4,40,2,56,3.332204510175204
11811,TTCGAGGAAAT,AGCAAGCAACCCTT,4,50,8,21,0.965080896043587
11812,TTCGAGGAAAT,AGCAAGCAACCCTT,4,60,4,60,2.70805020110221
11813,TTCGCCCTCAT,TCCCTACTCCTGAA,4,2,1,3,1.0986122886681096
11814,TTCGTGTCAGA,GGTGACGTAACAAC,3,60,1,1,0.0
11815,TTCTATGCCTA,CAAGGTAGAAGTGG,2,5,1,2,0.6931471805599453
11816,TTCTATGCCTA,CAAGGTAGAAGTGG,2,15,1,3,1.0986122886681096
11817,TTCTATGCCTA,CAAGGTAGAAGTGG,3,60,2,8,1.3862943611198906
11818,TTCTCAAAACC,CAACACCTTATAAC,2,40,1,16,2.772588722239781
11819,TTCTCTAACTA,ATTAGACAGACGCC,3,5,1,1,0.0
11820,TTCTTCGGAAC,GATCCCTGCCCTTA,2,5,21,2,-2.3513752571634776
11821,TTCTTCGGAAC,GATCCCTGCCCTTA,2,10,20,1,-2.995732273553991
11822,TTCTTCGGAAC,GATCCCTGCCCTTA,2,15,9,1,-2.1972245773362196
11823,TTCTTCGGAAC,GATCCCTGCCCTTA,2,20,24,5,-1.5686159179138452
11824,TTCTTCGGAAC,GATCCCTGCCCTTA,2,30,12,2,-1.791759469228055
11825,TTCTTCGGAAC,GATCCCTGCCCTTA,2,40,12,4,-1.0986122886681098
11826,TTCTTCGGAAC,GATCCCTGCCCTTA,2,50,21,3,-1.9459101490553132
11827,TTCTTCGGAAC,GATCCCTGCCCTTA,2,60,20,1,-2.995732273553991
11828,TTCTTCGGAAC,GATCCCTGCCCTTA,3,5,13,2,-1.8718021769015913
11829,TTCTTCGGAAC,GATCCCTGCCCTTA,3,10,18,2,-2.1972245773362196
11830,TTCTTCGGAAC,GATCCCTGCCCTTA,3,15,27,1,-3.295836866004329
11831,TTCTTCGGAAC,GATCCCTGCCCTTA,3,20,19,1,-2.9444389791664403
11832,TTCTTCGGAAC,GATCCCTGCCCTTA,3,40,15,7,-0.7621400520468967
11833,TTCTTCGGAAC,GATCCCTGCCCTTA,3,50,20,2,-2.3025850929940455
11834,TTCTTCGGAAC,GATCCCTGCCCTTA,4,2,11,2,-1.7047480922384253
11835,TTCTTCGGAAC,GATCCCTGCCCTTA,4,10,8,2,-1.3862943611198906
11836,TTCTTCGGAAC,GATCCCTGCCCTTA,4,15,25,1,-3.2188758248682006
11837,TTCTTCGGAAC,GATCCCTGCCCTTA,4,20,7,1,-1.9459101490553132
11838,TTCTTCGGAAC,GATCCCTGCCCTTA,4,50,9,2,-1.5040773967762742
11839,TTCTTCGGAAC,GATCCCTGCCCTTA,4,60,6,8,0.28768207245178085
11840,TTGAAGAATCT,GGAACGGTGACACC,2,5,10,1,-2.3025850929940455
11841,TTGAAGAATCT,GGAACGGTGACACC,2,10,19,6,-1.1526795099383855
11842,TTGAAGAATCT,GGAACGGTGACACC,2,15,31,9,-1.2367626271489267
11843,TTGAAGAATCT,GGAACGGTGACACC,2,20,32,5,-1.856297990365626
11844,TTGAAGAATCT,GGAACGGTGACACC,2,30,30,6,-1.6094379124341003
11845,TTGAAGAATCT,GGAACGGTGACACC,2,40,30,2,-2.70805020110221
11846,TTGAAGAATCT,GGAACGGTGACACC,2,50,9,6,-0.40546510810816444
11847,TTGAAGAATCT,GGAACGGTGACACC,2,60,24,6,-1.3862943611198906
11848,TTGAAGAATCT,GGAACGGTGACACC,3,0,16,2,-2.0794415416798357
11849,TTGAAGAATCT,GGAACGGTGACACC,3,2,34,3,-2.4277482359480516
11850,TTGAAGAATCT,GGAACGGTGACACC,3,10,14,3,-1.5404450409471488
11851,TTGAAGAATCT,GGAACGGTGACACC,3,15,37,12,-1.126011262856224
11852,TTGAAGAATCT,GGAACGGTGACACC,3,20,45,12,-1.3217558399823195
11853,TTGAAGAATCT,GGAACGGTGACACC,3,30,20,5,-1.3862943611198906
11854,TTGAAGAATCT,GGAACGGTGACACC,3,40,24,11,-0.7801585575495751
11855,TTGAAGAATCT,GGAACGGTGACACC,3,50,27,10,-0.9932517730102834
11856,TTGAAGAATCT,GGAACGGTGACACC,3,60,28,4,-1.9459101490553132
11857,TTGAAGAATCT,GGAACGGTGACACC,4,0,36,1,-3.58351893845611
11858,TTGAAGAATCT,GGAACGGTGACACC,4,2,18,1,-2.8903717578961645
11859,TTGAAGAATCT,GGAACGGTGACACC,4,5,16,2,-2.0794415416798357
11860,TTGAAGAATCT,GGAACGGTGACACC,4,10,51,11,-1.533930359925955
11861,TTGAAGAATCT,GGAACGGTGACACC,4,15,43,5,-2.151762203259462
11862,TTGAAGAATCT,GGAACGGTGACACC,4,20,39,5,-2.0541237336955462
11863,TTGAAGAATCT,GGAACGGTGACACC,4,30,53,11,-1.5723966407537513
11864,TTGAAGAATCT,GGAACGGTGACACC,4,40,14,9,-0.4418327522790392
11865,TTGAAGAATCT,GGAACGGTGACACC,4,50,34,9,-1.329135947279942
11866,TTGAAGAATCT,GGAACGGTGACACC,4,60,30,5,-1.791759469228055
11867,TTGACAATACC,TCGTGACTGCTGAG,2,0,16,1,-2.772588722239781
11868,TTGACAATACC,TCGTGACTGCTGAG,2,10,27,2,-2.6026896854443837
11869,TTGACAATACC,TCGTGACTGCTGAG,2,15,9,1,-2.1972245773362196
11870,TTGACAATACC,TCGTGACTGCTGAG,2,60,33,3,-2.3978952727983707
11871,TTGACAATACC,TCGTGACTGCTGAG,3,15,25,1,-3.2188758248682006
11872,TTGACAATACC,TCGTGACTGCTGAG,3,20,27,9,-1.0986122886681098
11873,TTGACAATACC,TCGTGACTGCTGAG,3,30,21,1,-3.044522437723423
11874,TTGACAATACC,TCGTGACTGCTGAG,3,40,75,4,-2.9311937524164198
11875,TTGACAATACC,TCGTGACTGCTGAG,3,50,38,1,-3.6375861597263857
11876,TTGACAATACC,TCGTGACTGCTGAG,4,5,20,3,-1.8971199848858813
11877,TTGACAATACC,TCGTGACTGCTGAG,4,20,1,1,0.0
11878,TTGACAATACC,TCGTGACTGCTGAG,4,50,11,2,-1.7047480922384253
11879,TTGACAATACC,TCGTGACTGCTGAG,4,60,2,1,-0.6931471805599453
11880,TTGAGGGGAAA,TCAATAGCCATGTG,2,20,1,45,3.8066624897703196
11881,TTGAGGGGAAA,TCAATAGCCATGTG,3,0,1,41,3.7135720667043075
11882,TTGAGGGGAAA,TCAATAGCCATGTG,3,15,1,35,3.5553480614894135
11883,TTGAGGGGAAA,TCAATAGCCATGTG,3,50,1,18,2.8903717578961645
11884,TTGAGGGGAAA,TCAATAGCCATGTG,3,60,1,38,3.6375861597263857
11885,TTGAGGGGAAA,TCAATAGCCATGTG,4,15,1,37,3.6109179126442243
11886,TTGAGGGGAAA,TCAATAGCCATGTG,4,20,1,35,3.5553480614894135
11887,TTGAGGGGAAA,TCAATAGCCATGTG,4,30,1,33,3.4965075614664802
11888,TTGAGGGGAAA,TCAATAGCCATGTG,4,50,1,41,3.7135720667043075
11889,TTGAGGGGAAA,TCAATAGCCATGTG,4,60,1,45,3.8066624897703196
11890,TTGATGATCTA,GTTATTCGAAATTG,2,0,9,6,-0.40546510810816444
11891,TTGATGATCTA,GTTATTCGAAATTG,2,2,16,6,-0.9808292530117262
11892,TTGATGATCTA,GTTATTCGAAATTG,2,5,8,6,-0.2876820724517809
11893,TTGATGATCTA,GTTATTCGAAATTG,2,10,16,5,-1.1631508098056809
11894,TTGATGATCTA,GTTATTCGAAATTG,2,15,17,7,-0.8873031950009028
11895,TTGATGATCTA,GTTATTCGAAATTG,2,20,16,10,-0.4700036292457356
11896,TTGATGATCTA,GTTATTCGAAATTG,2,30,27,10,-0.9932517730102834
11897,TTGATGATCTA,GTTATTCGAAATTG,2,40,28,9,-1.1349799328389845
11898,TTGATGATCTA,GTTATTCGAAATTG,2,50,16,3,-1.6739764335716716
11899,TTGATGATCTA,GTTATTCGAAATTG,2,60,19,6,-1.1526795099383855
11900,TTGATGATCTA,GTTATTCGAAATTG,3,0,11,12,0.0870113769896297
11901,TTGATGATCTA,GTTATTCGAAATTG,3,2,12,7,-0.5389965007326869
11902,TTGATGATCTA,GTTATTCGAAATTG,3,5,11,3,-1.2992829841302609
11903,TTGATGATCTA,GTTATTCGAAATTG,3,10,6,9,0.4054651081081644
11904,TTGATGATCTA,GTTATTCGAAATTG,3,15,11,1,-2.3978952727983707
11905,TTGATGATCTA,GTTATTCGAAATTG,3,20,22,10,-0.7884573603642702
11906,TTGATGATCTA,GTTATTCGAAATTG,3,30,8,7,-0.13353139262452263
11907,TTGATGATCTA,GTTATTCGAAATTG,3,40,13,11,-0.1670540846631662
11908,TTGATGATCTA,GTTATTCGAAATTG,3,50,8,9,0.11778303565638346
11909,TTGATGATCTA,GTTATTCGAAATTG,3,60,13,5,-0.9555114450274362
11910,TTGATGATCTA,GTTATTCGAAATTG,4,0,10,6,-0.5108256237659907
11911,TTGATGATCTA,GTTATTCGAAATTG,4,2,13,11,-0.1670540846631662
11912,TTGATGATCTA,GTTATTCGAAATTG,4,5,13,1,-2.5649493574615367
11913,TTGATGATCTA,GTTATTCGAAATTG,4,10,16,5,-1.1631508098056809
11914,TTGATGATCTA,GTTATTCGAAATTG,4,15,24,1,-3.1780538303479458
11915,TTGATGATCTA,GTTATTCGAAATTG,4,20,6,7,0.15415067982725836
11916,TTGATGATCTA,GTTATTCGAAATTG,4,30,21,8,-0.965080896043587
11917,TTGATGATCTA,GTTATTCGAAATTG,4,40,12,9,-0.2876820724517809
11918,TTGATGATCTA,GTTATTCGAAATTG,4,50,17,7,-0.8873031950009028
11919,TTGATGATCTA,GTTATTCGAAATTG,4,60,9,7,-0.25131442828090605
11920,TTGATTAGAGA,TACTAGAATTAAAC,3,5,1,2,0.6931471805599453
11921,TTGATTAGAGA,TACTAGAATTAAAC,4,60,1,1,0.0
11922,TTGCACGCCTC,GCCCCTGACCACCT,2,2,11,1,-2.3978952727983707
11923,TTGCACGCCTC,GCCCCTGACCACCT,2,10,16,1,-2.772588722239781
11924,TTGCACGCCTC,GCCCCTGACCACCT,2,20,30,3,-2.3025850929940455
11925,TTGCACGCCTC,GCCCCTGACCACCT,2,30,20,2,-2.3025850929940455
11926,TTGCACGCCTC,GCCCCTGACCACCT,2,40,28,2,-2.6390573296152584
11927,TTGCACGCCTC,GCCCCTGACCACCT,2,50,48,1,-3.8712010109078907
11928,TTGCACGCCTC,GCCCCTGACCACCT,2,60,23,1,-3.1354942159291497
11929,TTGCACGCCTC,GCCCCTGACCACCT,3,5,39,4,-2.277267285009756
11930,TTGCACGCCTC,GCCCCTGACCACCT,3,15,15,2,-2.0149030205422647
11931,TTGCACGCCTC,GCCCCTGACCACCT,3,20,30,7,-1.455287232606842
11932,TTGCACGCCTC,GCCCCTGACCACCT,3,30,14,1,-2.6390573296152584
11933,TTGCACGCCTC,GCCCCTGACCACCT,3,40,33,2,-2.803360380906535
11934,TTGCACGCCTC,GCCCCTGACCACCT,4,2,18,1,-2.8903717578961645
11935,TTGCACGCCTC,GCCCCTGACCACCT,4,5,15,2,-2.0149030205422647
11936,TTGCACGCCTC,GCCCCTGACCACCT,4,10,25,3,-2.120263536200091
11937,TTGCACGCCTC,GCCCCTGACCACCT,4,15,31,4,-2.0476928433652555
11938,TTGCACGCCTC,GCCCCTGACCACCT,4,30,21,2,-2.3513752571634776
11939,TTGCACGCCTC,GCCCCTGACCACCT,4,40,24,2,-2.4849066497880004
11940,TTGCACGCCTC,GCCCCTGACCACCT,4,50,42,5,-2.128231705849268
11941,TTGCAGTTATA,CAAAACCTTAGATT,2,0,32,3,-2.367123614131617
11942,TTGCAGTTATA,CAAAACCTTAGATT,2,2,19,3,-1.8458266904983307
11943,TTGCAGTTATA,CAAAACCTTAGATT,2,10,39,1,-3.6635616461296463
11944,TTGCAGTTATA,CAAAACCTTAGATT,2,15,29,1,-3.3672958299864737
11945,TTGCAGTTATA,CAAAACCTTAGATT,2,20,48,2,-3.1780538303479458
11946,TTGCAGTTATA,CAAAACCTTAGATT,2,30,18,2,-2.1972245773362196
11947,TTGCAGTTATA,CAAAACCTTAGATT,2,50,31,1,-3.4339872044851463
11948,TTGCAGTTATA,CAAAACCTTAGATT,2,60,18,2,-2.1972245773362196
11949,TTGCAGTTATA,CAAAACCTTAGATT,3,0,24,1,-3.1780538303479458
11950,TTGCAGTTATA,CAAAACCTTAGATT,3,2,35,1,-3.5553480614894135
11951,TTGCAGTTATA,CAAAACCTTAGATT,3,5,27,3,-2.1972245773362196
11952,TTGCAGTTATA,CAAAACCTTAGATT,3,10,21,3,-1.9459101490553132
11953,TTGCAGTTATA,CAAAACCTTAGATT,3,20,12,2,-1.791759469228055
11954,TTGCAGTTATA,CAAAACCTTAGATT,3,30,21,2,-2.3513752571634776
11955,TTGCAGTTATA,CAAAACCTTAGATT,3,40,27,1,-3.295836866004329
11956,TTGCAGTTATA,CAAAACCTTAGATT,3,50,42,2,-3.044522437723423
11957,TTGCAGTTATA,CAAAACCTTAGATT,3,60,18,2,-2.1972245773362196
11958,TTGCAGTTATA,CAAAACCTTAGATT,4,0,29,1,-3.3672958299864737
11959,TTGCAGTTATA,CAAAACCTTAGATT,4,2,42,1,-3.7376696182833684
11960,TTGCAGTTATA,CAAAACCTTAGATT,4,5,18,1,-2.8903717578961645
11961,TTGCAGTTATA,CAAAACCTTAGATT,4,15,8,1,-2.0794415416798357
11962,TTGCAGTTATA,CAAAACCTTAGATT,4,20,15,4,-1.3217558399823195
11963,TTGCGTTCGGA,TTGTCAAACGTCCC,2,30,1,9,2.197224577336219
11964,TTGCGTTCGGA,TTGTCAAACGTCCC,4,10,1,25,3.2188758248682006
11965,TTGCTGAATAG,CAATATCTCGCCTA,2,0,573,26,-3.0927891786932573
11966,TTGCTGAATAG,CAATATCTCGCCTA,2,2,613,23,-3.2828707200070615
11967,TTGCTGAATAG,CAATATCTCGCCTA,2,5,533,30,-2.8773240425036892
11968,TTGCTGAATAG,CAATATCTCGCCTA,2,10,657,58,-2.427241007938191
11969,TTGCTGAATAG,CAATATCTCGCCTA,2,15,689,69,-2.301134766416399
11970,TTGCTGAATAG,CAATATCTCGCCTA,2,20,742,64,-2.4504661598077084
11971,TTGCTGAATAG,CAATATCTCGCCTA,2,30,736,84,-2.1704133198855624
11972,TTGCTGAATAG,CAATATCTCGCCTA,2,40,671,86,-2.054421840718174
11973,TTGCTGAATAG,CAATATCTCGCCTA,2,50,596,100,-1.7850704810772582
11974,TTGCTGAATAG,CAATATCTCGCCTA,2,60,657,51,-2.555858385760285
11975,TTGCTGAATAG,CAATATCTCGCCTA,3,0,538,43,-2.526658444468222
11976,TTGCTGAATAG,CAATATCTCGCCTA,3,2,490,19,-3.2499664119382317
11977,TTGCTGAATAG,CAATATCTCGCCTA,3,5,709,46,-2.7352141300430324
11978,TTGCTGAATAG,CAATATCTCGCCTA,3,10,583,50,-2.4561641809223462
11979,TTGCTGAATAG,CAATATCTCGCCTA,3,15,725,84,-2.155354856011361
11980,TTGCTGAATAG,CAATATCTCGCCTA,3,20,833,88,-2.247696827688636
11981,TTGCTGAATAG,CAATATCTCGCCTA,3,30,511,73,-1.9459101490553132
11982,TTGCTGAATAG,CAATATCTCGCCTA,3,40,656,132,-1.603358866357718
11983,TTGCTGAATAG,CAATATCTCGCCTA,3,50,523,50,-2.347558458636777
11984,TTGCTGAATAG,CAATATCTCGCCTA,3,60,466,54,-2.1552015875613715
11985,TTGCTGAATAG,CAATATCTCGCCTA,4,0,563,31,-2.899292423654544
11986,TTGCTGAATAG,CAATATCTCGCCTA,4,2,708,43,-2.8012439780001572
11987,TTGCTGAATAG,CAATATCTCGCCTA,4,5,438,18,-3.1918471524802814
11988,TTGCTGAATAG,CAATATCTCGCCTA,4,10,675,96,-1.9503644994046936
11989,TTGCTGAATAG,CAATATCTCGCCTA,4,15,559,45,-2.5194869833847795
11990,TTGCTGAATAG,CAATATCTCGCCTA,4,20,452,49,-2.2218618817216047
11991,TTGCTGAATAG,CAATATCTCGCCTA,4,30,608,101,-1.7950543651249076
11992,TTGCTGAATAG,CAATATCTCGCCTA,4,40,766,99,-2.0460623196060013
11993,TTGCTGAATAG,CAATATCTCGCCTA,4,50,802,97,-2.1123976293631315
11994,TTGCTGAATAG,CAATATCTCGCCTA,4,60,529,52,-2.319744713276872
11995,TTGTACTCATT,TCATGGAGCTTATG,2,0,147,5,-3.3809946743446355
11996,TTGTACTCATT,TCATGGAGCTTATG,2,2,119,9,-2.58189891577531
11997,TTGTACTCATT,TCATGGAGCTTATG,2,5,126,7,-2.8903717578961645
11998,TTGTACTCATT,TCATGGAGCTTATG,2,10,152,30,-1.622683139184121
11999,TTGTACTCATT,TCATGGAGCTTATG,2,15,125,14,-2.189256407687042
12000,TTGTACTCATT,TCATGGAGCTTATG,2,20,149,31,-1.569959101460313
12001,TTGTACTCATT,TCATGGAGCTTATG,2,30,143,38,-1.3252584705335215
12002,TTGTACTCATT,TCATGGAGCTTATG,2,40,173,80,-0.7712649598238973
12003,TTGTACTCATT,TCATGGAGCTTATG,2,50,184,62,-1.087801372563894
12004,TTGTACTCATT,TCATGGAGCTTATG,2,60,143,60,-0.8685000680378065
12005,TTGTACTCATT,TCATGGAGCTTATG,3,0,120,6,-2.995732273553991
12006,TTGTACTCATT,TCATGGAGCTTATG,3,2,149,7,-3.0580361568901457
12007,TTGTACTCATT,TCATGGAGCTTATG,3,5,147,11,-2.592537313980366
12008,TTGTACTCATT,TCATGGAGCTTATG,3,10,144,15,-2.2617630984737906
12009,TTGTACTCATT,TCATGGAGCTTATG,3,15,95,17,-1.7206635475443246
12010,TTGTACTCATT,TCATGGAGCTTATG,3,20,182,34,-1.677646162460634
12011,TTGTACTCATT,TCATGGAGCTTATG,3,30,110,17,-1.8672670217362002
12012,TTGTACTCATT,TCATGGAGCTTATG,3,40,157,57,-1.0131945375137579
12013,TTGTACTCATT,TCATGGAGCTTATG,3,50,141,52,-0.9975161717967409
12014,TTGTACTCATT,TCATGGAGCTTATG,3,60,131,39,-1.211635677071505
12015,TTGTACTCATT,TCATGGAGCTTATG,4,0,134,6,-3.106080330722856
12016,TTGTACTCATT,TCATGGAGCTTATG,4,2,162,7,-3.1416861861770706
12017,TTGTACTCATT,TCATGGAGCTTATG,4,5,110,5,-3.0910424533583156
12018,TTGTACTCATT,TCATGGAGCTTATG,4,10,160,23,-1.9396795993046771
12019,TTGTACTCATT,TCATGGAGCTTATG,4,15,129,20,-1.864080130807681
12020,TTGTACTCATT,TCATGGAGCTTATG,4,20,146,25,-1.7647307968401358
12021,TTGTACTCATT,TCATGGAGCTTATG,4,30,160,36,-1.491654876777717
12022,TTGTACTCATT,TCATGGAGCTTATG,4,40,212,51,-1.4247606419476866
12023,TTGTACTCATT,TCATGGAGCTTATG,4,50,182,41,-1.4904346203724874
12024,TTGTACTCATT,TCATGGAGCTTATG,4,60,100,31,-1.171182981502945
12025,TTGTTGCTAAC,TCTCTCCTTATACT,2,30,1,846,6.740519359606223
12026,TTGTTGCTAAC,TCTCTCCTTATACT,4,2,1,9,2.197224577336219
12027,TTGTTGGCGAG,TATCTGCTTTCACG,2,0,4,1,-1.3862943611198906
12028,TTGTTGGCGAG,TATCTGCTTTCACG,2,30,2,3,0.4054651081081644
12029,TTGTTGGCGAG,TATCTGCTTTCACG,4,40,3,1,-1.0986122886681098
12030,TTTACTAATTT,TTCCCCACGGGCAT,2,0,83,4,-3.032546246676707
12031,TTTACTAATTT,TTCCCCACGGGCAT,2,2,107,4,-3.2865344733420154
12032,TTTACTAATTT,TTCCCCACGGGCAT,2,5,95,3,-3.455264602932431
12033,TTTACTAATTT,TTCCCCACGGGCAT,2,10,128,9,-2.6548056865833978
12034,TTTACTAATTT,TTCCCCACGGGCAT,2,15,149,14,-2.3648889763302003
12035,TTTACTAATTT,TTCCCCACGGGCAT,2,20,130,6,-3.0757749812275272
12036,TTTACTAATTT,TTCCCCACGGGCAT,2,40,129,3,-3.7612001156935624
12037,TTTACTAATTT,TTCCCCACGGGCAT,2,50,95,2,-3.8607297110405954
12038,TTTACTAATTT,TTCCCCACGGGCAT,3,0,88,3,-3.378724525810097
12039,TTTACTAATTT,TTCCCCACGGGCAT,3,2,119,2,-4.085976312551584
12040,TTTACTAATTT,TTCCCCACGGGCAT,3,5,74,3,-3.2054528045360597
12041,TTTACTAATTT,TTCCCCACGGGCAT,3,10,165,5,-3.4965075614664802
12042,TTTACTAATTT,TTCCCCACGGGCAT,3,15,123,6,-3.0204248861443626
12043,TTTACTAATTT,TTCCCCACGGGCAT,3,20,130,6,-3.0757749812275272
12044,TTTACTAATTT,TTCCCCACGGGCAT,3,30,101,3,-3.5165082281731497
12045,TTTACTAATTT,TTCCCCACGGGCAT,3,40,85,4,-3.056356895370426
12046,TTTACTAATTT,TTCCCCACGGGCAT,3,50,98,3,-3.4863551900024623
12047,TTTACTAATTT,TTCCCCACGGGCAT,3,60,100,1,-4.605170185988091
12048,TTTACTAATTT,TTCCCCACGGGCAT,4,2,108,9,-2.4849066497880004
12049,TTTACTAATTT,TTCCCCACGGGCAT,4,10,77,2,-3.6506582412937383
12050,TTTACTAATTT,TTCCCCACGGGCAT,4,15,77,1,-4.343805421853683
12051,TTTACTAATTT,TTCCCCACGGGCAT,4,20,93,6,-2.740840023925201
12052,TTTACTAATTT,TTCCCCACGGGCAT,4,40,150,5,-3.4011973816621555
12053,TTTACTAATTT,TTCCCCACGGGCAT,4,50,121,3,-3.6971782569286313
12054,TTTACTAATTT,TTCCCCACGGGCAT,4,60,115,5,-3.1354942159291497
12055,TTTAGCAAAAA,CGTTTATACGATGA,2,0,66,1,-4.189654742026425
12056,TTTAGCAAAAA,CGTTTATACGATGA,2,5,36,1,-3.58351893845611
12057,TTTAGCAAAAA,CGTTTATACGATGA,2,10,49,2,-3.1986731175506815
12058,TTTAGCAAAAA,CGTTTATACGATGA,2,15,100,5,-2.995732273553991
12059,TTTAGCAAAAA,CGTTTATACGATGA,2,20,55,5,-2.3978952727983707
12060,TTTAGCAAAAA,CGTTTATACGATGA,2,30,58,5,-2.451005098112319
12061,TTTAGCAAAAA,CGTTTATACGATGA,2,40,82,4,-3.0204248861443626
12062,TTTAGCAAAAA,CGTTTATACGATGA,2,50,30,12,-0.916290731874155
12063,TTTAGCAAAAA,CGTTTATACGATGA,2,60,47,11,-1.452252328911688
12064,TTTAGCAAAAA,CGTTTATACGATGA,3,0,47,2,-3.157000421150113
12065,TTTAGCAAAAA,CGTTTATACGATGA,3,2,69,3,-3.1354942159291497
12066,TTTAGCAAAAA,CGTTTATACGATGA,3,5,59,1,-4.07753744390572
12067,TTTAGCAAAAA,CGTTTATACGATGA,3,10,72,4,-2.8903717578961645
12068,TTTAGCAAAAA,CGTTTATACGATGA,3,15,70,7,-2.3025850929940455
12069,TTTAGCAAAAA,CGTTTATACGATGA,3,20,65,5,-2.5649493574615367
12070,TTTAGCAAAAA,CGTTTATACGATGA,3,30,75,3,-3.2188758248682006
12071,TTTAGCAAAAA,CGTTTATACGATGA,3,50,48,3,-2.772588722239781
12072,TTTAGCAAAAA,CGTTTATACGATGA,3,60,56,21,-0.9808292530117262
12073,TTTAGCAAAAA,CGTTTATACGATGA,4,0,90,1,-4.499809670330265
12074,TTTAGCAAAAA,CGTTTATACGATGA,4,2,42,2,-3.044522437723423
12075,TTTAGCAAAAA,CGTTTATACGATGA,4,5,52,1,-3.951243718581427
12076,TTTAGCAAAAA,CGTTTATACGATGA,4,15,54,1,-3.9889840465642745
12077,TTTAGCAAAAA,CGTTTATACGATGA,4,20,33,6,-1.7047480922384253
12078,TTTAGCAAAAA,CGTTTATACGATGA,4,30,85,10,-2.1400661634962708
12079,TTTAGCAAAAA,CGTTTATACGATGA,4,40,92,12,-2.03688192726104
12080,TTTAGCAAAAA,CGTTTATACGATGA,4,50,90,24,-1.3217558399823195
12081,TTTAGCAAAAA,CGTTTATACGATGA,4,60,96,2,-3.8712010109078907
12082,TTTATACTGTA,TTTCCTGAGAAGAG,2,0,13,1,-2.5649493574615367
12083,TTTATACTGTA,TTTCCTGAGAAGAG,2,2,9,1,-2.1972245773362196
12084,TTTATACTGTA,TTTCCTGAGAAGAG,2,10,8,4,-0.6931471805599453
12085,TTTATACTGTA,TTTCCTGAGAAGAG,2,15,2,2,0.0
12086,TTTATACTGTA,TTTCCTGAGAAGAG,2,30,10,5,-0.6931471805599453
12087,TTTATACTGTA,TTTCCTGAGAAGAG,2,40,4,2,-0.6931471805599453
12088,TTTATACTGTA,TTTCCTGAGAAGAG,2,50,4,5,0.22314355131420974
12089,TTTATACTGTA,TTTCCTGAGAAGAG,2,60,14,2,-1.9459101490553132
12090,TTTATACTGTA,TTTCCTGAGAAGAG,3,10,6,2,-1.0986122886681098
12091,TTTATACTGTA,TTTCCTGAGAAGAG,3,15,8,2,-1.3862943611198906
12092,TTTATACTGTA,TTTCCTGAGAAGAG,3,20,11,2,-1.7047480922384253
12093,TTTATACTGTA,TTTCCTGAGAAGAG,3,30,5,1,-1.6094379124341003
12094,TTTATACTGTA,TTTCCTGAGAAGAG,3,40,20,1,-2.995732273553991
12095,TTTATACTGTA,TTTCCTGAGAAGAG,3,50,6,3,-0.6931471805599453
12096,TTTATACTGTA,TTTCCTGAGAAGAG,4,2,9,4,-0.8109302162163288
12097,TTTATACTGTA,TTTCCTGAGAAGAG,4,5,2,2,0.0
12098,TTTATACTGTA,TTTCCTGAGAAGAG,4,10,8,1,-2.0794415416798357
12099,TTTATACTGTA,TTTCCTGAGAAGAG,4,20,12,2,-1.791759469228055
12100,TTTATACTGTA,TTTCCTGAGAAGAG,4,30,14,2,-1.9459101490553132
12101,TTTATACTGTA,TTTCCTGAGAAGAG,4,40,15,4,-1.3217558399823195
12102,TTTATACTGTA,TTTCCTGAGAAGAG,4,50,12,1,-2.4849066497880004
12103,TTTATACTGTA,TTTCCTGAGAAGAG,4,60,5,3,-0.5108256237659907
12104,TTTATAGCCAT,TCTAGCGTGGAGAA,2,0,32,4,-2.0794415416798357
12105,TTTATAGCCAT,TCTAGCGTGGAGAA,2,2,20,3,-1.8971199848858813
12106,TTTATAGCCAT,TCTAGCGTGGAGAA,2,5,19,1,-2.9444389791664403
12107,TTTATAGCCAT,TCTAGCGTGGAGAA,2,10,6,1,-1.791759469228055
12108,TTTATAGCCAT,TCTAGCGTGGAGAA,2,15,38,1,-3.6375861597263857
12109,TTTATAGCCAT,TCTAGCGTGGAGAA,2,20,21,4,-1.6582280766035324
12110,TTTATAGCCAT,TCTAGCGTGGAGAA,2,30,16,19,0.17185025692665923
12111,TTTATAGCCAT,TCTAGCGTGGAGAA,2,40,26,15,-0.5500463369192721
12112,TTTATAGCCAT,TCTAGCGTGGAGAA,2,50,23,6,-1.3437347467010947
12113,TTTATAGCCAT,TCTAGCGTGGAGAA,2,60,30,12,-0.916290731874155
12114,TTTATAGCCAT,TCTAGCGTGGAGAA,3,0,19,1,-2.9444389791664403
12115,TTTATAGCCAT,TCTAGCGTGGAGAA,3,5,19,2,-2.2512917986064953
12116,TTTATAGCCAT,TCTAGCGTGGAGAA,3,10,29,7,-1.4213856809311607
12117,TTTATAGCCAT,TCTAGCGTGGAGAA,3,15,22,12,-0.6061358035703156
12118,TTTATAGCCAT,TCTAGCGTGGAGAA,3,20,23,18,-0.24512245803298496
12119,TTTATAGCCAT,TCTAGCGTGGAGAA,3,30,15,7,-0.7621400520468967
12120,TTTATAGCCAT,TCTAGCGTGGAGAA,3,40,28,13,-0.7672551527136671
12121,TTTATAGCCAT,TCTAGCGTGGAGAA,3,50,33,14,-0.8574502318512216
12122,TTTATAGCCAT,TCTAGCGTGGAGAA,3,60,20,13,-0.4307829160924542
12123,TTTATAGCCAT,TCTAGCGTGGAGAA,4,0,19,2,-2.2512917986064953
12124,TTTATAGCCAT,TCTAGCGTGGAGAA,4,2,18,1,-2.8903717578961645
12125,TTTATAGCCAT,TCTAGCGTGGAGAA,4,5,33,1,-3.4965075614664802
12126,TTTATAGCCAT,TCTAGCGTGGAGAA,4,10,30,8,-1.3217558399823195
12127,TTTATAGCCAT,TCTAGCGTGGAGAA,4,15,9,1,-2.1972245773362196
12128,TTTATAGCCAT,TCTAGCGTGGAGAA,4,20,35,2,-2.862200880929468
12129,TTTATAGCCAT,TCTAGCGTGGAGAA,4,30,21,12,-0.5596157879354227
12130,TTTATAGCCAT,TCTAGCGTGGAGAA,4,40,4,2,-0.6931471805599453
12131,TTTATAGCCAT,TCTAGCGTGGAGAA,4,50,43,21,-0.7166776779701395
12132,TTTATAGCCAT,TCTAGCGTGGAGAA,4,60,27,20,-0.3001045924503381
12133,TTTCTAGAATT,TGATGTAAACACAT,2,2,7,1,-1.9459101490553132
12134,TTTCTAGAATT,TGATGTAAACACAT,2,15,7,1,-1.9459101490553132
12135,TTTCTAGAATT,TGATGTAAACACAT,2,30,5,1,-1.6094379124341003
12136,TTTCTAGAATT,TGATGTAAACACAT,2,40,12,2,-1.791759469228055
12137,TTTCTAGAATT,TGATGTAAACACAT,3,2,2,1,-0.6931471805599453
12138,TTTCTAGAATT,TGATGTAAACACAT,3,10,7,2,-1.252762968495368
12139,TTTCTAGAATT,TGATGTAAACACAT,4,50,7,2,-1.252762968495368
12140,TTTCTTCTGAA,AGCATAAATTGCAG,2,15,4,1,-1.3862943611198906
12141,TTTCTTCTGAA,AGCATAAATTGCAG,2,50,16,1,-2.772588722239781
12142,TTTCTTCTGAA,AGCATAAATTGCAG,3,0,7,1,-1.9459101490553132
12143,TTTCTTCTGAA,AGCATAAATTGCAG,3,10,8,2,-1.3862943611198906
12144,TTTCTTCTGAA,AGCATAAATTGCAG,3,20,1,1,0.0
12145,TTTGGAGTAAT,GAAGGACAATCGAA,2,0,1,1,0.0
12146,TTTGGAGTAAT,GAAGGACAATCGAA,2,10,1,1,0.0
12147,TTTGGAGTAAT,GAAGGACAATCGAA,2,30,4,1,-1.3862943611198906
12148,TTTGGAGTAAT,GAAGGACAATCGAA,3,2,4,1,-1.3862943611198906
12149,TTTGGAGTAAT,GAAGGACAATCGAA,3,5,2,1,-0.6931471805599453
12150,TTTGGAGTAAT,GAAGGACAATCGAA,3,50,3,1,-1.0986122886681098
12151,TTTGGAGTAAT,GAAGGACAATCGAA,3,60,3,3,0.0
12152,TTTGGAGTAAT,GAAGGACAATCGAA,4,10,1,1,0.0
12153,TTTGGAGTAAT,GAAGGACAATCGAA,4,50,6,2,-1.0986122886681098
12154,TTTGTATAGTT,GCTATACCATAATG,2,0,23,2,-2.4423470353692043
12155,TTTGTATAGTT,GCTATACCATAATG,2,2,24,2,-2.4849066497880004
12156,TTTGTATAGTT,GCTATACCATAATG,2,5,33,3,-2.3978952727983707
12157,TTTGTATAGTT,GCTATACCATAATG,2,10,37,2,-2.917770732084279
12158,TTTGTATAGTT,GCTATACCATAATG,2,15,26,2,-2.5649493574615367
12159,TTTGTATAGTT,GCTATACCATAATG,2,20,29,6,-1.575536360758419
12160,TTTGTATAGTT,GCTATACCATAATG,2,30,32,4,-2.0794415416798357
12161,TTTGTATAGTT,GCTATACCATAATG,2,40,35,12,-1.0704414117014134
12162,TTTGTATAGTT,GCTATACCATAATG,2,50,49,10,-1.5892352051165808
12163,TTTGTATAGTT,GCTATACCATAATG,2,60,23,7,-1.1895840668738362
12164,TTTGTATAGTT,GCTATACCATAATG,3,0,38,12,-1.1526795099383855
12165,TTTGTATAGTT,GCTATACCATAATG,3,2,19,2,-2.2512917986064953
12166,TTTGTATAGTT,GCTATACCATAATG,3,5,34,3,-2.4277482359480516
12167,TTTGTATAGTT,GCTATACCATAATG,3,10,35,4,-2.169053700369523
12168,TTTGTATAGTT,GCTATACCATAATG,3,15,49,6,-2.1000608288825715
12169,TTTGTATAGTT,GCTATACCATAATG,3,20,36,6,-1.791759469228055
12170,TTTGTATAGTT,GCTATACCATAATG,3,30,19,8,-0.8649974374866045
12171,TTTGTATAGTT,GCTATACCATAATG,3,40,42,15,-1.0296194171811581
12172,TTTGTATAGTT,GCTATACCATAATG,3,50,56,12,-1.5404450409471488
12173,TTTGTATAGTT,GCTATACCATAATG,3,60,32,5,-1.856297990365626
12174,TTTGTATAGTT,GCTATACCATAATG,4,0,24,3,-2.0794415416798357
12175,TTTGTATAGTT,GCTATACCATAATG,4,2,46,4,-2.4423470353692043
12176,TTTGTATAGTT,GCTATACCATAATG,4,5,45,3,-2.70805020110221
12177,TTTGTATAGTT,GCTATACCATAATG,4,10,37,4,-2.2246235515243336
12178,TTTGTATAGTT,GCTATACCATAATG,4,15,62,9,-1.929909807708872
12179,TTTGTATAGTT,GCTATACCATAATG,4,20,35,7,-1.6094379124341003
12180,TTTGTATAGTT,GCTATACCATAATG,4,30,35,9,-1.3581234841531944
12181,TTTGTATAGTT,GCTATACCATAATG,4,40,47,15,-1.1420974006078484
12182,TTTGTATAGTT,GCTATACCATAATG,4,50,46,14,-1.1895840668738362
12183,TTTGTATAGTT,GCTATACCATAATG,4,60,39,13,-1.0986122886681098
12184,TTTTAACTAAA,TTAAGTCTTTAAGT,2,0,31,1,-3.4339872044851463
12185,TTTTAACTAAA,TTAAGTCTTTAAGT,2,2,15,1,-2.70805020110221
12186,TTTTAACTAAA,TTAAGTCTTTAAGT,2,5,21,1,-3.044522437723423
12187,TTTTAACTAAA,TTAAGTCTTTAAGT,2,10,28,1,-3.332204510175204
12188,TTTTAACTAAA,TTAAGTCTTTAAGT,2,15,26,4,-1.8718021769015913
12189,TTTTAACTAAA,TTAAGTCTTTAAGT,2,20,38,6,-1.8458266904983307
12190,TTTTAACTAAA,TTAAGTCTTTAAGT,2,30,34,7,-1.580450375560848
12191,TTTTAACTAAA,TTAAGTCTTTAAGT,2,40,50,12,-1.4271163556401458
12192,TTTTAACTAAA,TTAAGTCTTTAAGT,2,50,32,7,-1.519825753744413
12193,TTTTAACTAAA,TTAAGTCTTTAAGT,2,60,29,1,-3.3672958299864737
12194,TTTTAACTAAA,TTAAGTCTTTAAGT,3,0,15,2,-2.0149030205422647
12195,TTTTAACTAAA,TTAAGTCTTTAAGT,3,5,17,2,-2.1400661634962708
12196,TTTTAACTAAA,TTAAGTCTTTAAGT,3,10,28,1,-3.332204510175204
12197,TTTTAACTAAA,TTAAGTCTTTAAGT,3,15,27,3,-2.1972245773362196
12198,TTTTAACTAAA,TTAAGTCTTTAAGT,3,20,27,2,-2.6026896854443837
12199,TTTTAACTAAA,TTAAGTCTTTAAGT,3,30,23,3,-2.03688192726104
12200,TTTTAACTAAA,TTAAGTCTTTAAGT,3,40,18,2,-2.1972245773362196
12201,TTTTAACTAAA,TTAAGTCTTTAAGT,3,50,29,11,-0.9694005571881035
12202,TTTTAACTAAA,TTAAGTCTTTAAGT,3,60,17,2,-2.1400661634962708
12203,TTTTAACTAAA,TTAAGTCTTTAAGT,4,2,33,3,-2.3978952727983707
12204,TTTTAACTAAA,TTAAGTCTTTAAGT,4,5,24,2,-2.4849066497880004
12205,TTTTAACTAAA,TTAAGTCTTTAAGT,4,10,46,2,-3.1354942159291497
12206,TTTTAACTAAA,TTAAGTCTTTAAGT,4,15,20,3,-1.8971199848858813
12207,TTTTAACTAAA,TTAAGTCTTTAAGT,4,20,32,1,-3.4657359027997265
12208,TTTTAACTAAA,TTAAGTCTTTAAGT,4,30,38,1,-3.6375861597263857
12209,TTTTAACTAAA,TTAAGTCTTTAAGT,4,40,39,9,-1.466337068793427
12210,TTTTAACTAAA,TTAAGTCTTTAAGT,4,50,23,3,-2.03688192726104
12211,TTTTGGATCTT,ATAAGGGTGTCGCC,3,20,1,37,3.6109179126442243
12212,TTTTGGATCTT,ATAAGGGTGTCGCC,3,50,1,22,3.0910424533583156
12213,TTTTGGATCTT,ATAAGGGTGTCGCC,4,5,1,6,1.791759469228055
12214,TTTTTGTCCGT,ATGCACGGAGTGAA,4,0,1,1,0.0
12215,TTTTTTGCAAG,CTGGTTCAGAGGGA,2,60,2,5,0.916290731874155
