Start yeast pool C UMI analysis
✓ Initial map already exists: trebl_experiment_pool_C_umi_AD_1_15_AD_AD_BC_initial — skipping
Base prefix (stable across descriptors): trebl_experiment_pool_C_umi_AD_1_15_AD_AD_BC_
Full prefix for this instance: trebl_experiment_pool_C_umi_AD_1_15_AD_AD_BC_

Using the following step order:
1. initial
2. quality


Filtering to high-quality reads...
Created table: trebl_experiment_pool_C_umi_AD_1_15_AD_AD_BC_quality — filtered for TRUE in all *_qual columns.
Done in 38.14 seconds.

Done.
Saved loss summary table as 'trebl_experiment_pool_C_umi_AD_1_15_AD_AD_BC_loss_summary'
Done in 3.19 seconds.

Starting simple deduplication.
Finished simple deduplication.

Starting UMI Tools directional deduplication.
Exported TSV for count_tab to ../../../output/GCN4_pipeline/trebl_experiment_pool_C_umi_/trebl_experiment_pool_C_umi_AD_1_15/AD_1_15_umi_count_input.tsv
# UMI-tools version: 1.1.6
# output generated by count_tab --stdin ../../../output/GCN4_pipeline/trebl_experiment_pool_C_umi_/trebl_experiment_pool_C_umi_AD_1_15/AD_1_15_umi_count_input.tsv --stdout ../../../output/GCN4_pipeline/trebl_experiment_pool_C_umi_/trebl_experiment_pool_C_umi_AD_1_15/AD_1_15_directional_umi_counts.tsv
# job started at Tue Mar 10 18:33:39 2026 on n0182.savio2 -- f8f9b885-24c0-4eeb-bc65-149d09afc27b
# pid: 310716, system: Linux 4.18.0-553.34.1.el8_10.x86_64 #1 SMP Wed Jan 8 14:44:18 UTC 2025 x86_64
# bc_sep                                  : _
# compresslevel                           : 6
# log2stderr                              : False
# loglevel                                : 1
# method                                  : directional
# per_cell                                : None
# random_seed                             : None
# read_length                             : False
# short_help                              : None
# soft_clip_threshold                     : 4
# spliced                                 : False
# stderr                                  : <_io.TextIOWrapper name='<stderr>' mode='w' encoding='utf-8'>
# stdin                                   : <_io.TextIOWrapper name='../../../output/GCN4_pipeline/trebl_experiment_pool_C_umi_/trebl_experiment_pool_C_umi_AD_1_15/AD_1_15_umi_count_input.tsv' mode='r' encoding='UTF-8'>
# stdlog                                  : <_io.TextIOWrapper name='<stdout>' mode='w' encoding='utf-8'>
# stdout                                  : <_io.TextIOWrapper name='../../../output/GCN4_pipeline/trebl_experiment_pool_C_umi_/trebl_experiment_pool_C_umi_AD_1_15/AD_1_15_directional_umi_counts.tsv' mode='w' encoding='UTF-8'>
# threshold                               : 1
# timeit_file                             : None
# timeit_header                           : None
# timeit_name                             : all
# tmpdir                                  : None
2026-03-10 18:37:47,977 INFO Number of reads counted: 10739624
# job finished in 248 seconds at Tue Mar 10 18:37:47 2026 -- 244.89  8.23  0.00  0.00 -- f8f9b885-24c0-4eeb-bc65-149d09afc27b
Count_tab output saved to ../../../output/GCN4_pipeline/trebl_experiment_pool_C_umi_/trebl_experiment_pool_C_umi_AD_1_15/AD_1_15_directional_umi_counts.tsv
Deleted intermediate file ../../../output/GCN4_pipeline/trebl_experiment_pool_C_umi_/trebl_experiment_pool_C_umi_AD_1_15/AD_1_15_umi_count_input.tsv
Finished UMI Tools directional deduplication.

Saved to ../../../output/GCN4_pipeline/trebl_experiment_pool_C_umi_/trebl_experiment_pool_C_umi_AD_1_15/AD_1_15_simple_umi_counts.tsv
Saved to ../../../output/GCN4_pipeline/trebl_experiment_pool_C_umi_/trebl_experiment_pool_C_umi_AD_1_15/AD_1_15_reads_per_umi.tsv
Done in 1.21 minutes.

✓ Initial map already exists: trebl_experiment_pool_C_umi_AD_1_240_AD_AD_BC_initial — skipping
Base prefix (stable across descriptors): trebl_experiment_pool_C_umi_AD_1_240_AD_AD_BC_
Full prefix for this instance: trebl_experiment_pool_C_umi_AD_1_240_AD_AD_BC_

Using the following step order:
1. initial
2. quality


Filtering to high-quality reads...
Created table: trebl_experiment_pool_C_umi_AD_1_240_AD_AD_BC_quality — filtered for TRUE in all *_qual columns.
Done in 32.33 seconds.

Done.
Saved loss summary table as 'trebl_experiment_pool_C_umi_AD_1_240_AD_AD_BC_loss_summary'
Done in 3.00 seconds.

Starting simple deduplication.
Finished simple deduplication.

Starting UMI Tools directional deduplication.
Exported TSV for count_tab to ../../../output/GCN4_pipeline/trebl_experiment_pool_C_umi_/trebl_experiment_pool_C_umi_AD_1_240/AD_1_240_umi_count_input.tsv
# UMI-tools version: 1.1.6
# output generated by count_tab --stdin ../../../output/GCN4_pipeline/trebl_experiment_pool_C_umi_/trebl_experiment_pool_C_umi_AD_1_240/AD_1_240_umi_count_input.tsv --stdout ../../../output/GCN4_pipeline/trebl_experiment_pool_C_umi_/trebl_experiment_pool_C_umi_AD_1_240/AD_1_240_directional_umi_counts.tsv
# job started at Tue Mar 10 18:41:33 2026 on n0182.savio2 -- 7fc32f5e-4b97-4d84-b35b-440160fdc4b0
# pid: 560526, system: Linux 4.18.0-553.34.1.el8_10.x86_64 #1 SMP Wed Jan 8 14:44:18 UTC 2025 x86_64
# bc_sep                                  : _
# compresslevel                           : 6
# log2stderr                              : False
# loglevel                                : 1
# method                                  : directional
# per_cell                                : None
# random_seed                             : None
# read_length                             : False
# short_help                              : None
# soft_clip_threshold                     : 4
# spliced                                 : False
# stderr                                  : <_io.TextIOWrapper name='<stderr>' mode='w' encoding='utf-8'>
# stdin                                   : <_io.TextIOWrapper name='../../../output/GCN4_pipeline/trebl_experiment_pool_C_umi_/trebl_experiment_pool_C_umi_AD_1_240/AD_1_240_umi_count_input.tsv' mode='r' encoding='UTF-8'>
# stdlog                                  : <_io.TextIOWrapper name='<stdout>' mode='w' encoding='utf-8'>
# stdout                                  : <_io.TextIOWrapper name='../../../output/GCN4_pipeline/trebl_experiment_pool_C_umi_/trebl_experiment_pool_C_umi_AD_1_240/AD_1_240_directional_umi_counts.tsv' mode='w' encoding='UTF-8'>
# threshold                               : 1
# timeit_file                             : None
# timeit_header                           : None
# timeit_name                             : all
# tmpdir                                  : None
2026-03-10 18:48:59,819 INFO Number of reads counted: 18240497
# job finished in 446 seconds at Tue Mar 10 18:48:59 2026 -- 436.49  9.57  0.00  0.00 -- 7fc32f5e-4b97-4d84-b35b-440160fdc4b0
Count_tab output saved to ../../../output/GCN4_pipeline/trebl_experiment_pool_C_umi_/trebl_experiment_pool_C_umi_AD_1_240/AD_1_240_directional_umi_counts.tsv
Deleted intermediate file ../../../output/GCN4_pipeline/trebl_experiment_pool_C_umi_/trebl_experiment_pool_C_umi_AD_1_240/AD_1_240_umi_count_input.tsv
Finished UMI Tools directional deduplication.

Saved to ../../../output/GCN4_pipeline/trebl_experiment_pool_C_umi_/trebl_experiment_pool_C_umi_AD_1_240/AD_1_240_simple_umi_counts.tsv
Saved to ../../../output/GCN4_pipeline/trebl_experiment_pool_C_umi_/trebl_experiment_pool_C_umi_AD_1_240/AD_1_240_reads_per_umi.tsv
Done in 1.74 minutes.

✓ Initial map already exists: trebl_experiment_pool_C_umi_AD_2_240_AD_AD_BC_initial — skipping
Base prefix (stable across descriptors): trebl_experiment_pool_C_umi_AD_2_240_AD_AD_BC_
Full prefix for this instance: trebl_experiment_pool_C_umi_AD_2_240_AD_AD_BC_

Using the following step order:
1. initial
2. quality


Filtering to high-quality reads...
Created table: trebl_experiment_pool_C_umi_AD_2_240_AD_AD_BC_quality — filtered for TRUE in all *_qual columns.
Done in 35.96 seconds.

Done.
Saved loss summary table as 'trebl_experiment_pool_C_umi_AD_2_240_AD_AD_BC_loss_summary'
Done in 3.89 seconds.

Starting simple deduplication.
Finished simple deduplication.

Starting UMI Tools directional deduplication.
Exported TSV for count_tab to ../../../output/GCN4_pipeline/trebl_experiment_pool_C_umi_/trebl_experiment_pool_C_umi_AD_2_240/AD_2_240_umi_count_input.tsv
# UMI-tools version: 1.1.6
# output generated by count_tab --stdin ../../../output/GCN4_pipeline/trebl_experiment_pool_C_umi_/trebl_experiment_pool_C_umi_AD_2_240/AD_2_240_umi_count_input.tsv --stdout ../../../output/GCN4_pipeline/trebl_experiment_pool_C_umi_/trebl_experiment_pool_C_umi_AD_2_240/AD_2_240_directional_umi_counts.tsv
# job started at Tue Mar 10 18:54:17 2026 on n0182.savio2 -- 3d249402-03f0-4f29-b260-98e22e0f4feb
# pid: 965618, system: Linux 4.18.0-553.34.1.el8_10.x86_64 #1 SMP Wed Jan 8 14:44:18 UTC 2025 x86_64
# bc_sep                                  : _
# compresslevel                           : 6
# log2stderr                              : False
# loglevel                                : 1
# method                                  : directional
# per_cell                                : None
# random_seed                             : None
# read_length                             : False
# short_help                              : None
# soft_clip_threshold                     : 4
# spliced                                 : False
# stderr                                  : <_io.TextIOWrapper name='<stderr>' mode='w' encoding='utf-8'>
# stdin                                   : <_io.TextIOWrapper name='../../../output/GCN4_pipeline/trebl_experiment_pool_C_umi_/trebl_experiment_pool_C_umi_AD_2_240/AD_2_240_umi_count_input.tsv' mode='r' encoding='UTF-8'>
# stdlog                                  : <_io.TextIOWrapper name='<stdout>' mode='w' encoding='utf-8'>
# stdout                                  : <_io.TextIOWrapper name='../../../output/GCN4_pipeline/trebl_experiment_pool_C_umi_/trebl_experiment_pool_C_umi_AD_2_240/AD_2_240_directional_umi_counts.tsv' mode='w' encoding='UTF-8'>
# threshold                               : 1
# timeit_file                             : None
# timeit_header                           : None
# timeit_name                             : all
# tmpdir                                  : None
2026-03-10 19:00:04,589 INFO Number of reads counted: 15156146
# job finished in 347 seconds at Tue Mar 10 19:00:04 2026 -- 341.98  8.24  0.00  0.00 -- 3d249402-03f0-4f29-b260-98e22e0f4feb
Count_tab output saved to ../../../output/GCN4_pipeline/trebl_experiment_pool_C_umi_/trebl_experiment_pool_C_umi_AD_2_240/AD_2_240_directional_umi_counts.tsv
Deleted intermediate file ../../../output/GCN4_pipeline/trebl_experiment_pool_C_umi_/trebl_experiment_pool_C_umi_AD_2_240/AD_2_240_umi_count_input.tsv
Finished UMI Tools directional deduplication.

Saved to ../../../output/GCN4_pipeline/trebl_experiment_pool_C_umi_/trebl_experiment_pool_C_umi_AD_2_240/AD_2_240_simple_umi_counts.tsv
Saved to ../../../output/GCN4_pipeline/trebl_experiment_pool_C_umi_/trebl_experiment_pool_C_umi_AD_2_240/AD_2_240_reads_per_umi.tsv
Done in 1.63 minutes.

✓ Initial map already exists: trebl_experiment_pool_C_umi_AD_2_180_AD_AD_BC_initial — skipping
Base prefix (stable across descriptors): trebl_experiment_pool_C_umi_AD_2_180_AD_AD_BC_
Full prefix for this instance: trebl_experiment_pool_C_umi_AD_2_180_AD_AD_BC_

Using the following step order:
1. initial
2. quality


Filtering to high-quality reads...
Created table: trebl_experiment_pool_C_umi_AD_2_180_AD_AD_BC_quality — filtered for TRUE in all *_qual columns.
Done in 40.32 seconds.

Done.
Saved loss summary table as 'trebl_experiment_pool_C_umi_AD_2_180_AD_AD_BC_loss_summary'
Done in 3.04 seconds.

Starting simple deduplication.
Finished simple deduplication.

Starting UMI Tools directional deduplication.
Exported TSV for count_tab to ../../../output/GCN4_pipeline/trebl_experiment_pool_C_umi_/trebl_experiment_pool_C_umi_AD_2_180/AD_2_180_umi_count_input.tsv
# UMI-tools version: 1.1.6
# output generated by count_tab --stdin ../../../output/GCN4_pipeline/trebl_experiment_pool_C_umi_/trebl_experiment_pool_C_umi_AD_2_180/AD_2_180_umi_count_input.tsv --stdout ../../../output/GCN4_pipeline/trebl_experiment_pool_C_umi_/trebl_experiment_pool_C_umi_AD_2_180/AD_2_180_directional_umi_counts.tsv
# job started at Tue Mar 10 19:05:15 2026 on n0182.savio2 -- bca6bf3c-4135-4c3d-8653-89ef9ec75753
# pid: 1307807, system: Linux 4.18.0-553.34.1.el8_10.x86_64 #1 SMP Wed Jan 8 14:44:18 UTC 2025 x86_64
# bc_sep                                  : _
# compresslevel                           : 6
# log2stderr                              : False
# loglevel                                : 1
# method                                  : directional
# per_cell                                : None
# random_seed                             : None
# read_length                             : False
# short_help                              : None
# soft_clip_threshold                     : 4
# spliced                                 : False
# stderr                                  : <_io.TextIOWrapper name='<stderr>' mode='w' encoding='utf-8'>
# stdin                                   : <_io.TextIOWrapper name='../../../output/GCN4_pipeline/trebl_experiment_pool_C_umi_/trebl_experiment_pool_C_umi_AD_2_180/AD_2_180_umi_count_input.tsv' mode='r' encoding='UTF-8'>
# stdlog                                  : <_io.TextIOWrapper name='<stdout>' mode='w' encoding='utf-8'>
# stdout                                  : <_io.TextIOWrapper name='../../../output/GCN4_pipeline/trebl_experiment_pool_C_umi_/trebl_experiment_pool_C_umi_AD_2_180/AD_2_180_directional_umi_counts.tsv' mode='w' encoding='UTF-8'>
# threshold                               : 1
# timeit_file                             : None
# timeit_header                           : None
# timeit_name                             : all
# tmpdir                                  : None
2026-03-10 19:12:39,985 INFO Number of reads counted: 15463414
# job finished in 445 seconds at Tue Mar 10 19:12:40 2026 -- 359.95 12.85  0.00  0.00 -- bca6bf3c-4135-4c3d-8653-89ef9ec75753
Count_tab output saved to ../../../output/GCN4_pipeline/trebl_experiment_pool_C_umi_/trebl_experiment_pool_C_umi_AD_2_180/AD_2_180_directional_umi_counts.tsv
Deleted intermediate file ../../../output/GCN4_pipeline/trebl_experiment_pool_C_umi_/trebl_experiment_pool_C_umi_AD_2_180/AD_2_180_umi_count_input.tsv
Finished UMI Tools directional deduplication.

Saved to ../../../output/GCN4_pipeline/trebl_experiment_pool_C_umi_/trebl_experiment_pool_C_umi_AD_2_180/AD_2_180_simple_umi_counts.tsv
Saved to ../../../output/GCN4_pipeline/trebl_experiment_pool_C_umi_/trebl_experiment_pool_C_umi_AD_2_180/AD_2_180_reads_per_umi.tsv
Done in 1.65 minutes.

✓ Initial map already exists: trebl_experiment_pool_C_umi_AD_2_15_AD_AD_BC_initial — skipping
Base prefix (stable across descriptors): trebl_experiment_pool_C_umi_AD_2_15_AD_AD_BC_
Full prefix for this instance: trebl_experiment_pool_C_umi_AD_2_15_AD_AD_BC_

Using the following step order:
1. initial
2. quality


Filtering to high-quality reads...
Created table: trebl_experiment_pool_C_umi_AD_2_15_AD_AD_BC_quality — filtered for TRUE in all *_qual columns.
Done in 38.57 seconds.

Done.
Saved loss summary table as 'trebl_experiment_pool_C_umi_AD_2_15_AD_AD_BC_loss_summary'
Done in 3.29 seconds.

Starting simple deduplication.
Finished simple deduplication.

Starting UMI Tools directional deduplication.
Exported TSV for count_tab to ../../../output/GCN4_pipeline/trebl_experiment_pool_C_umi_/trebl_experiment_pool_C_umi_AD_2_15/AD_2_15_umi_count_input.tsv
# UMI-tools version: 1.1.6
# output generated by count_tab --stdin ../../../output/GCN4_pipeline/trebl_experiment_pool_C_umi_/trebl_experiment_pool_C_umi_AD_2_15/AD_2_15_umi_count_input.tsv --stdout ../../../output/GCN4_pipeline/trebl_experiment_pool_C_umi_/trebl_experiment_pool_C_umi_AD_2_15/AD_2_15_directional_umi_counts.tsv
# job started at Tue Mar 10 19:17:54 2026 on n0182.savio2 -- 903406de-1c92-4f80-9e4d-32a190deb941
# pid: 1712621, system: Linux 4.18.0-553.34.1.el8_10.x86_64 #1 SMP Wed Jan 8 14:44:18 UTC 2025 x86_64
# bc_sep                                  : _
# compresslevel                           : 6
# log2stderr                              : False
# loglevel                                : 1
# method                                  : directional
# per_cell                                : None
# random_seed                             : None
# read_length                             : False
# short_help                              : None
# soft_clip_threshold                     : 4
# spliced                                 : False
# stderr                                  : <_io.TextIOWrapper name='<stderr>' mode='w' encoding='utf-8'>
# stdin                                   : <_io.TextIOWrapper name='../../../output/GCN4_pipeline/trebl_experiment_pool_C_umi_/trebl_experiment_pool_C_umi_AD_2_15/AD_2_15_umi_count_input.tsv' mode='r' encoding='UTF-8'>
# stdlog                                  : <_io.TextIOWrapper name='<stdout>' mode='w' encoding='utf-8'>
# stdout                                  : <_io.TextIOWrapper name='../../../output/GCN4_pipeline/trebl_experiment_pool_C_umi_/trebl_experiment_pool_C_umi_AD_2_15/AD_2_15_directional_umi_counts.tsv' mode='w' encoding='UTF-8'>
# threshold                               : 1
# timeit_file                             : None
# timeit_header                           : None
# timeit_name                             : all
# tmpdir                                  : None
2026-03-10 19:24:27,926 INFO Number of reads counted: 15495949
# job finished in 394 seconds at Tue Mar 10 19:24:28 2026 -- 354.63  9.73  0.00  0.00 -- 903406de-1c92-4f80-9e4d-32a190deb941
Count_tab output saved to ../../../output/GCN4_pipeline/trebl_experiment_pool_C_umi_/trebl_experiment_pool_C_umi_AD_2_15/AD_2_15_directional_umi_counts.tsv
Deleted intermediate file ../../../output/GCN4_pipeline/trebl_experiment_pool_C_umi_/trebl_experiment_pool_C_umi_AD_2_15/AD_2_15_umi_count_input.tsv
Finished UMI Tools directional deduplication.

Saved to ../../../output/GCN4_pipeline/trebl_experiment_pool_C_umi_/trebl_experiment_pool_C_umi_AD_2_15/AD_2_15_simple_umi_counts.tsv
Saved to ../../../output/GCN4_pipeline/trebl_experiment_pool_C_umi_/trebl_experiment_pool_C_umi_AD_2_15/AD_2_15_reads_per_umi.tsv
Done in 1.88 minutes.

✓ Initial map already exists: trebl_experiment_pool_C_umi_AD_2_5_AD_AD_BC_initial — skipping
Base prefix (stable across descriptors): trebl_experiment_pool_C_umi_AD_2_5_AD_AD_BC_
Full prefix for this instance: trebl_experiment_pool_C_umi_AD_2_5_AD_AD_BC_

Using the following step order:
1. initial
2. quality


Filtering to high-quality reads...
Created table: trebl_experiment_pool_C_umi_AD_2_5_AD_AD_BC_quality — filtered for TRUE in all *_qual columns.
Done in 44.19 seconds.

Done.
Saved loss summary table as 'trebl_experiment_pool_C_umi_AD_2_5_AD_AD_BC_loss_summary'
Done in 2.78 seconds.

Starting simple deduplication.
Finished simple deduplication.

Starting UMI Tools directional deduplication.
Exported TSV for count_tab to ../../../output/GCN4_pipeline/trebl_experiment_pool_C_umi_/trebl_experiment_pool_C_umi_AD_2_5/AD_2_5_umi_count_input.tsv
# UMI-tools version: 1.1.6
# output generated by count_tab --stdin ../../../output/GCN4_pipeline/trebl_experiment_pool_C_umi_/trebl_experiment_pool_C_umi_AD_2_5/AD_2_5_umi_count_input.tsv --stdout ../../../output/GCN4_pipeline/trebl_experiment_pool_C_umi_/trebl_experiment_pool_C_umi_AD_2_5/AD_2_5_directional_umi_counts.tsv
# job started at Tue Mar 10 19:29:48 2026 on n0182.savio2 -- 5ddda2c7-ae95-4da7-bf42-cf3659d7c66c
# pid: 2092653, system: Linux 4.18.0-553.34.1.el8_10.x86_64 #1 SMP Wed Jan 8 14:44:18 UTC 2025 x86_64
# bc_sep                                  : _
# compresslevel                           : 6
# log2stderr                              : False
# loglevel                                : 1
# method                                  : directional
# per_cell                                : None
# random_seed                             : None
# read_length                             : False
# short_help                              : None
# soft_clip_threshold                     : 4
# spliced                                 : False
# stderr                                  : <_io.TextIOWrapper name='<stderr>' mode='w' encoding='utf-8'>
# stdin                                   : <_io.TextIOWrapper name='../../../output/GCN4_pipeline/trebl_experiment_pool_C_umi_/trebl_experiment_pool_C_umi_AD_2_5/AD_2_5_umi_count_input.tsv' mode='r' encoding='UTF-8'>
# stdlog                                  : <_io.TextIOWrapper name='<stdout>' mode='w' encoding='utf-8'>
# stdout                                  : <_io.TextIOWrapper name='../../../output/GCN4_pipeline/trebl_experiment_pool_C_umi_/trebl_experiment_pool_C_umi_AD_2_5/AD_2_5_directional_umi_counts.tsv' mode='w' encoding='UTF-8'>
# threshold                               : 1
# timeit_file                             : None
# timeit_header                           : None
# timeit_name                             : all
# tmpdir                                  : None
2026-03-10 19:35:21,843 INFO Number of reads counted: 14917344
# job finished in 333 seconds at Tue Mar 10 19:35:21 2026 -- 329.40  8.33  0.00  0.00 -- 5ddda2c7-ae95-4da7-bf42-cf3659d7c66c
Count_tab output saved to ../../../output/GCN4_pipeline/trebl_experiment_pool_C_umi_/trebl_experiment_pool_C_umi_AD_2_5/AD_2_5_directional_umi_counts.tsv
Deleted intermediate file ../../../output/GCN4_pipeline/trebl_experiment_pool_C_umi_/trebl_experiment_pool_C_umi_AD_2_5/AD_2_5_umi_count_input.tsv
Finished UMI Tools directional deduplication.

Saved to ../../../output/GCN4_pipeline/trebl_experiment_pool_C_umi_/trebl_experiment_pool_C_umi_AD_2_5/AD_2_5_simple_umi_counts.tsv
Saved to ../../../output/GCN4_pipeline/trebl_experiment_pool_C_umi_/trebl_experiment_pool_C_umi_AD_2_5/AD_2_5_reads_per_umi.tsv
Done in 1.58 minutes.

✓ Initial map already exists: trebl_experiment_pool_C_umi_AD_1_0_AD_AD_BC_initial — skipping
Base prefix (stable across descriptors): trebl_experiment_pool_C_umi_AD_1_0_AD_AD_BC_
Full prefix for this instance: trebl_experiment_pool_C_umi_AD_1_0_AD_AD_BC_

Using the following step order:
1. initial
2. quality


Filtering to high-quality reads...
Created table: trebl_experiment_pool_C_umi_AD_1_0_AD_AD_BC_quality — filtered for TRUE in all *_qual columns.
Done in 37.26 seconds.

Done.
Saved loss summary table as 'trebl_experiment_pool_C_umi_AD_1_0_AD_AD_BC_loss_summary'
Done in 8.63 seconds.

Starting simple deduplication.
Finished simple deduplication.

Starting UMI Tools directional deduplication.
Exported TSV for count_tab to ../../../output/GCN4_pipeline/trebl_experiment_pool_C_umi_/trebl_experiment_pool_C_umi_AD_1_0/AD_1_0_umi_count_input.tsv
# UMI-tools version: 1.1.6
# output generated by count_tab --stdin ../../../output/GCN4_pipeline/trebl_experiment_pool_C_umi_/trebl_experiment_pool_C_umi_AD_1_0/AD_1_0_umi_count_input.tsv --stdout ../../../output/GCN4_pipeline/trebl_experiment_pool_C_umi_/trebl_experiment_pool_C_umi_AD_1_0/AD_1_0_directional_umi_counts.tsv
# job started at Tue Mar 10 19:40:23 2026 on n0182.savio2 -- c7d5d585-10dc-4628-bde5-9a2922c16a17
# pid: 2430534, system: Linux 4.18.0-553.34.1.el8_10.x86_64 #1 SMP Wed Jan 8 14:44:18 UTC 2025 x86_64
# bc_sep                                  : _
# compresslevel                           : 6
# log2stderr                              : False
# loglevel                                : 1
# method                                  : directional
# per_cell                                : None
# random_seed                             : None
# read_length                             : False
# short_help                              : None
# soft_clip_threshold                     : 4
# spliced                                 : False
# stderr                                  : <_io.TextIOWrapper name='<stderr>' mode='w' encoding='utf-8'>
# stdin                                   : <_io.TextIOWrapper name='../../../output/GCN4_pipeline/trebl_experiment_pool_C_umi_/trebl_experiment_pool_C_umi_AD_1_0/AD_1_0_umi_count_input.tsv' mode='r' encoding='UTF-8'>
# stdlog                                  : <_io.TextIOWrapper name='<stdout>' mode='w' encoding='utf-8'>
# stdout                                  : <_io.TextIOWrapper name='../../../output/GCN4_pipeline/trebl_experiment_pool_C_umi_/trebl_experiment_pool_C_umi_AD_1_0/AD_1_0_directional_umi_counts.tsv' mode='w' encoding='UTF-8'>
# threshold                               : 1
# timeit_file                             : None
# timeit_header                           : None
# timeit_name                             : all
# tmpdir                                  : None
2026-03-10 19:45:32,789 INFO Number of reads counted: 13584467
# job finished in 309 seconds at Tue Mar 10 19:45:33 2026 -- 295.97  7.67  0.00  0.00 -- c7d5d585-10dc-4628-bde5-9a2922c16a17
Count_tab output saved to ../../../output/GCN4_pipeline/trebl_experiment_pool_C_umi_/trebl_experiment_pool_C_umi_AD_1_0/AD_1_0_directional_umi_counts.tsv
Deleted intermediate file ../../../output/GCN4_pipeline/trebl_experiment_pool_C_umi_/trebl_experiment_pool_C_umi_AD_1_0/AD_1_0_umi_count_input.tsv
Finished UMI Tools directional deduplication.

Saved to ../../../output/GCN4_pipeline/trebl_experiment_pool_C_umi_/trebl_experiment_pool_C_umi_AD_1_0/AD_1_0_simple_umi_counts.tsv
Saved to ../../../output/GCN4_pipeline/trebl_experiment_pool_C_umi_/trebl_experiment_pool_C_umi_AD_1_0/AD_1_0_reads_per_umi.tsv
Done in 1.44 minutes.

✓ Initial map already exists: trebl_experiment_pool_C_umi_AD_3_15_AD_AD_BC_initial — skipping
Base prefix (stable across descriptors): trebl_experiment_pool_C_umi_AD_3_15_AD_AD_BC_
Full prefix for this instance: trebl_experiment_pool_C_umi_AD_3_15_AD_AD_BC_

Using the following step order:
1. initial
2. quality


Filtering to high-quality reads...
Created table: trebl_experiment_pool_C_umi_AD_3_15_AD_AD_BC_quality — filtered for TRUE in all *_qual columns.
Done in 33.34 seconds.

Done.
Saved loss summary table as 'trebl_experiment_pool_C_umi_AD_3_15_AD_AD_BC_loss_summary'
Done in 2.99 seconds.

Starting simple deduplication.
Finished simple deduplication.

Starting UMI Tools directional deduplication.
Exported TSV for count_tab to ../../../output/GCN4_pipeline/trebl_experiment_pool_C_umi_/trebl_experiment_pool_C_umi_AD_3_15/AD_3_15_umi_count_input.tsv
# UMI-tools version: 1.1.6
# output generated by count_tab --stdin ../../../output/GCN4_pipeline/trebl_experiment_pool_C_umi_/trebl_experiment_pool_C_umi_AD_3_15/AD_3_15_umi_count_input.tsv --stdout ../../../output/GCN4_pipeline/trebl_experiment_pool_C_umi_/trebl_experiment_pool_C_umi_AD_3_15/AD_3_15_directional_umi_counts.tsv
# job started at Tue Mar 10 19:50:08 2026 on n0182.savio2 -- 93f36f02-9280-48e2-8de7-1a94513f263a
# pid: 2751048, system: Linux 4.18.0-553.34.1.el8_10.x86_64 #1 SMP Wed Jan 8 14:44:18 UTC 2025 x86_64
# bc_sep                                  : _
# compresslevel                           : 6
# log2stderr                              : False
# loglevel                                : 1
# method                                  : directional
# per_cell                                : None
# random_seed                             : None
# read_length                             : False
# short_help                              : None
# soft_clip_threshold                     : 4
# spliced                                 : False
# stderr                                  : <_io.TextIOWrapper name='<stderr>' mode='w' encoding='utf-8'>
# stdin                                   : <_io.TextIOWrapper name='../../../output/GCN4_pipeline/trebl_experiment_pool_C_umi_/trebl_experiment_pool_C_umi_AD_3_15/AD_3_15_umi_count_input.tsv' mode='r' encoding='UTF-8'>
# stdlog                                  : <_io.TextIOWrapper name='<stdout>' mode='w' encoding='utf-8'>
# stdout                                  : <_io.TextIOWrapper name='../../../output/GCN4_pipeline/trebl_experiment_pool_C_umi_/trebl_experiment_pool_C_umi_AD_3_15/AD_3_15_directional_umi_counts.tsv' mode='w' encoding='UTF-8'>
# threshold                               : 1
# timeit_file                             : None
# timeit_header                           : None
# timeit_name                             : all
# tmpdir                                  : None
2026-03-10 19:55:33,329 INFO Number of reads counted: 13806836
# job finished in 325 seconds at Tue Mar 10 19:55:33 2026 -- 311.61  9.48  0.00  0.00 -- 93f36f02-9280-48e2-8de7-1a94513f263a
Count_tab output saved to ../../../output/GCN4_pipeline/trebl_experiment_pool_C_umi_/trebl_experiment_pool_C_umi_AD_3_15/AD_3_15_directional_umi_counts.tsv
Deleted intermediate file ../../../output/GCN4_pipeline/trebl_experiment_pool_C_umi_/trebl_experiment_pool_C_umi_AD_3_15/AD_3_15_umi_count_input.tsv
Finished UMI Tools directional deduplication.

Saved to ../../../output/GCN4_pipeline/trebl_experiment_pool_C_umi_/trebl_experiment_pool_C_umi_AD_3_15/AD_3_15_simple_umi_counts.tsv
Saved to ../../../output/GCN4_pipeline/trebl_experiment_pool_C_umi_/trebl_experiment_pool_C_umi_AD_3_15/AD_3_15_reads_per_umi.tsv
Done in 1.50 minutes.

✓ Initial map already exists: trebl_experiment_pool_C_umi_AD_3_10_AD_AD_BC_initial — skipping
Base prefix (stable across descriptors): trebl_experiment_pool_C_umi_AD_3_10_AD_AD_BC_
Full prefix for this instance: trebl_experiment_pool_C_umi_AD_3_10_AD_AD_BC_

Using the following step order:
1. initial
2. quality


Filtering to high-quality reads...
Created table: trebl_experiment_pool_C_umi_AD_3_10_AD_AD_BC_quality — filtered for TRUE in all *_qual columns.
Done in 44.42 seconds.

Done.
Saved loss summary table as 'trebl_experiment_pool_C_umi_AD_3_10_AD_AD_BC_loss_summary'
Done in 9.06 seconds.

Starting simple deduplication.
Finished simple deduplication.

Starting UMI Tools directional deduplication.
Exported TSV for count_tab to ../../../output/GCN4_pipeline/trebl_experiment_pool_C_umi_/trebl_experiment_pool_C_umi_AD_3_10/AD_3_10_umi_count_input.tsv
# UMI-tools version: 1.1.6
# output generated by count_tab --stdin ../../../output/GCN4_pipeline/trebl_experiment_pool_C_umi_/trebl_experiment_pool_C_umi_AD_3_10/AD_3_10_umi_count_input.tsv --stdout ../../../output/GCN4_pipeline/trebl_experiment_pool_C_umi_/trebl_experiment_pool_C_umi_AD_3_10/AD_3_10_directional_umi_counts.tsv
# job started at Tue Mar 10 20:00:32 2026 on n0182.savio2 -- 5fc2e6c9-d8e0-41a7-9684-eb8c83aa2de8
# pid: 3090976, system: Linux 4.18.0-553.34.1.el8_10.x86_64 #1 SMP Wed Jan 8 14:44:18 UTC 2025 x86_64
# bc_sep                                  : _
# compresslevel                           : 6
# log2stderr                              : False
# loglevel                                : 1
# method                                  : directional
# per_cell                                : None
# random_seed                             : None
# read_length                             : False
# short_help                              : None
# soft_clip_threshold                     : 4
# spliced                                 : False
# stderr                                  : <_io.TextIOWrapper name='<stderr>' mode='w' encoding='utf-8'>
# stdin                                   : <_io.TextIOWrapper name='../../../output/GCN4_pipeline/trebl_experiment_pool_C_umi_/trebl_experiment_pool_C_umi_AD_3_10/AD_3_10_umi_count_input.tsv' mode='r' encoding='UTF-8'>
# stdlog                                  : <_io.TextIOWrapper name='<stdout>' mode='w' encoding='utf-8'>
# stdout                                  : <_io.TextIOWrapper name='../../../output/GCN4_pipeline/trebl_experiment_pool_C_umi_/trebl_experiment_pool_C_umi_AD_3_10/AD_3_10_directional_umi_counts.tsv' mode='w' encoding='UTF-8'>
# threshold                               : 1
# timeit_file                             : None
# timeit_header                           : None
# timeit_name                             : all
# tmpdir                                  : None
2026-03-10 20:06:29,345 INFO Number of reads counted: 14874101
# job finished in 357 seconds at Tue Mar 10 20:06:29 2026 -- 334.82 10.35  0.00  0.00 -- 5fc2e6c9-d8e0-41a7-9684-eb8c83aa2de8
Count_tab output saved to ../../../output/GCN4_pipeline/trebl_experiment_pool_C_umi_/trebl_experiment_pool_C_umi_AD_3_10/AD_3_10_directional_umi_counts.tsv
Deleted intermediate file ../../../output/GCN4_pipeline/trebl_experiment_pool_C_umi_/trebl_experiment_pool_C_umi_AD_3_10/AD_3_10_umi_count_input.tsv
Finished UMI Tools directional deduplication.

Saved to ../../../output/GCN4_pipeline/trebl_experiment_pool_C_umi_/trebl_experiment_pool_C_umi_AD_3_10/AD_3_10_simple_umi_counts.tsv
Saved to ../../../output/GCN4_pipeline/trebl_experiment_pool_C_umi_/trebl_experiment_pool_C_umi_AD_3_10/AD_3_10_reads_per_umi.tsv
Done in 1.72 minutes.

✓ Initial map already exists: trebl_experiment_pool_C_umi_AD_3_0_AD_AD_BC_initial — skipping
Base prefix (stable across descriptors): trebl_experiment_pool_C_umi_AD_3_0_AD_AD_BC_
Full prefix for this instance: trebl_experiment_pool_C_umi_AD_3_0_AD_AD_BC_

Using the following step order:
1. initial
2. quality


Filtering to high-quality reads...
Created table: trebl_experiment_pool_C_umi_AD_3_0_AD_AD_BC_quality — filtered for TRUE in all *_qual columns.
Done in 40.45 seconds.

Done.
Saved loss summary table as 'trebl_experiment_pool_C_umi_AD_3_0_AD_AD_BC_loss_summary'
Done in 5.20 seconds.

Starting simple deduplication.
Finished simple deduplication.

Starting UMI Tools directional deduplication.
Exported TSV for count_tab to ../../../output/GCN4_pipeline/trebl_experiment_pool_C_umi_/trebl_experiment_pool_C_umi_AD_3_0/AD_3_0_umi_count_input.tsv
# UMI-tools version: 1.1.6
# output generated by count_tab --stdin ../../../output/GCN4_pipeline/trebl_experiment_pool_C_umi_/trebl_experiment_pool_C_umi_AD_3_0/AD_3_0_umi_count_input.tsv --stdout ../../../output/GCN4_pipeline/trebl_experiment_pool_C_umi_/trebl_experiment_pool_C_umi_AD_3_0/AD_3_0_directional_umi_counts.tsv
# job started at Tue Mar 10 20:11:39 2026 on n0182.savio2 -- fb410a0b-daac-433a-acd9-48ba721c31da
# pid: 3437746, system: Linux 4.18.0-553.34.1.el8_10.x86_64 #1 SMP Wed Jan 8 14:44:18 UTC 2025 x86_64
# bc_sep                                  : _
# compresslevel                           : 6
# log2stderr                              : False
# loglevel                                : 1
# method                                  : directional
# per_cell                                : None
# random_seed                             : None
# read_length                             : False
# short_help                              : None
# soft_clip_threshold                     : 4
# spliced                                 : False
# stderr                                  : <_io.TextIOWrapper name='<stderr>' mode='w' encoding='utf-8'>
# stdin                                   : <_io.TextIOWrapper name='../../../output/GCN4_pipeline/trebl_experiment_pool_C_umi_/trebl_experiment_pool_C_umi_AD_3_0/AD_3_0_umi_count_input.tsv' mode='r' encoding='UTF-8'>
# stdlog                                  : <_io.TextIOWrapper name='<stdout>' mode='w' encoding='utf-8'>
# stdout                                  : <_io.TextIOWrapper name='../../../output/GCN4_pipeline/trebl_experiment_pool_C_umi_/trebl_experiment_pool_C_umi_AD_3_0/AD_3_0_directional_umi_counts.tsv' mode='w' encoding='UTF-8'>
# threshold                               : 1
# timeit_file                             : None
# timeit_header                           : None
# timeit_name                             : all
# tmpdir                                  : None
2026-03-10 20:17:01,211 INFO Number of reads counted: 13852207
# job finished in 321 seconds at Tue Mar 10 20:17:01 2026 -- 307.40  9.35  0.00  0.00 -- fb410a0b-daac-433a-acd9-48ba721c31da
Count_tab output saved to ../../../output/GCN4_pipeline/trebl_experiment_pool_C_umi_/trebl_experiment_pool_C_umi_AD_3_0/AD_3_0_directional_umi_counts.tsv
Deleted intermediate file ../../../output/GCN4_pipeline/trebl_experiment_pool_C_umi_/trebl_experiment_pool_C_umi_AD_3_0/AD_3_0_umi_count_input.tsv
Finished UMI Tools directional deduplication.

Saved to ../../../output/GCN4_pipeline/trebl_experiment_pool_C_umi_/trebl_experiment_pool_C_umi_AD_3_0/AD_3_0_simple_umi_counts.tsv
Saved to ../../../output/GCN4_pipeline/trebl_experiment_pool_C_umi_/trebl_experiment_pool_C_umi_AD_3_0/AD_3_0_reads_per_umi.tsv
Done in 1.84 minutes.

✓ Initial map already exists: trebl_experiment_pool_C_umi_AD_1_10_AD_AD_BC_initial — skipping
Base prefix (stable across descriptors): trebl_experiment_pool_C_umi_AD_1_10_AD_AD_BC_
Full prefix for this instance: trebl_experiment_pool_C_umi_AD_1_10_AD_AD_BC_

Using the following step order:
1. initial
2. quality


Filtering to high-quality reads...
Created table: trebl_experiment_pool_C_umi_AD_1_10_AD_AD_BC_quality — filtered for TRUE in all *_qual columns.
Done in 37.95 seconds.

Done.
Saved loss summary table as 'trebl_experiment_pool_C_umi_AD_1_10_AD_AD_BC_loss_summary'
Done in 3.78 seconds.

Starting simple deduplication.
Finished simple deduplication.

Starting UMI Tools directional deduplication.
Exported TSV for count_tab to ../../../output/GCN4_pipeline/trebl_experiment_pool_C_umi_/trebl_experiment_pool_C_umi_AD_1_10/AD_1_10_umi_count_input.tsv
# UMI-tools version: 1.1.6
# output generated by count_tab --stdin ../../../output/GCN4_pipeline/trebl_experiment_pool_C_umi_/trebl_experiment_pool_C_umi_AD_1_10/AD_1_10_umi_count_input.tsv --stdout ../../../output/GCN4_pipeline/trebl_experiment_pool_C_umi_/trebl_experiment_pool_C_umi_AD_1_10/AD_1_10_directional_umi_counts.tsv
# job started at Tue Mar 10 20:22:30 2026 on n0182.savio2 -- 0f8db7ff-05ed-4845-933f-927e1e7cc097
# pid: 3791251, system: Linux 4.18.0-553.34.1.el8_10.x86_64 #1 SMP Wed Jan 8 14:44:18 UTC 2025 x86_64
# bc_sep                                  : _
# compresslevel                           : 6
# log2stderr                              : False
# loglevel                                : 1
# method                                  : directional
# per_cell                                : None
# random_seed                             : None
# read_length                             : False
# short_help                              : None
# soft_clip_threshold                     : 4
# spliced                                 : False
# stderr                                  : <_io.TextIOWrapper name='<stderr>' mode='w' encoding='utf-8'>
# stdin                                   : <_io.TextIOWrapper name='../../../output/GCN4_pipeline/trebl_experiment_pool_C_umi_/trebl_experiment_pool_C_umi_AD_1_10/AD_1_10_umi_count_input.tsv' mode='r' encoding='UTF-8'>
# stdlog                                  : <_io.TextIOWrapper name='<stdout>' mode='w' encoding='utf-8'>
# stdout                                  : <_io.TextIOWrapper name='../../../output/GCN4_pipeline/trebl_experiment_pool_C_umi_/trebl_experiment_pool_C_umi_AD_1_10/AD_1_10_directional_umi_counts.tsv' mode='w' encoding='UTF-8'>
# threshold                               : 1
# timeit_file                             : None
# timeit_header                           : None
# timeit_name                             : all
# tmpdir                                  : None
2026-03-10 20:28:38,183 INFO Number of reads counted: 15759277
# job finished in 368 seconds at Tue Mar 10 20:28:38 2026 -- 357.55  9.60  0.00  0.00 -- 0f8db7ff-05ed-4845-933f-927e1e7cc097
Count_tab output saved to ../../../output/GCN4_pipeline/trebl_experiment_pool_C_umi_/trebl_experiment_pool_C_umi_AD_1_10/AD_1_10_directional_umi_counts.tsv
Deleted intermediate file ../../../output/GCN4_pipeline/trebl_experiment_pool_C_umi_/trebl_experiment_pool_C_umi_AD_1_10/AD_1_10_umi_count_input.tsv
Finished UMI Tools directional deduplication.

Saved to ../../../output/GCN4_pipeline/trebl_experiment_pool_C_umi_/trebl_experiment_pool_C_umi_AD_1_10/AD_1_10_simple_umi_counts.tsv
Saved to ../../../output/GCN4_pipeline/trebl_experiment_pool_C_umi_/trebl_experiment_pool_C_umi_AD_1_10/AD_1_10_reads_per_umi.tsv
Done in 2.08 minutes.

✓ Initial map already exists: trebl_experiment_pool_C_umi_AD_1_30_AD_AD_BC_initial — skipping
Base prefix (stable across descriptors): trebl_experiment_pool_C_umi_AD_1_30_AD_AD_BC_
Full prefix for this instance: trebl_experiment_pool_C_umi_AD_1_30_AD_AD_BC_

Using the following step order:
1. initial
2. quality


Filtering to high-quality reads...
Created table: trebl_experiment_pool_C_umi_AD_1_30_AD_AD_BC_quality — filtered for TRUE in all *_qual columns.
Done in 40.49 seconds.

Done.
Saved loss summary table as 'trebl_experiment_pool_C_umi_AD_1_30_AD_AD_BC_loss_summary'
Done in 3.58 seconds.

Starting simple deduplication.
Finished simple deduplication.

Starting UMI Tools directional deduplication.
Exported TSV for count_tab to ../../../output/GCN4_pipeline/trebl_experiment_pool_C_umi_/trebl_experiment_pool_C_umi_AD_1_30/AD_1_30_umi_count_input.tsv
# UMI-tools version: 1.1.6
# output generated by count_tab --stdin ../../../output/GCN4_pipeline/trebl_experiment_pool_C_umi_/trebl_experiment_pool_C_umi_AD_1_30/AD_1_30_umi_count_input.tsv --stdout ../../../output/GCN4_pipeline/trebl_experiment_pool_C_umi_/trebl_experiment_pool_C_umi_AD_1_30/AD_1_30_directional_umi_counts.tsv
# job started at Tue Mar 10 20:34:35 2026 on n0182.savio2 -- 971c437b-a3eb-457e-9e6a-8e0899e5055a
# pid: 21598, system: Linux 4.18.0-553.34.1.el8_10.x86_64 #1 SMP Wed Jan 8 14:44:18 UTC 2025 x86_64
# bc_sep                                  : _
# compresslevel                           : 6
# log2stderr                              : False
# loglevel                                : 1
# method                                  : directional
# per_cell                                : None
# random_seed                             : None
# read_length                             : False
# short_help                              : None
# soft_clip_threshold                     : 4
# spliced                                 : False
# stderr                                  : <_io.TextIOWrapper name='<stderr>' mode='w' encoding='utf-8'>
# stdin                                   : <_io.TextIOWrapper name='../../../output/GCN4_pipeline/trebl_experiment_pool_C_umi_/trebl_experiment_pool_C_umi_AD_1_30/AD_1_30_umi_count_input.tsv' mode='r' encoding='UTF-8'>
# stdlog                                  : <_io.TextIOWrapper name='<stdout>' mode='w' encoding='utf-8'>
# stdout                                  : <_io.TextIOWrapper name='../../../output/GCN4_pipeline/trebl_experiment_pool_C_umi_/trebl_experiment_pool_C_umi_AD_1_30/AD_1_30_directional_umi_counts.tsv' mode='w' encoding='UTF-8'>
# threshold                               : 1
# timeit_file                             : None
# timeit_header                           : None
# timeit_name                             : all
# tmpdir                                  : None
2026-03-10 20:40:50,594 INFO Number of reads counted: 15916428
# job finished in 375 seconds at Tue Mar 10 20:40:50 2026 -- 364.88  9.61  0.00  0.00 -- 971c437b-a3eb-457e-9e6a-8e0899e5055a
Count_tab output saved to ../../../output/GCN4_pipeline/trebl_experiment_pool_C_umi_/trebl_experiment_pool_C_umi_AD_1_30/AD_1_30_directional_umi_counts.tsv
Deleted intermediate file ../../../output/GCN4_pipeline/trebl_experiment_pool_C_umi_/trebl_experiment_pool_C_umi_AD_1_30/AD_1_30_umi_count_input.tsv
Finished UMI Tools directional deduplication.

Saved to ../../../output/GCN4_pipeline/trebl_experiment_pool_C_umi_/trebl_experiment_pool_C_umi_AD_1_30/AD_1_30_simple_umi_counts.tsv
Saved to ../../../output/GCN4_pipeline/trebl_experiment_pool_C_umi_/trebl_experiment_pool_C_umi_AD_1_30/AD_1_30_reads_per_umi.tsv
Done in 2.04 minutes.

✓ Initial map already exists: trebl_experiment_pool_C_umi_AD_3_30_AD_AD_BC_initial — skipping
Base prefix (stable across descriptors): trebl_experiment_pool_C_umi_AD_3_30_AD_AD_BC_
Full prefix for this instance: trebl_experiment_pool_C_umi_AD_3_30_AD_AD_BC_

Using the following step order:
1. initial
2. quality


Filtering to high-quality reads...
Created table: trebl_experiment_pool_C_umi_AD_3_30_AD_AD_BC_quality — filtered for TRUE in all *_qual columns.
Done in 34.16 seconds.

Done.
Saved loss summary table as 'trebl_experiment_pool_C_umi_AD_3_30_AD_AD_BC_loss_summary'
Done in 7.54 seconds.

Starting simple deduplication.
Finished simple deduplication.

Starting UMI Tools directional deduplication.
Exported TSV for count_tab to ../../../output/GCN4_pipeline/trebl_experiment_pool_C_umi_/trebl_experiment_pool_C_umi_AD_3_30/AD_3_30_umi_count_input.tsv
# UMI-tools version: 1.1.6
# output generated by count_tab --stdin ../../../output/GCN4_pipeline/trebl_experiment_pool_C_umi_/trebl_experiment_pool_C_umi_AD_3_30/AD_3_30_umi_count_input.tsv --stdout ../../../output/GCN4_pipeline/trebl_experiment_pool_C_umi_/trebl_experiment_pool_C_umi_AD_3_30/AD_3_30_directional_umi_counts.tsv
# job started at Tue Mar 10 20:46:37 2026 on n0182.savio2 -- 43a4e30f-cafa-472f-8d63-ccbe0b7a58c7
# pid: 433574, system: Linux 4.18.0-553.34.1.el8_10.x86_64 #1 SMP Wed Jan 8 14:44:18 UTC 2025 x86_64
# bc_sep                                  : _
# compresslevel                           : 6
# log2stderr                              : False
# loglevel                                : 1
# method                                  : directional
# per_cell                                : None
# random_seed                             : None
# read_length                             : False
# short_help                              : None
# soft_clip_threshold                     : 4
# spliced                                 : False
# stderr                                  : <_io.TextIOWrapper name='<stderr>' mode='w' encoding='utf-8'>
# stdin                                   : <_io.TextIOWrapper name='../../../output/GCN4_pipeline/trebl_experiment_pool_C_umi_/trebl_experiment_pool_C_umi_AD_3_30/AD_3_30_umi_count_input.tsv' mode='r' encoding='UTF-8'>
# stdlog                                  : <_io.TextIOWrapper name='<stdout>' mode='w' encoding='utf-8'>
# stdout                                  : <_io.TextIOWrapper name='../../../output/GCN4_pipeline/trebl_experiment_pool_C_umi_/trebl_experiment_pool_C_umi_AD_3_30/AD_3_30_directional_umi_counts.tsv' mode='w' encoding='UTF-8'>
# threshold                               : 1
# timeit_file                             : None
# timeit_header                           : None
# timeit_name                             : all
# tmpdir                                  : None
2026-03-10 20:51:21,630 INFO Number of reads counted: 11789108
# job finished in 284 seconds at Tue Mar 10 20:51:21 2026 -- 257.61  8.39  0.00  0.00 -- 43a4e30f-cafa-472f-8d63-ccbe0b7a58c7
Count_tab output saved to ../../../output/GCN4_pipeline/trebl_experiment_pool_C_umi_/trebl_experiment_pool_C_umi_AD_3_30/AD_3_30_directional_umi_counts.tsv
Deleted intermediate file ../../../output/GCN4_pipeline/trebl_experiment_pool_C_umi_/trebl_experiment_pool_C_umi_AD_3_30/AD_3_30_umi_count_input.tsv
Finished UMI Tools directional deduplication.

Saved to ../../../output/GCN4_pipeline/trebl_experiment_pool_C_umi_/trebl_experiment_pool_C_umi_AD_3_30/AD_3_30_simple_umi_counts.tsv
Saved to ../../../output/GCN4_pipeline/trebl_experiment_pool_C_umi_/trebl_experiment_pool_C_umi_AD_3_30/AD_3_30_reads_per_umi.tsv
Done in 1.56 minutes.

✓ Initial map already exists: trebl_experiment_pool_C_umi_AD_3_180_AD_AD_BC_initial — skipping
Base prefix (stable across descriptors): trebl_experiment_pool_C_umi_AD_3_180_AD_AD_BC_
Full prefix for this instance: trebl_experiment_pool_C_umi_AD_3_180_AD_AD_BC_

Using the following step order:
1. initial
2. quality


Filtering to high-quality reads...
Created table: trebl_experiment_pool_C_umi_AD_3_180_AD_AD_BC_quality — filtered for TRUE in all *_qual columns.
Done in 34.84 seconds.

Done.
Saved loss summary table as 'trebl_experiment_pool_C_umi_AD_3_180_AD_AD_BC_loss_summary'
Done in 4.12 seconds.

Starting simple deduplication.
Finished simple deduplication.

Starting UMI Tools directional deduplication.
Exported TSV for count_tab to ../../../output/GCN4_pipeline/trebl_experiment_pool_C_umi_/trebl_experiment_pool_C_umi_AD_3_180/AD_3_180_umi_count_input.tsv
# UMI-tools version: 1.1.6
# output generated by count_tab --stdin ../../../output/GCN4_pipeline/trebl_experiment_pool_C_umi_/trebl_experiment_pool_C_umi_AD_3_180/AD_3_180_umi_count_input.tsv --stdout ../../../output/GCN4_pipeline/trebl_experiment_pool_C_umi_/trebl_experiment_pool_C_umi_AD_3_180/AD_3_180_directional_umi_counts.tsv
# job started at Tue Mar 10 20:55:59 2026 on n0182.savio2 -- d7ca7df9-a3cd-42d5-9fb4-6187e0f6540d
# pid: 744299, system: Linux 4.18.0-553.34.1.el8_10.x86_64 #1 SMP Wed Jan 8 14:44:18 UTC 2025 x86_64
# bc_sep                                  : _
# compresslevel                           : 6
# log2stderr                              : False
# loglevel                                : 1
# method                                  : directional
# per_cell                                : None
# random_seed                             : None
# read_length                             : False
# short_help                              : None
# soft_clip_threshold                     : 4
# spliced                                 : False
# stderr                                  : <_io.TextIOWrapper name='<stderr>' mode='w' encoding='utf-8'>
# stdin                                   : <_io.TextIOWrapper name='../../../output/GCN4_pipeline/trebl_experiment_pool_C_umi_/trebl_experiment_pool_C_umi_AD_3_180/AD_3_180_umi_count_input.tsv' mode='r' encoding='UTF-8'>
# stdlog                                  : <_io.TextIOWrapper name='<stdout>' mode='w' encoding='utf-8'>
# stdout                                  : <_io.TextIOWrapper name='../../../output/GCN4_pipeline/trebl_experiment_pool_C_umi_/trebl_experiment_pool_C_umi_AD_3_180/AD_3_180_directional_umi_counts.tsv' mode='w' encoding='UTF-8'>
# threshold                               : 1
# timeit_file                             : None
# timeit_header                           : None
# timeit_name                             : all
# tmpdir                                  : None
2026-03-10 21:01:00,854 INFO Number of reads counted: 13464777
# job finished in 301 seconds at Tue Mar 10 21:01:00 2026 -- 299.28  7.15  0.00  0.00 -- d7ca7df9-a3cd-42d5-9fb4-6187e0f6540d
Count_tab output saved to ../../../output/GCN4_pipeline/trebl_experiment_pool_C_umi_/trebl_experiment_pool_C_umi_AD_3_180/AD_3_180_directional_umi_counts.tsv
Deleted intermediate file ../../../output/GCN4_pipeline/trebl_experiment_pool_C_umi_/trebl_experiment_pool_C_umi_AD_3_180/AD_3_180_umi_count_input.tsv
Finished UMI Tools directional deduplication.

Saved to ../../../output/GCN4_pipeline/trebl_experiment_pool_C_umi_/trebl_experiment_pool_C_umi_AD_3_180/AD_3_180_simple_umi_counts.tsv
Saved to ../../../output/GCN4_pipeline/trebl_experiment_pool_C_umi_/trebl_experiment_pool_C_umi_AD_3_180/AD_3_180_reads_per_umi.tsv
Done in 1.67 minutes.

Reading 1 FASTQ/TXT file(s)...
Done in 7.19 minutes.

Reverse complement of sequences...
Done in 1.62 minutes.

Extracting 2 barcodes...
False
GGCTAGC

AD: extracting 120 bases after preceder 'GGCTAGC'
False
CGCGCC

AD_BC: extracting 11 bases after preceder 'CGCGCC'
Done in 1.44 minutes.

Extracting UMI...
True
TGATTT

UMI: extracting 12bp UMI after flank 'TGATTT' near end of read
Done in 22.28 seconds.

Merging with design file...
Done in 41.67 seconds.

Mapping complete.
Base prefix (stable across descriptors): trebl_experiment_pool_C_umi_AD_3_5_AD_AD_BC_
Full prefix for this instance: trebl_experiment_pool_C_umi_AD_3_5_AD_AD_BC_

Using the following step order:
1. initial
2. quality


Filtering to high-quality reads...
Created table: trebl_experiment_pool_C_umi_AD_3_5_AD_AD_BC_quality — filtered for TRUE in all *_qual columns.
Done in 39.54 seconds.

Done.
Saved loss summary table as 'trebl_experiment_pool_C_umi_AD_3_5_AD_AD_BC_loss_summary'
Done in 7.20 seconds.

Starting simple deduplication.
Finished simple deduplication.

Starting UMI Tools directional deduplication.
Exported TSV for count_tab to ../../../output/GCN4_pipeline/trebl_experiment_pool_C_umi_/trebl_experiment_pool_C_umi_AD_3_5/AD_3_5_umi_count_input.tsv
# UMI-tools version: 1.1.6
# output generated by count_tab --stdin ../../../output/GCN4_pipeline/trebl_experiment_pool_C_umi_/trebl_experiment_pool_C_umi_AD_3_5/AD_3_5_umi_count_input.tsv --stdout ../../../output/GCN4_pipeline/trebl_experiment_pool_C_umi_/trebl_experiment_pool_C_umi_AD_3_5/AD_3_5_directional_umi_counts.tsv
# job started at Tue Mar 10 21:17:36 2026 on n0182.savio2 -- 050d9d0d-3446-44c4-8b4e-1050f10cdbe0
# pid: 1395213, system: Linux 4.18.0-553.34.1.el8_10.x86_64 #1 SMP Wed Jan 8 14:44:18 UTC 2025 x86_64
# bc_sep                                  : _
# compresslevel                           : 6
# log2stderr                              : False
# loglevel                                : 1
# method                                  : directional
# per_cell                                : None
# random_seed                             : None
# read_length                             : False
# short_help                              : None
# soft_clip_threshold                     : 4
# spliced                                 : False
# stderr                                  : <_io.TextIOWrapper name='<stderr>' mode='w' encoding='utf-8'>
# stdin                                   : <_io.TextIOWrapper name='../../../output/GCN4_pipeline/trebl_experiment_pool_C_umi_/trebl_experiment_pool_C_umi_AD_3_5/AD_3_5_umi_count_input.tsv' mode='r' encoding='UTF-8'>
# stdlog                                  : <_io.TextIOWrapper name='<stdout>' mode='w' encoding='utf-8'>
# stdout                                  : <_io.TextIOWrapper name='../../../output/GCN4_pipeline/trebl_experiment_pool_C_umi_/trebl_experiment_pool_C_umi_AD_3_5/AD_3_5_directional_umi_counts.tsv' mode='w' encoding='UTF-8'>
# threshold                               : 1
# timeit_file                             : None
# timeit_header                           : None
# timeit_name                             : all
# tmpdir                                  : None
2026-03-10 21:22:59,087 INFO Number of reads counted: 14016020
# job finished in 322 seconds at Tue Mar 10 21:22:59 2026 -- 312.42  9.26  0.00  0.00 -- 050d9d0d-3446-44c4-8b4e-1050f10cdbe0
Count_tab output saved to ../../../output/GCN4_pipeline/trebl_experiment_pool_C_umi_/trebl_experiment_pool_C_umi_AD_3_5/AD_3_5_directional_umi_counts.tsv
Deleted intermediate file ../../../output/GCN4_pipeline/trebl_experiment_pool_C_umi_/trebl_experiment_pool_C_umi_AD_3_5/AD_3_5_umi_count_input.tsv
Finished UMI Tools directional deduplication.

Saved to ../../../output/GCN4_pipeline/trebl_experiment_pool_C_umi_/trebl_experiment_pool_C_umi_AD_3_5/AD_3_5_simple_umi_counts.tsv
Saved to ../../../output/GCN4_pipeline/trebl_experiment_pool_C_umi_/trebl_experiment_pool_C_umi_AD_3_5/AD_3_5_reads_per_umi.tsv
Done in 1.78 minutes.

Reading 1 FASTQ/TXT file(s)...
Done in 5.80 minutes.

Reverse complement of sequences...
Done in 1.60 minutes.

Extracting 2 barcodes...
False
GGCTAGC

AD: extracting 120 bases after preceder 'GGCTAGC'
False
CGCGCC

AD_BC: extracting 11 bases after preceder 'CGCGCC'
Done in 1.41 minutes.

Extracting UMI...
True
TGATTT

UMI: extracting 12bp UMI after flank 'TGATTT' near end of read
Done in 23.25 seconds.

Merging with design file...
Done in 51.75 seconds.

Mapping complete.
Base prefix (stable across descriptors): trebl_experiment_pool_C_umi_AD_2_10_AD_AD_BC_
Full prefix for this instance: trebl_experiment_pool_C_umi_AD_2_10_AD_AD_BC_

Using the following step order:
1. initial
2. quality


Filtering to high-quality reads...
Created table: trebl_experiment_pool_C_umi_AD_2_10_AD_AD_BC_quality — filtered for TRUE in all *_qual columns.
Done in 1.42 minutes.

Done.
Saved loss summary table as 'trebl_experiment_pool_C_umi_AD_2_10_AD_AD_BC_loss_summary'
Done in 7.40 seconds.

Starting simple deduplication.
Finished simple deduplication.

Starting UMI Tools directional deduplication.
Exported TSV for count_tab to ../../../output/GCN4_pipeline/trebl_experiment_pool_C_umi_/trebl_experiment_pool_C_umi_AD_2_10/AD_2_10_umi_count_input.tsv
# UMI-tools version: 1.1.6
# output generated by count_tab --stdin ../../../output/GCN4_pipeline/trebl_experiment_pool_C_umi_/trebl_experiment_pool_C_umi_AD_2_10/AD_2_10_umi_count_input.tsv --stdout ../../../output/GCN4_pipeline/trebl_experiment_pool_C_umi_/trebl_experiment_pool_C_umi_AD_2_10/AD_2_10_directional_umi_counts.tsv
# job started at Tue Mar 10 21:39:33 2026 on n0182.savio2 -- 7d49c48b-6196-42cf-826a-38c1fb161678
# pid: 2049937, system: Linux 4.18.0-553.34.1.el8_10.x86_64 #1 SMP Wed Jan 8 14:44:18 UTC 2025 x86_64
# bc_sep                                  : _
# compresslevel                           : 6
# log2stderr                              : False
# loglevel                                : 1
# method                                  : directional
# per_cell                                : None
# random_seed                             : None
# read_length                             : False
# short_help                              : None
# soft_clip_threshold                     : 4
# spliced                                 : False
# stderr                                  : <_io.TextIOWrapper name='<stderr>' mode='w' encoding='utf-8'>
# stdin                                   : <_io.TextIOWrapper name='../../../output/GCN4_pipeline/trebl_experiment_pool_C_umi_/trebl_experiment_pool_C_umi_AD_2_10/AD_2_10_umi_count_input.tsv' mode='r' encoding='UTF-8'>
# stdlog                                  : <_io.TextIOWrapper name='<stdout>' mode='w' encoding='utf-8'>
# stdout                                  : <_io.TextIOWrapper name='../../../output/GCN4_pipeline/trebl_experiment_pool_C_umi_/trebl_experiment_pool_C_umi_AD_2_10/AD_2_10_directional_umi_counts.tsv' mode='w' encoding='UTF-8'>
# threshold                               : 1
# timeit_file                             : None
# timeit_header                           : None
# timeit_name                             : all
# tmpdir                                  : None
2026-03-10 21:45:14,910 INFO Number of reads counted: 15108777
# job finished in 341 seconds at Tue Mar 10 21:45:15 2026 -- 336.65  8.55  0.00  0.00 -- 7d49c48b-6196-42cf-826a-38c1fb161678
Count_tab output saved to ../../../output/GCN4_pipeline/trebl_experiment_pool_C_umi_/trebl_experiment_pool_C_umi_AD_2_10/AD_2_10_directional_umi_counts.tsv
Deleted intermediate file ../../../output/GCN4_pipeline/trebl_experiment_pool_C_umi_/trebl_experiment_pool_C_umi_AD_2_10/AD_2_10_umi_count_input.tsv
Finished UMI Tools directional deduplication.

Saved to ../../../output/GCN4_pipeline/trebl_experiment_pool_C_umi_/trebl_experiment_pool_C_umi_AD_2_10/AD_2_10_simple_umi_counts.tsv
Saved to ../../../output/GCN4_pipeline/trebl_experiment_pool_C_umi_/trebl_experiment_pool_C_umi_AD_2_10/AD_2_10_reads_per_umi.tsv
Done in 2.05 minutes.

Reading 1 FASTQ/TXT file(s)...
Done in 9.33 minutes.

Reverse complement of sequences...
Done in 2.24 minutes.

Extracting 2 barcodes...
False
GGCTAGC

AD: extracting 120 bases after preceder 'GGCTAGC'
False
CGCGCC

AD_BC: extracting 11 bases after preceder 'CGCGCC'
Done in 1.94 minutes.

Extracting UMI...
True
TGATTT

UMI: extracting 12bp UMI after flank 'TGATTT' near end of read
Done in 29.88 seconds.

Merging with design file...
Done in 54.20 seconds.

Mapping complete.
Base prefix (stable across descriptors): trebl_experiment_pool_C_umi_AD_2_0_AD_AD_BC_
Full prefix for this instance: trebl_experiment_pool_C_umi_AD_2_0_AD_AD_BC_

Using the following step order:
1. initial
2. quality


Filtering to high-quality reads...
Created table: trebl_experiment_pool_C_umi_AD_2_0_AD_AD_BC_quality — filtered for TRUE in all *_qual columns.
Done in 35.07 seconds.

Done.
Saved loss summary table as 'trebl_experiment_pool_C_umi_AD_2_0_AD_AD_BC_loss_summary'
Done in 8.77 seconds.

Starting simple deduplication.
Finished simple deduplication.

Starting UMI Tools directional deduplication.
Exported TSV for count_tab to ../../../output/GCN4_pipeline/trebl_experiment_pool_C_umi_/trebl_experiment_pool_C_umi_AD_2_0/AD_2_0_umi_count_input.tsv
# UMI-tools version: 1.1.6
# output generated by count_tab --stdin ../../../output/GCN4_pipeline/trebl_experiment_pool_C_umi_/trebl_experiment_pool_C_umi_AD_2_0/AD_2_0_umi_count_input.tsv --stdout ../../../output/GCN4_pipeline/trebl_experiment_pool_C_umi_/trebl_experiment_pool_C_umi_AD_2_0/AD_2_0_directional_umi_counts.tsv
# job started at Tue Mar 10 22:06:15 2026 on n0182.savio2 -- 85c267fc-a23a-4767-b41b-4c64f5015d43
# pid: 2811230, system: Linux 4.18.0-553.34.1.el8_10.x86_64 #1 SMP Wed Jan 8 14:44:18 UTC 2025 x86_64
# bc_sep                                  : _
# compresslevel                           : 6
# log2stderr                              : False
# loglevel                                : 1
# method                                  : directional
# per_cell                                : None
# random_seed                             : None
# read_length                             : False
# short_help                              : None
# soft_clip_threshold                     : 4
# spliced                                 : False
# stderr                                  : <_io.TextIOWrapper name='<stderr>' mode='w' encoding='utf-8'>
# stdin                                   : <_io.TextIOWrapper name='../../../output/GCN4_pipeline/trebl_experiment_pool_C_umi_/trebl_experiment_pool_C_umi_AD_2_0/AD_2_0_umi_count_input.tsv' mode='r' encoding='UTF-8'>
# stdlog                                  : <_io.TextIOWrapper name='<stdout>' mode='w' encoding='utf-8'>
# stdout                                  : <_io.TextIOWrapper name='../../../output/GCN4_pipeline/trebl_experiment_pool_C_umi_/trebl_experiment_pool_C_umi_AD_2_0/AD_2_0_directional_umi_counts.tsv' mode='w' encoding='UTF-8'>
# threshold                               : 1
# timeit_file                             : None
# timeit_header                           : None
# timeit_name                             : all
# tmpdir                                  : None
2026-03-10 22:13:40,590 INFO Number of reads counted: 15032559
# job finished in 445 seconds at Tue Mar 10 22:13:40 2026 -- 349.81 11.98  0.00  0.00 -- 85c267fc-a23a-4767-b41b-4c64f5015d43
Count_tab output saved to ../../../output/GCN4_pipeline/trebl_experiment_pool_C_umi_/trebl_experiment_pool_C_umi_AD_2_0/AD_2_0_directional_umi_counts.tsv
Deleted intermediate file ../../../output/GCN4_pipeline/trebl_experiment_pool_C_umi_/trebl_experiment_pool_C_umi_AD_2_0/AD_2_0_umi_count_input.tsv
Finished UMI Tools directional deduplication.

Saved to ../../../output/GCN4_pipeline/trebl_experiment_pool_C_umi_/trebl_experiment_pool_C_umi_AD_2_0/AD_2_0_simple_umi_counts.tsv
Saved to ../../../output/GCN4_pipeline/trebl_experiment_pool_C_umi_/trebl_experiment_pool_C_umi_AD_2_0/AD_2_0_reads_per_umi.tsv
Done in 2.25 minutes.

Reading 1 FASTQ/TXT file(s)...
Done in 7.65 minutes.

Reverse complement of sequences...
Done in 1.73 minutes.

Extracting 2 barcodes...
False
GGCTAGC

AD: extracting 120 bases after preceder 'GGCTAGC'
False
CGCGCC

AD_BC: extracting 11 bases after preceder 'CGCGCC'
Done in 1.76 minutes.

Extracting UMI...
True
TGATTT

UMI: extracting 12bp UMI after flank 'TGATTT' near end of read
Done in 28.48 seconds.

Merging with design file...
Done in 48.84 seconds.

Mapping complete.
Base prefix (stable across descriptors): trebl_experiment_pool_C_umi_AD_3_240_AD_AD_BC_
Full prefix for this instance: trebl_experiment_pool_C_umi_AD_3_240_AD_AD_BC_

Using the following step order:
1. initial
2. quality


Filtering to high-quality reads...
Created table: trebl_experiment_pool_C_umi_AD_3_240_AD_AD_BC_quality — filtered for TRUE in all *_qual columns.
Done in 42.05 seconds.

Done.
Saved loss summary table as 'trebl_experiment_pool_C_umi_AD_3_240_AD_AD_BC_loss_summary'
Done in 9.24 seconds.

Starting simple deduplication.
Finished simple deduplication.

Starting UMI Tools directional deduplication.
Exported TSV for count_tab to ../../../output/GCN4_pipeline/trebl_experiment_pool_C_umi_/trebl_experiment_pool_C_umi_AD_3_240/AD_3_240_umi_count_input.tsv
# UMI-tools version: 1.1.6
# output generated by count_tab --stdin ../../../output/GCN4_pipeline/trebl_experiment_pool_C_umi_/trebl_experiment_pool_C_umi_AD_3_240/AD_3_240_umi_count_input.tsv --stdout ../../../output/GCN4_pipeline/trebl_experiment_pool_C_umi_/trebl_experiment_pool_C_umi_AD_3_240/AD_3_240_directional_umi_counts.tsv
# job started at Tue Mar 10 22:32:56 2026 on n0182.savio2 -- a933c8d0-a95f-47ba-811b-4d81edab7eea
# pid: 3593312, system: Linux 4.18.0-553.34.1.el8_10.x86_64 #1 SMP Wed Jan 8 14:44:18 UTC 2025 x86_64
# bc_sep                                  : _
# compresslevel                           : 6
# log2stderr                              : False
# loglevel                                : 1
# method                                  : directional
# per_cell                                : None
# random_seed                             : None
# read_length                             : False
# short_help                              : None
# soft_clip_threshold                     : 4
# spliced                                 : False
# stderr                                  : <_io.TextIOWrapper name='<stderr>' mode='w' encoding='utf-8'>
# stdin                                   : <_io.TextIOWrapper name='../../../output/GCN4_pipeline/trebl_experiment_pool_C_umi_/trebl_experiment_pool_C_umi_AD_3_240/AD_3_240_umi_count_input.tsv' mode='r' encoding='UTF-8'>
# stdlog                                  : <_io.TextIOWrapper name='<stdout>' mode='w' encoding='utf-8'>
# stdout                                  : <_io.TextIOWrapper name='../../../output/GCN4_pipeline/trebl_experiment_pool_C_umi_/trebl_experiment_pool_C_umi_AD_3_240/AD_3_240_directional_umi_counts.tsv' mode='w' encoding='UTF-8'>
# threshold                               : 1
# timeit_file                             : None
# timeit_header                           : None
# timeit_name                             : all
# tmpdir                                  : None
2026-03-10 22:38:54,674 INFO Number of reads counted: 15180835
# job finished in 357 seconds at Tue Mar 10 22:38:54 2026 -- 351.01  9.65  0.00  0.00 -- a933c8d0-a95f-47ba-811b-4d81edab7eea
Count_tab output saved to ../../../output/GCN4_pipeline/trebl_experiment_pool_C_umi_/trebl_experiment_pool_C_umi_AD_3_240/AD_3_240_directional_umi_counts.tsv
Deleted intermediate file ../../../output/GCN4_pipeline/trebl_experiment_pool_C_umi_/trebl_experiment_pool_C_umi_AD_3_240/AD_3_240_umi_count_input.tsv
Finished UMI Tools directional deduplication.

Saved to ../../../output/GCN4_pipeline/trebl_experiment_pool_C_umi_/trebl_experiment_pool_C_umi_AD_3_240/AD_3_240_simple_umi_counts.tsv
Saved to ../../../output/GCN4_pipeline/trebl_experiment_pool_C_umi_/trebl_experiment_pool_C_umi_AD_3_240/AD_3_240_reads_per_umi.tsv
Done in 1.94 minutes.

Reading 1 FASTQ/TXT file(s)...
Done in 7.52 minutes.

Reverse complement of sequences...
Done in 1.60 minutes.

Extracting 2 barcodes...
False
GGCTAGC

AD: extracting 120 bases after preceder 'GGCTAGC'
False
CGCGCC

AD_BC: extracting 11 bases after preceder 'CGCGCC'
Done in 1.57 minutes.

Extracting UMI...
True
TGATTT

UMI: extracting 12bp UMI after flank 'TGATTT' near end of read
Done in 25.43 seconds.

Merging with design file...
Done in 43.94 seconds.

Mapping complete.
Base prefix (stable across descriptors): trebl_experiment_pool_C_umi_AD_1_5_AD_AD_BC_
Full prefix for this instance: trebl_experiment_pool_C_umi_AD_1_5_AD_AD_BC_

Using the following step order:
1. initial
2. quality


Filtering to high-quality reads...
Created table: trebl_experiment_pool_C_umi_AD_1_5_AD_AD_BC_quality — filtered for TRUE in all *_qual columns.
Done in 36.41 seconds.

Done.
Saved loss summary table as 'trebl_experiment_pool_C_umi_AD_1_5_AD_AD_BC_loss_summary'
Done in 6.70 seconds.

Starting simple deduplication.
Finished simple deduplication.

Starting UMI Tools directional deduplication.
Exported TSV for count_tab to ../../../output/GCN4_pipeline/trebl_experiment_pool_C_umi_/trebl_experiment_pool_C_umi_AD_1_5/AD_1_5_umi_count_input.tsv
# UMI-tools version: 1.1.6
# output generated by count_tab --stdin ../../../output/GCN4_pipeline/trebl_experiment_pool_C_umi_/trebl_experiment_pool_C_umi_AD_1_5/AD_1_5_umi_count_input.tsv --stdout ../../../output/GCN4_pipeline/trebl_experiment_pool_C_umi_/trebl_experiment_pool_C_umi_AD_1_5/AD_1_5_directional_umi_counts.tsv
# job started at Tue Mar 10 22:57:10 2026 on n0182.savio2 -- 328d77b6-c23f-486b-9224-36ffaef2918b
# pid: 120972, system: Linux 4.18.0-553.34.1.el8_10.x86_64 #1 SMP Wed Jan 8 14:44:18 UTC 2025 x86_64
# bc_sep                                  : _
# compresslevel                           : 6
# log2stderr                              : False
# loglevel                                : 1
# method                                  : directional
# per_cell                                : None
# random_seed                             : None
# read_length                             : False
# short_help                              : None
# soft_clip_threshold                     : 4
# spliced                                 : False
# stderr                                  : <_io.TextIOWrapper name='<stderr>' mode='w' encoding='utf-8'>
# stdin                                   : <_io.TextIOWrapper name='../../../output/GCN4_pipeline/trebl_experiment_pool_C_umi_/trebl_experiment_pool_C_umi_AD_1_5/AD_1_5_umi_count_input.tsv' mode='r' encoding='UTF-8'>
# stdlog                                  : <_io.TextIOWrapper name='<stdout>' mode='w' encoding='utf-8'>
# stdout                                  : <_io.TextIOWrapper name='../../../output/GCN4_pipeline/trebl_experiment_pool_C_umi_/trebl_experiment_pool_C_umi_AD_1_5/AD_1_5_directional_umi_counts.tsv' mode='w' encoding='UTF-8'>
# threshold                               : 1
# timeit_file                             : None
# timeit_header                           : None
# timeit_name                             : all
# tmpdir                                  : None
2026-03-10 23:02:54,942 INFO Number of reads counted: 15029473
# job finished in 344 seconds at Tue Mar 10 23:02:54 2026 -- 341.11  8.61  0.00  0.00 -- 328d77b6-c23f-486b-9224-36ffaef2918b
Count_tab output saved to ../../../output/GCN4_pipeline/trebl_experiment_pool_C_umi_/trebl_experiment_pool_C_umi_AD_1_5/AD_1_5_directional_umi_counts.tsv
Deleted intermediate file ../../../output/GCN4_pipeline/trebl_experiment_pool_C_umi_/trebl_experiment_pool_C_umi_AD_1_5/AD_1_5_umi_count_input.tsv
Finished UMI Tools directional deduplication.

Saved to ../../../output/GCN4_pipeline/trebl_experiment_pool_C_umi_/trebl_experiment_pool_C_umi_AD_1_5/AD_1_5_simple_umi_counts.tsv
Saved to ../../../output/GCN4_pipeline/trebl_experiment_pool_C_umi_/trebl_experiment_pool_C_umi_AD_1_5/AD_1_5_reads_per_umi.tsv
Done in 2.29 minutes.

Reading 1 FASTQ/TXT file(s)...
Done in 7.64 minutes.

Reverse complement of sequences...
Done in 1.63 minutes.

Extracting 2 barcodes...
False
GGCTAGC

AD: extracting 120 bases after preceder 'GGCTAGC'
False
CGCGCC

AD_BC: extracting 11 bases after preceder 'CGCGCC'
Done in 1.50 minutes.

Extracting UMI...
True
TGATTT

UMI: extracting 12bp UMI after flank 'TGATTT' near end of read
Done in 26.86 seconds.

Merging with design file...
Done in 44.38 seconds.

Mapping complete.
Base prefix (stable across descriptors): trebl_experiment_pool_C_umi_AD_2_30_AD_AD_BC_
Full prefix for this instance: trebl_experiment_pool_C_umi_AD_2_30_AD_AD_BC_

Using the following step order:
1. initial
2. quality


Filtering to high-quality reads...
Created table: trebl_experiment_pool_C_umi_AD_2_30_AD_AD_BC_quality — filtered for TRUE in all *_qual columns.
Done in 42.25 seconds.

Done.
Saved loss summary table as 'trebl_experiment_pool_C_umi_AD_2_30_AD_AD_BC_loss_summary'
Done in 6.70 seconds.

Starting simple deduplication.
Finished simple deduplication.

Starting UMI Tools directional deduplication.
Exported TSV for count_tab to ../../../output/GCN4_pipeline/trebl_experiment_pool_C_umi_/trebl_experiment_pool_C_umi_AD_2_30/AD_2_30_umi_count_input.tsv
# UMI-tools version: 1.1.6
# output generated by count_tab --stdin ../../../output/GCN4_pipeline/trebl_experiment_pool_C_umi_/trebl_experiment_pool_C_umi_AD_2_30/AD_2_30_umi_count_input.tsv --stdout ../../../output/GCN4_pipeline/trebl_experiment_pool_C_umi_/trebl_experiment_pool_C_umi_AD_2_30/AD_2_30_directional_umi_counts.tsv
# job started at Tue Mar 10 23:22:05 2026 on n0182.savio2 -- b9833bc3-5fdf-41ac-9c40-1ae3a72fa2a8
# pid: 880809, system: Linux 4.18.0-553.34.1.el8_10.x86_64 #1 SMP Wed Jan 8 14:44:18 UTC 2025 x86_64
# bc_sep                                  : _
# compresslevel                           : 6
# log2stderr                              : False
# loglevel                                : 1
# method                                  : directional
# per_cell                                : None
# random_seed                             : None
# read_length                             : False
# short_help                              : None
# soft_clip_threshold                     : 4
# spliced                                 : False
# stderr                                  : <_io.TextIOWrapper name='<stderr>' mode='w' encoding='utf-8'>
# stdin                                   : <_io.TextIOWrapper name='../../../output/GCN4_pipeline/trebl_experiment_pool_C_umi_/trebl_experiment_pool_C_umi_AD_2_30/AD_2_30_umi_count_input.tsv' mode='r' encoding='UTF-8'>
# stdlog                                  : <_io.TextIOWrapper name='<stdout>' mode='w' encoding='utf-8'>
# stdout                                  : <_io.TextIOWrapper name='../../../output/GCN4_pipeline/trebl_experiment_pool_C_umi_/trebl_experiment_pool_C_umi_AD_2_30/AD_2_30_directional_umi_counts.tsv' mode='w' encoding='UTF-8'>
# threshold                               : 1
# timeit_file                             : None
# timeit_header                           : None
# timeit_name                             : all
# tmpdir                                  : None
2026-03-10 23:27:14,563 INFO Number of reads counted: 14047913
# job finished in 308 seconds at Tue Mar 10 23:27:14 2026 -- 306.40  7.48  0.00  0.00 -- b9833bc3-5fdf-41ac-9c40-1ae3a72fa2a8
Count_tab output saved to ../../../output/GCN4_pipeline/trebl_experiment_pool_C_umi_/trebl_experiment_pool_C_umi_AD_2_30/AD_2_30_directional_umi_counts.tsv
Deleted intermediate file ../../../output/GCN4_pipeline/trebl_experiment_pool_C_umi_/trebl_experiment_pool_C_umi_AD_2_30/AD_2_30_umi_count_input.tsv
Finished UMI Tools directional deduplication.

Saved to ../../../output/GCN4_pipeline/trebl_experiment_pool_C_umi_/trebl_experiment_pool_C_umi_AD_2_30/AD_2_30_simple_umi_counts.tsv
Saved to ../../../output/GCN4_pipeline/trebl_experiment_pool_C_umi_/trebl_experiment_pool_C_umi_AD_2_30/AD_2_30_reads_per_umi.tsv
Done in 1.73 minutes.

Reading 1 FASTQ/TXT file(s)...
Done in 5.93 minutes.

Reverse complement of sequences...
Done in 1.55 minutes.

Extracting 2 barcodes...
False
GGCTAGC

AD: extracting 120 bases after preceder 'GGCTAGC'
False
CGCGCC

AD_BC: extracting 11 bases after preceder 'CGCGCC'
Done in 1.43 minutes.

Extracting UMI...
True
TGATTT

UMI: extracting 12bp UMI after flank 'TGATTT' near end of read
Done in 25.67 seconds.

Merging with design file...
Done in 40.29 seconds.

Mapping complete.
Base prefix (stable across descriptors): trebl_experiment_pool_C_umi_AD_1_180_AD_AD_BC_
Full prefix for this instance: trebl_experiment_pool_C_umi_AD_1_180_AD_AD_BC_

Using the following step order:
1. initial
2. quality


Filtering to high-quality reads...
Created table: trebl_experiment_pool_C_umi_AD_1_180_AD_AD_BC_quality — filtered for TRUE in all *_qual columns.
Done in 37.57 seconds.

Done.
Saved loss summary table as 'trebl_experiment_pool_C_umi_AD_1_180_AD_AD_BC_loss_summary'
Done in 8.22 seconds.

Starting simple deduplication.
Finished simple deduplication.

Starting UMI Tools directional deduplication.
Exported TSV for count_tab to ../../../output/GCN4_pipeline/trebl_experiment_pool_C_umi_/trebl_experiment_pool_C_umi_AD_1_180/AD_1_180_umi_count_input.tsv
# UMI-tools version: 1.1.6
# output generated by count_tab --stdin ../../../output/GCN4_pipeline/trebl_experiment_pool_C_umi_/trebl_experiment_pool_C_umi_AD_1_180/AD_1_180_umi_count_input.tsv --stdout ../../../output/GCN4_pipeline/trebl_experiment_pool_C_umi_/trebl_experiment_pool_C_umi_AD_1_180/AD_1_180_directional_umi_counts.tsv
# job started at Tue Mar 10 23:43:35 2026 on n0182.savio2 -- 3ef8f03d-19ad-4443-bb6f-110c3d8d1881
# pid: 1525399, system: Linux 4.18.0-553.34.1.el8_10.x86_64 #1 SMP Wed Jan 8 14:44:18 UTC 2025 x86_64
# bc_sep                                  : _
# compresslevel                           : 6
# log2stderr                              : False
# loglevel                                : 1
# method                                  : directional
# per_cell                                : None
# random_seed                             : None
# read_length                             : False
# short_help                              : None
# soft_clip_threshold                     : 4
# spliced                                 : False
# stderr                                  : <_io.TextIOWrapper name='<stderr>' mode='w' encoding='utf-8'>
# stdin                                   : <_io.TextIOWrapper name='../../../output/GCN4_pipeline/trebl_experiment_pool_C_umi_/trebl_experiment_pool_C_umi_AD_1_180/AD_1_180_umi_count_input.tsv' mode='r' encoding='UTF-8'>
# stdlog                                  : <_io.TextIOWrapper name='<stdout>' mode='w' encoding='utf-8'>
# stdout                                  : <_io.TextIOWrapper name='../../../output/GCN4_pipeline/trebl_experiment_pool_C_umi_/trebl_experiment_pool_C_umi_AD_1_180/AD_1_180_directional_umi_counts.tsv' mode='w' encoding='UTF-8'>
# threshold                               : 1
# timeit_file                             : None
# timeit_header                           : None
# timeit_name                             : all
# tmpdir                                  : None
2026-03-10 23:49:44,063 INFO Number of reads counted: 16032913
# job finished in 368 seconds at Tue Mar 10 23:49:44 2026 -- 364.84  8.90  0.00  0.00 -- 3ef8f03d-19ad-4443-bb6f-110c3d8d1881
Count_tab output saved to ../../../output/GCN4_pipeline/trebl_experiment_pool_C_umi_/trebl_experiment_pool_C_umi_AD_1_180/AD_1_180_directional_umi_counts.tsv
Deleted intermediate file ../../../output/GCN4_pipeline/trebl_experiment_pool_C_umi_/trebl_experiment_pool_C_umi_AD_1_180/AD_1_180_umi_count_input.tsv
Finished UMI Tools directional deduplication.

Saved to ../../../output/GCN4_pipeline/trebl_experiment_pool_C_umi_/trebl_experiment_pool_C_umi_AD_1_180/AD_1_180_simple_umi_counts.tsv
Saved to ../../../output/GCN4_pipeline/trebl_experiment_pool_C_umi_/trebl_experiment_pool_C_umi_AD_1_180/AD_1_180_reads_per_umi.tsv
Done in 1.94 minutes.

Reading 1 FASTQ/TXT file(s)...
Done in 16.19 minutes.

Reverse complement of sequences...
Done in 2.61 minutes.

Extracting 1 barcodes...
False
CTCGAG

RPTR_BC: extracting 14 bases after preceder 'CTCGAG'
Done in 1.42 minutes.

Extracting UMI...
True
TGTCAC

UMI: extracting 12bp UMI after flank 'TGTCAC' near end of read
Done in 1.09 minutes.

Done in 1.17 minutes.

Mapping complete.
Base prefix (stable across descriptors): trebl_experiment_pool_C_umi_RPTR_1_10_S3_R1_001_fastp_RPTR_BC_
Full prefix for this instance: trebl_experiment_pool_C_umi_RPTR_1_10_S3_R1_001_fastp_RPTR_BC_

Using the following step order:
1. initial
2. quality


Filtering to high-quality reads...
Created table: trebl_experiment_pool_C_umi_RPTR_1_10_S3_R1_001_fastp_RPTR_BC_quality — filtered for TRUE in all *_qual columns.
Done in 53.54 seconds.

Done.
Saved loss summary table as 'trebl_experiment_pool_C_umi_RPTR_1_10_S3_R1_001_fastp_RPTR_BC_loss_summary'
Done in 5.05 seconds.

Starting simple deduplication.
Finished simple deduplication.

Starting UMI Tools directional deduplication.
Exported TSV for count_tab to ../../../output/GCN4_pipeline/trebl_experiment_pool_C_umi_/trebl_experiment_pool_C_umi_RPTR_1_10_S3_R1_001_fastp/RPTR_1_10_S3_R1_001_fastp_umi_count_input.tsv
# UMI-tools version: 1.1.6
# output generated by count_tab --stdin ../../../output/GCN4_pipeline/trebl_experiment_pool_C_umi_/trebl_experiment_pool_C_umi_RPTR_1_10_S3_R1_001_fastp/RPTR_1_10_S3_R1_001_fastp_umi_count_input.tsv --stdout ../../../output/GCN4_pipeline/trebl_experiment_pool_C_umi_/trebl_experiment_pool_C_umi_RPTR_1_10_S3_R1_001_fastp/RPTR_1_10_S3_R1_001_fastp_directional_umi_counts.tsv
# job started at Wed Mar 11 00:18:08 2026 on n0182.savio2 -- 56c1dd84-f57f-4503-9d35-1f097c2d0bee
# pid: 2539275, system: Linux 4.18.0-553.34.1.el8_10.x86_64 #1 SMP Wed Jan 8 14:44:18 UTC 2025 x86_64
# bc_sep                                  : _
# compresslevel                           : 6
# log2stderr                              : False
# loglevel                                : 1
# method                                  : directional
# per_cell                                : None
# random_seed                             : None
# read_length                             : False
# short_help                              : None
# soft_clip_threshold                     : 4
# spliced                                 : False
# stderr                                  : <_io.TextIOWrapper name='<stderr>' mode='w' encoding='utf-8'>
# stdin                                   : <_io.TextIOWrapper name='../../../output/GCN4_pipeline/trebl_experiment_pool_C_umi_/trebl_experiment_pool_C_umi_RPTR_1_10_S3_R1_001_fastp/RPTR_1_10_S3_R1_001_fastp_umi_count_input.tsv' mode='r' encoding='UTF-8'>
# stdlog                                  : <_io.TextIOWrapper name='<stdout>' mode='w' encoding='utf-8'>
# stdout                                  : <_io.TextIOWrapper name='../../../output/GCN4_pipeline/trebl_experiment_pool_C_umi_/trebl_experiment_pool_C_umi_RPTR_1_10_S3_R1_001_fastp/RPTR_1_10_S3_R1_001_fastp_directional_umi_counts.tsv' mode='w' encoding='UTF-8'>
# threshold                               : 1
# timeit_file                             : None
# timeit_header                           : None
# timeit_name                             : all
# tmpdir                                  : None
2026-03-11 00:36:50,462 INFO Number of reads counted: 12757680
# job finished in 1121 seconds at Wed Mar 11 00:36:50 2026 -- 1116.00  6.64  0.00  0.00 -- 56c1dd84-f57f-4503-9d35-1f097c2d0bee
Count_tab output saved to ../../../output/GCN4_pipeline/trebl_experiment_pool_C_umi_/trebl_experiment_pool_C_umi_RPTR_1_10_S3_R1_001_fastp/RPTR_1_10_S3_R1_001_fastp_directional_umi_counts.tsv
Deleted intermediate file ../../../output/GCN4_pipeline/trebl_experiment_pool_C_umi_/trebl_experiment_pool_C_umi_RPTR_1_10_S3_R1_001_fastp/RPTR_1_10_S3_R1_001_fastp_umi_count_input.tsv
Finished UMI Tools directional deduplication.

Saved to ../../../output/GCN4_pipeline/trebl_experiment_pool_C_umi_/trebl_experiment_pool_C_umi_RPTR_1_10_S3_R1_001_fastp/RPTR_1_10_S3_R1_001_fastp_simple_umi_counts.tsv
Saved to ../../../output/GCN4_pipeline/trebl_experiment_pool_C_umi_/trebl_experiment_pool_C_umi_RPTR_1_10_S3_R1_001_fastp/RPTR_1_10_S3_R1_001_fastp_reads_per_umi.tsv
Done in 40.43 seconds.

Reading 1 FASTQ/TXT file(s)...
Done in 19.11 minutes.

Reverse complement of sequences...
Done in 3.22 minutes.

Extracting 1 barcodes...
False
CTCGAG

RPTR_BC: extracting 14 bases after preceder 'CTCGAG'
Done in 2.09 minutes.

Extracting UMI...
True
TGTCAC

UMI: extracting 12bp UMI after flank 'TGTCAC' near end of read
Done in 1.60 minutes.

Done in 1.44 minutes.

Mapping complete.
Base prefix (stable across descriptors): trebl_experiment_pool_C_umi_RPTR_3_240_S21_R1_001_fastp_RPTR_BC_
Full prefix for this instance: trebl_experiment_pool_C_umi_RPTR_3_240_S21_R1_001_fastp_RPTR_BC_

Using the following step order:
1. initial
2. quality


Filtering to high-quality reads...
Created table: trebl_experiment_pool_C_umi_RPTR_3_240_S21_R1_001_fastp_RPTR_BC_quality — filtered for TRUE in all *_qual columns.
Done in 1.36 minutes.

Done.
Saved loss summary table as 'trebl_experiment_pool_C_umi_RPTR_3_240_S21_R1_001_fastp_RPTR_BC_loss_summary'
Done in 5.05 seconds.

Starting simple deduplication.
Finished simple deduplication.

Starting UMI Tools directional deduplication.
Exported TSV for count_tab to ../../../output/GCN4_pipeline/trebl_experiment_pool_C_umi_/trebl_experiment_pool_C_umi_RPTR_3_240_S21_R1_001_fastp/RPTR_3_240_S21_R1_001_fastp_umi_count_input.tsv
# UMI-tools version: 1.1.6
# output generated by count_tab --stdin ../../../output/GCN4_pipeline/trebl_experiment_pool_C_umi_/trebl_experiment_pool_C_umi_RPTR_3_240_S21_R1_001_fastp/RPTR_3_240_S21_R1_001_fastp_umi_count_input.tsv --stdout ../../../output/GCN4_pipeline/trebl_experiment_pool_C_umi_/trebl_experiment_pool_C_umi_RPTR_3_240_S21_R1_001_fastp/RPTR_3_240_S21_R1_001_fastp_directional_umi_counts.tsv
# job started at Wed Mar 11 01:08:35 2026 on n0182.savio2 -- 4aa181d7-e802-4c5d-9581-a973fd07cef2
# pid: 4004595, system: Linux 4.18.0-553.34.1.el8_10.x86_64 #1 SMP Wed Jan 8 14:44:18 UTC 2025 x86_64
# bc_sep                                  : _
# compresslevel                           : 6
# log2stderr                              : False
# loglevel                                : 1
# method                                  : directional
# per_cell                                : None
# random_seed                             : None
# read_length                             : False
# short_help                              : None
# soft_clip_threshold                     : 4
# spliced                                 : False
# stderr                                  : <_io.TextIOWrapper name='<stderr>' mode='w' encoding='utf-8'>
# stdin                                   : <_io.TextIOWrapper name='../../../output/GCN4_pipeline/trebl_experiment_pool_C_umi_/trebl_experiment_pool_C_umi_RPTR_3_240_S21_R1_001_fastp/RPTR_3_240_S21_R1_001_fastp_umi_count_input.tsv' mode='r' encoding='UTF-8'>
# stdlog                                  : <_io.TextIOWrapper name='<stdout>' mode='w' encoding='utf-8'>
# stdout                                  : <_io.TextIOWrapper name='../../../output/GCN4_pipeline/trebl_experiment_pool_C_umi_/trebl_experiment_pool_C_umi_RPTR_3_240_S21_R1_001_fastp/RPTR_3_240_S21_R1_001_fastp_directional_umi_counts.tsv' mode='w' encoding='UTF-8'>
# threshold                               : 1
# timeit_file                             : None
# timeit_header                           : None
# timeit_name                             : all
# tmpdir                                  : None
2026-03-11 01:59:55,587 INFO Number of reads counted: 31615594
# job finished in 3079 seconds at Wed Mar 11 01:59:55 2026 -- 3064.86  9.41  0.00  0.00 -- 4aa181d7-e802-4c5d-9581-a973fd07cef2
Count_tab output saved to ../../../output/GCN4_pipeline/trebl_experiment_pool_C_umi_/trebl_experiment_pool_C_umi_RPTR_3_240_S21_R1_001_fastp/RPTR_3_240_S21_R1_001_fastp_directional_umi_counts.tsv
Deleted intermediate file ../../../output/GCN4_pipeline/trebl_experiment_pool_C_umi_/trebl_experiment_pool_C_umi_RPTR_3_240_S21_R1_001_fastp/RPTR_3_240_S21_R1_001_fastp_umi_count_input.tsv
Finished UMI Tools directional deduplication.

Saved to ../../../output/GCN4_pipeline/trebl_experiment_pool_C_umi_/trebl_experiment_pool_C_umi_RPTR_3_240_S21_R1_001_fastp/RPTR_3_240_S21_R1_001_fastp_simple_umi_counts.tsv
Saved to ../../../output/GCN4_pipeline/trebl_experiment_pool_C_umi_/trebl_experiment_pool_C_umi_RPTR_3_240_S21_R1_001_fastp/RPTR_3_240_S21_R1_001_fastp_reads_per_umi.tsv
Done in 1.53 minutes.

Reading 1 FASTQ/TXT file(s)...
Done in 16.34 minutes.

Reverse complement of sequences...
Done in 2.42 minutes.

Extracting 1 barcodes...
False
CTCGAG

RPTR_BC: extracting 14 bases after preceder 'CTCGAG'
Done in 1.08 minutes.

Extracting UMI...
True
TGTCAC

UMI: extracting 12bp UMI after flank 'TGTCAC' near end of read
Done in 55.81 seconds.

Done in 55.75 seconds.

Mapping complete.
Base prefix (stable across descriptors): trebl_experiment_pool_C_umi_RPTR_3_30_S19_R1_001_fastp_RPTR_BC_
Full prefix for this instance: trebl_experiment_pool_C_umi_RPTR_3_30_S19_R1_001_fastp_RPTR_BC_

Using the following step order:
1. initial
2. quality


Filtering to high-quality reads...
Created table: trebl_experiment_pool_C_umi_RPTR_3_30_S19_R1_001_fastp_RPTR_BC_quality — filtered for TRUE in all *_qual columns.
Done in 36.22 seconds.

Done.
Saved loss summary table as 'trebl_experiment_pool_C_umi_RPTR_3_30_S19_R1_001_fastp_RPTR_BC_loss_summary'
Done in 3.78 seconds.

Starting simple deduplication.
Finished simple deduplication.

Starting UMI Tools directional deduplication.
Exported TSV for count_tab to ../../../output/GCN4_pipeline/trebl_experiment_pool_C_umi_/trebl_experiment_pool_C_umi_RPTR_3_30_S19_R1_001_fastp/RPTR_3_30_S19_R1_001_fastp_umi_count_input.tsv
# UMI-tools version: 1.1.6
# output generated by count_tab --stdin ../../../output/GCN4_pipeline/trebl_experiment_pool_C_umi_/trebl_experiment_pool_C_umi_RPTR_3_30_S19_R1_001_fastp/RPTR_3_30_S19_R1_001_fastp_umi_count_input.tsv --stdout ../../../output/GCN4_pipeline/trebl_experiment_pool_C_umi_/trebl_experiment_pool_C_umi_RPTR_3_30_S19_R1_001_fastp/RPTR_3_30_S19_R1_001_fastp_directional_umi_counts.tsv
# job started at Wed Mar 11 02:26:44 2026 on n0182.savio2 -- c527bec2-95bc-4800-8e88-e68e258a701b
# pid: 2115841, system: Linux 4.18.0-553.34.1.el8_10.x86_64 #1 SMP Wed Jan 8 14:44:18 UTC 2025 x86_64
# bc_sep                                  : _
# compresslevel                           : 6
# log2stderr                              : False
# loglevel                                : 1
# method                                  : directional
# per_cell                                : None
# random_seed                             : None
# read_length                             : False
# short_help                              : None
# soft_clip_threshold                     : 4
# spliced                                 : False
# stderr                                  : <_io.TextIOWrapper name='<stderr>' mode='w' encoding='utf-8'>
# stdin                                   : <_io.TextIOWrapper name='../../../output/GCN4_pipeline/trebl_experiment_pool_C_umi_/trebl_experiment_pool_C_umi_RPTR_3_30_S19_R1_001_fastp/RPTR_3_30_S19_R1_001_fastp_umi_count_input.tsv' mode='r' encoding='UTF-8'>
# stdlog                                  : <_io.TextIOWrapper name='<stdout>' mode='w' encoding='utf-8'>
# stdout                                  : <_io.TextIOWrapper name='../../../output/GCN4_pipeline/trebl_experiment_pool_C_umi_/trebl_experiment_pool_C_umi_RPTR_3_30_S19_R1_001_fastp/RPTR_3_30_S19_R1_001_fastp_directional_umi_counts.tsv' mode='w' encoding='UTF-8'>
# threshold                               : 1
# timeit_file                             : None
# timeit_header                           : None
# timeit_name                             : all
# tmpdir                                  : None
2026-03-11 03:04:41,249 INFO Number of reads counted: 16989103
# job finished in 2276 seconds at Wed Mar 11 03:04:41 2026 -- 2266.86  7.34  0.00  0.00 -- c527bec2-95bc-4800-8e88-e68e258a701b
Count_tab output saved to ../../../output/GCN4_pipeline/trebl_experiment_pool_C_umi_/trebl_experiment_pool_C_umi_RPTR_3_30_S19_R1_001_fastp/RPTR_3_30_S19_R1_001_fastp_directional_umi_counts.tsv
Deleted intermediate file ../../../output/GCN4_pipeline/trebl_experiment_pool_C_umi_/trebl_experiment_pool_C_umi_RPTR_3_30_S19_R1_001_fastp/RPTR_3_30_S19_R1_001_fastp_umi_count_input.tsv
Finished UMI Tools directional deduplication.

Saved to ../../../output/GCN4_pipeline/trebl_experiment_pool_C_umi_/trebl_experiment_pool_C_umi_RPTR_3_30_S19_R1_001_fastp/RPTR_3_30_S19_R1_001_fastp_simple_umi_counts.tsv
Saved to ../../../output/GCN4_pipeline/trebl_experiment_pool_C_umi_/trebl_experiment_pool_C_umi_RPTR_3_30_S19_R1_001_fastp/RPTR_3_30_S19_R1_001_fastp_reads_per_umi.tsv
Done in 49.67 seconds.

Reading 1 FASTQ/TXT file(s)...
Done in 17.75 minutes.

Reverse complement of sequences...
Done in 3.27 minutes.

Extracting 1 barcodes...
False
CTCGAG

RPTR_BC: extracting 14 bases after preceder 'CTCGAG'
Done in 1.33 minutes.

Extracting UMI...
True
TGTCAC

UMI: extracting 12bp UMI after flank 'TGTCAC' near end of read
Done in 1.16 minutes.

Done in 1.58 minutes.

Mapping complete.
Base prefix (stable across descriptors): trebl_experiment_pool_C_umi_RPTR_2_30_S12_R1_001_fastp_RPTR_BC_
Full prefix for this instance: trebl_experiment_pool_C_umi_RPTR_2_30_S12_R1_001_fastp_RPTR_BC_

Using the following step order:
1. initial
2. quality


Filtering to high-quality reads...
Created table: trebl_experiment_pool_C_umi_RPTR_2_30_S12_R1_001_fastp_RPTR_BC_quality — filtered for TRUE in all *_qual columns.
Done in 1.77 minutes.

Done.
Saved loss summary table as 'trebl_experiment_pool_C_umi_RPTR_2_30_S12_R1_001_fastp_RPTR_BC_loss_summary'
Done in 6.75 seconds.

Starting simple deduplication.
Finished simple deduplication.

Starting UMI Tools directional deduplication.
Exported TSV for count_tab to ../../../output/GCN4_pipeline/trebl_experiment_pool_C_umi_/trebl_experiment_pool_C_umi_RPTR_2_30_S12_R1_001_fastp/RPTR_2_30_S12_R1_001_fastp_umi_count_input.tsv
# UMI-tools version: 1.1.6
# output generated by count_tab --stdin ../../../output/GCN4_pipeline/trebl_experiment_pool_C_umi_/trebl_experiment_pool_C_umi_RPTR_2_30_S12_R1_001_fastp/RPTR_2_30_S12_R1_001_fastp_umi_count_input.tsv --stdout ../../../output/GCN4_pipeline/trebl_experiment_pool_C_umi_/trebl_experiment_pool_C_umi_RPTR_2_30_S12_R1_001_fastp/RPTR_2_30_S12_R1_001_fastp_directional_umi_counts.tsv
# job started at Wed Mar 11 03:34:53 2026 on n0182.savio2 -- f82cb629-4d0b-4b97-b55c-3d7b80058e2b
# pid: 116858, system: Linux 4.18.0-553.34.1.el8_10.x86_64 #1 SMP Wed Jan 8 14:44:18 UTC 2025 x86_64
# bc_sep                                  : _
# compresslevel                           : 6
# log2stderr                              : False
# loglevel                                : 1
# method                                  : directional
# per_cell                                : None
# random_seed                             : None
# read_length                             : False
# short_help                              : None
# soft_clip_threshold                     : 4
# spliced                                 : False
# stderr                                  : <_io.TextIOWrapper name='<stderr>' mode='w' encoding='utf-8'>
# stdin                                   : <_io.TextIOWrapper name='../../../output/GCN4_pipeline/trebl_experiment_pool_C_umi_/trebl_experiment_pool_C_umi_RPTR_2_30_S12_R1_001_fastp/RPTR_2_30_S12_R1_001_fastp_umi_count_input.tsv' mode='r' encoding='UTF-8'>
# stdlog                                  : <_io.TextIOWrapper name='<stdout>' mode='w' encoding='utf-8'>
# stdout                                  : <_io.TextIOWrapper name='../../../output/GCN4_pipeline/trebl_experiment_pool_C_umi_/trebl_experiment_pool_C_umi_RPTR_2_30_S12_R1_001_fastp/RPTR_2_30_S12_R1_001_fastp_directional_umi_counts.tsv' mode='w' encoding='UTF-8'>
# threshold                               : 1
# timeit_file                             : None
# timeit_header                           : None
# timeit_name                             : all
# tmpdir                                  : None
2026-03-11 04:23:25,979 INFO Number of reads counted: 20365747
# job finished in 2912 seconds at Wed Mar 11 04:23:25 2026 -- 2899.74  8.46  0.00  0.00 -- f82cb629-4d0b-4b97-b55c-3d7b80058e2b
Count_tab output saved to ../../../output/GCN4_pipeline/trebl_experiment_pool_C_umi_/trebl_experiment_pool_C_umi_RPTR_2_30_S12_R1_001_fastp/RPTR_2_30_S12_R1_001_fastp_directional_umi_counts.tsv
Deleted intermediate file ../../../output/GCN4_pipeline/trebl_experiment_pool_C_umi_/trebl_experiment_pool_C_umi_RPTR_2_30_S12_R1_001_fastp/RPTR_2_30_S12_R1_001_fastp_umi_count_input.tsv
Finished UMI Tools directional deduplication.

Saved to ../../../output/GCN4_pipeline/trebl_experiment_pool_C_umi_/trebl_experiment_pool_C_umi_RPTR_2_30_S12_R1_001_fastp/RPTR_2_30_S12_R1_001_fastp_simple_umi_counts.tsv
Saved to ../../../output/GCN4_pipeline/trebl_experiment_pool_C_umi_/trebl_experiment_pool_C_umi_RPTR_2_30_S12_R1_001_fastp/RPTR_2_30_S12_R1_001_fastp_reads_per_umi.tsv
Done in 1.41 minutes.

Reading 1 FASTQ/TXT file(s)...
Done in 11.96 minutes.

Reverse complement of sequences...
Done in 1.84 minutes.

Extracting 1 barcodes...
False
CTCGAG

RPTR_BC: extracting 14 bases after preceder 'CTCGAG'
Done in 51.48 seconds.

Extracting UMI...
True
TGTCAC

UMI: extracting 12bp UMI after flank 'TGTCAC' near end of read
Done in 46.04 seconds.

Done in 44.96 seconds.

Mapping complete.
Base prefix (stable across descriptors): trebl_experiment_pool_C_umi_RPTR_3_5_S16_R1_001_fastp_RPTR_BC_
Full prefix for this instance: trebl_experiment_pool_C_umi_RPTR_3_5_S16_R1_001_fastp_RPTR_BC_

Using the following step order:
1. initial
2. quality


Filtering to high-quality reads...
Created table: trebl_experiment_pool_C_umi_RPTR_3_5_S16_R1_001_fastp_RPTR_BC_quality — filtered for TRUE in all *_qual columns.
Done in 35.05 seconds.

Done.
Saved loss summary table as 'trebl_experiment_pool_C_umi_RPTR_3_5_S16_R1_001_fastp_RPTR_BC_loss_summary'
Done in 4.58 seconds.

Starting simple deduplication.
Finished simple deduplication.

Starting UMI Tools directional deduplication.
Exported TSV for count_tab to ../../../output/GCN4_pipeline/trebl_experiment_pool_C_umi_/trebl_experiment_pool_C_umi_RPTR_3_5_S16_R1_001_fastp/RPTR_3_5_S16_R1_001_fastp_umi_count_input.tsv
# UMI-tools version: 1.1.6
# output generated by count_tab --stdin ../../../output/GCN4_pipeline/trebl_experiment_pool_C_umi_/trebl_experiment_pool_C_umi_RPTR_3_5_S16_R1_001_fastp/RPTR_3_5_S16_R1_001_fastp_umi_count_input.tsv --stdout ../../../output/GCN4_pipeline/trebl_experiment_pool_C_umi_/trebl_experiment_pool_C_umi_RPTR_3_5_S16_R1_001_fastp/RPTR_3_5_S16_R1_001_fastp_directional_umi_counts.tsv
# job started at Wed Mar 11 04:43:55 2026 on n0182.savio2 -- 3a2a39e9-2983-4194-8663-eb0e6f5ed89d
# pid: 2441996, system: Linux 4.18.0-553.34.1.el8_10.x86_64 #1 SMP Wed Jan 8 14:44:18 UTC 2025 x86_64
# bc_sep                                  : _
# compresslevel                           : 6
# log2stderr                              : False
# loglevel                                : 1
# method                                  : directional
# per_cell                                : None
# random_seed                             : None
# read_length                             : False
# short_help                              : None
# soft_clip_threshold                     : 4
# spliced                                 : False
# stderr                                  : <_io.TextIOWrapper name='<stderr>' mode='w' encoding='utf-8'>
# stdin                                   : <_io.TextIOWrapper name='../../../output/GCN4_pipeline/trebl_experiment_pool_C_umi_/trebl_experiment_pool_C_umi_RPTR_3_5_S16_R1_001_fastp/RPTR_3_5_S16_R1_001_fastp_umi_count_input.tsv' mode='r' encoding='UTF-8'>
# stdlog                                  : <_io.TextIOWrapper name='<stdout>' mode='w' encoding='utf-8'>
# stdout                                  : <_io.TextIOWrapper name='../../../output/GCN4_pipeline/trebl_experiment_pool_C_umi_/trebl_experiment_pool_C_umi_RPTR_3_5_S16_R1_001_fastp/RPTR_3_5_S16_R1_001_fastp_directional_umi_counts.tsv' mode='w' encoding='UTF-8'>
# threshold                               : 1
# timeit_file                             : None
# timeit_header                           : None
# timeit_name                             : all
# tmpdir                                  : None
2026-03-11 04:51:08,784 INFO Number of reads counted: 6493865
# job finished in 433 seconds at Wed Mar 11 04:51:08 2026 -- 434.97  4.11  0.00  0.00 -- 3a2a39e9-2983-4194-8663-eb0e6f5ed89d
Count_tab output saved to ../../../output/GCN4_pipeline/trebl_experiment_pool_C_umi_/trebl_experiment_pool_C_umi_RPTR_3_5_S16_R1_001_fastp/RPTR_3_5_S16_R1_001_fastp_directional_umi_counts.tsv
Deleted intermediate file ../../../output/GCN4_pipeline/trebl_experiment_pool_C_umi_/trebl_experiment_pool_C_umi_RPTR_3_5_S16_R1_001_fastp/RPTR_3_5_S16_R1_001_fastp_umi_count_input.tsv
Finished UMI Tools directional deduplication.

Saved to ../../../output/GCN4_pipeline/trebl_experiment_pool_C_umi_/trebl_experiment_pool_C_umi_RPTR_3_5_S16_R1_001_fastp/RPTR_3_5_S16_R1_001_fastp_simple_umi_counts.tsv
Saved to ../../../output/GCN4_pipeline/trebl_experiment_pool_C_umi_/trebl_experiment_pool_C_umi_RPTR_3_5_S16_R1_001_fastp/RPTR_3_5_S16_R1_001_fastp_reads_per_umi.tsv
Done in 18.38 seconds.

Reading 1 FASTQ/TXT file(s)...
Done in 16.06 minutes.

Reverse complement of sequences...
Done in 2.74 minutes.

Extracting 1 barcodes...
False
CTCGAG

RPTR_BC: extracting 14 bases after preceder 'CTCGAG'
Done in 1.67 minutes.

Extracting UMI...
True
TGTCAC

UMI: extracting 12bp UMI after flank 'TGTCAC' near end of read
Done in 1.19 minutes.

Done in 1.25 minutes.

Mapping complete.
Base prefix (stable across descriptors): trebl_experiment_pool_C_umi_RPTR_1_15_S4_R1_001_fastp_RPTR_BC_
Full prefix for this instance: trebl_experiment_pool_C_umi_RPTR_1_15_S4_R1_001_fastp_RPTR_BC_

Using the following step order:
1. initial
2. quality


Filtering to high-quality reads...
Created table: trebl_experiment_pool_C_umi_RPTR_1_15_S4_R1_001_fastp_RPTR_BC_quality — filtered for TRUE in all *_qual columns.
Done in 56.91 seconds.

Done.
Saved loss summary table as 'trebl_experiment_pool_C_umi_RPTR_1_15_S4_R1_001_fastp_RPTR_BC_loss_summary'
Done in 4.94 seconds.

Starting simple deduplication.
Finished simple deduplication.

Starting UMI Tools directional deduplication.
Exported TSV for count_tab to ../../../output/GCN4_pipeline/trebl_experiment_pool_C_umi_/trebl_experiment_pool_C_umi_RPTR_1_15_S4_R1_001_fastp/RPTR_1_15_S4_R1_001_fastp_umi_count_input.tsv
# UMI-tools version: 1.1.6
# output generated by count_tab --stdin ../../../output/GCN4_pipeline/trebl_experiment_pool_C_umi_/trebl_experiment_pool_C_umi_RPTR_1_15_S4_R1_001_fastp/RPTR_1_15_S4_R1_001_fastp_umi_count_input.tsv --stdout ../../../output/GCN4_pipeline/trebl_experiment_pool_C_umi_/trebl_experiment_pool_C_umi_RPTR_1_15_S4_R1_001_fastp/RPTR_1_15_S4_R1_001_fastp_directional_umi_counts.tsv
# job started at Wed Mar 11 05:17:30 2026 on n0182.savio2 -- bbc861f1-1f4a-4793-a914-c9ecd89bb27b
# pid: 3515187, system: Linux 4.18.0-553.34.1.el8_10.x86_64 #1 SMP Wed Jan 8 14:44:18 UTC 2025 x86_64
# bc_sep                                  : _
# compresslevel                           : 6
# log2stderr                              : False
# loglevel                                : 1
# method                                  : directional
# per_cell                                : None
# random_seed                             : None
# read_length                             : False
# short_help                              : None
# soft_clip_threshold                     : 4
# spliced                                 : False
# stderr                                  : <_io.TextIOWrapper name='<stderr>' mode='w' encoding='utf-8'>
# stdin                                   : <_io.TextIOWrapper name='../../../output/GCN4_pipeline/trebl_experiment_pool_C_umi_/trebl_experiment_pool_C_umi_RPTR_1_15_S4_R1_001_fastp/RPTR_1_15_S4_R1_001_fastp_umi_count_input.tsv' mode='r' encoding='UTF-8'>
# stdlog                                  : <_io.TextIOWrapper name='<stdout>' mode='w' encoding='utf-8'>
# stdout                                  : <_io.TextIOWrapper name='../../../output/GCN4_pipeline/trebl_experiment_pool_C_umi_/trebl_experiment_pool_C_umi_RPTR_1_15_S4_R1_001_fastp/RPTR_1_15_S4_R1_001_fastp_directional_umi_counts.tsv' mode='w' encoding='UTF-8'>
# threshold                               : 1
# timeit_file                             : None
# timeit_header                           : None
# timeit_name                             : all
# tmpdir                                  : None
2026-03-11 05:36:23,693 INFO Number of reads counted: 12403004
# job finished in 1132 seconds at Wed Mar 11 05:36:23 2026 -- 1128.76  6.71  0.00  0.00 -- bbc861f1-1f4a-4793-a914-c9ecd89bb27b
Count_tab output saved to ../../../output/GCN4_pipeline/trebl_experiment_pool_C_umi_/trebl_experiment_pool_C_umi_RPTR_1_15_S4_R1_001_fastp/RPTR_1_15_S4_R1_001_fastp_directional_umi_counts.tsv
Deleted intermediate file ../../../output/GCN4_pipeline/trebl_experiment_pool_C_umi_/trebl_experiment_pool_C_umi_RPTR_1_15_S4_R1_001_fastp/RPTR_1_15_S4_R1_001_fastp_umi_count_input.tsv
Finished UMI Tools directional deduplication.

Saved to ../../../output/GCN4_pipeline/trebl_experiment_pool_C_umi_/trebl_experiment_pool_C_umi_RPTR_1_15_S4_R1_001_fastp/RPTR_1_15_S4_R1_001_fastp_simple_umi_counts.tsv
Saved to ../../../output/GCN4_pipeline/trebl_experiment_pool_C_umi_/trebl_experiment_pool_C_umi_RPTR_1_15_S4_R1_001_fastp/RPTR_1_15_S4_R1_001_fastp_reads_per_umi.tsv
Done in 41.41 seconds.

Reading 1 FASTQ/TXT file(s)...
Traceback (most recent call last):
  File "/global/scratch/projects/fc_mvslab/OpenProjects/Sanjana/TREBL/notebooks/GCN4/pipeline_analysis/06_yeast_pool_C_umi.py", line 29, in <module>
    pipeline.trebl_experiment_analysis(
  File "/global/scratch/projects/fc_mvslab/OpenProjects/Sanjana/trebl_tools/src/trebl_tools/pipelines.py", line 1186, in trebl_experiment_analysis
    self._run_trebl_experiment_helper(
  File "/global/scratch/projects/fc_mvslab/OpenProjects/Sanjana/trebl_tools/src/trebl_tools/pipelines.py", line 1051, in _run_trebl_experiment_helper
    mapper.create_map()
  File "/global/scratch/projects/fc_mvslab/OpenProjects/Sanjana/trebl_tools/src/trebl_tools/initial_map.py", line 456, in create_map
    self._run_pipeline()
  File "/global/scratch/projects/fc_mvslab/OpenProjects/Sanjana/trebl_tools/src/trebl_tools/initial_map.py", line 397, in _run_pipeline
    self.read_fastq()
  File "/global/scratch/projects/fc_mvslab/OpenProjects/Sanjana/trebl_tools/src/trebl_tools/preprocess.py", line 32, in wrapper
    result = func(self, *args, **kwargs)
             ^^^^^^^^^^^^^^^^^^^^^^^^^^^
  File "/global/scratch/projects/fc_mvslab/OpenProjects/Sanjana/trebl_tools/src/trebl_tools/initial_map.py", line 135, in read_fastq
    con.execute(f"CREATE OR REPLACE TABLE seq AS {combined_query};")
_duckdb.IOException: IO Error: No files found that match the pattern "/global/scratch/projects/fc_mvslab/OpenProjects/Sanjana/TREBL/data/GCN4_pool_C_UMI_RPTR_fastp/chunks"

LINE 5:                     FROM read_csv_auto('/global/scratch/projects/fc_mvslab/OpenProjects...
                                 ^
