RPTR_BC,count,RPTR_BC_qual,Designed
TTATTTAGAAGTTT,3717,True,1
GACACACATCCTAC,1427,True,1
GGGACGCCTGTCCT,1346,True,1
TTAAATGTTATGCT,1312,True,1
CCTTCTCTATCATA,1259,True,1
TTGTCTGTAAAGTG,1218,True,1
TAAGCGATCGAAGC,1186,True,1
GTCCCCCACCGTAC,1108,True,1
TCACGAGAATTGAA,1101,True,1
TCATTGCTATCTCA,1087,True,1
TGAAAAATAAGTCT,1035,True,1
TGTTTGCTCGACGT,1013,True,1
ACCAAAGGGTATGA,996,True,1
CTAACACAGGAATT,965,True,1
TCTCCTGGCGATGC,925,True,1
TCCCCCCGCACTCC,924,True,1
GCACCTCACTACTA,917,True,1
AGCATTAAAGGACG,908,True,1
TACATGGAAATTTA,892,True,1
TGGACCATAGCAAC,842,True,1
AAAGCGCTTGTTAT,836,True,1
CGTACGACACTCGT,825,True,1
GCCTTCGCCTACAG,779,True,1
CTACCTCACTGTCA,768,True,1
CACGGTCTATAGGA,761,True,1
CTGTTCCCCGGTCC,746,True,1
TTATTATCGAGTAA,744,True,1
GCAACGATTATGGT,692,True,1
TTATACCTAGTACT,656,True,1
GCAGCACCTCCGAT,655,True,1
CCAATTTGCTCCTA,652,True,1
ACCCTCCTACCGTA,651,True,1
AGCCTAACCGCACA,649,True,1
GTAGGTACCTCGAC,645,True,1
TATGTTATGGAATT,637,True,1
CCTGTTGAATTATG,635,True,1
ATTTCCGCTTCTAC,627,True,1
TATCTGTCTCTATT,616,True,1
ACAGGTGATCAAAG,611,True,1
CTGGACGTTTCCGA,604,True,1
CCCTCGCTATAGAC,604,True,1
ACCAGAATGCTCTT,600,True,1
TATCCCCTTCGTAC,598,True,1
CATTAATATTGAAC,589,True,1
TCCTTCCGTCTCAA,588,True,1
TCGAACACGGCTTC,580,True,1
CCACTTCTTGACGC,579,True,1
ACCCACAACGGAGA,573,True,1
TATTGTTCCGAACG,571,True,1
TGCTCATTGGGAAT,541,True,1
GTACGGGCATCAAG,535,True,1
AAAAGCCTAACTAT,526,True,1
GACCCTCAGACAAG,510,True,1
GAGAAACGTCGCCA,505,True,1
CTGGCACCGACCGC,500,True,1
TCTGGGACCCGCCC,500,True,1
TAAGGCGCGTTGTA,487,True,1
GCCGCTCATGTAAT,486,True,1
CCGGAGTTAGCAGG,485,True,1
TGAGCAAGTCGCAT,484,True,1
GGAGGGGTCAGAAG,478,True,1
CCGGGTGGCCTCTT,478,True,1
AGGACGGGTGGAAA,475,True,1
TCCGAGTACAAAAC,470,True,1
CCCATTTGGAATTA,465,True,1
CCGCCATCCCTACA,464,True,1
TGTCTATATAGTCG,464,True,1
TTTTCTTTATTCTC,459,True,1
CGCAAGCTTGAGAT,459,True,1
TCAGTCTGTCTGCT,453,True,1
GTCCACACGCCAGA,451,True,1
GGGAACAGTTCCGT,440,True,1
GTCACCAACGTTTA,428,True,1
CTGACTCTATCCCT,427,True,1
TGACGACATTAGTA,424,True,1
GCACAAAGGCAAGA,411,True,1
CGAGGTAAGTCTTA,408,True,1
TTGCATAATGACTT,408,True,1
TGGAAGATGATCCA,400,True,1
TTAATCCCGCTTAG,398,True,1
ATGTGAGTTAGCTA,397,True,1
GAAGCTAGTATACC,394,True,1
AAACGTGTCCGCCA,393,True,1
CCCCAGACTCGTTG,393,True,1
TTGACAGAATCTCG,391,True,1
CACGCTAGTGTAAC,387,True,1
GAAAGATAGAAGAG,387,True,1
CTCCCAAAGCCAGT,386,True,1
TACCCCATGGCACT,380,True,1
CAAAATCTTATTTT,379,True,1
TGACTTTTCCTTTA,379,True,1
TATTGTCGACATTC,379,True,1
TTAAACCTTCGTCG,377,True,1
TTGCCATTTGACGT,374,True,1
CAGCAATATGGACC,370,True,1
CGTGACCGGCACTC,368,True,1
GCACTCCGAGCACA,366,True,1
AACGTAACATCAGC,362,True,1
CCCTCAATTATTTT,361,True,1
CCACCCAGTATGTA,360,True,1
CTTATGGTGACCTT,354,True,1
CTGAGCTTCCCAGG,352,True,1
TTACTAGTCTCATG,350,True,1
TCACTTGGATAACT,348,True,1
CACCAGATTGCCAA,340,True,1
CCAGGAATCTTGAT,340,True,1
TACTCCTCCGGGGT,339,True,1
ATAAAGCTTTACGT,334,True,1
CAGGCTTTCTAAGT,332,True,1
AGCACTCTAAACAG,331,True,1
TAGTCCAGTATTGC,327,True,1
TTTCGATCCATTGA,327,True,1
CTCATAAGCGAGAG,321,True,1
ATAAACATATGATG,320,True,1
TGCTTAAATCATTT,318,True,1
TGTCATTGCGCACC,317,True,1
TTAGCTAGAATATT,317,True,1
TTGCAGACTATGAA,311,True,1
TTGCTAAATTTTGT,306,True,1
TGGTTGTCTTTATT,301,True,1
TATGTTGTAGCTTA,301,True,1
AGCTCGGTTGATAT,301,True,1
TGACATTTGTAAAC,300,True,1
TACCTCTAAGTTAC,299,True,1
CACGTACGCATAAC,297,True,1
CCCGTGAGCACTAT,295,True,1
TCACACCACATAGG,289,True,1
GTAATGTTAGATCT,283,True,1
AGGAGCCTACAGGC,278,True,1
TGGTCCTTCACCTT,276,True,1
CTTGACTAAAATCA,273,True,1
GGAGCAGACGTCCA,273,True,1
CATTCATAAAGAAC,272,True,1
CAGACCTTTAACGG,271,True,1
CATGGTTGACATAC,270,True,1
TCACTAATAGTGGT,269,True,1
TAGAGACATCGTAG,267,True,1
TAACTGACGATCCG,264,True,1
TTTTTCGGGTGATG,264,True,1
TGGCTACCAAACAA,262,True,1
GTAACACGCATTTG,262,True,1
ACAGTACTCACTCT,261,True,1
AATAATGCAGGATT,261,True,1
TATCATGTTCATTC,260,True,1
TTTGCTTCTTGCAG,256,True,1
TATTTATAGCCAAA,256,True,1
GGTTAAAGGGCAGG,254,True,1
TTCAGAAAAGGGTA,253,True,1
GAGCATTCGCGAAC,252,True,1
CATTGTTTTCTACC,250,True,1
CACGTACGCACTGT,250,True,1
GTCTCTACGTCATA,249,True,1
ACCATTCGTGTAGC,248,True,1
TGACTATGACTCGG,247,True,1
ATCTCATCTACGTC,246,True,1
TGTTTCTTCGTATC,242,True,1
CATCATCACACGAG,241,True,1
CTTCTTGACGTAAT,238,True,1
CCAAAGAGTAGCAT,238,True,1
GTTCTTCCGTCAGC,237,True,1
TAGACACTACACCG,237,True,1
TTCCGTGTAAATAT,236,True,1
CCCCCCGATGGCCC,235,True,1
GTATCTCAGGAATC,234,True,1
GAGGCGTGGTGTCC,233,True,1
GCGTTGCCTCACCG,232,True,1
AACCCATAAAATCT,232,True,1
AGCAATTCTGCCGA,231,True,1
TGCAGGAGCCACTC,231,True,1
ACGGTGAACAAATC,230,True,1
CTGTATGTGTTTTT,230,True,1
TGAAGGAAACCAGC,227,True,1
TCCGAGACCCGGGG,227,True,1
GACTGGTTATGATT,226,True,1
CTGGCTCACAAACC,226,True,1
TCCGGCACACTGAT,224,True,1
GTCAGACTCCTATG,224,True,1
TATTGTCAATTAGT,223,True,1
TGTGAATTCACAGT,223,True,1
TATTTACCAGGCCC,223,True,1
TATACCATTAAATA,222,True,1
AACCCCGCATGCAT,221,True,1
AGATGTGATAAGTC,221,True,1
ATGAGTTCCGAACA,219,True,1
TACATGGCAGCTAA,219,True,1
GAGGGAGGCACATC,219,True,1
ATCAGCCTTCCAAA,215,True,1
CAGTCAATACGTTG,214,True,1
TTATGAAGACTGAT,212,True,1
CTACGTTGGCAGGA,212,True,1
TCAGAACCTTGATT,212,True,1
CGATAAAAACTTGT,212,True,1
GGCAATCCAAGTGT,211,True,1
GTAAACTCGACACG,211,True,1
ACCCGAGACCCTTT,211,True,1
CTTCTATCTTCTGA,210,True,1
CAATCTACCGATAG,209,True,1
CATGGACTAATTCG,209,True,1
GTGGTGAGTGAACG,209,True,1
ATCACTTGCCTGTC,209,True,1
TATAACACTAGTAT,208,True,1
TGGAACTTTTACAG,207,True,1
TCATATCTCTTTCC,206,True,1
CGGTAAGCTGCTCC,205,True,1
GGACCTTGCAAGAA,205,True,1
TATAACAGGGTGTA,204,True,1
ACAGCAAGGATGTC,203,True,1
CCCGTAGCAATTTA,203,True,1
TTTTATCTTTTTTT,202,True,1
AAACATTCTGGCGG,202,True,1
CAGATCCCCTAGCT,201,True,1
GGGCATTTATTTCT,201,True,1
TATCCGTTCCCACC,200,True,1
TTACCAGAGGCGGA,199,True,1
CAGGACTAATAGGG,198,True,1
TATGCTCTCCCAAT,197,True,1
CACATGGAGTGTGA,196,True,1
CAGACAGAGTCCGC,195,True,1
TACCTATCACGGCC,195,True,1
CACGACCCTGCCGT,195,True,1
TGTCTGAATTCGTG,195,True,1
CTTCCGCATCAGGT,194,True,1
GGAACAAGTTTTAT,194,True,1
AGTTACCACCATAT,194,True,1
AGGCGTTTTTACCT,194,True,1
TGAGAGTCCTCTGA,192,True,1
TGGTAATCTAAGTA,192,True,1
GCATTATAAATCCG,192,True,1
CATTATCATAAGGG,192,True,1
AACTTCACCTAACG,189,True,1
AGATGACACGCGTG,189,True,1
TCACGCTCTCGCCT,187,True,1
CAAGTCGTTACCGA,186,True,1
GAAAGCTTTAAGCG,186,True,1
AACAACGATAGACA,185,True,1
TGTACAGTCGCCGC,185,True,1
TGTATGCGATGACT,185,True,1
AACGTTGTGATCTC,185,True,1
TATACACCAATAAT,184,True,1
GTAAGATCTTGTAT,184,True,1
GTCCTGAACCAACG,183,True,1
GTTAGGTTCCAATA,183,True,1
CGGAAATATCGTTC,183,True,1
TGGTTATAGGGCTT,182,True,1
TGGGTTATAATTTG,182,True,1
TAATAAATAGTCCC,182,True,1
AACCGAACACTTGA,180,True,1
TTATTTTTGTGTCC,180,True,1
ACCCTTCCTTCTAC,180,True,1
CCTGAGGTCTATGC,179,True,1
CTTCTCGCTAATAC,179,True,1
TTGAGTGAGTAGCC,178,True,1
ACCTCGTTCTCATC,178,True,1
ATACGGACACCAAT,178,True,1
AACTTCATCAAAAA,178,True,1
TGATGGTAACGCAC,178,True,1
TTGACACCACCGGC,177,True,1
GTCTCCCCATATCC,176,True,1
GCACCGGGCTTACT,176,True,1
TGTACCTTCGCACG,175,True,1
TCCGACACCTATAG,175,True,1
CCTCGTCCCCCCGA,174,True,1
CACGATACTTAGAT,174,True,1
TGACTGGAGTTCAG,174,True,1
ACGGAACTTTAGAC,173,True,1
TCCTATCGGACATA,173,True,1
ACCTTTTGTTCACA,172,True,1
GTGTCTCCAAGGCC,172,True,1
GCAACTAACCATTT,172,True,1
GCCTCCCTACACTC,171,True,1
CTAAGGTTGGACAC,171,True,1
ATGAACCCGGGAAT,170,True,1
TACACCCGGGGCTT,169,True,1
CTATGCACGGGACA,169,True,1
GCCTCCTTAGATCC,169,True,1
TGAATCTCTATTTC,168,True,1
TCAACAACAGACCG,167,True,1
TTGCACTGATTAGT,167,True,1
TGCCCACCTCATCA,167,True,1
CCCATAAGCGCATA,167,True,1
TGACCGAGGCCTCA,167,True,1
CGACAAGAAGGAGG,167,True,1
TATCTCCGCTTGCT,167,True,1
TACCCCTATTGAGA,166,True,1
AGGCGATTGTAACA,166,True,1
AAATGTAATTTCGG,166,True,1
AACAAACACCTGGG,166,True,1
TACGCTAGACGTTA,165,True,1
TCTTGGCTGCTCAA,165,True,1
TGACCTTAATAACT,164,True,1
TACTGTTCTCAGTT,164,True,1
GTATCCCGTGTGTA,164,True,1
TAAGGTGTCTCTCT,164,True,1
TACTATCGTCGCGT,164,True,1
CACAACTGGACGCA,164,True,1
GCCCCTACCTTCCA,164,True,1
TCGAACAATCACCC,162,True,1
CTAGGGTATGCCTT,162,True,1
CAAGGCCTTCAATC,162,True,1
TCTGATGGCTAAAA,161,True,1
CCCCCCGACAAACG,161,True,1
CTACGCTAAAACTG,161,True,1
TGACGACCTTCGTG,160,True,1
GAACAGTTTTGGGT,160,True,1
TCACAATTTGTCCA,160,True,1
AGACTTAGTACTAC,160,True,1
GCAACAGGCGCAGG,159,True,1
CATCCGTTTTGGAA,158,True,1
CTTCTACTGCTAAC,158,True,1
TGCTCACTGTCTGA,158,True,1
GCAGCTTGGCCCGT,158,True,1
TCCGCTTCCCCTGC,157,True,1
TACGCACGTTGCGT,157,True,1
TGCCAGTGAATAGT,157,True,1
TATCCTAGGACCGA,156,True,1
TGCTACTTACTAAT,156,True,1
CCACCCGAGCACCT,155,True,1
TACTTAACGTGCTG,155,True,1
TAGGGACTTTATTC,154,True,1
ATATCTCGAGAGCC,154,True,1
GGATCAAATAATTG,154,True,1
TCGCTGTCGCCGGT,153,True,1
TCCCCGATTCATTC,153,True,1
TTCTCGCCAACACT,153,True,1
TTACTGTTTGCTAA,153,True,1
TCTTTTTATTTTAA,153,True,1
GAAATTAACTACTT,153,True,1
CAACCCATTGTTTA,153,True,1
CGCCTCCCGACTCC,153,True,1
CGATTAGGGGCTTG,153,True,1
GATCTGTATTGTGT,153,True,1
CTAATTTATGTGTG,152,True,1
TGAGTCTTTTGGCT,152,True,1
ACAGACTAGCAAGA,152,True,1
TGTCTGGGACCACT,151,True,1
CCCCGACCGATATT,151,True,1
TAATGCCTCACTAT,151,True,1
CCCTTTAGCTCAGC,151,True,1
CCAGAAGACAAAAT,151,True,1
GAACCGTATTGAGA,151,True,1
CACCCTCTTCCCCT,151,True,1
AGGAAGATGCCGCC,150,True,1
AGATAGGAAAGTTA,149,True,1
CAAACAACAAATTG,149,True,1
GGCGACTCTGTTAG,149,True,1
GGAGATGGGTGTGT,149,True,1
CGCGTGCACCCATG,149,True,1
GTGTCTCAACTGAG,148,True,1
TCCAACGCAACATC,148,True,1
GCAGCCCTTTCATT,148,True,1
ATCTAAACGAGATT,147,True,1
TCACCTTGTTTTCG,147,True,1
GTTGTCTCCTACGC,147,True,1
TGTGATAATGTGCG,147,True,1
ACGAACGAGTTGAC,147,True,1
CGCGTTATCGTCAA,147,True,1
ACACGGCGACCCAC,147,True,1
TAAGGTTATGGACA,147,True,1
GGTCACCCACCTAA,147,True,1
CAAGCAAATTTCAT,147,True,1
GGGGTTAAGTTGAA,146,True,1
TGCGTCCATAACAC,146,True,1
GTTAACAAACTCAT,146,True,1
TTAGTGACTACAAA,146,True,1
CTCAACCCGCTTCG,145,True,1
TCTAGAACCAACGT,145,True,1
GAATAGTAAGGAGC,145,True,1
ATCCCAGGCCGCTC,145,True,1
ACAAGAACGATTGA,145,True,1
GTGGCCCCGTGCCA,145,True,1
TGATTATAGATTAG,145,True,1
TATTATCCGCACAT,145,True,1
TTGCCGATGCACGA,145,True,1
TACCTGTCCTACTT,144,True,1
CCTGCGAAAAGACC,144,True,1
TCAATGTATGTGAT,144,True,1
CTGACCAGTCTTGA,144,True,1
TGCATGCAGCTTAT,144,True,1
CTTCAGGAGTCATG,144,True,1
CCACCTCTCAGATT,144,True,1
AACGTTATTAGCAT,144,True,1
TACCTGACCTGCGT,144,True,1
TACTGATCGAATTG,143,True,1
TGTACTCATTGGAG,143,True,1
TTGATGCCTATACC,143,True,1
TGAAATCATCGTAT,143,True,1
TGAGTAGTTGCGTT,143,True,1
TAATCCATAAAGGT,143,True,1
CCGCCGGCTTACAA,143,True,1
TGTCGCATCCCCAC,143,True,1
GTATTTACCGGCTA,143,True,1
ACTCTTGTTTGCCG,142,True,1
CATGCCTAAGGATA,142,True,1
GTGGTATCCCCTCC,142,True,1
GTATTTAACGTCGC,142,True,1
CGATCTGTGCCTAA,142,True,1
TGCATCTAGATAAA,142,True,1
AATATGACTCAGTC,142,True,1
TGACGCCGCCGCCT,142,True,1
TCGGGTGTAAGGGA,142,True,1
ATAATAATCAATTT,142,True,1
GATGCAACGGACTA,142,True,1
TCCAGTCGATTGGA,141,True,1
AGGGAATAGACGTA,140,True,1
TATAAGCCGTAGGA,140,True,1
TGCCGCCACTCAAC,140,True,1
TTTATGCTGTCTAC,140,True,1
AGCCTGGCTATTTA,140,True,1
TCCAACCCGTCCCC,140,True,1
TAAGAGGGGACCAT,140,True,1
TCAGATTGTCGGAG,140,True,1
TTTTTGTATCCACC,140,True,1
ACCCATCCGGAATG,140,True,1
TGTTACACAGCCCT,140,True,1
TCTCATCACTTGAT,139,True,1
TAAGCGGTCCTAAC,139,True,1
TTAACGAGAATTAA,139,True,1
AAGCAGTTGTGCCT,139,True,1
CATAGTACCCGTCG,139,True,1
CCATCGTGTAACTT,139,True,1
CGACGCGAGTACGT,138,True,1
CACGTAGGTACTAA,138,True,1
AGTTCAAGGTGCAG,138,True,1
TAAGGCTATCATTC,138,True,1
TAGAGCATTCGTTT,137,True,1
CCGGGCCACGCGGA,137,True,1
TCTACGTAGACACT,137,True,1
TAGCGTAGCTGTCT,137,True,1
TAGCTGTGCCTCCT,137,True,1
CTACCCAATTACAG,136,True,1
ATTGCTTAAATGAC,136,True,1
GTACGCTTATCCAT,136,True,1
TCATGGCATGACGT,136,True,1
TATTCCGGGCACAA,136,True,1
CATGCCTTCCGTGA,136,True,1
TAGCTGTGCGTCAG,135,True,1
TGCGTGAGAATCGC,135,True,1
TCCTCACATCCCCA,135,True,1
TGTGGGAAGTGTTC,135,True,1
TATAAGCACTGACA,135,True,1
TTCAATCAATCTCG,135,True,1
CAACAGACTTGATG,135,True,1
TATCTCTGGGACGA,135,True,1
AGACCCACTTCTTA,135,True,1
TAGGATGGTACTTA,134,True,1
ATCACTATCACCTA,134,True,1
CATACGTAATAGTT,134,True,1
TGCAAGGCTTCGAT,134,True,1
CTTACTACAGTTCA,134,True,1
GTCCAAACTCGAAT,134,True,1
TGACAGTACCAACT,134,True,1
GTCCCTGCAAGCAT,134,True,1
ATCCCCTTGTTCCA,134,True,1
ACCATCGGAACCCG,134,True,1
ATTCGCCACGCTTC,134,True,1
GGCATGTTTTTTGA,134,True,1
TTCCCCGGACACTA,134,True,1
CTCTCATAGTTGGG,133,True,1
CTAGACACTCCTAT,133,True,1
TACTGCTACAACTG,133,True,1
GTAATATCCCCACT,133,True,1
GCCTTCCTACTCTC,133,True,1
GCTACGTATTAAAT,133,True,1
CCTCTCCCCCTGTT,133,True,1
GAACATGCGGTGTG,133,True,1
TGCGCTAACGAACG,133,True,1
CAAACTTTAATTTT,132,True,1
TTCCTTCCGCATCT,132,True,1
TTATCCCTTACTTT,132,True,1
ACCCTTCTATGATC,132,True,1
AGAGAATGCATTCA,132,True,1
ATGGCAGTTTCCCG,132,True,1
GCGCTGACCATTTT,132,True,1
CGGAAGGATTGGTT,132,True,1
TAATCCTCGACGCG,132,True,1
CCTAGGTTCTGGCG,131,True,1
CCCTCTGCACTACC,131,True,1
TGATAACTACAGAT,131,True,1
TTGCCCCATCGACA,131,True,1
CTGGAGCGCTCCAT,131,True,1
ACCACTAGACATGA,131,True,1
TCAAAGGCGCTCTT,131,True,1
TATGGGGCTGGGAC,131,True,1
GACCCCTCTTACCT,131,True,1
TTGCCGCGTATTTA,131,True,1
TCACGATGTAACTA,130,True,1
GATACCACAAACGC,130,True,1
CCGCTTCGTCATGC,130,True,1
GGGCCTCACGGACT,130,True,1
TCAGTAATGAATTA,130,True,1
CGCACAGCGAACGT,130,True,1
CAGTCGTTAGGGGT,130,True,1
CCGTACCAAACGAT,130,True,1
TGTCTGCATCCCTA,130,True,1
CCACAGGAGTTGCT,130,True,1
CGTGACACTGTTGC,130,True,1
TATAGAAAACGAAC,130,True,1
CTGCGTCAAAGCAG,129,True,1
GTTGGCTTTGTCGC,129,True,1
TAACCAGTTATGAA,129,True,1
CGGAGAGTCTTACC,129,True,1
GCTTGAACGTGATG,129,True,1
AGCAGTGGGAGGTA,129,True,1
TAGGTGTTACTAAT,129,True,1
TGAATAGTGGAGTA,129,True,1
GAATTCGATTAACT,129,True,1
TGCAACGGGTTCTA,128,True,1
GCTGTTCTTGCTGG,128,True,1
AGAATATCACACAT,128,True,1
GACAGCAGGCACAG,128,True,1
GCAGCCCTTTTAAA,128,True,1
ACATCGTCATATGA,128,True,1
TAAGAGCACTATCC,128,True,1
TGTAGACGTAATTA,128,True,1
AAACCAGGCATCAG,128,True,1
CAAACCACATTCTT,128,True,1
TTAAGGGCTGGACT,128,True,1
TAGGCAGCCCACCT,127,True,1
TGAGTTATAACCTT,127,True,1
GCATTGTTCTGAAA,127,True,1
CAGTGTTATTATTA,127,True,1
CACGCATCCGCGGC,127,True,1
TGATTGAACAGGGC,127,True,1
TACGGACATCCAAG,127,True,1
TGGGTTTTATCCTA,126,True,1
TAAGCTTGCTAGCT,126,True,1
TCATTTCTCAGTCA,126,True,1
TTCGGACGTTATGC,126,True,1
TTGTGTAGACAACG,126,True,1
CGAGGGTCGTAGAG,126,True,1
CATTGTGTGGGAAG,126,True,1
CAGCTGCCGGGTCG,126,True,1
ATAGACCAATGACG,126,True,1
GCATCTTCGTGGAT,126,True,1
GGAGGGCCAACGCA,126,True,1
TCTGCGATCTGAAA,126,True,1
GCTTGGCACCGTCA,125,True,1
TGTTCAAGGCTCTG,125,True,1
GTCATACTCTTAAC,125,True,1
TAGGAATCCTAGCT,125,True,1
TACTTCAGCCAGCA,125,True,1
TTATCGTGATTTCT,125,True,1
AGGTGACCACTTGG,125,True,1
ATCATCATTCGAAT,125,True,1
TCTTGGAGTAGCGG,125,True,1
CCGAACCCGTTTAT,125,True,1
ACCCCCCATGTAGC,124,True,1
GATCACTTCTATAT,124,True,1
TCTACTTAAGAGAA,124,True,1
TGGGTTTGGGACAT,124,True,1
GCATCGCATCCCTC,124,True,1
GCACAAGTGGTACC,124,True,1
GCATTACCATGTAG,124,True,1
CGCACCGTGGAAGC,124,True,1
TGTAACTATGCCAA,124,True,1
TCCATGGCGGTGCT,124,True,1
ACAAAGACCCTCCA,124,True,1
CGGATTACTGTTGT,124,True,1
AGCCTTACCACACT,124,True,1
TGATCGTGATGCCC,124,True,1
CATTCGAAGGGTTT,124,True,1
TTAAAACTTTCGGG,124,True,1
TCTCTCGTTTTAGC,124,True,1
TTGTCACCTGCTCA,123,True,1
TTGCTGGTTGCCGT,123,True,1
CCCGTACTTACGCG,123,True,1
CACACCTTGTCGTC,123,True,1
GCCTGCGAAATCGG,123,True,1
TGTGCTTAAGCCCT,123,True,1
ACCATCCTACAGCG,123,True,1
TTGGCGTGAATCTA,123,True,1
TAGGGTATCAATCC,123,True,1
TAGTTTACACTTCC,123,True,1
CTCCTCTCCAAGCA,123,True,1
TCCAGATTTAAATT,123,True,1
TGCCAGTTGCTGTC,123,True,1
CTCACTGAGTTCGA,123,True,1
GAATATGAAGGCAC,123,True,1
ATCCGCTTGAAATG,123,True,1
TCATCGCGTCCATG,122,True,1
TCCCAACCATGTAT,122,True,1
CCCACATCTGCCTT,122,True,1
TCCCATAACGCCTT,122,True,1
CCTAACGTCCCAGC,122,True,1
TCCCCCCTTTGACA,122,True,1
CCCATGATCTCAAG,122,True,1
TCAGCCAAAACGCC,122,True,1
AGGAGTCTAGACGT,122,True,1
GTAACCATTTCGGC,122,True,1
GTGTGAGTGCAGTC,122,True,1
AGGCTTGGACGGAA,122,True,1
TAGACGTAATACAT,122,True,1
GTGACAATGACGTG,121,True,1
TATTTTACTTACTT,121,True,1
GATGATATTCCCCC,121,True,1
TAAACACGTTACAA,121,True,1
TCTGTCATTAAAGG,121,True,1
TCTACCCCTCTGCT,121,True,1
TCTTTTAGCTTTGA,121,True,1
GAACGTGCTGCTCC,121,True,1
CCCATAATATACAT,121,True,1
CTTTCATATCCTTA,121,True,1
GAGGCTGTTCGTCT,121,True,1
TAAAAGGGAGGTAG,121,True,1
TTACTGGTAATTAG,120,True,1
TATCAGCTCCACAG,120,True,1
GATGGCCGTACTGG,120,True,1
AGGCCGCTCATGTA,120,True,1
AGCCTCCGCTAACC,120,True,1
GCTGCTTCATTTTA,119,True,1
TCCGCAATGTATCT,119,True,1
TGGAGTCGAGCTCT,119,True,1
CTAGATCCATCTTT,119,True,1
TCCCGTCCCGGTCC,119,True,1
CAACAACTACTGAT,119,True,1
TTAGCGTCGACCCT,119,True,1
CACAACAGCTCGCT,119,True,1
TGAGGACCCTGCAC,119,True,1
TGACCCGGGCTACT,119,True,1
GCTTTGACAGCGCT,119,True,1
CAGTTTCACAATAG,119,True,1
TTGGGTGTAGTAGC,119,True,1
CAGACGTCGTTTTT,119,True,1
ATAAACAAAGGGGT,119,True,1
TTTGGATAGCTTTC,119,True,1
CTTTCAAGGAGGCG,119,True,1
GTATGACATTAACA,119,True,1
TCCGCACTGATGAC,119,True,1
TAGTCAGACGCAAA,119,True,1
TTAACCGAAGCCTG,119,True,1
TACCTTTCATATTG,118,True,1
AATAATGCAACTGA,118,True,1
CCTCTTCTATCTGA,118,True,1
TCCAGGGATCGTGT,118,True,1
AGAAGTCCTCGATC,118,True,1
TCAGGAGTGTGTGT,118,True,1
TCGTATCTATTCTG,118,True,1
CACGATGGCGAATA,118,True,1
TGACCCGCGCCCGT,118,True,1
CGGGCTCATCAGTC,118,True,1
CAAGGACAACCCAC,118,True,1
TGGTCCGTATGTGC,118,True,1
GCATCTACTCACCA,118,True,1
GGATCTCCGATACC,118,True,1
GAGGATATCTGTTA,118,True,1
ACATCCTCTTGTTG,118,True,1
TGAAACCCACTGTA,118,True,1
GCTTTCTTTAATAC,117,True,1
CACCTGACCCGTGT,117,True,1
TTCGCTGGATTGTT,117,True,1
ACACATCGTTTATA,117,True,1
CCCGCCCGCCCGTT,117,True,1
TTTGCTTTGCCGCT,117,True,1
TCATCTAACTGTGG,117,True,1
GCATGATTTACGAA,117,True,1
TCGGCCTCCGATAT,117,True,1
ACCTGTGACTTTAT,117,True,1
ATAGGCTCTTACCA,116,True,1
TTCATCTACGCTAA,116,True,1
ACCCCGCCGGCTGG,116,True,1
ATGGACCCATCCCT,116,True,1
GGACGCATGATGAC,116,True,1
TTAAGTGCGACCGA,116,True,1
TCGCTCACGCACTT,116,True,1
CTCCCATAAAAGCG,116,True,1
TATAAGCAACAACA,116,True,1
ACCTGCCTGCGATC,116,True,1
TTCATTCTATAGAG,116,True,1
CACAACGAAGCATT,116,True,1
TAACAATACCAATA,116,True,1
TGGTCTGGTCTTTT,115,True,1
GCGCGTGCTCCCAG,115,True,1
TTTCCGAGAAGACC,115,True,1
TAACATAAGCAATC,115,True,1
AAGGCTATTTCCAG,115,True,1
TGTTGTAAATAATA,115,True,1
TCCATCTCCTGATA,115,True,1
GATCCGACTGTCGT,115,True,1
CCTTAATTGTATGA,115,True,1
AGCTCCGAGCGGTA,115,True,1
TGACAATCAGAACC,115,True,1
ATCGTCGCCTCGCC,115,True,1
CTGTCTCACTCATC,115,True,1
TGCATTCTACGAGA,115,True,1
TGAGCACATAACTC,115,True,1
CATCGGGCATAAGA,114,True,1
CCATACCATTAGCG,114,True,1
ACTAGGCGCGCGTG,114,True,1
TCTGACCTAGTACA,114,True,1
TTGGACCAGCTAAG,114,True,1
CAAGCTCGTTGCAA,114,True,1
TCGGCACAGCGAGT,114,True,1
CTACGTCTATTCTC,114,True,1
CGATGATTATTTAC,114,True,1
TGTATTAGTACCAT,114,True,1
GTCCTAGAACCTGG,114,True,1
CCCCCCCCGTCCGC,114,True,1
CTCACGTTAGTTCT,114,True,1
TGAATCATCAGCGC,114,True,1
CAATGAGAGGGTAT,114,True,1
TGCGGTCTCGCCCA,114,True,1
TCTAGTATTGTCAC,113,True,1
ACTGCACGTGTGGT,113,True,1
TCCGCTCGCGAATC,113,True,1
GAAAGAAGACACGA,113,True,1
AATGAGACATCCTC,113,True,1
CTTCCATGAAAGCA,113,True,1
TAGTCACCTCTGTT,113,True,1
TCAGTGTGGTCAAT,113,True,1
TGCACAATAAGCAA,113,True,1
CTCCCCCGCAAGCG,113,True,1
TCCATTAGGAAGCC,113,True,1
TCCATGCTCCGACG,113,True,1
TCCTGTACGGAAAC,113,True,1
TGGCCTAATCTGTG,113,True,1
TACAGGATGCCATG,113,True,1
CCACTCATGTCCAT,113,True,1
AAAGACCGATATTA,113,True,1
TAGGAGACCCGTCC,113,True,1
TGGGGTGAGGGTCC,113,True,1
TACAATTAAAGTTG,113,True,1
TAAGACTTTTCATA,113,True,1
CCTGAGCTCCGTGA,113,True,1
TAGCCACTCATATG,113,True,1
TTGTTACTGTGTTG,112,True,1
TGCGATATCACACG,112,True,1
TCTGTAGGGCACTG,112,True,1
TCTTCACAACCCGT,112,True,1
GTGATAAATAAGAC,112,True,1
TGACAAGCGACGGC,112,True,1
GCAGCTTACTACGT,112,True,1
CGTACATACCATGC,111,True,1
CTCTGCCGTTGCTT,111,True,1
TAGAGTGAATATGG,111,True,1
TGGGGACACTACTG,111,True,1
CCGCCGGATGGACC,111,True,1
TGAGTTGCTCCGTT,111,True,1
ACTGCCGTTATGAG,111,True,1
CGCTGACAGTCTTT,111,True,1
TTGGTCAATAGTGA,111,True,1
CCCCCTCCAGCACG,111,True,1
TAACATTTAGGTAC,111,True,1
ATACACCTAGTGTA,111,True,1
TTAGCGACTGGCTT,111,True,1
ACAAGAAAGGTCAT,111,True,1
GAATGGCGTAGGCT,111,True,1
TAGCAGAAGAACTA,111,True,1
GGCGTACACAAGTT,111,True,1
TACACTAAAATGAG,111,True,1
TCAATTAAAATGTC,111,True,1
CCAATCCCACGCCC,110,True,1
TCGAGTATATCGGA,110,True,1
TGGGAGCGTGGCCA,110,True,1
AGAACCCAATAGTT,110,True,1
ATCATTCGCCATGC,110,True,1
CCCCCACGTTAATC,110,True,1
ATGATATAGGTATT,110,True,1
CCACCGGACCAGTG,110,True,1
TCCCCCAAGTGCAA,110,True,1
TTACGTGACCGTGA,110,True,1
TTGGGTCGTCACCA,110,True,1
GTCTCGTACCGGAC,110,True,1
CCATGCCTTGAAAT,110,True,1
CTAACTCTTATCAT,110,True,1
GGCGCATTTAACTC,110,True,1
CCCGCCAAGAGACG,110,True,1
CAAGTGGCACACAT,110,True,1
CAACACCTTATAAC,110,True,1
TCGATTCATACCCG,110,True,1
ATGATCCCTCGATG,110,True,1
TGTTGAACGCTCAT,109,True,1
CTCAATCGATGCTG,109,True,1
CTGGCCCTGTCGAT,109,True,1
CTCTTGACCACTCT,109,True,1
GGTTCCCCATCCTC,109,True,1
GGACGGTTTATTAG,109,True,1
GGCGAATCTTCGCT,109,True,1
AATGGACCTAACTT,109,True,1
TTCAAGCAGGAATC,109,True,1
CTGAGGATCATTTT,109,True,1
CCAACGACTGATCC,109,True,1
TGACAGTTCGATGT,109,True,1
TCTTCGCCTGCCAC,109,True,1
TTCCGGCCACGCCA,109,True,1
TACTCAAAGGCGAC,109,True,1
CGTGATAAAAGCCA,109,True,1
AGACATGAGAACTG,109,True,1
TCCGTTGACCGTGC,109,True,1
AGGATACAACTCTG,109,True,1
TTAACTTTCCGATA,108,True,1
TATCAGCACCTGAT,108,True,1
ATCGTTCTTATAGT,108,True,1
ATACACTGGATCCC,108,True,1
TTCAATCCGTATTG,108,True,1
TTTGTGACATTTAT,108,True,1
CCCGCTGAAGACTC,108,True,1
TGTGTTCAAGCTAC,108,True,1
CTACTACATCCCGC,108,True,1
GTCCCGAACTCCTG,108,True,1
ACAAGCGTTGTTTG,108,True,1
TGAGCAGATCAATA,108,True,1
TGCGATGAAACCCT,108,True,1
CGTAAGCTGCGAGC,108,True,1
TTATGACCGTAATA,108,True,1
ATGTCGCCGGCCGC,108,True,1
TTCGTTTTAGAAGT,108,True,1
TAAAAAGTATATTA,108,True,1
CGGTCTAGTTGTAG,108,True,1
TAAGCTCGGGTCTT,108,True,1
ATCAGGTCTTCTCT,108,True,1
CTAATGGTTAAACC,108,True,1
GGGGAGAGTGAGGT,108,True,1
GTGAAGGAAACGCT,107,True,1
ACATTAGTTTCTTC,107,True,1
TGACCAACTACATT,107,True,1
GTAGCCAATAGGCT,107,True,1
TTACTACATAAGCT,107,True,1
ACCAAGGCAGTTGT,107,True,1
TCCTAGATAGGACA,107,True,1
CAACGTATATTTTT,107,True,1
GAACCAATATAATG,107,True,1
TCGCTCTTATTCCA,107,True,1
TATTCATTCGCCGG,107,True,1
GCCCCATACTGAGA,107,True,1
TCCGACAGTTCAAC,107,True,1
TGCAAGGTGACATC,107,True,1
TTGAACTCGTGTAC,107,True,1
TAACTACCTAATCC,107,True,1
TAGTCCAGTAAAGA,107,True,1
TCTCCATATGCGGT,107,True,1
TGGGGAGGCTTTAA,107,True,1
TAGACAGCTTTTGA,107,True,1
TATTCCTCTACGCT,106,True,1
TACGCTATTATTTG,106,True,1
CCCTGAACGTTATT,106,True,1
TACGTATTACGGTT,106,True,1
TCTGTGATTCGTGG,106,True,1
TAGCTAGGCCAGCA,106,True,1
TCAGGCGGCTTGAG,106,True,1
CTACCACTCTGACA,106,True,1
TTATCACGTTAACA,106,True,1
GGGGAATAAGCGTT,105,True,1
GGATCACTCGGTAC,105,True,1
GTCACCACGTCATC,105,True,1
GTTGATGGCCGCTC,105,True,1
TTGTAGGTGGGCTT,105,True,1
TAACCCGATTTTGC,105,True,1
ACCTCATCCCCCCT,105,True,1
TGTCGTCTCTCACG,105,True,1
TAGGCTATGTATTC,105,True,1
GACCTGTGCAAATC,105,True,1
TGAAGTTAGGTTTT,105,True,1
GTAAGCCCATGGCG,105,True,1
TTCTAACCCGTGGA,105,True,1
ACTCGCTGTCGCTT,105,True,1
CCCATTTCAGGACT,105,True,1
TCGACCACGATTTC,105,True,1
GGTTAACTTTTGCG,105,True,1
TACTCGCGAACTGA,105,True,1
AACACGGCGGTAGC,105,True,1
TAAAATCGTGTAGA,105,True,1
CTCATTTATACGTA,105,True,1
TCTAAATGGCACTG,105,True,1
CCATTTCTGGCTAC,104,True,1
TGATAAACGAGCGT,104,True,1
AATTAATGCGATCA,104,True,1
GGAATTAAGAATTG,104,True,1
CCTGCGTTACCATG,104,True,1
CTATCTACGGTCTT,104,True,1
TCAGCTAATAAGAT,104,True,1
ATATGACGCTTACC,104,True,1
TGGATTAAATACGT,104,True,1
AGCTCGTTTTGAAG,104,True,1
TACTTCCCCAAGTG,104,True,1
TTACGCCCCACTTC,104,True,1
CCTCATGTGAAAGA,104,True,1
TAAAGGACCACATT,104,True,1
GTGTCACCATCTAG,104,True,1
TCTTTTGTAGTGCA,104,True,1
GCCCGCCCTATGAT,104,True,1
TACATGCCCAGGCA,104,True,1
AGCCTGAAGTAGAC,104,True,1
TGTAAGCCGGGCAT,104,True,1
CCCATCCCACATGG,104,True,1
ACAGTTGGCTAACC,104,True,1
GCAATCCGCTGTTT,104,True,1
AGGAGGTGGCATTT,104,True,1
ATCCCCTCACGGTC,103,True,1
CCCCCCGCTTCCCT,103,True,1
CTCTTGTTTAATCC,103,True,1
TCCTCCTCGGAGAC,103,True,1
TATTACCGGCATCA,103,True,1
TTACGCTTCTCCCT,103,True,1
TCATGGAGGGTCCT,103,True,1
CCATCAACTGCTCG,103,True,1
GTCTATAATAGTTG,103,True,1
GACACCAGTTTATT,103,True,1
ACCAATGAAGAGTT,103,True,1
CTATGTCTTTTGCG,103,True,1
TCCTAGTGTTCGTG,103,True,1
GTAGCAATGTCGTC,103,True,1
GACAATTCCCCTTG,103,True,1
CCAGGGTCATCACT,103,True,1
TCCACTCAAGGTCA,103,True,1
GTCCCCACGTGTAT,103,True,1
CAAATTCCATTTGT,103,True,1
TAAAGATCCGACAG,103,True,1
AAGGGTGATCCACT,102,True,1
AGAACGGTGTTTCA,102,True,1
GCTACTAAATAACA,102,True,1
ATGTAGCTATACTC,102,True,1
TCCGGGGACTACCC,102,True,1
CTAGTGAATACTAT,102,True,1
TGATCGAGGATATT,102,True,1
AAAGCGCTAAATGA,102,True,1
ACGACTGACCAGCA,102,True,1
GTAATCACACTAGG,102,True,1
CAGCGCTCTTTCCA,102,True,1
TCTGATCCGCCCCC,102,True,1
CTACTTGGTGTGGT,102,True,1
AAGAAGCGACCTTG,102,True,1
ACAGGTACGAGCAA,102,True,1
CATTCGGTCGACGC,102,True,1
CCACGCTCTGACTC,102,True,1
CCACACACAGGCGC,102,True,1
AGATAGAGTTCGGG,102,True,1
TGATTAACCTAGTC,102,True,1
TAGCCGACAAGATA,102,True,1
TAGCGTGTCCATCG,102,True,1
CTGGCCCCAAGCAC,102,True,1
GAGAATTAAATACC,102,True,1
CTTTAGCTTTTTCA,102,True,1
AGGGTGTTCTCAAA,102,True,1
TGCCTTTGGATTTA,102,True,1
CTCCAGTTTAGTTG,101,True,1
TGCAGATTGTTTGG,101,True,1
GCAAACATTGGACG,101,True,1
TTCCCTCCAGCGAA,101,True,1
TTAGTCGTTTATTG,101,True,1
CACATTTAAACTAG,101,True,1
CCTGCGCGCTGTCC,101,True,1
TAGAACTATTGCTA,101,True,1
CCAACGTGACAAAA,101,True,1
CGTTCTTTACTGCT,101,True,1
TTCGCACTCATCCT,101,True,1
CTCCCCGCGTTTAG,101,True,1
TTAGAAACGCAACC,101,True,1
TTCACAGCAAGCCA,101,True,1
CACCCATTTGTGCG,101,True,1
TAGGCGACCTTCGT,101,True,1
TGCAGATGTAGATA,101,True,1
GCATAGTTGTCACG,101,True,1
TAAATATTTAGGTA,101,True,1
TCAGCATCCAACAC,101,True,1
GAATCATGGTAGAC,101,True,1
TTACTAATCGCAAC,101,True,1
TGCCGACCTCCTCT,100,True,1
CTCCGAAACCTGAG,100,True,1
CCCTTGAATCGGAC,100,True,1
ATATCTCAAGAGGT,100,True,1
TACTCTAACGAAAC,100,True,1
TTGGAGCAGTAGAT,100,True,1
TCGGAACCTGGTTA,100,True,1
AACAAGCTTAAATC,100,True,1
TGTCGTTCTATATC,100,True,1
TCCTGGCATTTGTC,100,True,1
AGCCAATGGAACCT,100,True,1
TCCTAAGATGAATA,100,True,1
TTCACTGAGGTTAT,100,True,1
TAATCCCCTGGACC,100,True,1
TCTTAGGCGGGCGA,100,True,1
ATCGCTCGCAAGCT,100,True,1
TAAAACATGAAAAG,100,True,1
ACACGAATGGGCTA,100,True,1
CCTCGACCCACAAA,100,True,1
GCCCTCCTCCGCCT,100,True,1
GTGCAAGGTAGATT,100,True,1
TCATAAAACGCGCA,100,True,1
CTATGTCACACCCA,100,True,1
TTGTTCGTACCCGC,99,True,1
CTTACTCCAGGCGG,99,True,1
TTCTAAATGCGGCT,99,True,1
TGCTCCCTCATGTT,99,True,1
TGGCAGCAGTTCAG,99,True,1
TAACCCCATTATGG,99,True,1
GCACGCAGCTAGCC,99,True,1
CAGAATCAAAGGCG,99,True,1
TGAAGCGTCAGCCT,99,True,1
AGCAGCCAAATGCA,99,True,1
TCACTGCCCTGTTA,99,True,1
TGAGTTGGCTTGAT,99,True,1
AGAAGAAGTATGGA,99,True,1
ACAGGGGCATTCTA,99,True,1
TCCAGACTTTTTTA,99,True,1
TTGATTATTACGGA,99,True,1
GGTCTACATTAGTA,99,True,1
TACCTTAGCAAGTT,99,True,1
CCATCCTTCGGCGG,99,True,1
CCTTCTAACATTCC,99,True,1
GTTAAGGCCCACAT,99,True,1
TTGTCCTTTCACAG,99,True,1
TGATGCATTCAGTT,99,True,1
TTAAAAGTTGCTAC,99,True,1
CTTCTCTCTGCTAT,99,True,1
TGCAATCCTCAAAC,98,True,1
TACCCTACACTACT,98,True,1
CAGCACTGATAAAT,98,True,1
TCATTGTAAAGGAT,98,True,1
GCAAGAGCAACAAG,98,True,1
TGACGGGACTAATC,98,True,1
TACCCACACCTTTG,98,True,1
TGCGGAGTGACTCG,98,True,1
TTAAAGCTTGATCC,98,True,1
CTATAAATGGGGGT,98,True,1
TGCCTGCCTAAAAG,98,True,1
CCATTGACAAGTAC,98,True,1
GCCACGTATGCATA,98,True,1
TTATAGGCCTGAAC,98,True,1
TGGAGTCCCCGTGG,98,True,1
AACTTGCAATAAAC,98,True,1
TAATTGAATAAGTT,98,True,1
TTAGCACTTAGAAC,98,True,1
ACTAACGAGGCTCT,98,True,1
TATCCTGTGAAAAG,98,True,1
TAACAAGCCCACCT,98,True,1
TAACCTAAACGTTC,98,True,1
ACATGTCTGAACCC,98,True,1
GCATCGCCTAGGAC,98,True,1
TGATATACGAACTG,98,True,1
TTATGTTGCCTTGC,98,True,1
CGCCCTGCTATCAC,98,True,1
TAGACTGCGTAAAA,97,True,1
TATCAGACTTCGCG,97,True,1
TGACGTTAACAACC,97,True,1
CCCGCCCTCCCCTC,97,True,1
GGATCTACGGGGGC,97,True,1
TTAATAAACTTCTC,97,True,1
TGAGGGGCGCGACA,97,True,1
GACAAGCTAATCCA,97,True,1
ATGTCTTTAACCAC,97,True,1
GCAGTGCCAAGCCA,97,True,1
CCAGTACGCGCACC,97,True,1
CACCACCGGTGATA,97,True,1
GCCAAACACTCTCT,97,True,1
CTCCTCCATGTCCA,97,True,1
ACGATCATGTTCCT,97,True,1
TTCCGTGTGTACAG,97,True,1
ATATTGTTGGTTTT,97,True,1
GCACGAATGGCTGC,97,True,1
CGCCATAGCGAACG,97,True,1
ACGGTCGGTCCTAC,97,True,1
CAAGCTAACTTTGC,96,True,1
TCGATGCTTACTCA,96,True,1
TGACCAATTGAATT,96,True,1
CGGATGTGCGCGGA,96,True,1
TGATCTGCTTCCGG,96,True,1
TACGAGTTACGTCT,96,True,1
AATCGTTCTCACGT,96,True,1
TTCCCATTTGACCA,96,True,1
GATCACCTACGAAA,96,True,1
GCAAATTAATACTG,96,True,1
AACTGCTCTCCGTG,96,True,1
TCAGTAACTACATT,96,True,1
CCTGTCCCACTTAA,96,True,1
GGAAGCTTAAAGTT,96,True,1
CTGTCACACCGCAG,96,True,1
CATACGAAACATCC,96,True,1
CGACGCATGGCAGG,96,True,1
TAATAACTTTAGAC,96,True,1
ACATTGGCGCATTT,96,True,1
TGGACTGTGAACGC,96,True,1
TGCATTTCGTATCG,96,True,1
TGGTCGCCCGCCCT,96,True,1
TATTAGTTTTTCCG,96,True,1
CACGTACACGCAGG,96,True,1
CCATCGCAGGCACT,96,True,1
GTCACCCTTTCAAG,96,True,1
CGGTCCGTCCCTTT,96,True,1
GACGTAACGAGTGC,96,True,1
TATGCATCTCTTTC,96,True,1
TCTAACAGGAATAC,96,True,1
AGACGCACAAAGGT,96,True,1
GGCCATCCCTAGGT,95,True,1
TTGACTATTATCAG,95,True,1
GTCGTACTCCCTAT,95,True,1
GGTAGCTCATGTCC,95,True,1
GCGCCTACTCAGAG,95,True,1
TGATCAGGTCCAAG,95,True,1
TTCATCTTTCTTAG,95,True,1
CTTTAATTTATTCT,95,True,1
CCCAGAGACAACGC,95,True,1
ATGCTGCGTCTGAG,95,True,1
TTATGACCTATTCA,95,True,1
ATGAGCTTACGTTA,95,True,1
TTTGGGTAAACCTG,95,True,1
GTAACAGGATCCAC,95,True,1
CTATTGGTTTGTAA,95,True,1
AAGTTATAGTTGCC,95,True,1
TACATCTTACAAGA,95,True,1
TAACTGCGGAAAGC,95,True,1
CCTATACCAGGGAC,95,True,1
TAGAAAGCTGCTGC,95,True,1
AGGATCTTACTTTT,95,True,1
TCAGACCGGAATAT,95,True,1
TATCGGCATTAGTT,95,True,1
GCATGTTGGCGCGA,95,True,1
TCAAAACCAAGCCT,95,True,1
GAACAAACAACAGT,95,True,1
CCGAACGGCGACTG,95,True,1
GCATTTATGGTATG,95,True,1
TCGACAACTATAAA,95,True,1
GTCCCTGTCATACG,95,True,1
TTGAACATGAGAGT,95,True,1
CACTAAAACCGATG,95,True,1
TGTGGTTAAACAGG,95,True,1
GGGAACGATGCGAG,95,True,1
CGGAACCTTCTAAC,95,True,1
GTAAGGCTGCAATG,95,True,1
CAAGTTCTTGGCAA,95,True,1
GCCTTAGTCGCCGC,94,True,1
CATGTCATGCTTAC,94,True,1
TGCATCAGAGTCTA,94,True,1
CACCTCAGGATCAC,94,True,1
TCCACAGGTCCACT,94,True,1
TAAATGCATCTGTC,94,True,1
CCCTCTGCACGTAC,94,True,1
CGCCCTTATCAAGC,94,True,1
ATGACGCAAAAGGT,94,True,1
TGGGTGTATGAGGA,94,True,1
GACCACTGGGATCA,94,True,1
TAACCTGTTAGTCC,94,True,1
ATCCTCATTAATAA,94,True,1
TACCGAACCAATAT,94,True,1
TCACAGTGTTGTAT,94,True,1
TACGTGTTGGGCCA,94,True,1
ATGCGCCCCCTGGG,94,True,1
CCATATACATCGTT,94,True,1
TAGCCTTCAGTCAG,94,True,1
GCCACCACACACGC,94,True,1
GCATGTTAATCTTA,94,True,1
TACCCCGCAACACC,94,True,1
GGAATGTAAGTGCC,94,True,1
CTGACTGACGTCCC,94,True,1
TACGTCTCAACAAG,94,True,1
ATAACTCTACTTGC,94,True,1
TGAACAAAGCCGTA,94,True,1
CCCACCGGCTGACA,94,True,1
ATGACATTCCTGAC,93,True,1
GACACTCCTTCAGT,93,True,1
TGGATCGTGATACA,93,True,1
ATATGTTCACGGAA,93,True,1
CTCTGAAGTAGCTT,93,True,1
TGCTCATCGTGCAG,93,True,1
TTAGGCCGCTCATG,93,True,1
ACTCCCCTCAGGCA,93,True,1
TGGACATCTAATCA,93,True,1
TCATTGAGTTCCGC,93,True,1
TGGCACGTGTTAAT,93,True,1
ATACACCAGTAAAT,93,True,1
CCCGCGCTCTCGCT,93,True,1
GTCAAGCGTGCTAT,93,True,1
TCGCTACTGAGAAG,93,True,1
GCCGTAACAGAGTG,93,True,1
CCAACAACTGCAGC,93,True,1
CTAGATCCCGTTCA,93,True,1
AACTGGGGCATCTC,93,True,1
CTACACCTCATAGT,93,True,1
TTGCGATCCGGATA,93,True,1
GGCACCGTCTAAAA,93,True,1
CACTGCCCAACCAA,93,True,1
TAATGTTAGATACA,93,True,1
AGGGCACTGTTCTC,93,True,1
CTCGTAGGATCCTT,93,True,1
CCTGTCCAACCACC,93,True,1
CTACCTCGTCGTGC,93,True,1
TCGTGAAAGAAGGC,93,True,1
GCGGAAGTACGCTA,93,True,1
TGTAGCGAGTCGTT,93,True,1
GATATCGCTGTCGC,93,True,1
TGCCCGCATACCGG,93,True,1
CCCATCAGTATTAA,93,True,1
GTACATCGCTATTA,93,True,1
ATATCTCGAGTTAC,93,True,1
CAAGTGTAAACTTA,93,True,1
TATGAAAAAATTGA,93,True,1
ACTGTGCCTTGCCC,92,True,1
TTAATGCTTACGGG,92,True,1
TTATCGCCTAACCG,92,True,1
GTATGATAACTGGA,92,True,1
CCCCCAGCCCCTCG,92,True,1
TGGAGGCATGTTAA,92,True,1
CAACAACCCCACTA,92,True,1
AATCTAACACACCA,92,True,1
TCAAAGAATGGATG,92,True,1
GCAGCTCCGACTTT,92,True,1
TCCTCCTTCCTCAC,92,True,1
CTCTCTTCGCGCCA,92,True,1
CTAACTGAGGCCCG,92,True,1
ACTTTCCTCCTAAT,92,True,1
AGCTAGCTAAACCC,92,True,1
TGGACGTTCGTATG,92,True,1
CGTGATCTTCGCGC,92,True,1
TGCAATCAGTAATC,92,True,1
GGCACCAGATACAT,92,True,1
TCCACCGTACAGCG,92,True,1
GCGGTACCCAGAAG,92,True,1
TGACAAATAGTTTA,92,True,1
GTGTTAAATGGTTG,92,True,1
ATCTAAGTTATAGC,92,True,1
ATAGCAGGAGGCCA,92,True,1
TACTGACCAGTCGC,92,True,1
CCCCTTTGACACAG,92,True,1
TATGAGTTGATGCC,92,True,1
TTATCGTGCGTCTG,92,True,1
CCCCCTCTGGTAAA,92,True,1
CGACCCCATCTTAA,92,True,1
ACGGCCGCCCCCTT,92,True,1
TTATATCGCTTTAG,92,True,1
AATTACTTTCGTTA,92,True,1
TTGCAAGGATTTCA,92,True,1
TCATACAATGCCGC,91,True,1
CGTGTGAAGTAAAC,91,True,1
GCACAGGTCGTCAT,91,True,1
TATAGATCTCATTA,91,True,1
GCCGCCCCCAACCC,91,True,1
TTCCAACCATAGAT,91,True,1
TTCATCTAGCCTTA,91,True,1
TTGTAAGTATTTTG,91,True,1
TTGCACGTTCCACT,91,True,1
CTTCGACGTACGCT,91,True,1
GACGAGATTTGCGT,91,True,1
CATGTTTACGGGTA,91,True,1
CCCCCCTAACTATT,91,True,1
ATGGTAGCGACCCT,91,True,1
TTATGTTACAACTT,91,True,1
GAACGGTTCTTTTC,91,True,1
CCCCAGCGTACGCC,91,True,1
CATTAAACGGACGA,91,True,1
ATTTTCGTGTACGG,91,True,1
AGACGTTCTGAGTA,91,True,1
TACACAGCGTTTCA,91,True,1
TATCAGTTGAATAA,90,True,1
CATCATCACTAGTA,90,True,1
ATATTACGTTTCAT,90,True,1
GACATTCAGGTAAG,90,True,1
TGTTCGACAAGAGA,90,True,1
ACCGCACGCAGCCT,90,True,1
CTATAAGCAATAAG,90,True,1
CCCTCGGATCAACC,90,True,1
TCCATTACCTCACC,90,True,1
TCCCATATGCCAAC,90,True,1
TATCGTCTATCGAA,90,True,1
TTCTGCTTTTCCGT,90,True,1
TCGCGGCTCACCTC,90,True,1
CAACATAATACATA,90,True,1
TATTATAATTTTCG,90,True,1
TCTTGGTACTATTC,90,True,1
GAATTTGCAGTATG,90,True,1
TCAAGGAATTTTTT,90,True,1
ATTCTAGAACACGG,90,True,1
CCCTCCCACGTCCC,90,True,1
GTCAAGTTATAGAT,90,True,1
CTGATATACAACTC,90,True,1
ACTAATAACTCGGG,90,True,1
TAACCGACCTCCCA,90,True,1
TAAAACTTCGTTTC,90,True,1
TACCTATCTGTAAT,90,True,1
GCCAACACCACCCT,90,True,1
CAGCTTGATCTGAA,90,True,1
TTCAATTTGCTTAG,90,True,1
AGGATCCATCTTTC,90,True,1
AACGCCGTTAAACA,90,True,1
CTCCAAGGTGGGAC,90,True,1
TATCCCCCCTTGGA,90,True,1
GCAAAAAATCAGCT,90,True,1
AGACAATTTACCTT,90,True,1
ACCGACTTCTATCT,90,True,1
ATAGCGAAATAATC,90,True,1
TCACTCTCAACTTC,90,True,1
TGTGTCGCCTGCTG,89,True,1
GTGATGGCCTCCGT,89,True,1
TACTACTCAGCCCG,89,True,1
ATATGTCTGACATC,89,True,1
CTTTATGATTACTT,89,True,1
TGGCATTGATCCTA,89,True,1
TAGGGATTATGCTG,89,True,1
GATTAACGGAGAAT,89,True,1
CAGGGAATAGTAAG,89,True,1
TCTCAAGTGGCGTT,89,True,1
CTTCCCTTGAATGA,89,True,1
GAATGGTCCATATG,89,True,1
TCTCTACCTCCTGA,89,True,1
AGAGATGTTTCTGT,89,True,1
GGATCAGTAGTTTG,89,True,1
GCACTCGTTTACGA,89,True,1
TGTCCTTTTCCAAC,89,True,1
TGTAGATACCCCGT,89,True,1
GGATTTTGAACCGG,89,True,1
CTGGGCTATACGCC,89,True,1
TAACACGTATTCAG,89,True,1
TATCTTGCTGTAAT,89,True,1
CGTACCACCTAATG,89,True,1
TTCGGACCAGCCCC,89,True,1
CCAGTTTGAAAATT,89,True,1
CAGGCGAACACTCA,89,True,1
TAGGCCGCTCATGT,89,True,1
TACCAGTGGATCGG,89,True,1
TGAAGCTTTCGGAA,89,True,1
GAACGGCTGTCCGA,89,True,1
TCTATCCAACCTCT,89,True,1
GCATGCAGGTTTGA,89,True,1
CTTCTTCGTTACGC,89,True,1
TTACAGAGCATGCT,89,True,1
TGATTGACCCGCCC,89,True,1
GAATGCTATAGTTC,89,True,1
GCAAGAACCACGAG,89,True,1
CGGGAAGTTACGCA,89,True,1
CTTCTGCCATTGAC,89,True,1
TGTGCCGGAAGAAG,89,True,1
GTTCCATTTGCTGG,89,True,1
CGCCTTTAAAAGGT,88,True,1
TAAAATGATTTGCT,88,True,1
TGAGAAAGACTCCG,88,True,1
TAGTCCGAGTTACT,88,True,1
TATGGCTTTGCGGA,88,True,1
TTGGTATCCATTAA,88,True,1
GATCAACAGCCCGC,88,True,1
AACGACAAAGCTTT,88,True,1
CATTCTTCATAGTG,88,True,1
GACATCAGAAATTG,88,True,1
GACCACGTAATAAT,88,True,1
CCAACAAAGCAAGG,88,True,1
TTGATATAATCGCT,88,True,1
GCACTAGTAGTGCT,88,True,1
CATTCTCATTTAAT,88,True,1
TCTTCACCTAGCCT,88,True,1
ACTACACCCGAATC,88,True,1
AATCTTAGACGGAC,88,True,1
TAAAGGGGGATGAC,88,True,1
CTAGTCGTTTAAGT,88,True,1
GGAGAAGCAAATAA,88,True,1
CCAGGCGCGACTTA,88,True,1
GTAAGCAGCTTGTG,88,True,1
CCCGCGCAGAAGAT,88,True,1
CCTGGAGCAATATT,88,True,1
TAATAACAAGATTG,88,True,1
TTGTGGGTCGAAGA,88,True,1
AGCCGTTCACTGAG,88,True,1
GTGCCCTACGCACG,88,True,1
CGTCCCCCTAGTAC,88,True,1
ACAACCCAATCTCT,88,True,1
TCATCCCATGGCAC,88,True,1
TTATTCGAGGAGAT,88,True,1
GATCTAATTGACTA,88,True,1
TTCACCATTTACTG,88,True,1
TGGACTGCAGTCAA,88,True,1
TTAGGGGCATGATC,88,True,1
TATCAGGTCCATTC,88,True,1
TAGGCATCATGCTT,88,True,1
ATAACCTTTAAAAG,87,True,1
CGAGGTTTCGTCCA,87,True,1
GACATACACGCTCG,87,True,1
CACACCCATTCACG,87,True,1
TGACCCTACTGCTC,87,True,1
TCCACATTATACGC,87,True,1
TGGTGTCTAGAGAA,87,True,1
TTACGAACATTAGG,87,True,1
TGGCTCCGTCCAAT,87,True,1
TTCATTGGTCATTT,87,True,1
TAGGTACGGGAAAC,87,True,1
TCGCTCCCCTACCA,87,True,1
TTTACACTAAATAT,87,True,1
TGGCTTTTTGCTGT,87,True,1
TGTGGTCGATACCT,87,True,1
TCCTCGTTGGATCC,87,True,1
TGAAGCTAAGTCAT,87,True,1
GTCCTTTACTAAAA,87,True,1
GCCCCCCTAATAAT,87,True,1
ATACGTCCCTGGGC,87,True,1
GTATCTATCGGGCC,87,True,1
CGGAATACCCGTCC,87,True,1
TTATCCACCTCTAT,87,True,1
TTAGTGGTGCTTAT,87,True,1
AACAGTCCTGCAAC,87,True,1
TGATTTGCGGGGAT,87,True,1
TACCCTTCCGACCT,87,True,1
TAAGCATCTCGTAG,87,True,1
CAGACCGGTAAGTG,87,True,1
AGAGATGTCGAGGA,87,True,1
TCTAGATTCTAACT,87,True,1
TCTAGTCAATCTCA,87,True,1
TTCCAGACTACCGA,87,True,1
TGGTACGTATGAGA,87,True,1
CTAGGTGCCAGAAT,87,True,1
TGGCATCGTCCGGC,87,True,1
TGTTAACTGCGGCA,87,True,1
GACACTGCCAGTTT,87,True,1
TCCCCATGCTGCTC,87,True,1
TTAGCTGATTAGAC,87,True,1
CCTCCTCACCGATC,86,True,1
CACAAACTGGGAAG,86,True,1
TATACATGTTCTTA,86,True,1
TTTAAGGAAAGCGT,86,True,1
ATACCCTACCCCCT,86,True,1
ATATGTTCACTACA,86,True,1
CCACGTTCCATCAC,86,True,1
TTGCCTCAGTATTG,86,True,1
CATTAGATCACCGG,86,True,1
TTGCTAGGTCTTGA,86,True,1
TCAATGTTCAGCTA,86,True,1
GACAACAAACTCCT,86,True,1
GAGAAGCTTAGGGG,86,True,1
AAGGCTAAGACGAA,86,True,1
CCTGATTTCAAAAC,86,True,1
GAATGACTTGTGGA,86,True,1
TGAGCAGAATTGTT,86,True,1
GTAACTCGGCGGAG,86,True,1
CCAGTTAAGCTGTA,86,True,1
CACACCGCTGTGCA,86,True,1
CTCTGGCTGATTCA,86,True,1
CCCATATCTTATGC,86,True,1
TGAAAGGATATTGC,86,True,1
CCGCTAAGCCTCGG,86,True,1
TACGAACACGTGTA,86,True,1
TAAACCCTCACGCT,86,True,1
TGATCGCGCATTGG,86,True,1
TCTGGTTGATCGGC,86,True,1
TACTCCATGAAGAA,86,True,1
TTATCACCTACAAG,86,True,1
GCCCGTCCGCCAAT,86,True,1
CCCCATGCGGATTA,86,True,1
GTAAATATGGTCAC,86,True,1
TGCCCTCATATCAT,86,True,1
TAGCGCATAGTTGG,86,True,1
GTGATCACACGATC,86,True,1
TAACTACGCAACCG,86,True,1
GCATGTTTGAGCAA,86,True,1
CACGCATATTTGGA,86,True,1
TAGCGAGAGTGACT,86,True,1
ACACCAGCAATTCT,86,True,1
CTAATCACAGGTGA,86,True,1
ACCATCCCGGCGTC,86,True,1
GTACAAGCCGATGA,86,True,1
TAATGTATCTCCGC,85,True,1
GCAACGTAACTAGA,85,True,1
TCAATCGTTAGTTC,85,True,1
CTCCCCAGCGCGTA,85,True,1
TCCTCACATGAAAT,85,True,1
CGACCAATACTCAT,85,True,1
CTCACAAAAGCTAT,85,True,1
GTGTAGGAGAAGAC,85,True,1
TTAGCTAACAAGTA,85,True,1
TATTTTCCCATCAT,85,True,1
CCGAATGAACGATC,85,True,1
TGACTAGTACTGTT,85,True,1
TGTTTACTGGATCC,85,True,1
ACAAACCCCAATTA,85,True,1
GATATCATCACGAT,85,True,1
TGTCCGTCCCTTGA,85,True,1
CGATCACGTCCCTT,85,True,1
CCTACCCGCACCCT,85,True,1
TCACTATCATATAC,85,True,1
CGTCTTTAGAAGTC,85,True,1
CTAATTACAGTACG,85,True,1
CTTTCATTACACCC,85,True,1
TAACCTTACATCAT,85,True,1
CCATGCCCCTACTC,85,True,1
TCCACGCTGGAACT,85,True,1
GTACCTGATAGGCG,85,True,1
TAATGCCCACTGTC,85,True,1
CTACTTCATAGATG,85,True,1
GGGGGGATAATAGA,85,True,1
ATAGTTGTCATACC,85,True,1
CCACAGGTGCGCAC,85,True,1
TAAACAACGATTGA,85,True,1
GATCAGCGGTATGT,85,True,1
CACGGCTTAACCTG,84,True,1
TTGGAGGCGTAAAG,84,True,1
TACCTAGCGACCGT,84,True,1
CCCTGATCTGACTA,84,True,1
GAGGACCTTTCCGG,84,True,1
TTGCCGCACAGTTA,84,True,1
TACCACAAGGCCTC,84,True,1
TCTTTCCCAAAGAG,84,True,1
TGCTGAGTGTTTTG,84,True,1
TACGTAGATGAATT,84,True,1
CTCCTAAAACCCTT,84,True,1
CCTGTCTTAAGGCT,84,True,1
ATCAGTGAATGTGG,84,True,1
TATCTCGTGGAGTT,84,True,1
TTGTGCCCGTGTTG,84,True,1
TCCCTCTTAAGCTC,84,True,1
GGAGGGCGGATTTG,84,True,1
GCAATCACCAAAAG,84,True,1
GTCTCAACAGAGCG,84,True,1
TTCGTAATCAATGA,84,True,1
CATGCTCCCCCCTG,84,True,1
TACGTATGATTTAA,84,True,1
CGCCCTTCCCTCTC,84,True,1
TACGCATCGAGTGT,84,True,1
GTCGCCAATACCCT,84,True,1
TACCGCATGACAGA,84,True,1
CTTGTCCTTCCCTC,84,True,1
GCACGTTTCGCGTG,84,True,1
ATCATCGTTTAACC,84,True,1
CCTCTGGTTGTACC,84,True,1
ATACTTACAATTAT,84,True,1
TACATTTTCTCCCA,84,True,1
GTCACCGTGCTGTG,84,True,1
CATGCCGCGATCGT,84,True,1
GAAGACACTTTTTC,84,True,1
TGACTACGACGCGT,84,True,1
TATTCTGAAACCAT,84,True,1
TCGTAATAGTAGGT,84,True,1
TGCTTTAAAGCATA,84,True,1
TCAACGTCCAAGCT,84,True,1
TGTACATGTTTGTA,84,True,1
CTCGGAACCTACGT,84,True,1
TAAAGCCCGCGACC,84,True,1
CCACTGTAGTTCCG,84,True,1
CTACCGAACAGTCC,84,True,1
AACCGTCCATGTCA,84,True,1
TTCAAGTGTAAAAT,84,True,1
TAAACTCGTTAGTA,84,True,1
TGATAAACAAGCTT,83,True,1
TGGGATTCTTCCCG,83,True,1
GAACTGTACGTAAA,83,True,1
GTACATAGGCTATT,83,True,1
ACTTACAGACGTTT,83,True,1
CCAGGGTGGCCTCC,83,True,1
TACTCCTTGTAGAA,83,True,1
TAATTACTGGATAA,83,True,1
CTTAACAGCCACCA,83,True,1
TCTTGTCTCGGCTT,83,True,1
TTCCTAATTACTTC,83,True,1
CATCAGGAGACCCA,83,True,1
AAGGGGTATCTTGA,83,True,1
GTCTCATTTTACTC,83,True,1
AAAGAGATGGTTTA,83,True,1
TTCTAAGACGTCTG,83,True,1
TAAACGTAACATCA,83,True,1
ACATTGATCATTGA,83,True,1
GTGACGTTTTTTTT,83,True,1
TAGGACACGTAGCT,83,True,1
CGCCTTCCGACCCT,83,True,1
GTCAGTGATTGTTG,83,True,1
TTACATCGTCCTGG,83,True,1
TAATTAATAGACAC,83,True,1
GCATACGATAAAGT,83,True,1
TATCTAAGTTGGCA,83,True,1
TCTTGAGGGATACG,83,True,1
TATCTACCCTGAAC,83,True,1
ATCATGGTGAAGGT,83,True,1
GCAACCCGCACCCC,83,True,1
AGCATGATCTCCCG,83,True,1
TAGCCTAGTGCCGT,83,True,1
TAAATGTCTGTTTA,83,True,1
ATCCTATTTTTATA,83,True,1
TACACATACGTTAT,83,True,1
ACCTTGCAACCCCG,83,True,1
TTTAGTTTTGCGCT,83,True,1
CAGCCTTCATAATA,83,True,1
GAGGCATTTTAGAG,83,True,1
TCACCCCTACACCC,83,True,1
ATGGTAAAGTCACG,83,True,1
TTACTTACGGCCAG,83,True,1
TTCCATTCTGCGGC,83,True,1
ACCGAAAGTTGAGG,83,True,1
ATACGGCTACAAGA,83,True,1
CAACACGGTGGGGT,83,True,1
ACGAGCTCAGCCGA,83,True,1
CTTTCTCTCCACGT,83,True,1
TCGGGAGCAGGCCT,83,True,1
ATGTGCCCGGCAGT,83,True,1
AACTCGCAAATGAC,83,True,1
TATCGGATAAGATT,83,True,1
TGACCCAAACTGAA,83,True,1
ATAGGTGATAGCTC,83,True,1
GGCGCGTTTACAAC,82,True,1
TAATGAGCGCGGTT,82,True,1
TCCCCTTCCTGGTC,82,True,1
TAGCTATCATTCCA,82,True,1
CGGGTCGACGACAC,82,True,1
TACCTTGCCGTTAC,82,True,1
CCAGCGTAAAATTG,82,True,1
TCCACCGAAGCCTT,82,True,1
TCACAAACCTTCTT,82,True,1
TAACCGTGAGTAGG,82,True,1
TGCAGGGCACTGTG,82,True,1
AGAATCAGCTACAC,82,True,1
TTACAACTGTCACT,82,True,1
TACTCGCTTATTAC,82,True,1
CTTGGGACTATAGT,82,True,1
TATATGTACGATCA,82,True,1
CTCTTTGGCTGCGA,82,True,1
ACAGTTTCGACATC,82,True,1
GTATGCGACTGTTT,82,True,1
TTCTCTCGGCGGAT,82,True,1
TTGCGCGCTAGAAT,82,True,1
GTATGAAGGTTGCC,82,True,1
TGTATATTCGCTGT,82,True,1
TCAGTTTGATAGAT,82,True,1
CGCATCGTTATCAC,82,True,1
TAACACTACCTGCT,82,True,1
ACCATGTCAGCTAT,82,True,1
GCCACCTCACTGCC,82,True,1
CCTATCAAGTGGTC,82,True,1
TTCTTGTCGCTGCT,82,True,1
AATAGAGTCACGAT,82,True,1
TCTGGCCCTGTTCA,82,True,1
GCCATAGGCTACAT,82,True,1
TTCACATTGATCGA,82,True,1
TGTACATACTTTAC,82,True,1
GATTGTGTGCATAC,82,True,1
GCAATCGCATGCCG,82,True,1
TTAATTGCGCAACC,82,True,1
TGCTTGGGTAAAGA,82,True,1
TTCCGCAGTATGCC,82,True,1
TCCAATAATGGCCA,82,True,1
GTGCCATAAGAGTT,82,True,1
TTACCTACATTCGT,82,True,1
GCCCTTTTGGGAAT,82,True,1
GCTCATAATATTTT,82,True,1
GCAACTATAGCTTA,82,True,1
ACAGACGCGCTCCA,82,True,1
CGGGGATATAGGAA,82,True,1
AGAGGGCTCCTCCC,82,True,1
GCAGTAATGTATAG,82,True,1
TCACCCGACGCGAT,82,True,1
CTCCCGCTCGGCGG,82,True,1
GAGACGTGTCGACA,82,True,1
GTATTGGATAGAGT,82,True,1
TCCCGATGCTACAG,81,True,1
TCGAGACGCATATC,81,True,1
TTCCTGCCCCTTTT,81,True,1
CATGAAACGATCTA,81,True,1
TACGCGATTACGAC,81,True,1
TAGAAGTAGAACTA,81,True,1
TATCTGTTATAAGA,81,True,1
CCACTATGCAATAT,81,True,1
GGGGCCTGCCGGAC,81,True,1
TACATGTTCGAGGA,81,True,1
AATCCTGGGGAACC,81,True,1
GAGGGTGTATGCAT,81,True,1
GGCCGCTCATGTAA,81,True,1
AGCTAATATATCAT,81,True,1
TTGACCTTCATGCC,81,True,1
CTGCATCAACCTGG,81,True,1
GTACACGCAGCTTA,81,True,1
TGACCTTATTATAA,81,True,1
CTAGAGATCTGCAT,81,True,1
TGGAACCCAAGACA,81,True,1
AATAGCTTAGTTTT,81,True,1
TATTGATTGCCTTC,81,True,1
GCCTTCTTTAACCT,81,True,1
CCCAAAAAAGCAGT,81,True,1
CATACCCACTCTCC,81,True,1
GTAGGAGACATGAT,81,True,1
TTAGTGACATCGGG,81,True,1
TCTGGAAATCCCAA,81,True,1
CCGTCCCTTGTTCG,81,True,1
TGAAAACGCTGTTT,81,True,1
GCTACTCCCTTGCG,81,True,1
TTCCACCATCTGTA,81,True,1
CGACGATGGGCTAA,81,True,1
CTTAGCTGTTATAA,81,True,1
TTGGTGACCCCCCC,81,True,1
GCATTGGATACCGA,81,True,1
CGACGATTCTACGA,81,True,1
AATCTCGACAATTT,81,True,1
GCCCTTGAAAGCCT,81,True,1
ACAGGCTCTATTCG,81,True,1
TTGGTTATTGTCTC,81,True,1
TCCCAGAACGCTAA,81,True,1
CACACGAGTTCAAG,81,True,1
TGGCCAGTGATGGG,81,True,1
CCCGGAGCCTCACT,81,True,1
TGAAGAGAATTACG,81,True,1
CGTGGAGAGAGCGG,81,True,1
TTAAGCCAATGGTT,81,True,1
ACCATCGCTCAATT,81,True,1
TTCCAAACAGATGC,81,True,1
TAGGAATGTTGTGT,81,True,1
TGACCGTAGTTTAA,80,True,1
TACCCAGGGTTTGA,80,True,1
CTGGAGACCCGTTG,80,True,1
ACCTTTGTTTTAGT,80,True,1
GGACCCCCCCGCAT,80,True,1
ACGTAAGTGTATAT,80,True,1
GTGTTCCCGCCCGG,80,True,1
TGAGAGCTACCGTC,80,True,1
CCTTTAACTTGTTC,80,True,1
CTGAGGGATCCTTG,80,True,1
GCTTACTCCTGGGC,80,True,1
TTCGCTGCAGCCCT,80,True,1
ACAACGATGTGGGG,80,True,1
AGTTTCGATCGCGA,80,True,1
CTCAAAGGTAGACC,80,True,1
TAACGTCTTATGAA,80,True,1
TGGCGCCTTATCAA,80,True,1
TACGAATCTGTCTA,80,True,1
AGGTCGCCTCCTCG,80,True,1
CTGCCACGTTAGAT,80,True,1
TAGATCGGAGAGTA,80,True,1
TAGTGGAGTGTGAT,80,True,1
GTAATGTTACGTTG,80,True,1
ACTAGCTCAGACAC,80,True,1
GCCGTATTATTACA,80,True,1
AGGATCAGACACCA,80,True,1
AAAACCACTGGCGC,80,True,1
ATAACTCTGGGACA,80,True,1
GAAAACACTTGATT,80,True,1
CCCCTACCACGCCG,80,True,1
CCCCCCTGCATTCA,80,True,1
TGTGTCGTGCTGAA,80,True,1
TCCTGTTACTGTCG,80,True,1
GCTGGTGGTTAACT,80,True,1
TACATCTGAGCGAG,80,True,1
TAAACGCGCGTAGC,80,True,1
GACGTCGTGTTGAA,80,True,1
CGACCTCAGACTGT,80,True,1
GTATCAGCCAGGTG,80,True,1
TAGATTATCAAACT,80,True,1
AAGGTGGCCCTGGT,80,True,1
TACCTCTGTTTCCA,80,True,1
ACCCCGGTCCCACA,80,True,1
TTATCCACCCTTCG,80,True,1
AAATGTTCTTCCAG,80,True,1
CCATCCGAGAAACA,80,True,1
TAGCCCTGCCTTCG,80,True,1
CACCCACGCTATCA,80,True,1
GCAAAAAGGGGACG,80,True,1
GCAAATCTTCATCG,80,True,1
GCTCCGCATCAATA,80,True,1
TAATATAAGATGAT,80,True,1
CAGAAGCGCGCCGA,80,True,1
TGATTTCTTAACTC,80,True,1
TTCAAAGTCTGGTA,80,True,1
GCTGCCCCCCCACC,79,True,1
ACCACAAGGCAAGC,79,True,1
CAACGTTAGTGTTC,79,True,1
GACTGAAACCCCGA,79,True,1
CTACTTAGGTCCAC,79,True,1
TCGTGCCCATAACG,79,True,1
GAAAAATGGGCCGG,79,True,1
ACGGACAATTATCT,79,True,1
AAGGGAGGGTGACA,79,True,1
TAAAGGGAGGAGGA,79,True,1
TGGATCATCCCCAC,79,True,1
TCATGTCGAGATAA,79,True,1
TCAATCATTTCCCA,79,True,1
TATTAACCGCCTGA,79,True,1
CAAACAATAGTTAT,79,True,1
GTCAGTGCCATACA,79,True,1
CACTTTGCGTCGTA,79,True,1
CCCCTCTACCCTTT,79,True,1
TAAGCAGAGTGAGA,79,True,1
TCACCGACCGCATT,79,True,1
CTACGTTCTACTTA,79,True,1
GATTCGCTACGCCT,79,True,1
TACACGCTCCCAAC,79,True,1
ATACAAGCGTGAGA,79,True,1
CACGAGCGTTTGCC,79,True,1
TCCAGCCCAAGCCG,79,True,1
CTTCCCTTGGTGAT,79,True,1
CCCGAAACGCGGGA,79,True,1
TAATAGTGCCCCGT,79,True,1
TCTACCGCTGAATG,79,True,1
TAAGATAATCCATC,79,True,1
TCAACGGCGTATAA,79,True,1
CAATAGGATTTGGT,79,True,1
CCGCAAGCTGTGAC,79,True,1
TGGTCTTTTCCATC,79,True,1
TCGTTAACTAACCC,79,True,1
TCGCCTTTGTCCCC,79,True,1
TTATTCGGAGTATG,79,True,1
TTCTCCATGATGTA,79,True,1
TAATGTCTTGCGAG,79,True,1
TCCTTATTTTTATG,79,True,1
TTAACACCGATGCT,79,True,1
GATTGTGTGATATT,79,True,1
AGTAGACCCCGAAT,79,True,1
GTAACCTCCTTACC,79,True,1
ATCTCATAATACAC,79,True,1
CATGACTCAAACGC,79,True,1
CCCATACTCGTTAC,79,True,1
AGTGATCCATATGC,79,True,1
AGATCTTTGTCCAC,79,True,1
ATACAAAAGCTGGC,79,True,1
CATCCAGTTGCTTA,79,True,1
TTAAGCATAACGAT,79,True,1
TACAACCATCCTAT,79,True,1
TTAAAGTGTCGTCT,79,True,1
TACAGAAGAGTCCT,79,True,1
CGACAGCTCTTTAC,79,True,1
TATTCACTAAAGAG,79,True,1
TACATCGCCATTAG,79,True,1
CAATTCTGAAGATC,79,True,1
TCCCCATCGCTACC,79,True,1
GCACCTCCCGTTGG,78,True,1
TCCAATGACCGTAA,78,True,1
TATGAGAGCCACAC,78,True,1
TGTCGTCTGGTCTG,78,True,1
ACTTCGCGATTGGA,78,True,1
CACGGCCGTGCAGT,78,True,1
GATAAGCCCACCTA,78,True,1
ATATAGCACGTGGG,78,True,1
CCATCCGACTCTTA,78,True,1
TTAAGCGGAAACCA,78,True,1
TACAATACGACCCC,78,True,1
TCTACATTTCCAAA,78,True,1
GTCTACCCTAGGAC,78,True,1
AGAATGGTGCTCTA,78,True,1
ATGATCTATACTAA,78,True,1
TTCCCCCGCACTTA,78,True,1
TCCATTCTGTACCG,78,True,1
TTTACATTACGTTA,78,True,1
CCAGCTGATGGGCG,78,True,1
GAGAGAACGCCTGT,78,True,1
CATACATTTATTGC,78,True,1
CTATGCGCTCCGAT,78,True,1
ATGATGGAGTCGAT,78,True,1
CTATTCCTTGAGGA,78,True,1
CCAACGTGCGATCC,78,True,1
ATACACATCAGCAC,78,True,1
TATCAGCGCCTCCC,78,True,1
CCGAGGTTGTGAAG,78,True,1
AGCCACGGCGAAAT,78,True,1
CGCCCGGCCGCCGT,78,True,1
TTAAGCCTCATATC,78,True,1
GAGGACTGCCATCT,78,True,1
TGGAGAAAGTTGAG,78,True,1
ATTAGGTAAGCTAC,78,True,1
CTACACCCCCCTAT,78,True,1
TTTGATGAATAATC,78,True,1
TCCCTAGACTCCGC,78,True,1
GCACAACAGAGGGC,78,True,1
AAACTATAATCATG,78,True,1
GAGTACGTCCTATG,78,True,1
GCATGATAGCCCCC,78,True,1
CCCCCGGTTTGTCC,78,True,1
GCCCGTACTACGTG,78,True,1
TACATCGTGATATC,78,True,1
TAGCTAAGGCTTAT,78,True,1
CGACTCAGTTATTT,78,True,1
TCGCCCTTTAGTAT,78,True,1
TTGTCAGAGAGAAC,78,True,1
CTTGGCGTTACGTG,78,True,1
CACTGGTTGGGTGA,78,True,1
GGAGAGATATTCCC,78,True,1
ATATATTGCGGAAC,78,True,1
TCGTAATGGTCATC,78,True,1
AAAGGCAGTCCCGA,78,True,1
CTGGCCGTTGAACT,78,True,1
GAACCCATCGCAGG,78,True,1
AGGCTCCCTATCGT,78,True,1
TCCTTCGTCCCGAT,78,True,1
GACACCAACGATTA,77,True,1
AGTCACCACTAGGT,77,True,1
TGGCTTGCCGGCAT,77,True,1
TTGGTTTCCCTACA,77,True,1
TTCAAGTATATTAC,77,True,1
TACTTATCGCCCGC,77,True,1
TTCACGAACACCAC,77,True,1
CCTCCGCACCCACC,77,True,1
TAGTCGACTTAACC,77,True,1
TTCCTTTCGACACG,77,True,1
ATGCCATCTCGCAC,77,True,1
GCCCTAGTTACGTT,77,True,1
GATCGACATCAGAA,77,True,1
CGCCCTCCCGGGAA,77,True,1
ATTTACCAAATTTG,77,True,1
ATGGCTGCGCACGA,77,True,1
AGCTGCCTTGGAGA,77,True,1
TCACCTGTTTCTAT,77,True,1
GTTACCCCTGTGAT,77,True,1
GAGCGTTTAAATGT,77,True,1
GAGAGATACATACA,77,True,1
GCCATTAACCGTAG,77,True,1
GGTCTTCTGGGGGC,77,True,1
TTTCCTTAACTGAG,77,True,1
TTCGACCTAGACCC,77,True,1
CTGACTATACGCTT,77,True,1
GCACCCGACTAGCC,77,True,1
TAAGCATTCGTCAC,77,True,1
TTCCCAGCAAAATA,77,True,1
TAGGCCTCATTTAA,77,True,1
TAGGTGCAGGTGCT,77,True,1
TAAACGTAGTTGCG,77,True,1
TATGACCTTATGGA,77,True,1
GTATGTCGTCGCTA,77,True,1
GTGATAGAACATTT,77,True,1
ATACGCCCCCCCAT,77,True,1
GATCACTAGAGGGT,77,True,1
GCGCCTATAGAGAT,77,True,1
TTCTTTGACGCGCG,77,True,1
ACTCCCAGGGCCGC,77,True,1
TCCTTAGGCCATGA,77,True,1
TATGAAGACAGAAC,77,True,1
CAGGACATTTGGAA,77,True,1
TGCGGAATGATTTT,77,True,1
TGCCCGGCTACGCC,77,True,1
AAGCGGCAAAATAA,77,True,1
GTCCTTGCAAGACG,77,True,1
TAGAGATGAATTCA,77,True,1
CCAGTCCTATTCTC,77,True,1
AATGATGCAAGGGC,77,True,1
TACAAAATGGTTTG,77,True,1
TTCAAAGGAGTAGG,77,True,1
AGTCTCGACCCCAG,77,True,1
ACATCGCATCGTTT,77,True,1
AACTCATAGACGTG,77,True,1
ATTACTAGCGCTAA,77,True,1
AGTTAAAGTCAGTC,77,True,1
CGTTGTCTCGACCG,77,True,1
TCAGGTTTGGGGCA,77,True,1
TGCGTAATGTTTGC,77,True,1
CAATCCCACAGTAT,76,True,1
CACATTCCCCCGAC,76,True,1
TATCCTTGTGGCCT,76,True,1
TAATCACAAAGTGA,76,True,1
TGTCGCTACTGGTA,76,True,1
CCAACGGTGTCGAA,76,True,1
GGTCTCGGTAAACC,76,True,1
CTTTGTCCCGTACC,76,True,1
TCCTGGTCGATGAC,76,True,1
TGCCTTTCCCTGAC,76,True,1
TGGGCCTAGTAACA,76,True,1
GCTGGGCTGTTGTG,76,True,1
CTGCCCCCGCATCG,76,True,1
CTCTTTCACATGGA,76,True,1
CAAAAGCCATTCCA,76,True,1
AGTGACTGCCGCCC,76,True,1
CTATCATCTCTCGT,76,True,1
GCAGGTGTTTAGGC,76,True,1
AGAAGAAGTTTGTC,76,True,1
AGATGTCATGTGCG,76,True,1
GAACCAGTGTTCCG,76,True,1
CTACCATACCACAG,76,True,1
TAGCATCTAATGTG,76,True,1
CTAGCCTCAAGTCC,76,True,1
TGATCAGACTGGCG,76,True,1
TATTAGAATCGCTG,76,True,1
TTCGTAATCAGCGC,76,True,1
TGACGCCCTGGCAA,76,True,1
TTGCGACTTGCTCT,76,True,1
TGCACTATACGCTG,76,True,1
GTAACTTATGATTT,76,True,1
TTGCCACTAATACT,76,True,1
TACCGAGCTAGCGT,76,True,1
TAATCGATGGTCAG,76,True,1
GCTGACGCCAGTGA,76,True,1
CTAAGGTAAATTTA,76,True,1
TATGAGATTGGGCA,76,True,1
GTGGCACATTCCGT,76,True,1
GACGCGTCTTCCCG,76,True,1
GGAGGCCTGACGAG,76,True,1
TTACTGCCATCTAA,76,True,1
TGCCCTGCATAACC,76,True,1
CACACGCAGAATAT,76,True,1
AGGACGCAACATTG,76,True,1
TCTGGCCACCTAAC,76,True,1
AGTATGCCCTATCT,76,True,1
GTATCGGTCCTCAC,76,True,1
TTCCTATGAATATC,76,True,1
CATTTACTTTATTA,76,True,1
GAGTCGCCACAATT,76,True,1
CGCCGAGTTGATGA,76,True,1
CTATGTCCTCCAAC,76,True,1
CAGGGCTCGGTCCC,76,True,1
TGACTCCCTTGTTT,76,True,1
ATAGAACTGAATCA,76,True,1
TTCTCAAGGCCACC,76,True,1
TAACCAATTATCTT,76,True,1
TAGATTCGGTTTCG,76,True,1
CATGTAGTACGGTT,76,True,1
GGCCGCCGGCCGTG,76,True,1
CATCTCCTTTTCAC,76,True,1
ACACGGTACCAATG,76,True,1
ATGACACCGTCTCA,76,True,1
CGTCCCCACTGGTA,76,True,1
TTGTGATCGAACCT,76,True,1
CTGCACCCCTCACG,76,True,1
GAATGGCTTATCAC,75,True,1
GAAGGGCTTGGAGC,75,True,1
TTAACGTCTAATGA,75,True,1
CCTTGTCCACCAGC,75,True,1
GATCGGTATGGCTT,75,True,1
AAGATCCTTGCAGG,75,True,1
TTATTATTGTGTCA,75,True,1
TCGCCGCTTTGCTG,75,True,1
TGATGTGTCCGCTC,75,True,1
TTACAGAACTGCCA,75,True,1
TAAGCATATTTCCG,75,True,1
TAAACAGGGCATGG,75,True,1
GAGCCCTTGGTCAT,75,True,1
AACCCGGAAGCCTA,75,True,1
TCCGTTCTCCCAGG,75,True,1
TTACCTATGGCTAT,75,True,1
GCAAAGCTTCGACT,75,True,1
CATCCTTACTCTCC,75,True,1
ATATACTAAATAAT,75,True,1
TCTAAGCTTGACCG,75,True,1
TTCATCCAACATGA,75,True,1
GTGCAGCCACACAT,75,True,1
GCCAGACAGAACCT,75,True,1
GTGGTATGCAGGCC,75,True,1
TATGCCTTTAGAAA,75,True,1
AAGCAATATTTGGC,75,True,1
TGGACTGTCTTTCA,75,True,1
TTACTAGACACCGC,75,True,1
TTACAGTTTACGCC,75,True,1
GATTAAGTTCACCT,75,True,1
AGCCCACAATCACA,75,True,1
GCTTCTGTGGCAGA,75,True,1
TAATACAATTTATA,75,True,1
CACTCTCCTATGAG,75,True,1
ACCTCGACAACGAT,75,True,1
TGATGTGGAGGTAT,75,True,1
TGCCCAAACCAATC,75,True,1
GACAAAGGCTGAAC,75,True,1
TTATTATAACGTTT,75,True,1
TTAAAAGTGTTATT,75,True,1
TACCGCCCACTATT,75,True,1
TTAAGACATAAGGG,75,True,1
ACTCGCATGGTATA,75,True,1
CACTCAATTCGTAC,75,True,1
TATGTTTTGCCCTC,75,True,1
TGCCCTGGAATCCT,75,True,1
GCATTGAACGGTAA,75,True,1
TCAGGCGATATCAC,75,True,1
TAGGGAGTTTACTC,75,True,1
TGCAGACTTAACAA,75,True,1
TATCCTCAGTCAAA,75,True,1
ATACTGCTAAGCAA,75,True,1
TCTTCCTCCCGCCG,75,True,1
TGTGTATCTCGCGT,75,True,1
TGGACCGCTGAAGA,75,True,1
CAATCCGACTGTAG,75,True,1
CTAGACAGAAATGA,75,True,1
TATGGAACATTCTT,75,True,1
ACAAGATGCGGAAC,74,True,1
AGCATGGTTAATTG,74,True,1
CCCTCGCTCCCCTT,74,True,1
TGACATCTTGTCTT,74,True,1
TCATCATGAACAAA,74,True,1
CCAACTCCTTCAAT,74,True,1
CTACAAACCAACAG,74,True,1
GATACGCGCACATC,74,True,1
GTCTCGTACGGACT,74,True,1
TATCCCAAAGTGTT,74,True,1
GTGACCCGCTGGTA,74,True,1
TAGTGACAGGTCGG,74,True,1
ACAAGGACGAACTG,74,True,1
TCCCTCGACGCTCC,74,True,1
CTCGGGCTGGCGAG,74,True,1
TGCCACGACGTCAG,74,True,1
TTGGAGTCGTCGCG,74,True,1
CAACCTAAGGCACC,74,True,1
GTGCCCCTCTTTAC,74,True,1
TCGACTTGCTAAGA,74,True,1
TACCGCCGTCCCTA,74,True,1
GCAGTGGTGCATAA,74,True,1
CATGTCCTGACTAC,74,True,1
TGAAAGGCTTATAC,74,True,1
CTGGGCTCAAATTA,74,True,1
TCTAGAATTCAAAC,74,True,1
CATCTTCCTTCTCT,74,True,1
GAGCATGCGATCTA,74,True,1
GACAGAGGTTACGT,74,True,1
CCAAGTGTACAGAA,74,True,1
CCTATCTCGCCTTT,74,True,1
TGACAATCAGGTAC,74,True,1
AGTGTATGGAGAGA,74,True,1
GCGAGCCGCTCAGT,74,True,1
TTGCTTTGTTGAAG,74,True,1
GATATACTATCATC,74,True,1
TTAAAAGTCTGTGC,74,True,1
AAATCTGAAGAGAA,74,True,1
CACTTAAAGATTTC,74,True,1
GCTTCGTGTGTCCC,74,True,1
GTAAACAATCAAAC,74,True,1
CAACACCTAGTTCT,74,True,1
AAGTCAGTACTAAA,74,True,1
ACATCCATACAGCA,74,True,1
TGAGCTGCAGACGC,74,True,1
CACAGTGTAGCAAC,74,True,1
CAGGCTTCGTTTAG,74,True,1
CCAGAGGTTCTAAT,74,True,1
GCCTCCGGTTACAT,74,True,1
CCCCGATCGACGCT,74,True,1
AAGCAATTGCTTCG,74,True,1
GTGTCTGCTATTAA,74,True,1
CCCGCAGTCCAAAC,74,True,1
GAGTTGGCACAGGT,74,True,1
TTGCTCTCTAAACT,74,True,1
TGACCAACGACGTG,74,True,1
CCCTAACTCCCGTC,74,True,1
TGAACTTCGGAACT,74,True,1
TACTATTCTTAAGT,74,True,1
CCACTGCCATAGCC,74,True,1
TGCCACGTCCCCGC,74,True,1
GACATGAGTGTCGA,74,True,1
TCCCCTTAGTTGGA,74,True,1
CCCATGTTCTAAGC,74,True,1
ATACCCGAACGAGT,74,True,1
TTGCCACTGATTAA,73,True,1
TGGCTAGCTGTTCA,73,True,1
CCCGTGCTATGTTC,73,True,1
TTCATCAGGTAAAC,73,True,1
TGCCCTTCCGCCTC,73,True,1
CACTGTCGAGAGAG,73,True,1
CTATCAAAGACGTC,73,True,1
TGTCTTGATATTAG,73,True,1
GCGTGCGCAGTAAG,73,True,1
CAACAAGACAAACC,73,True,1
GAACCATGTATGAG,73,True,1
CCAAAAGTTTCCTT,73,True,1
TACACACGTAGTTA,73,True,1
CTCAGTGTTTTCTA,73,True,1
TAAGGGCGCTCTAG,73,True,1
GGACGTGGAGAGAG,73,True,1
GGTACTCCTAAGGG,73,True,1
TCCACGAACCAGTG,73,True,1
CTGATGACTAAGCG,73,True,1
ATCGCGCGGAGAAC,73,True,1
CCACAACGTCAAAT,73,True,1
TGATCGACTGTTCA,73,True,1
GATTGAGTATACGT,73,True,1
CAACCCAGAGCTCT,73,True,1
TTTGTCTCTCTCAT,73,True,1
TGTCAGACAAATAG,73,True,1
TAATATGCGGACTC,73,True,1
TACGTTAAACGATA,73,True,1
TACGCCCTGTAGCG,73,True,1
ATCCTTGTGGTCAT,73,True,1
TCAAACAGCACACT,73,True,1
TCAAGATTGAATCC,73,True,1
TTATTCGCACCTAT,73,True,1
TGGTAATGCCGCTA,73,True,1
TGACGTTAACTGTT,73,True,1
TCTCCTGCCATCGG,73,True,1
ACACATTCGGCTTT,73,True,1
GACCAAGGGTAGAT,73,True,1
CGTTCCTCGTCTTA,73,True,1
AAGGAATAAAGGTA,73,True,1
CCACCTAGGCTAAT,73,True,1
CATATAACGATCCC,73,True,1
TAGATCTGTATCCA,73,True,1
CTGGGCAACTAAGT,73,True,1
TGGAGGGTCTAGTG,73,True,1
AAGGGCATACATCG,73,True,1
TTACCGGTAAATCT,73,True,1
GTGAGCCTAACAGA,73,True,1
TTAGGCCGGGGTAT,73,True,1
TTGAGCACACTGTA,73,True,1
TCCATCGTAGTGAA,73,True,1
TTATTCGGCAGCTA,73,True,1
GTACGCCGTGGCGG,73,True,1
CCAATAAACATGTA,73,True,1
TAGACCATTTCAAG,73,True,1
TACCCCATGACGTG,73,True,1
TATTGCTGAGACTT,73,True,1
TTTACACATCCGGG,73,True,1
TACCGTCCATGGTT,73,True,1
TGGCACCTGAAACA,73,True,1
TTGCAAGCAGTAAC,73,True,1
ATGCTTCGTAGCTA,73,True,1
TCCGATGATCAATC,73,True,1
CATACCGAGTCTTA,73,True,1
CGCGATTTGAAAAC,73,True,1
AGAGACACACGCCT,73,True,1
GTCGGCATATTTAG,73,True,1
TGCAACATCCGATT,73,True,1
TAGAGAGCTCGGCT,73,True,1
GCCAGTCGGAGTCA,73,True,1
TTGAGGGAAGAACA,73,True,1
CGGTCAGCACAGTC,73,True,1
TTCCCGCCCCGTTC,73,True,1
GACGAGCCGCGTTT,73,True,1
TGATTCGCCCCTGA,73,True,1
AAAACTGACAACAT,73,True,1
TCCGACTACACATT,73,True,1
CCGTCATATCTAGC,73,True,1
TTAGACGCATCACC,73,True,1
TACCCGAACATAGG,73,True,1
AGCATACAGCCACC,73,True,1
ATACTGCCACTAAA,72,True,1
ATATGATCTGCTGC,72,True,1
TAAATCTAGGCACC,72,True,1
CCATGTTCCATCCC,72,True,1
CTACTCAGGTTATC,72,True,1
TATTACGAATGTGC,72,True,1
GAACGCGGTCGATT,72,True,1
CAGCTCATAGCGAA,72,True,1
CCAGTCCCGCTGAG,72,True,1
CTACGGATTATAGC,72,True,1
TTAAAGATAACTTG,72,True,1
CACGTTCGTGTACC,72,True,1
AGGCTGGTTACCGT,72,True,1
CATAGCGGGCACAA,72,True,1
CTGTCCTTCTAAAG,72,True,1
GCACTGATCTGACC,72,True,1
TGACGGCTAAGCTG,72,True,1
CTCTTTGATATCCA,72,True,1
TAAGACCAAAATAA,72,True,1
CCTGCTTAAAATTA,72,True,1
CAACCACCACGGTT,72,True,1
CTCCACTGCCTACG,72,True,1
GGAGGCGTTGGCCT,72,True,1
TATTGCCACGCGCC,72,True,1
TGATTAACAATACT,72,True,1
TGTCAGAGTAGGCC,72,True,1
TGCCCAGTGAAGTA,72,True,1
AAGTGGACAGCTCC,72,True,1
TATGGTACAAGAAC,72,True,1
TGAGATTTTCTCCT,72,True,1
TCCATCCTTTCGTC,72,True,1
TCACAGCCCCCCAT,72,True,1
CACAAGTGCTATTG,72,True,1
TTCAGAGCTATGTA,72,True,1
TTCACTGCATTATA,72,True,1
AATTACCCGACGAT,72,True,1
CCATTGAGGCTTGT,72,True,1
CTCCCTATATAACT,72,True,1
GCCGACGTACGATT,72,True,1
ATAGCCACTGAGAG,72,True,1
TGTAGCCGTGAGCA,72,True,1
TAGTAAGGTTAATG,72,True,1
ACCGTCCACCCCAG,72,True,1
TTAGGGCCATCTTA,72,True,1
TCAGCCTTATCGAT,72,True,1
GTGACCATGCCCCA,72,True,1
ATGATATCTAAGAC,72,True,1
TATCCTCAATATCC,72,True,1
AGCAGTCTCTCCCC,72,True,1
GAACGCATGCGAAT,72,True,1
CATTAGTCATTAGC,72,True,1
TCCCTCCAATTGCA,72,True,1
TAATGAATAGTATT,72,True,1
TGTTCGTGTACTGG,72,True,1
TCTAAGAAAGTGCT,72,True,1
ACACTGAACGTTAG,72,True,1
TAGTCCAGGCTGCT,71,True,1
TCGAAACCTTACCA,71,True,1
CATGTCTTTTCACA,71,True,1
GCTTATCATCCGGC,71,True,1
CCATAAGATAATCC,71,True,1
TACACCGATGTGCT,71,True,1
GCGGGGCGTTATTT,71,True,1
CGTATACCGTAAAC,71,True,1
CCATGGACACACTT,71,True,1
TAAGCTCTGCCATG,71,True,1
TAGAGTGGTGACAA,71,True,1
TCCTCAGCGACGTA,71,True,1
TAGATGTTATTTCG,71,True,1
TGTTTGAATGTACT,71,True,1
TTGTTGTACTGTAG,71,True,1
TCCCGATACTCCTC,71,True,1
CCCACCGTCGCTCT,71,True,1
TTAACTCTATCGAC,71,True,1
GGACTTAATTTATG,71,True,1
TATATGATGCCCGC,71,True,1
TACAGTCATCTTGC,71,True,1
TGGGCCTGATGCTG,71,True,1
GTTTCACATCTCCA,71,True,1
TACCGATCAACACG,71,True,1
CCAGTGAGAGTCAA,71,True,1
CGGCTTTGTATTAT,71,True,1
CGAAAGCTTGGTAC,71,True,1
CATAGGAACAACGC,71,True,1
TAGCCACAACAGTC,71,True,1
CGCAACGCTAACGA,71,True,1
CCCCCGTTCTGCGA,71,True,1
TCGAATACGAGAGT,71,True,1
TCTCCTGTTCGCAG,71,True,1
TCGCCGTCGGCAAG,71,True,1
GTGCATTGATTTGA,71,True,1
TATGGAAGGGTACT,71,True,1
TACTAGAGAATAAG,71,True,1
GTATAGGTTAACAG,71,True,1
TGCATTCTTAACTC,71,True,1
TTAGCTTCTGGAAA,71,True,1
CATTCCTCACGAAG,71,True,1
AGCCCTTCCGTAGA,71,True,1
CGCGCGTCCGTAAA,71,True,1
CCATTGCCTGGCGA,71,True,1
TGCACCCACGGGCT,71,True,1
TATATGGCCCGGGG,71,True,1
GCTTCAAGACTAGA,71,True,1
GTGCTAGCACCTTT,71,True,1
AATCACTTCAGCGC,71,True,1
CTGAAATAATGGAT,71,True,1
TGGCCATATCAACT,71,True,1
TGAGTCTGCTCTCC,71,True,1
CGCATGTTTTTAAA,71,True,1
TGTACCGTTATACA,71,True,1
GCATAAGTGGTCTC,71,True,1
CCACAGGCGAGTGA,71,True,1
GCCCCCCACACATG,71,True,1
CTCGGTATGTAACA,71,True,1
TGAACGCCGAGATA,71,True,1
TGATACAGCTTACC,71,True,1
GAACCAACACCGCT,71,True,1
GTACAGAGGTAAGA,71,True,1
TATCGCATTACCTC,71,True,1
TAAGTCTCACCGTT,71,True,1
GACGCCAGTGTGTG,71,True,1
TGCCAAGTCGCACA,71,True,1
GTACCTGTTCCATT,71,True,1
TGGCAGGAATGACT,71,True,1
CACAGCTTCATATG,71,True,1
ACAGACGTACTACA,71,True,1
CTCAACGACGCCAA,71,True,1
CGATCCTCCATCTC,71,True,1
TACTAGCATGAGAT,71,True,1
TAAAGAGCGAGTAG,71,True,1
TCCGCGGACTACGT,71,True,1
CTATCCGGCGTTAC,71,True,1
TGCACAAGATTGAA,71,True,1
ACTAAACCCCATCA,71,True,1
TTGCATATGACACA,70,True,1
GATCGAACAGGGTT,70,True,1
TCCCCGCAACAATC,70,True,1
ACCCAGGCGTACGA,70,True,1
CACATAACCCACGG,70,True,1
TACCCACCTTCCCG,70,True,1
ACATCCCTAGAAGT,70,True,1
TTCTTTAAAACACG,70,True,1
TCTCGTGTTTTAAT,70,True,1
GTCAGAGTGGATAG,70,True,1
CGACTCTGTTGACT,70,True,1
CTCTTAATAGGAAC,70,True,1
CAGAGCGAGTTGTG,70,True,1
AATCTCCATGTCCG,70,True,1
AGTTCCCGCCAACG,70,True,1
TTGTGCTTAAGATA,70,True,1
CCTGCCTCTCAGTA,70,True,1
CAACTGCCTAAACT,70,True,1
TGAAGACAACGACC,70,True,1
TTGTTTACTGTGCT,70,True,1
TATCAAGCCTATGC,70,True,1
CTACAGATCGATTA,70,True,1
TTACCCACGAGTGA,70,True,1
ATGAAGCAAAGGGA,70,True,1
GAACCGTACATGAC,70,True,1
CGCTCAACTTCCCT,70,True,1
CACACAGAATAACT,70,True,1
ATTATTGAACGCCG,70,True,1
TCACCCCTGCTACG,70,True,1
AGTGGTACGCGGTT,70,True,1
ACCTTTCTTAGGCA,70,True,1
TGCGATGCGTAAAG,70,True,1
AACGTTCAAAAGGA,70,True,1
TTGTTGGGTCGGCT,70,True,1
TACAGACGACTCAG,70,True,1
AGACCAAAATAAAC,70,True,1
TTCTCAAAACGTGC,70,True,1
TCATGACACCCGCT,70,True,1
TGATTGATAATACG,70,True,1
AGGGCTCTCGTATG,70,True,1
GAAGCTCTAGAAAT,70,True,1
CGTTAGAGTTGCCG,70,True,1
TGCCTCCCGAACAA,70,True,1
TATAACAAAGGATG,70,True,1
TGACTACCAATAAT,70,True,1
CCCACAAACTGTAC,70,True,1
TTATCGCCCTGCGA,70,True,1
GCGCTTCTGCGTTT,70,True,1
TCGACACAAACGGA,70,True,1
ATACGGGCATGTGG,70,True,1
TAAAAACAAATACG,70,True,1
TGCCAAGCAACGCT,70,True,1
CTCAAGGGGGGGGA,70,True,1
ACACCTGAAACGGC,70,True,1
TGTAACCAGTGTGC,70,True,1
TGAGGATGCCGGCA,70,True,1
ATCAAACCATACTG,70,True,1
ATTCCGTTGGGTGC,70,True,1
ACATTCGAAAAAGT,70,True,1
GCATACCCCGACAA,70,True,1
ATATGCTCAGTTTA,70,True,1
TATAAGGATCATAG,70,True,1
TCAGTACCCCCGTT,70,True,1
GGTCTAGCATAAGA,70,True,1
TTCCGGTCTCGATA,70,True,1
AGCGAGTAAGCACT,70,True,1
CTATTGGTCGTCTT,70,True,1
TATTGTGGTAGTAA,70,True,1
GTCCCGGCCCACCA,69,True,1
AATGCGTTTAAATG,69,True,1
TTGGGGATGCCTCG,69,True,1
GTCGCCGATGTGTT,69,True,1
CTGAACGAACTCAC,69,True,1
CTGTGATTAACGCT,69,True,1
CCTACTAGGAAGCT,69,True,1
CCCTTGCCCCGGCA,69,True,1
TACATATGTGTAAT,69,True,1
CACTGAGATTGAGA,69,True,1
CTCTGGCATGGGCT,69,True,1
TACGTTGTCAACAT,69,True,1
TACTACGGTGCATT,69,True,1
ACTGTACATATCGT,69,True,1
CTCTATGTTTAACA,69,True,1
TACCTCCGAGCTTA,69,True,1
TACCGTCCCTAAAC,69,True,1
CAAGACCATAACCC,69,True,1
TTACTCGGGGCGAC,69,True,1
TAAGGGTAGATTGC,69,True,1
AAGAAGATCAAGAC,69,True,1
TCCCATTTCCCACT,69,True,1
TTACTGAACTGTTG,69,True,1
CGTCTTACAGGTGA,69,True,1
CACGTGAAGCTCTA,69,True,1
TTTCCTTCAGAACC,69,True,1
GTGGCCCAATGCCA,69,True,1
ATAAAGCCAAATTA,69,True,1
GCCGACCCTACAGT,69,True,1
TAATCTCCCAGGAT,69,True,1
AAACTGAAACCTTG,69,True,1
TTGACGCCGATTTA,69,True,1
TCGAAAGCGTAAGT,69,True,1
TGGAGGACAGAAAG,69,True,1
TACTATTGCTTCAC,69,True,1
AATAACTGACCAGA,69,True,1
TGGCCGCTCATGTA,69,True,1
TTCAACTTCACTAG,69,True,1
TCTACGCTTTCCCT,69,True,1
AAGGGTTGTGCTAC,69,True,1
CCATCCTCCAACAT,69,True,1
CCAATTTGTAAAAG,69,True,1
GATCCTGACCCCTG,69,True,1
TGCCTACATCGAGC,69,True,1
TAAGTTACATCTCG,69,True,1
TAAGCTTGGTTATA,69,True,1
CACCTCCCCCGCGA,69,True,1
CCCCAACTCTCGAA,69,True,1
GTGAAAGTTCAAAA,69,True,1
GAACCAAGCCAAAT,69,True,1
AAACGTCCAGGGAT,69,True,1
ATGGAGCGTAAATA,69,True,1
GTACTTGATACCAC,69,True,1
ATTCCAAAGGAACT,69,True,1
TGGAGGTGGCTTGG,69,True,1
ATGCAGGGTCTGCG,69,True,1
CCCTTTGCCAATTC,69,True,1
ATGAACAGAATTGG,69,True,1
CTCCCCGGCTCGAC,69,True,1
CTGATTACCCAGCG,69,True,1
AACCTAGTCCTGGT,69,True,1
TGATTTTTGTTAGT,69,True,1
GTAACTGAGGGGAT,69,True,1
GCGACTAAGCTATA,69,True,1
TACCCTCTTTTGCG,69,True,1
GAGCGCCTCCATGA,69,True,1
TCTTTGATATGATG,69,True,1
ACTAAAACCATTTG,69,True,1
CCGTAATAAGGATC,69,True,1
TTAACGGATAGTCG,69,True,1
TATTCTAATTCGTG,69,True,1
TTATCGATTAATTG,69,True,1
TAGCCGCTAACCGT,69,True,1
TCACCTACCTATAT,69,True,1
TTTGTACCTAATCG,69,True,1
CATTGCCTATTTTC,69,True,1
CTGAATTGGACTGC,69,True,1
TCACCTACAGGAGT,69,True,1
TTACCGCTTAACGT,69,True,1
GGACGAGCAGGTCC,69,True,1
ATACCGAGATAATA,69,True,1
TTATTATTGAGTCA,69,True,1
AAAGGTATTCGGAA,69,True,1
TGGTAAACGTTTCT,69,True,1
CGCTCGATGTGTCG,69,True,1
ATCAGCATATGGTT,69,True,1
TTAAGCGTATTGGT,69,True,1
GTGACCGGGGCACG,69,True,1
TGTAATCACCGCAC,69,True,1
GTACGAAGTCAGTG,69,True,1
AAACCCTTCCTTGA,69,True,1
CGTCACGTGATGTC,69,True,1
TTCTTCATTCCACC,68,True,1
CACACAATAGCATG,68,True,1
TGACGTGCGTATAC,68,True,1
TGTCCTTTATTGAC,68,True,1
CCAATTTTAATCCT,68,True,1
TTGCAATCTAGTGT,68,True,1
AACCCTCTACATTC,68,True,1
TGCTCACCACCTAC,68,True,1
CGAGAACCCGCCGA,68,True,1
TACCATGAGAGGGC,68,True,1
ATGAATCTTGCTAT,68,True,1
GAGTTCTGGGGAAA,68,True,1
TGTACGTACATCTT,68,True,1
ACTCCAAAAACTTA,68,True,1
AGGCTTCGACTTCG,68,True,1
ATCTATCTATAGCA,68,True,1
TTTTGACAAAAAAT,68,True,1
CGCCCTCTGCACAT,68,True,1
CAATACTTGTGCAG,68,True,1
TCACACACCAAGTT,68,True,1
CATTGACATGCAAA,68,True,1
TCCCTGAATCCAAT,68,True,1
TACAAGTTAACGCG,68,True,1
CCCAGAATCAACAT,68,True,1
TGAGTATCCATAGC,68,True,1
TTAATGATGCCGTG,68,True,1
ACGCCACTGGCGCC,68,True,1
GTCACCACCCGTTC,68,True,1
GTGAAACGTGCCGG,68,True,1
CTAAGCATAGCATA,68,True,1
TGATTCGTTCACAC,68,True,1
TAGCTTAAAAGAAT,68,True,1
TATTAGGCAGAGGT,68,True,1
CCTTTTTATCATTT,68,True,1
TGTTACTCCCTGTC,68,True,1
TATGTAAGCTCGGT,68,True,1
CTAGGGCCGCAGGA,68,True,1
CAAGTTGTCCGTTC,68,True,1
TCTTCGACCTCGCT,68,True,1
GCCTTACACCGCTA,68,True,1
ACCCTAACAATTGC,68,True,1
AGTACCGACCTCAG,68,True,1
GTACCTCATCCCTC,68,True,1
TAGCTTTCACTTTC,68,True,1
TTAATCTTGAAAGG,68,True,1
AGATCATGTTATGT,68,True,1
GTATTTGTAATCGT,68,True,1
ATAGATCCATGTTT,68,True,1
AACATGCGTATATT,68,True,1
ATATGTATACTCTG,68,True,1
TACGCCATTTACTG,68,True,1
TATGGTTCTCTATC,68,True,1
TGGACCTTAATCGT,68,True,1
TCGCGATATTAATA,68,True,1
GACCCTTAAAGAGC,68,True,1
AGGAATCGTTTTTA,68,True,1
TTCGAAGAAGCCCG,68,True,1
TGCCCTCGTTAATC,68,True,1
CGACCGTCTAGGTA,68,True,1
GCACGACCTCAAGA,68,True,1
GACTAACCGCACTA,68,True,1
GTGCCCTTTTTACG,68,True,1
TACAAAGTAGAGTA,68,True,1
TACCCAATAGCATA,68,True,1
TCCGCCGCCATATG,68,True,1
TCCGAAACACGCGC,68,True,1
CTTAAAACCACAGT,68,True,1
CCGACCCTAACTCG,68,True,1
TGAAGAATCGTCCA,68,True,1
TTCGCCGTCATCGT,68,True,1
GTCAACCGCTTCTG,68,True,1
GAGATGGTTATTTT,68,True,1
ACAGTTTTGTGAAC,68,True,1
CTTTCGCACCTCCT,68,True,1
GGAATCCCGTTCAT,68,True,1
AGAGTCGTCTACTT,68,True,1
CAGTCCACATGCAG,68,True,1
TAGTTAGTCCGTAT,68,True,1
GTTTAGCCAACCTC,68,True,1
CGGAGCTTAAGCAA,68,True,1
TCTTCGTGCCTGGG,68,True,1
GCAGACAAATTTTT,68,True,1
TGTGGGTTAACAGT,68,True,1
CTCCTGCAAAGCTT,68,True,1
TTAAAGATTATCTT,68,True,1
TTTGACCGAACAAA,68,True,1
TGTTTCCTGTCAGG,68,True,1
ACATCACCGCGGTT,67,True,1
TCTCGCCTAACTTG,67,True,1
GTGCGCAGTGCGAG,67,True,1
ATGACTCTCAGACA,67,True,1
CGACGGTAAACACA,67,True,1
CACTAGACATTATA,67,True,1
AGCAAATGAAGAGT,67,True,1
TACAAGTATGAGCA,67,True,1
TCTCGTGAGGTACG,67,True,1
CTATGGCCACATCC,67,True,1
TCGGATTATGTGAT,67,True,1
GGTTGTTCCCATAC,67,True,1
CTAACACAATTCTA,67,True,1
ACATCAGTGCGCTA,67,True,1
CTGATGAGTTCCTC,67,True,1
GACGCTTCGAACTA,67,True,1
TGGAGTTTCGACGG,67,True,1
TACTAACAGTCCAT,67,True,1
TATGACGAAAATGA,67,True,1
TCACTCTTCTCTTC,67,True,1
TTAGCTAATCATAA,67,True,1
AGGGGGATCTTCGT,67,True,1
ACAAGATATCACGC,67,True,1
CTGAGCTTTGTTAT,67,True,1
TAGCTTGACGTTAG,67,True,1
GATACAACATTATT,67,True,1
GTATACTTTTGGTT,67,True,1
GCCTTAATTCCACA,67,True,1
TTGAATAAGACAGT,67,True,1
CAACACCTTACGTG,67,True,1
GACTGCCGCACAAC,67,True,1
TTAACCACGCCCAT,67,True,1
AACACAGTTTGCAC,67,True,1
CCCAATGAGCTACA,67,True,1
TTTCCGCAGCGTCA,67,True,1
GCAGAAATCGGCGC,67,True,1
TCAAATTGGGCGGG,67,True,1
TAGCTGCGGAAAAA,67,True,1
GCAAGAGAGAGCCA,67,True,1
TCCTGTCGGCAACA,67,True,1
TCTTGGATGCCTCA,67,True,1
AAGCATGGAATAAT,67,True,1
CGCGCATCTCTACG,67,True,1
CGCCCCTCTCGATT,67,True,1
ATCAAACCTAACTT,67,True,1
TATTGAGATTCTCG,67,True,1
TGGATAACAAACGA,67,True,1
AGCAAAGAAAGCCA,67,True,1
TCAGCGATTGAACA,67,True,1
TAACTCTGACCGCA,67,True,1
AATGGACATACGGA,67,True,1
CATACATTTGTTTA,67,True,1
GCGGACTGTGATGC,67,True,1
TATATCTAAATACA,67,True,1
CTAAGCTACATGAT,67,True,1
ATGCCGTCAGATCA,67,True,1
ATGGCAGGATCTGA,67,True,1
CCCCTCCGAGGCCG,67,True,1
GTCCCTAGCATCAT,67,True,1
CTAAGCCCAATGGT,67,True,1
CAGCCATCTAAGAA,67,True,1
ACTACCTTAATGCG,67,True,1
TGTAAAGGTATTTT,67,True,1
TCGGAGTTATGCTA,67,True,1
GTCCTTCCAAATGC,67,True,1
TACAACTAAAGATA,67,True,1
TGATCGGTTGGACG,67,True,1
GTACCTTGCACAAG,67,True,1
TACCTCGCAAACGT,67,True,1
AAGCCACTCTAACC,67,True,1
CGACGAAATTAGCA,67,True,1
TCACTCTTTACTCG,67,True,1
TTCTTGTTCTCATT,67,True,1
CTGATTGACTGAGG,67,True,1
ATGGGAACACCGCC,67,True,1
GTCCTATATGTTCA,67,True,1
TCCCACCCCGCGTA,67,True,1
AGTATATTATTCCA,67,True,1
CCCTCGGGTGAGGT,67,True,1
TACCTCCTACCTAA,67,True,1
CAACGTGCAACAGA,67,True,1
TGGATTCTCCCCAA,67,True,1
TGAGTAATCTAACG,67,True,1
CCATACATATAGAA,67,True,1
TTTTATAATGTGTC,67,True,1
TCTGGCCCGACCAT,67,True,1
CTGCAGTGCAGCAG,67,True,1
TCTTTCAGTGTACC,67,True,1
CACATTTGAAGTAG,67,True,1
CACATCTTTCAGTA,67,True,1
TTGTGTCACAACAT,67,True,1
AGGATGCTATATGT,67,True,1
GATCGACTATGACT,67,True,1
CAACGTTTGAAGCC,67,True,1
GTAAAGACGCGCGA,67,True,1
GAGCTGCTGGATCA,67,True,1
AAAGCGACGTGTGG,67,True,1
AATACGGTAACTGT,67,True,1
AGCAAACATCTTCT,67,True,1
TAAGTACTTGTTGA,67,True,1
TATGGTGTCTAGGA,67,True,1
GGAGCTATATAATC,67,True,1
CAACTCACTAATTT,67,True,1
TAGATTAAATATCC,67,True,1
GAAATGTGGAACGA,67,True,1
TATGGCAAGTTGTG,67,True,1
CCGTCAGGCCCTGT,67,True,1
CCCCCAGGTGTTGG,67,True,1
CTACTCCCACGGCT,66,True,1
CCCGTTCGTGTGAC,66,True,1
TGTAGCGCGAAAGA,66,True,1
ATCGCCGGTTTATT,66,True,1
TCAAACGAACCCAT,66,True,1
TCTACACCCCCCCG,66,True,1
TATAACTATGAATC,66,True,1
CTCAATGGTGGTCC,66,True,1
GCACTCTTTTAGAC,66,True,1
TACCTAAATGCACG,66,True,1
TATCACGTATTCGA,66,True,1
GAAGTACCCCTCTT,66,True,1
CGACCAGCAACTTT,66,True,1
GAATGATTGGGGAT,66,True,1
TCAACCAGATGACT,66,True,1
CTAAAAGGTAAAGC,66,True,1
TGTATATCACAATA,66,True,1
TGACCATATAGATT,66,True,1
TATCCTCTTAAAGG,66,True,1
CCGCCTTTTAGCAA,66,True,1
TGTGTAAGAGCAAA,66,True,1
TTAAACTCTAGCTG,66,True,1
GACCAGTAACGGAC,66,True,1
CTCCCCGTTGAATC,66,True,1
ATCTCGTTTCAGAG,66,True,1
ACATCGATAGAACC,66,True,1
TCCCTCCATAAACT,66,True,1
GCCTTCTCCTAATA,66,True,1
ATACCTGAAGATTA,66,True,1
GATCAGCCTTTCTC,66,True,1
TATAAATAACCCGC,66,True,1
TAACCGGAAAGGTT,66,True,1
CCATAACAGTTAAT,66,True,1
AAGCCTCGTATCAC,66,True,1
AGTTTGTCACTATT,66,True,1
AGATACGACTCTTT,66,True,1
CCATAAGAAGGATA,66,True,1
GGGACGCTGGACAA,66,True,1
AAACAAGTTTCTAT,66,True,1
TCGTGTTTTTTTAA,66,True,1
TAACAACTATAAGT,66,True,1
TACATTGAATTATA,66,True,1
TACATAAAACACAC,66,True,1
GCAACAAGTACACG,66,True,1
TGACTCTTTCACGT,66,True,1
CCCCTCCCGCTGCC,66,True,1
CCTACAGCTACAAG,66,True,1
TAGCATACTCTATA,66,True,1
GCCAAGTAGAGTAT,66,True,1
TTCTGACGCCGTCC,66,True,1
GTAGGTTTCGCGCA,66,True,1
CAAGCCGGTGCCGG,66,True,1
GAATGACCCGCCCG,66,True,1
CACCTAGCTGATGT,66,True,1
TATCTGGATGATCG,66,True,1
TACCTTGCTAACAT,66,True,1
AAAGACTCGACTTT,66,True,1
GTACTCCGACCCTC,66,True,1
CATGTCCGCCCCGA,66,True,1
ATGGTCAGCCGTTC,66,True,1
TCTCCACATTACGT,66,True,1
CACCTCACAAATCA,66,True,1
ACTCTCCCGGACCA,66,True,1
CTACTATTGGTCTA,66,True,1
TTCAACACCCGTTT,66,True,1
TGCCCATAAGATCT,66,True,1
TTTAAGCTTCGTGT,66,True,1
TAGTCTTTACGCAA,66,True,1
ACAGCTGATCAATC,66,True,1
ATCTCGTTTATTAA,66,True,1
TCTTCATAAATTGA,66,True,1
CCATCAAACTTGAC,66,True,1
CAAGCAAAGAACCG,66,True,1
AACCTATAGGGGAT,66,True,1
TGATTCGAGCGCCC,66,True,1
ATATTGTCTCACAA,66,True,1
ACAGTGCAGACCCA,66,True,1
TCCCATATAAATAT,66,True,1
CTGCGCTTCTTATA,66,True,1
GCCTTAATGTCACT,66,True,1
GCATCATTGTCAGC,66,True,1
CATCCACGATTGAG,66,True,1
TCACAGAACAGACA,66,True,1
TGCTTGGTCGAGGT,66,True,1
GATCAAGTGTACCG,66,True,1
AAGCAAAAGGGCGT,66,True,1
AGCCTACTTCGCCC,66,True,1
ACTATTAACGCGAG,66,True,1
ACCAACAAGAACCA,66,True,1
TGTCACGACTAAAT,66,True,1
TCCACTGGACTGAT,66,True,1
CGCTTGGCTACTAT,66,True,1
TATGTATCAGATTG,66,True,1
CCCCCCTCCCGCCG,66,True,1
CTAAAGAATCCGTT,66,True,1
TGGAACATATTTCT,66,True,1
TCAATCACAGTTAA,65,True,1
TAAGTTGCATGCGG,65,True,1
GTAATGTGGCCATT,65,True,1
TACGATGTTTTACC,65,True,1
TCAAGTAGTCTAAT,65,True,1
AAGCCCCTTGTTAA,65,True,1
AGCTACATGGCCGA,65,True,1
TGCAGACCGCAAGA,65,True,1
AAGTGGTGAGAAGC,65,True,1
TGCACGTCCACCAG,65,True,1
CACCTATGTAATGT,65,True,1
TTGGTTTTAACATC,65,True,1
TGTGTGAACGCCGT,65,True,1
GCCCTTACAAGTGA,65,True,1
TGTGAAGGACCTCA,65,True,1
AGGTGGTTGCATGA,65,True,1
TAGTGAGTGTGTCC,65,True,1
TTAATCTCTGTACA,65,True,1
ACCTTAAAGCACTA,65,True,1
ACTGATCCGCACTA,65,True,1
CAGACCTCGCCCCC,65,True,1
TAGGCAATGGGGGT,65,True,1
ACCCCAAAAGGGCG,65,True,1
TTACTTTTTACAAA,65,True,1
ATATTGCTATCTAC,65,True,1
TTTGGTCATTCTGA,65,True,1
TGGCCTCCGCTAGG,65,True,1
GGGCCGTTAATCCT,65,True,1
CACCTACCAACCAA,65,True,1
TGATGATGTCGCAC,65,True,1
CCATACGTTCGCCA,65,True,1
TGCCTCTCGCGTTC,65,True,1
ACCTCTGGTAGGCT,65,True,1
ATGACAATAACTTT,65,True,1
TGTTGAATACAAGA,65,True,1
AAGGACTAAGAAGA,65,True,1
TTAATCTCGAAAGC,65,True,1
GCGTGAGTGTCCCG,65,True,1
CTGACGTAGCCCCA,65,True,1
TCCTCGTTCCACCC,65,True,1
CCCGATCAGACTAC,65,True,1
TACTACACATCAAT,65,True,1
TACTCTGCGCTAAT,65,True,1
AAGACGCTCAAACC,65,True,1
TTGACCGACTTACT,65,True,1
CGCACAAGACATCC,65,True,1
CAACGAGCACCCCA,65,True,1
TTAGTTATCTTACA,65,True,1
ATATCGACAAATAC,65,True,1
TGTCACGCCATAAT,65,True,1
GCAATGCCTGGCAA,65,True,1
CATCCAGCTTCGGA,65,True,1
GATTACGGCGTGTT,65,True,1
TAATACTGTAAATG,65,True,1
TCCCAATCTCCTTG,65,True,1
CCCTGCCACGCACT,65,True,1
GACTTCTGTTATTC,65,True,1
GCCCCTTGTGATCC,65,True,1
ATTAATCGAAGGTC,65,True,1
TTATCCTTTTTTTT,65,True,1
CCCTCCGACGTACG,65,True,1
TATAGTTATCTGGA,65,True,1
TCAAGTATTATGTT,65,True,1
TACGTAGATAATCA,65,True,1
ATAAGCCCCTGAAA,65,True,1
AATGTATCTTTCGC,65,True,1
AAGAACTTTACAAA,65,True,1
CTAGCCCGGACGAC,65,True,1
AGAACCTTCATGTC,65,True,1
GGCAGATGACTACC,65,True,1
GCTCACATCAGCTC,65,True,1
TACCCCATCCTCTG,65,True,1
TCAATGGGGACCTA,65,True,1
GTAGACAAGTGACC,65,True,1
TTATGCTCTAGGAG,65,True,1
GAACTATTTTTCTA,65,True,1
CGTGCAACTCAGAT,65,True,1
TACGCGGGCGAATC,65,True,1
AAGGCCCTAACAGC,65,True,1
GGGGCATGTCTGAC,65,True,1
CATCCACACGTCAA,65,True,1
GAACTACATCGTTC,65,True,1
TGAATGCTGGTTTT,65,True,1
TGGAGTCAATTTGA,65,True,1
AACCCATAAGTGTC,65,True,1
AGTCATATGCGAAC,65,True,1
TCTTACTAAGATAA,65,True,1
CCCCCTGCCATTCC,65,True,1
CGGCTCCGATGGCA,65,True,1
TCAACTGACAGCTG,65,True,1
TAAAGAGAACACAC,65,True,1
GTAGTTACGCCATA,65,True,1
CCAGTCAAGGACGT,65,True,1
TTCATTGTATGCAA,65,True,1
GTAACCACCCCATG,65,True,1
CCTCCCCCCGACAC,65,True,1
TGCTCTTATTCTCG,65,True,1
TCCATCGACATCAG,65,True,1
CCACGGACACACCT,65,True,1
AATACCTTCAACTG,65,True,1
TTGAGGAAACGGAT,65,True,1
CTATCACTCTCACA,65,True,1
GTTAACGGTGAAAC,65,True,1
TCATGCGAAGTCTA,65,True,1
TTGCCAGATGCCAT,65,True,1
CTACGTGAGACTTT,65,True,1
ATGAATGTTTTCTA,65,True,1
CATCTAGCTAATCA,65,True,1
ATACCGGGTCATTG,65,True,1
GGGAAATCCCAGTG,65,True,1
GTAGGCTGTGTCTC,65,True,1
AATGTCCAAACATA,65,True,1
GCTTAAGGATGTTC,65,True,1
TTATTAGGGTTCAA,65,True,1
CAAAAGAAAACACG,65,True,1
GACCTTATTAGCCA,65,True,1
TAGACCTGCTAAAG,65,True,1
TAGAACCCATGCGA,65,True,1
GCTATATATGAACC,65,True,1
CTCACAATGAATTG,65,True,1
CCATACCCGCAATG,65,True,1
ATCACATAAGATCA,64,True,1
GCGTTTGGCTGGAA,64,True,1
TTTTGTTACATAAT,64,True,1
TTACTAAAGCAAGT,64,True,1
TATAGTGCTGTGCT,64,True,1
CTGGAGATAAACAG,64,True,1
CACCTGCTACTGGT,64,True,1
AAAGTAGTTATCGA,64,True,1
TGTCCACATAATTT,64,True,1
TCTGCAACCGCTAG,64,True,1
AGCGATCACCGCGC,64,True,1
TACCGATCGATCTC,64,True,1
TACCTTGTTCGAAA,64,True,1
TTATCACTTAAACA,64,True,1
GATAAAACGGGAAC,64,True,1
TATCCGCCAGTGTT,64,True,1
CCAATGAGACCACC,64,True,1
AAAGTCCTATCATG,64,True,1
TACCCCTCCTAATT,64,True,1
TGTGAATGGACTCT,64,True,1
TTACCAACGTCTAC,64,True,1
CGGAAGTCAAAAAC,64,True,1
TGTTTAATAAAGTT,64,True,1
TTTGCTATCCGTCC,64,True,1
CTGTAGATGAATCG,64,True,1
TTCCCGCCGCTACG,64,True,1
TCTGGGTGAGAAGC,64,True,1
GTCGCCAACCTAGA,64,True,1
TACGTAAGAAGACG,64,True,1
CCAGGGAAAGAGCG,64,True,1
CTACGCCGATACCG,64,True,1
ATAGCCCACTGGCC,64,True,1
ACACGCATTCCCGA,64,True,1
TGTATAGGGATTGC,64,True,1
TGAAGAGGCTTATC,64,True,1
CGGTGACCTTGTTC,64,True,1
CATTCCATTACATA,64,True,1
CCTAACTAGCACTG,64,True,1
TTCTATGTTTTCTG,64,True,1
TGGAGGCATACATA,64,True,1
ACACGGGTACGTCA,64,True,1
TCCCTCGGAGTGTA,64,True,1
TACCATCATAAAAG,64,True,1
TCTCACTCCTGAGG,64,True,1
TGTCATTGTATTCC,64,True,1
CAAGAGGAGAACGG,64,True,1
ATAAAGCAGTAGTC,64,True,1
TTGTAATAGGTACA,64,True,1
ACATTGCTGATATT,64,True,1
TCTAAGCTCGACGC,64,True,1
TATTCACTCTTTAT,64,True,1
ATATCGCTGATCAA,64,True,1
CGATTATATGGCTG,64,True,1
TGTACTTATTTAAG,64,True,1
TGCGGGTACACCCA,64,True,1
CCACTATTACAGAA,64,True,1
TCACCCTAGTTGAA,64,True,1
TTAAATCCTGCCGC,64,True,1
CCAACGTCTTCCAG,64,True,1
TACAACCGGGAATG,64,True,1
TTGCTCTCATTACT,64,True,1
TCAACGATATCACT,64,True,1
TGTGGTTAACGATG,64,True,1
TCTTACAGAACACT,64,True,1
GCAAGATGGTTGTC,64,True,1
TACTACACGGCTTA,64,True,1
TTACCCAGCTTCTG,64,True,1
GCCAGATTGGTCTG,64,True,1
TGCCATGGCAACGT,64,True,1
TGGGCTGTACTACC,64,True,1
CCTTTGACTATGTA,64,True,1
CTATTAGGCACATA,64,True,1
TAGCCCAAGTGTAT,64,True,1
TCTCCCTTTATCAC,64,True,1
CCACCCCCGTTCGC,64,True,1
CCTCCCGTTTCTTA,64,True,1
CCCCATTCCGAACT,64,True,1
ACAGTCCTGTCCTC,64,True,1
TTCTAGGGAACTCG,64,True,1
CCCCTCAGGCGAGC,64,True,1
GAGAGCGTTAAATG,64,True,1
TACTCGCAACATAT,64,True,1
CTGCCCTGGTCCTC,64,True,1
TGGTGCAAGTGTCG,64,True,1
ACCAGATACACAAT,64,True,1
ATATCTCCTGTGGA,64,True,1
TTGTCTCGATAAGA,64,True,1
CAATCGACCACTCG,64,True,1
CTTCTAAAAACGCG,64,True,1
TGGGTTTCATACCA,64,True,1
GAGGCAAAAGACTT,64,True,1
CAGCTCCCTATCCT,64,True,1
CTGTCTCCTGTATA,64,True,1
GGTCCCTCCCACGC,64,True,1
TGCGTGACGTTATA,64,True,1
AGGGCTCGGTGATG,63,True,1
ATCGGGACGGTGCC,63,True,1
CAAGACAAGACTGC,63,True,1
GTAGGGCCGCTCAT,63,True,1
GCCTAAGCCCTGAC,63,True,1
TAGACGGGTATATA,63,True,1
TTTCCGAGCCAGGC,63,True,1
TGGGTTTCACTCTA,63,True,1
ACACCCGACACCCA,63,True,1
TGTACTTTAATCTC,63,True,1
TACCCTGTTTACTG,63,True,1
AGATGAGAGTAGTG,63,True,1
ATAAGGATGCTGTA,63,True,1
CAGTTCTGTGAAGC,63,True,1
GGACGGTGTCGTTT,63,True,1
TAAAATGAACAGGC,63,True,1
TATCATTCAACACT,63,True,1
ACCCGTCATGACCC,63,True,1
TTCAAAGAGCAATC,63,True,1
CCCGTACTATTGTC,63,True,1
TTGTTCGGATGACG,63,True,1
TGGAATGGGATTCA,63,True,1
TACAGACCTCTATG,63,True,1
GCTGAGCTATTCAG,63,True,1
GTAATAGTGTGTTG,63,True,1
CTACAACCGCCCAT,63,True,1
GTACCCGCTCCTCC,63,True,1
TCCTGTTGCATATA,63,True,1
TAAGAAACAACGCG,63,True,1
CTTAAACCGATGGA,63,True,1
GAAACAGTTGTAGG,63,True,1
TCCGGCACCACTTA,63,True,1
TGTTCCCTCCAAAG,63,True,1
CTAGGCCCGCTTTC,63,True,1
ACACCACACTCAAA,63,True,1
ACCGTAAATCGGTA,63,True,1
GTAGACGCTGACTT,63,True,1
TGTTCGTTATGTTC,63,True,1
ACATCCGTATAGAA,63,True,1
TGTACTCGCGCGTC,63,True,1
CCTCCGTGTCCTCG,63,True,1
CGTATGTATATGGC,63,True,1
TATAAGCCAAGTCG,63,True,1
TAAAGGTATGGTCA,63,True,1
ATGATAACGTAGCT,63,True,1
TTGGTAAAAAGTAT,63,True,1
TCTGGGACAGTAAA,63,True,1
TGCAAGCCTTGTAG,63,True,1
TGGAGGTACCAACC,63,True,1
ACCTCACCTCGGCG,63,True,1
CAGGCTAGTCTGTC,63,True,1
TCGGTTAATGTGAA,63,True,1
CCCGAAGTTGACAA,63,True,1
ACAAAGTCACTTTT,63,True,1
CAATGAAATTTTGC,63,True,1
CCTGCCCTAACACG,63,True,1
TTGTATGCACGTAC,63,True,1
TGACTATCTTCCAA,63,True,1
TAAGCGCACTTAGG,63,True,1
TCTGTTCAGACGTA,63,True,1
TCCAACCCGCCAAG,63,True,1
CTCGTTAACCTACG,63,True,1
AGGATTGTTTCTTA,63,True,1
CCGCGAGTGGCCCG,63,True,1
TGAATGTGAAGCTG,63,True,1
TAAAATGCCCGCGA,63,True,1
CCTGCGACCCGTCT,63,True,1
GGAGACGAGTTTCC,63,True,1
TAGCCGCCCTATAG,63,True,1
ACATACCTTCCAGG,63,True,1
TCGTAATTCGCACT,63,True,1
ACAGCGTAGTTTTG,63,True,1
ACTCAGCGTCCTGT,63,True,1
CGAACATCAAAGTA,63,True,1
TATTCCGGGAATGA,63,True,1
ACGAACACCGTTTG,63,True,1
TCAAAGCGGTTGCA,63,True,1
AGACAGGTTTTTCA,63,True,1
TCCAACCTGGATGG,63,True,1
CCAATAGACCTCAA,63,True,1
ACTTCTCTTAGGTA,63,True,1
TTACGAAACCCTCA,63,True,1
TCGTAGTCGCGAGT,63,True,1
GGATGTCTCATAAC,63,True,1
GTGATTGTAACCAG,63,True,1
TAACGCTCAGACCG,63,True,1
GTTTAGTTAGTCTC,63,True,1
GTACGTTGCCACAT,63,True,1
CTGTTCATAAATTG,63,True,1
TACCCGCCCTTCCG,63,True,1
CTATAAAGTGACCC,63,True,1
TTCAATTCGACATC,63,True,1
CATACTGACGCCGG,63,True,1
TTATGCGAATTGGG,63,True,1
CTCACCTTGAGACT,63,True,1
ATACCTATACAGAC,63,True,1
CCTATCAAGATTCT,63,True,1
GGACACAGCCTGTC,63,True,1
ATACGCTTCACGTC,63,True,1
TTCACTGTCCGAAG,63,True,1
TAGATCTATTGGGA,63,True,1
TTGGCTGCCTAGAT,63,True,1
TGGCGAGAACTGGT,63,True,1
GGGCGAATGGCTAT,62,True,1
AACGTTGAGTTGGT,62,True,1
GACCCGGCGTCTTT,62,True,1
TCACCTTAGCGATT,62,True,1
TCGAACTAATCTTT,62,True,1
GCATGATATTGAGT,62,True,1
GTAACCCAAAGATG,62,True,1
TCACATCCTTAATC,62,True,1
ACGAAGGTCATGCG,62,True,1
TCGATACGTATGAT,62,True,1
TTACCCTCCCGCCA,62,True,1
TTAAAGACTTAAAG,62,True,1
TTGATGCTCGCGTC,62,True,1
TGGTGTGAACGAGA,62,True,1
TACCCCACCGCACC,62,True,1
TCTCACTTATCAAT,62,True,1
ACCAGAACGCACAG,62,True,1
TGTCAACTGACCTC,62,True,1
ATACCGTAGATAGA,62,True,1
TAAGGATCTAATGC,62,True,1
TACAAAAGATTATT,62,True,1
CCGTAAAGTCGAAA,62,True,1
TACCAATCGTGCAT,62,True,1
TAATCTACTGACAG,62,True,1
AACCATAGTGACGA,62,True,1
TTCCTTGATTGAGC,62,True,1
GCCACAACTCTTTC,62,True,1
ATAGTGCGAACCGT,62,True,1
TCCGGTACCATCGA,62,True,1
TTCATGACCATGGT,62,True,1
TAGCATGGGAGTTG,62,True,1
CGGTCTCCTTAACC,62,True,1
GTCGTTCCGCCAAG,62,True,1
GCCTTACTCGGATA,62,True,1
TCTGTCTTAAATTC,62,True,1
GTGTCGCTACGATT,62,True,1
TTGCTGATACATCC,62,True,1
TCCCCTTGAATTTA,62,True,1
AGAGATCCGTATCC,62,True,1
TTATTCACTATTTC,62,True,1
TAATGTGAGACGGT,62,True,1
CAGTTCTTAGGTAC,62,True,1
TCAAATTCCCGACC,62,True,1
TTGTAACCCATAGA,62,True,1
TACTAATCATCACT,62,True,1
CCAGCTAACATGGT,62,True,1
TGGCCACCTCATCG,62,True,1
GACTTGAAAGTGCC,62,True,1
TGCATACCACTATG,62,True,1
AAGGACAAAAGGAG,62,True,1
TAAGTAGGCTAACC,62,True,1
CGATGTAAAACGCT,62,True,1
TAATGTGGTTTATT,62,True,1
TCCTTAGGGATTAC,62,True,1
GGTACTTTTGTACA,62,True,1
TCATCCCACTCCTC,62,True,1
CCACAGTCAGCTCG,62,True,1
GCCCTTAAGGGAGA,62,True,1
TAGTGCCGCGTTTA,62,True,1
TTCAAACTAATTAT,62,True,1
CCTTCACCACCTTC,62,True,1
TAGGAAAATCTGCG,62,True,1
GGCGTTCTATAATA,62,True,1
AACTGCTCAACATA,62,True,1
TACAGCTAACGAGG,62,True,1
ATCCCCTTACCAAC,62,True,1
CGCCCTCCCATAAG,62,True,1
TGTAAGACAGCAGC,62,True,1
TTATAATACTCGTT,62,True,1
CTTGTGCATCAAAT,62,True,1
ATAGAAGGTTATAT,62,True,1
GTTCAAAAAACTCT,62,True,1
TCTAACCTGTGCTG,62,True,1
AAACTCTTCAGCGG,62,True,1
AAGGCAAAGGTAAT,62,True,1
TCCAACTCGTTGCC,62,True,1
CAGACTGTCCCGCA,62,True,1
TGTCGGGTATCAAC,62,True,1
AGTAGAAAACAATC,62,True,1
ACCTCCTATGCGTG,62,True,1
TAGGATGCGGTTTT,62,True,1
AGCATGCCGCAGTC,62,True,1
CCCCTTGCCCACAA,62,True,1
CTCTTTCTTCTTCC,62,True,1
CCAGAGGAATATGC,62,True,1
AATGCATTTAGAAA,62,True,1
ATCTCATTGCTTCA,62,True,1
AAATTCTGACCGTA,62,True,1
TATCTGTCAGCGAG,62,True,1
GTACCCCGCTGAAA,62,True,1
ATCCTTGACTTGCG,62,True,1
CAACATCTTCGCCC,62,True,1
ACACAGAAGGAATA,62,True,1
TGGAGTACTCAAAC,62,True,1
CACAGCTGAAAACT,62,True,1
GAGTTGACTACCGG,62,True,1
CCCCCCCTCTATTA,62,True,1
TCATGTTTGACGAA,62,True,1
GTGACCCTTTCGTC,62,True,1
TATGCATCCGTCTA,62,True,1
TCTGCCCCCCTTTG,62,True,1
TACAAGTCCGGGAA,62,True,1
AACTGACGTAATCA,62,True,1
TATGCGAAAACCTG,62,True,1
TCTGGAAGTTAACT,62,True,1
TAGCAAACGTAAAT,62,True,1
TGATTTGCAGGCGT,62,True,1
TAAGGGACTCGCAG,61,True,1
CAGTGATCTAAAAC,61,True,1
CTGAACGCCGGCAA,61,True,1
TTCGTTCTCAATGT,61,True,1
AAGACGTGAAATAC,61,True,1
TTCGCGGTATCTAT,61,True,1
TACTTCCTGATATG,61,True,1
TTCGGGATGCAACT,61,True,1
GCACACTATGTGCT,61,True,1
CCACTTAAGGGACC,61,True,1
TCTGCCTCATTTAG,61,True,1
TCGTCAGCTCGGTC,61,True,1
ATAACGAGGTTGGA,61,True,1
TAGTATTTAACTAT,61,True,1
CGCCACGTTTCTAC,61,True,1
TACTGTTTTTGTCA,61,True,1
TGATCTACTCGATT,61,True,1
CTTTTCATCAGCAG,61,True,1
TCAGTTCTATCGGT,61,True,1
ACAATAGGGTTTGG,61,True,1
TCAACAAGCATTGT,61,True,1
TTATCTTATGCCAC,61,True,1
CCTCACCTACGCGC,61,True,1
TTTAAGACCTATTC,61,True,1
GGTGAGAAGTAATA,61,True,1
CTACGTCCACGGGT,61,True,1
ATCCTCTACGTGAT,61,True,1
TATCTGGTTCCGAC,61,True,1
TAGGGGGCCTAATA,61,True,1
CCCCGTTGGACTCT,61,True,1
TTAAGCTTCACCGC,61,True,1
TGACTCTGAATCGA,61,True,1
AAGGATCTACAATC,61,True,1
GGGCTGCTTCGATC,61,True,1
CGTACCTTATTCCT,61,True,1
TGACTGAAAAATAC,61,True,1
AATCATCGGGGTTG,61,True,1
GTACTTGAATGTAG,61,True,1
CGCCCAATAGGCAG,61,True,1
ATCGTACGAAGGTA,61,True,1
CTCCTCGCCCTCGC,61,True,1
CTCAGCACCCTTTG,61,True,1
GTTTACCGCCCCTA,61,True,1
GTGGGCATTAGCAT,61,True,1
ATACGAGTGCTACA,61,True,1
TTCAAGGTTTACAA,61,True,1
GCAAGCCGGTAACA,61,True,1
CGGAGACTGTACCC,61,True,1
GCAACAACAAAAGA,61,True,1
CGTTCGATCGATTA,61,True,1
TAGCCTAAATAACC,61,True,1
GTCCTCGGCCTCAC,61,True,1
CCGAACCTTTCCTG,61,True,1
AAGGGGGCCTCTCT,61,True,1
CAATTGACTTAAGA,61,True,1
CTCTAGGCTTTCAT,61,True,1
CTATAGAATAAACT,61,True,1
TCCCCGCCTATCCA,61,True,1
CACCGATCTACCGC,61,True,1
ATGCTCTCACCAAC,61,True,1
CTGCGTCTTGCATG,61,True,1
CATCTTCTACGAGT,61,True,1
CCGCCTACCAGATT,61,True,1
GGGATCGCTTAGAG,61,True,1
TACGAGGTGGGGAT,61,True,1
TGATCACATACTAA,61,True,1
GCAGTCTGACCACA,61,True,1
GTAGGCTCTTACAC,61,True,1
GAACTGCCGACTAC,61,True,1
GCGGTCGACTTATC,61,True,1
GGCGTCGAATTTCA,61,True,1
TGATACATTACGTG,61,True,1
ATAAGAGTTCACCC,61,True,1
GCTTGTCTTGCTGG,61,True,1
ACACTTGCGCTGTG,61,True,1
TGAACGATTTATAA,61,True,1
GATGCATATTTAAT,61,True,1
TACATCGCAATGCC,61,True,1
GAATTAAACGACTG,61,True,1
ACACCTTGCGCCGA,61,True,1
AGACCAATACAATT,61,True,1
CAAAAGGAAGCAGC,61,True,1
TAAGACGCCTACGG,61,True,1
TTTACACCTAAAAC,61,True,1
TCTCCATGTACCCG,61,True,1
CCTCCACTCCTCGC,61,True,1
TGAACAGATGGGTA,61,True,1
TCGAAACATAAAGA,61,True,1
TTCGCCACAGTTCT,61,True,1
TTGTTCTACAATAC,61,True,1
AAGTGAGGATAAGG,61,True,1
TACCGTCCCGTCTG,61,True,1
TTCGACTCAAATAG,61,True,1
CTATCGTCAGACAC,61,True,1
GTAATTACTGAATT,61,True,1
ATCAAACGAATTAC,61,True,1
GTGCGAATTTGTGA,61,True,1
CTGGTTTGAAGACT,61,True,1
TTCTATCCCCTACT,61,True,1
CCACCTACTATCAC,61,True,1
TCCCAGTCGCCGTT,61,True,1
TTTCCAAATATGTA,61,True,1
GACCAACTGATCAA,61,True,1
TCATTATAATGGTT,61,True,1
ACGACTTCTTAGAG,61,True,1
GACACCATCTCATA,61,True,1
TAATAAGTGGTGAC,60,True,1
TTATTTAGAAGTTA,60,True,1
TTGAAACAACCGGC,60,True,1
CGGATTGTGTCAAA,60,True,1
TACAGTCCCCTAAG,60,True,1
TATACCCAAACGCA,60,True,1
GGAAAGGTCACACT,60,True,1
TCGTCTAAACGTAC,60,True,1
TTGTAGTTGATTAA,60,True,1
CAAAGTCTGAAAGG,60,True,1
CATGTAAGTTCTTA,60,True,1
TCGTTTCGCTTTGG,60,True,1
TATCCGATTATCTA,60,True,1
TCCCACTTTCACAT,60,True,1
GTTGAAAACGAGAA,60,True,1
TGATCTATCGAGCA,60,True,1
TCTAAATTAATGAT,60,True,1
GTGGTTGACACTGT,60,True,1
TTCCCAGTATACAC,60,True,1
TGCAGCCACTTGGT,60,True,1
CTCTTTCCTTTCTA,60,True,1
GGAAGTATGGCGCC,60,True,1
ATACCGCCTGCATG,60,True,1
TGCTTACCGTGCAA,60,True,1
TCGGAGGAATTCGC,60,True,1
TTTGCACCACTTGT,60,True,1
TTCAGGCGTGACAC,60,True,1
TATACAGTTTACTC,60,True,1
TCATGTTGACGTTG,60,True,1
TGAACTGTTTTACG,60,True,1
TACAAGGTGTTTTA,60,True,1
AATGGCGTTATGGT,60,True,1
GACCTGCCCCCCAT,60,True,1
TAAGCTTATCAGGC,60,True,1
TGACCTCGGTACAG,60,True,1
CCCCCCATTTCCAC,60,True,1
CTTTGAACTACCGT,60,True,1
TTGCGGTCATTGTT,60,True,1
CCATTAGAATTCCC,60,True,1
CCCACGTTGACGCC,60,True,1
CGGAGAACCCTGGG,60,True,1
TTCCTCCTCTCCTG,60,True,1
TACTTAATGAAATA,60,True,1
TCATTTCGTGCTGA,60,True,1
GCCCTTACAGATTT,60,True,1
GTGGATGAACACAT,60,True,1
TTAACGGTCTTATA,60,True,1
TGTACACTTCAAAG,60,True,1
CTGAGACCTAGGGT,60,True,1
TTACATCAATTCCC,60,True,1
TGGTTTTACCACAT,60,True,1
CAGAAAGTCGACGA,60,True,1
GCCTTTTCGTGTTT,60,True,1
TTCCTAGAGAATTT,60,True,1
CTAAGTCGCGAAAT,60,True,1
AACTTGAATTGTTC,60,True,1
CTACAGTGTAACCC,60,True,1
ACAATAAAACGCGT,60,True,1
TGTGACCTTATGTT,60,True,1
TGCTATACTTCCGA,60,True,1
TTGGTTCTCTCTCT,60,True,1
TTAGCTGAATTCTA,60,True,1
CCCTGTCGTAGTAT,60,True,1
TCCCTCCTTTCACT,60,True,1
ACATGCACCACGCA,60,True,1
ATAATGCTGATCGC,60,True,1
TAAACAACCGACCG,60,True,1
ATGCTAATACATCT,60,True,1
CAAGAGGAATTTAT,60,True,1
TCCCTGACGCGGCC,60,True,1
TTTCATACTAATTT,60,True,1
TGGTTCTCATCCTG,60,True,1
ATACGAAGAACCCT,60,True,1
CGAGCACCCATACA,60,True,1
AAGACAGCTATTTT,60,True,1
TGCTCTCGCTACTG,60,True,1
TGAGATCCGAAGTT,60,True,1
CGACTGTGCACTAA,60,True,1
TATACGCAAGTCTG,60,True,1
AACGCCCTCCAAAC,60,True,1
TTCAGCGTCCGTAA,60,True,1
TCTCATTTTAACGG,60,True,1
AGGTAGACTAAATG,60,True,1
TACCGGGTTGAGCG,60,True,1
TGGAAAATTCATAC,60,True,1
ATCTGAGTGAAATA,60,True,1
CCGCATATCTTAAA,60,True,1
TGTCGATGCAAACA,60,True,1
TGCGCTTGCTTACC,60,True,1
TACTGGATTCATTT,60,True,1
TCTCCCAGACCCAT,60,True,1
TAATATTTTCACTT,60,True,1
TGTCATAAGGGGCC,60,True,1
AAAAACCTCATTGC,60,True,1
CGTACCACACCTCT,60,True,1
TCCTACACATCATA,60,True,1
AGCACGATTTGATA,60,True,1
ATACTCTCGAACTT,60,True,1
CTCCTTGTCTCTTC,60,True,1
GCAAGGAAGAGAGG,60,True,1
GGAGAGGCAGTAGA,60,True,1
CAAGTATGTATATA,60,True,1
TAGATTTGTACGAC,60,True,1
TAGGAGCTCTGTAC,60,True,1
ATATTTCAGGGTGC,60,True,1
CACGATAGGTCTCT,60,True,1
CTATGCGAACTTGG,60,True,1
CTATCACCTATGTA,60,True,1
CAGTAAAGCACCGG,60,True,1
ACAGCTGGTGTATA,60,True,1
TAGTCTGTAGTTTT,60,True,1
TAACAATCACCCCA,60,True,1
GTAAGATGTCGAAT,60,True,1
TCTTTGGCAACCCC,60,True,1
CCAAACGTAGTATT,60,True,1
ACGGACTAAGTAGT,59,True,1
TGTGCTTTCGTGCC,59,True,1
CCCTGAATTGACCT,59,True,1
GCAGTGCCCTCGAC,59,True,1
TCTTCTCTGATACA,59,True,1
CCCCCGACACGGTT,59,True,1
GACAGAGGCGTATG,59,True,1
TAGTGCCCTTGATA,59,True,1
GCGCCTCCGTCTTT,59,True,1
TACCAAGGCCATAT,59,True,1
GGACAGTAGTCAGC,59,True,1
TGACCGTGGAACCG,59,True,1
TACCGTATCATCCT,59,True,1
TGGGACCGTACTGT,59,True,1
TCAAGCGGAAACTT,59,True,1
TATGTACGATGACC,59,True,1
AAGAGCAAAGCCTA,59,True,1
ATTGCAGGCATTAG,59,True,1
TCCTTTGTTATTTG,59,True,1
TCACGCGACCTCGG,59,True,1
GTTACCCTCTCTTT,59,True,1
TGCCATACTATAGC,59,True,1
TAACGACATTTTGT,59,True,1
GAAATCCGTAATGT,59,True,1
CATCTGCGTCATGC,59,True,1
TTTGAATACACTAA,59,True,1
CTGTTTATGCAATT,59,True,1
GTCCCCCCACTTCT,59,True,1
AGTGACATCTATCG,59,True,1
TTGGTTTTCCAAAA,59,True,1
CAGTGTTATCTATA,59,True,1
TGGCTGCCACGGAT,59,True,1
TGCGACCCAGGCCG,59,True,1
TAAAGAATCAGTTT,59,True,1
TAACGTTCTTCAGC,59,True,1
TTGTCAGACTGCGT,59,True,1
AGTTATAGGGAGCA,59,True,1
CTCTATTCTCATCT,59,True,1
TAGTATAAAATCAG,59,True,1
CACCCTGTTCCTTG,59,True,1
TCCTATAAACGATA,59,True,1
TCCTGGGTCGCGCC,59,True,1
TGGCGCTCGACCCC,59,True,1
CTTCAAAGCGCCCT,59,True,1
TACGCAAAATCCTC,59,True,1
GCACCACTAGGAAT,59,True,1
CTAGACACGACGCT,59,True,1
ATCCATAAGTATTC,59,True,1
GCTGTCCAACGTAA,59,True,1
TTTCTTGTAAGGTG,59,True,1
TAAGCCCAGTACGC,59,True,1
TTGAGTCTAAACGT,59,True,1
CTGGATGGTTCAGA,59,True,1
CTGATGTTCTTCCC,59,True,1
TGATCACTTTTTCT,59,True,1
CCTTTCAGTTAACC,59,True,1
TACTTAAGTGATTA,59,True,1
CAAGACAAGGCCGC,59,True,1
TTCCCTGAGGCCAA,59,True,1
TCCGACTGTCCGAT,59,True,1
TAGATGAATTCAGT,59,True,1
GCTGTCGTACTGTG,59,True,1
TCCTGCAATAGTCA,59,True,1
TGGCGTGTGAACCT,59,True,1
GTGAGAAACGACGG,59,True,1
ACAGTTGGTAGCTG,59,True,1
ATACTTCTGGTGGT,59,True,1
TAAAAGGGGGTTTC,59,True,1
GAAGAGGCATGGGT,59,True,1
TACCCGGTAGTACA,59,True,1
AGACAAGGTGTACG,59,True,1
CTGGCTACATGGAA,59,True,1
CAGAACTTGGCTGC,59,True,1
ACATCTCTGTACTA,59,True,1
AGATAACACTCGTC,59,True,1
GTTAATGAACACGT,59,True,1
GAGCAGAGAGAAGA,59,True,1
CTCTGGTCTATATC,59,True,1
TTAAGTCGCCCTAT,59,True,1
GTCGATCTTTTAAC,59,True,1
TAGGATTCGCATGA,59,True,1
GCAGCGCGCTCCGA,59,True,1
GTACCCCTACTATG,59,True,1
TTAAATGTCAATCC,59,True,1
ATGGTGATTGTGTT,59,True,1
CTAGAAGTCATCAT,59,True,1
CAGGCTTACTATGG,59,True,1
TTACAGCGCATATA,59,True,1
CTCCCAATTGCGCT,59,True,1
TCTTACACGATTAG,59,True,1
TTAGTTCGAGCCAA,59,True,1
TGTCAGATCGTCTA,59,True,1
CCCAGATCGCTGTA,59,True,1
AGATGATCGGAGTA,59,True,1
TAATAGTTTAACCC,59,True,1
ACGGGTTAATGGGT,59,True,1
AGAAACGCTCGCCC,59,True,1
TAATGCTAAACATT,59,True,1
TTATCCGGGGTTGT,59,True,1
TGCCCACCCCCCTT,59,True,1
TATAGTAGGTTGCT,59,True,1
TCCAACAATTTCCA,59,True,1
CTGCGCGCGATAAC,59,True,1
ATACCGAATTGCAA,59,True,1
CCATCAAGCACCCG,59,True,1
TGTCGTGATGAATT,59,True,1
GCATCACTTAGCGA,59,True,1
CTTAAAGCCTAACG,59,True,1
TCTGCCCCAGACTC,59,True,1
GTCAATAACCGTCT,59,True,1
TGTCCCGACGCTAA,59,True,1
CCTGGAAATTTGGG,59,True,1
GGTGCTTGTGCCAT,59,True,1
AGGCCTCCCGGGAA,59,True,1
TTTGCCATATCAGT,59,True,1
TATATTCGGGCAAA,59,True,1
CTAATAGGATGTGC,59,True,1
ACATTGTCATAATT,59,True,1
CAAAAGAGGTGATG,59,True,1
TGACGCAGCGTCAT,58,True,1
CACATCATCTACCT,58,True,1
TTACAATAATATCG,58,True,1
CCAATAAGGATTTG,58,True,1
ACATCCCCCTAAGA,58,True,1
TCCTTAGAAAACTT,58,True,1
GTCTCGTACATGCG,58,True,1
AAGACCGTTGCGAG,58,True,1
CCCGAACACAGTCC,58,True,1
TCTCTGTGCTTCAC,58,True,1
TATTACGAAGTTAG,58,True,1
TTCCAAATAAGAAC,58,True,1
TTGTTCAACTGCTA,58,True,1
ATACAGCGAGTCTG,58,True,1
TGAACACAGCTTAG,58,True,1
ATACGCAATAGATC,58,True,1
CTGAAGTCAGCCTA,58,True,1
GATAACGAACTATG,58,True,1
CAGCCCTTTCAACG,58,True,1
GAACGAGCCGCCCC,58,True,1
ACGACGACAAGGCT,58,True,1
GTACGCGTCCCGAA,58,True,1
GCTTGACTGGACCG,58,True,1
TCAAACCCCTTCCG,58,True,1
ATATCCGAATTAAC,58,True,1
AACCCGGCCTCCCC,58,True,1
TCATGATCGCTCTC,58,True,1
TAATGCTACGATGC,58,True,1
TAATCATTTAAACG,58,True,1
ATGTGCCTAATTTA,58,True,1
AAGAAAGCGCACGG,58,True,1
CACATCTTCGCGCG,58,True,1
TTTACGTGCAAAAA,58,True,1
GGACAGAGGAATGG,58,True,1
GTGTGGCCGAACCG,58,True,1
TTGCGTCTTGTAAA,58,True,1
TAATCCTTGGACGT,58,True,1
GATGATGCTATTAT,58,True,1
CTGCTTGTCCCCTC,58,True,1
TACCGAGAGTAGAC,58,True,1
GGCAATTAATTCTA,58,True,1
GATGATTGTATAAC,58,True,1
CCCCCGTTCTTAAT,58,True,1
GTCAACGACTAATG,58,True,1
GTACGTTCGACAAG,58,True,1
CATTGTACTGGAGC,58,True,1
TGGTCCGCTCCGTT,58,True,1
TGTGATCTAGTTCT,58,True,1
GCATAACGAAGCAG,58,True,1
TCCGAACACTTTAC,58,True,1
TTATTTACGAGCTG,58,True,1
TGAAGTAAAAGTTA,58,True,1
GATCACGGATGGAA,58,True,1
CACCATCGAGGTTC,58,True,1
TACCGACGATGATC,58,True,1
ATATCCATCATCCT,58,True,1
CCACACAGAACTCT,58,True,1
TCCGGGGCCATGAC,58,True,1
TCCTTTCATTACAT,58,True,1
GTATGCCTAGTCCA,58,True,1
CGAACCAAATAAAT,58,True,1
TACATAATTTCGCT,58,True,1
TACGACCAATCAAC,58,True,1
AAATGTCCAACTGT,58,True,1
TAACTGCGCCTCTA,58,True,1
GTCGCATCTAGGAA,58,True,1
TTCCTCATAGAGGT,58,True,1
GCCCTCGCTCAATT,58,True,1
ATCGATATTATTCT,58,True,1
CTTGTGCTACTATC,58,True,1
TACATAAATACTTT,58,True,1
TATGGACGCACTTC,58,True,1
GTATGTGAGGATGT,58,True,1
TGACATTTCTCCCA,58,True,1
TGCCCGACTGTTTT,58,True,1
CGAGATCTTCCGGA,58,True,1
GACAGTCTAACAAT,58,True,1
AGCATACAGGGCCT,58,True,1
GTACTTTGTTGAAA,58,True,1
ACATACGGTACTGC,58,True,1
CTACTCCTCATTAC,58,True,1
ACTAGGTTGTTAAC,58,True,1
CACGGCCGGGGATT,58,True,1
GGACAATCACATCT,58,True,1
TACTGTACTTTTCT,58,True,1
CTAGTTTTTTGTCA,58,True,1
ATGATGTAATGAGT,58,True,1
TTCGGTTTAAATCA,58,True,1
TGACATAAGAGAAC,58,True,1
AAAAGGGTAGTTAA,58,True,1
GATGCCTTTAAGGC,58,True,1
GCGAACAAATATCG,58,True,1
CATGTTACCTGATA,58,True,1
CCTTGTACCTTTGC,58,True,1
ATGTAATGGAGAAC,58,True,1
TTCCATCACGGCTT,58,True,1
GTAAAACGAGGTAG,58,True,1
AGGAACGCGACCTC,58,True,1
TGTTCCAATATCCT,58,True,1
TGCCCCTTGCGCAG,58,True,1
ACTAGTCGTATTCT,58,True,1
TGCATCGCAGGTCC,58,True,1
TCTTACTGGACCTT,58,True,1
ACAACTGATTGTGG,58,True,1
CACCCTGAGTTCGG,58,True,1
CGAAATAACTCGAT,58,True,1
GAATATTCGCCCTA,58,True,1
GCGGACTGTCCGAC,58,True,1
CACTATGATTGATA,58,True,1
CTGGCTCTTCCAGA,58,True,1
ACATGAACACGAAC,58,True,1
TTGTTATATCGGTG,58,True,1
GACCCTTTGCTACG,58,True,1
TCCCTCACAAACTC,58,True,1
AACGTCCTCAATCC,58,True,1
CTATGGATCCACAT,58,True,1
ACATGTTTCTCTGG,58,True,1
TGTTTACCCTCACA,58,True,1
CCATACACATTTGT,58,True,1
GGCTATAACATAGA,58,True,1
TAGTACGTCCATCG,58,True,1
ACCAGAAGCAATAC,58,True,1
GCCAAGATGCAAAG,58,True,1
GGAACGACTGTAGC,58,True,1
CTGGAACCCCGCCC,58,True,1
CACATGTTCGTCAG,58,True,1
ACTCCCCTTCGTCG,58,True,1
GATCCCGGTTCTCT,58,True,1
GGCGTTCGGGTTCC,58,True,1
TTCAGATAATCATT,58,True,1
CGCTCTTAATTGAA,58,True,1
TCCACACCGTATTT,58,True,1
TTAATGCAAAGGCA,58,True,1
TGTCCTCTGTTTCT,58,True,1
TTAGAGTTTGTTTT,58,True,1
ATATCTAATACAAG,58,True,1
ACTACCTGTAGTAC,58,True,1
TATTCTAGTGATAC,58,True,1
TCCCTGCCGGTTTA,58,True,1
ACACTGTCATATTT,58,True,1
TCCAATCCATTCAT,58,True,1
TCCCCTAACTCGTG,58,True,1
TGCCCTTATGTCCA,57,True,1
TTCCATCCTCGATG,57,True,1
TTTGCCCATGTCGA,57,True,1
TATTAGCTAAGCAG,57,True,1
TGAGCGCGGATATA,57,True,1
AAGGGCAATGCGGA,57,True,1
CCCCCTGTTCCTCA,57,True,1
GCACATTTTCGCCC,57,True,1
GCAGGCGGATGTTC,57,True,1
TTAATCTTATGTTG,57,True,1
TCTTCAACCTCCGT,57,True,1
TAACGTTCGTTTGA,57,True,1
AACAAACAGGACAT,57,True,1
TCTGACTGTATATT,57,True,1
TCATTAGTCATCGG,57,True,1
AGACAGCATATCTC,57,True,1
TGAGCAAAAGCCTT,57,True,1
ATTGGGGATGGGCA,57,True,1
ACTTCAACATTTAA,57,True,1
TCTTTATCTGAATC,57,True,1
GTACTAGCAAGGAT,57,True,1
CATTACATAACATC,57,True,1
GTGCCGACGAATTA,57,True,1
CACAACCGTGTTGG,57,True,1
GCGACACGCTACAT,57,True,1
GATCACTCTACGGC,57,True,1
CGGGCCGTCGCGCT,57,True,1
CGCATTGTTTGATC,57,True,1
TTCTCAGTAGACCT,57,True,1
CAGCTCGTAATATA,57,True,1
GACATTCGCCAGTG,57,True,1
AACAAGCAACCAAA,57,True,1
TTATAAAGAGACGT,57,True,1
TACACGTGCCGCCG,57,True,1
CTGCTGCACCCCAC,57,True,1
CTACATCCGCTCTC,57,True,1
TAACTAACAATCCT,57,True,1
TATACATTACGCCA,57,True,1
GGTCCCAGCGCAAG,57,True,1
GGGCCTGATCCCAG,57,True,1
TGCGTTGATTAAAC,57,True,1
CAAGTAAAATACCA,57,True,1
AAGACAGCGCAGGA,57,True,1
TGCGCCAATACCAC,57,True,1
CAACCTTCGTGGAA,57,True,1
AAACCGGACCTCCA,57,True,1
AGCGACGACACGTA,57,True,1
TATGCATAGACAAT,57,True,1
CTATTGGAATCGAT,57,True,1
AAGATACGTATGTG,57,True,1
TAAACGGGTTAATC,57,True,1
TGGCCTTTATGAAC,57,True,1
GGAAGACTTTAGAT,57,True,1
TGGACCAGTTTTTA,57,True,1
TTCAAGAACTCCGC,57,True,1
CCCATACCCGCAGA,57,True,1
TTACGTCCATAGTA,57,True,1
GAGATGAAGCCAAT,57,True,1
CGACTCAAACTGCT,57,True,1
ATTTCCCGCTCATC,57,True,1
TTGCCCAGTGAACT,57,True,1
GTTGTTTCGATATT,57,True,1
CTGACATACACACC,57,True,1
TACTACGGAAATCT,57,True,1
CCCTTTCTTTTTAT,57,True,1
CATTAGAATGGGTC,57,True,1
ATGTCCATGACCTA,57,True,1
ATCTTCGTCGGAAC,57,True,1
TAACTTTCCCGGTC,57,True,1
GTAATTACCGGACC,57,True,1
TCATTTCTAGTAAA,57,True,1
GCAAGATTCGAGTA,57,True,1
AAACTGCCTCACGG,57,True,1
TTCAACAAGAGTCT,57,True,1
CCCAATCATATTAA,57,True,1
GGCACATCGTCAGG,57,True,1
CTACCTTACTCGGG,57,True,1
TATCCAAAAGCAAT,57,True,1
CATTCATTCGTTTT,57,True,1
GATAGCCGATGGGA,57,True,1
TTAATACTGAGAAA,57,True,1
TACCACTTACACAC,57,True,1
TTGGGATAACGCCG,57,True,1
ACCAGCTAGGAGCA,57,True,1
TCGGAACCTGAATT,57,True,1
AAACGAATTAACGA,57,True,1
TCCAATCAATATGA,57,True,1
CCCACCGAACAGAA,57,True,1
TGCCGAGCATATAC,57,True,1
TGCTTGTCCCATCT,57,True,1
CGCCCACGCCGCGC,57,True,1
CTCCCGGTTTCAGA,57,True,1
CTCGCTCGATTAAG,57,True,1
TGGAGCCGCTTTAT,57,True,1
ATAAGATTAACACG,57,True,1
CACTCAGAGCTACG,57,True,1
TCGTCACTCTTGGC,57,True,1
AATCCCAATGAGGT,57,True,1
CCTCCTGCCGATCT,57,True,1
TTGCTGTAAATACA,57,True,1
TGGACGAGCCGTAT,57,True,1
GGATGTCATTCTAA,57,True,1
TCTCTAGCTGTCTT,57,True,1
TTGGCACATGAATA,57,True,1
AGCCTTTAAAACTG,57,True,1
CCTCCCGCGCGTGG,57,True,1
AGAGCAAGGAGACC,57,True,1
TGGGATAGTTTTGT,57,True,1
TTACCTAATTAATG,57,True,1
CATGTTATTATGTC,57,True,1
TATCGTGTCATATG,57,True,1
TCACTGATATACAG,57,True,1
GGAATGTTGATGAG,57,True,1
CTACTCCCCAACCC,57,True,1
TCCGTTTGATACCT,57,True,1
TGCACTTACCAGTA,57,True,1
CGGGCTAACGGATC,57,True,1
TAAAAACGACATCA,57,True,1
GATCAAGAGCAAAA,57,True,1
CCCAGCTTCAGGAA,57,True,1
TCAAGTACTAGACG,57,True,1
CGATTCATACATTA,57,True,1
CCATCCGACTCAGT,57,True,1
CCCAACGCCAGGAA,57,True,1
TTCCCAGCCCGGCA,57,True,1
ACTTAGAATGTATG,57,True,1
AGCAACCGTATAGT,57,True,1
GCATTGACGAGACT,57,True,1
TTACCTTGAAATTC,57,True,1
TAAGGACTTATTTT,57,True,1
TGTCCGATTCCGTC,57,True,1
TTTGCTCCGGTGTA,57,True,1
ATGGTCGGCTGCCC,57,True,1
TTGTCTAAGTAGAT,57,True,1
GTTTGATACAGCAT,57,True,1
TTGTGATATGGAAC,57,True,1
TACACGGTTCAGCT,57,True,1
GAAGTAGGATAGGT,57,True,1
TGTTTACTTTGAAT,57,True,1
CGAACCAGTAATTT,56,True,1
TCAACCAACATACC,56,True,1
GCATCTCGTTGAAC,56,True,1
CCCATCCGCCAAAA,56,True,1
CGCATGTTCAAACA,56,True,1
CAATGTAGTTGGAG,56,True,1
ATATTTCGTTCCCG,56,True,1
TATTGTAATAGCTA,56,True,1
CTTGCAGTAAATGT,56,True,1
ATGTGGATGGGTAA,56,True,1
CGGACAGTTACCTA,56,True,1
CATACCATGTTCGT,56,True,1
CATGGTTGTATGTC,56,True,1
CTTCCTCCAATATT,56,True,1
ACAAGAGGACAGGT,56,True,1
TTGGAGGATTTACA,56,True,1
CTTCCAATCCGGCT,56,True,1
ATAAGAAGATCCAC,56,True,1
CCGCCACTGAACTA,56,True,1
CCTGCTATGCAATG,56,True,1
CTCTTGTTTTTGTT,56,True,1
TCATCCGGTCTCCT,56,True,1
AATGCAGGCGAACA,56,True,1
GATCAGTATGTGAT,56,True,1
AGCATGTTTACTCG,56,True,1
CCAACTTACGTGTC,56,True,1
TCATATTGCATCCA,56,True,1
TACATGTGCACCTC,56,True,1
TGCTCCATCCTTCT,56,True,1
CAAAAGGGACTATA,56,True,1
GCTTCGAGACCACC,56,True,1
CTATGTGATCAATC,56,True,1
TAACAGTCGTACTA,56,True,1
GACGCTCGTTAAAC,56,True,1
AATCGTGCCCAATC,56,True,1
AACAGGCGCTGGAT,56,True,1
AGATGCTTTGACAT,56,True,1
TCTGTGCAAAAGCG,56,True,1
GCTTTAACGTCTAA,56,True,1
GATGTTAAACTTTC,56,True,1
TACCCCGCCAAGTG,56,True,1
AGACTGTTTACCGA,56,True,1
GTCCGAGTATTCAA,56,True,1
GTATGACCGGCGAG,56,True,1
AATGAAGAGAGCTC,56,True,1
TTGGATTGTGATTA,56,True,1
TACTTGCATGCGAA,56,True,1
CATTACTATTAATC,56,True,1
CCATACGAATGCGA,56,True,1
CTGTCGTGATATTG,56,True,1
TGACTGAGCACGGA,56,True,1
TGCGCTCAAAAGCA,56,True,1
CTTATCGGTCTTCA,56,True,1
GACGTAATTAGCTA,56,True,1
TTCGCTGTACTATA,56,True,1
TGAAGGCTACGTGG,56,True,1
CTTTCCCTGCGCCA,56,True,1
ACTGCTTTGATAAT,56,True,1
TTATTAGAAGCTCC,56,True,1
CACCCTTACCGTGA,56,True,1
CTCTTATCTGAGAG,56,True,1
AACAACTAAAACTG,56,True,1
CAAGACATACAAGG,56,True,1
TAATCGCCCGTCTC,56,True,1
CAGTCCGCGTGCCC,56,True,1
TACCACTGTAATTA,56,True,1
GGCAACTGCCTACA,56,True,1
CTACCTATTTAAGA,56,True,1
GCCTGTTAGTCCAT,56,True,1
TTGCACGCTTTATG,56,True,1
ATCACGCTATCGAG,56,True,1
TCCGGCCGCTCATG,56,True,1
TATTTTCCAGTGGT,56,True,1
CACACGAAAACATT,56,True,1
CCCCCTGCTCAAGC,56,True,1
CGCTTCCCCGGGTC,56,True,1
TGAGACTATGGATT,56,True,1
CCACACGGTGCGTC,56,True,1
CACCTCCACCCCCT,56,True,1
CCCTCCACAATACT,56,True,1
AGTAAGTATTTACG,56,True,1
TCTGCGGAATGGTC,56,True,1
AGGCAAGACGCGCA,56,True,1
TGTAGATATAATAC,56,True,1
GCTTGGGTGATTAA,56,True,1
TACCAATAGAATAT,56,True,1
TGCCCGCCCGCTCG,56,True,1
TTAGGTCTCTACTT,56,True,1
GTAATAGAACGTTT,56,True,1
CGTAACCTCGATAT,56,True,1
GGACAAGTCCTCTT,56,True,1
TCCCTTTCCTTTTG,56,True,1
AAAGCCTGTTTCGT,56,True,1
AACGTATACGTTGC,56,True,1
GGACAATCTCGATA,56,True,1
AAGGTCATGAATGA,56,True,1
GATGTATCGTCTGA,56,True,1
TGAGTCTTGAAACA,56,True,1
TCATCATACTTGAC,56,True,1
GCCACCTATTGTTG,56,True,1
TAATGGTGAAACCC,56,True,1
TCAATGTGGGTACG,56,True,1
ACCGTTCGCACTGC,56,True,1
TTGGTGGGACACCA,56,True,1
GAGGTTCGGCTCAA,56,True,1
TGCCGGTCCCAATA,56,True,1
TAACAGTGTTAAAC,56,True,1
AGGAATTCAAAAGT,56,True,1
TTCTGCCCTAACGA,56,True,1
CCATAAATGTTAGA,56,True,1
AAGCACGTATAAGG,56,True,1
CCCTAACACGGAGC,56,True,1
TGACCGCTTATATC,56,True,1
TATACACTTAGTGG,56,True,1
TATCATAAATAAGT,56,True,1
TGTAACAATTGGAA,56,True,1
CGTCTACCCAGAAC,56,True,1
ACTCCCACAAGAGA,56,True,1
GTAGTAAGGTGTGG,56,True,1
CATCTAAACCGCGA,56,True,1
TAGCATTGGGAGCA,56,True,1
GTCCTCCAGGACTA,56,True,1
TCCTAATTGGCCAG,56,True,1
AATTCCACAGAATG,56,True,1
AGACGGCAAGTTGC,56,True,1
TACTAAGTTATCCA,56,True,1
CGGCTATTGCTCTA,56,True,1
GAAACAACACAACG,56,True,1
CTCGATAGCGTAAG,56,True,1
ACTACCGCAGCCCT,56,True,1
GTCGATCCGGAAGA,56,True,1
TCTGCTATTGCCGT,56,True,1
CGGTCCAGTGGACC,56,True,1
TTCCGCATACTTCT,56,True,1
TCTACGTAAGCCTT,56,True,1
CATAAGGCACGCTC,56,True,1
ATGGCGAAACAAAC,56,True,1
CCCCACGCAGTTAC,56,True,1
CACAGCGACACTAG,56,True,1
ACCCCATACAGGAC,56,True,1
ACCGGTTTCTGAGT,56,True,1
GTGCCTAACAGGAG,56,True,1
TACATATGCGCGTT,56,True,1
CGATCCCCTTAACT,56,True,1
GTCAATGTAAAGAG,56,True,1
TGGGATAGTGACTG,56,True,1
AGAGGCGATCTCTC,56,True,1
TCCTGCAACCGCGA,56,True,1
ATAACCCTTAGTTC,56,True,1
TACGTAGTTCTTAA,56,True,1
CCATTGCAAGTGTT,56,True,1
TCAACACCATTCGT,56,True,1
GTCCTCCGGCATCA,56,True,1
CATCCTCCTACGGT,56,True,1
ATTACCCTGTATTA,56,True,1
TATTAAGAATGGTG,56,True,1
GCTACCGACTCGAT,56,True,1
CAAACATTAGACTA,56,True,1
TGATGGGGAATCTG,56,True,1
CTCAGACAGACTAC,56,True,1
AGTCATTATTATAC,56,True,1
TAGGTCGCAAATTA,56,True,1
GGTACAGCACATAG,56,True,1
ATGGCTCCAGATAC,56,True,1
CCAGCTTGCTGCTA,56,True,1
TCCAAACAAAAAAT,55,True,1
ATAATGGCACTGAG,55,True,1
CACTGATCTGCTTG,55,True,1
CGATGCTCCTAATT,55,True,1
TCATTACATAAACG,55,True,1
CTCGTGAGACACTC,55,True,1
TGAGATTGTAACTC,55,True,1
TTGTTCGACAAATG,55,True,1
AACCCTGTGAGGGT,55,True,1
AAACAAGTTCTGCG,55,True,1
TAGACGTCGAACAA,55,True,1
CTAGAGCCAACTCA,55,True,1
CACTACAAGGACAC,55,True,1
AGACATATTGGTTA,55,True,1
TGAGTTTTGCTAAT,55,True,1
TAGTACAGGTAAGA,55,True,1
GAAAGACGTTCAAA,55,True,1
AGGGACACCTCCGG,55,True,1
GAGGCAACCTGACT,55,True,1
AAAGAAGCCGCCCC,55,True,1
CAGTAATTGTCCTC,55,True,1
AGTCAAAGTGTGCC,55,True,1
TCTCCACCATGCAA,55,True,1
TCCTGTGTAATCTC,55,True,1
ATCGTCCCTAACTA,55,True,1
TCCCAACTAGTTCG,55,True,1
TTGTGTTCGGCCCC,55,True,1
TTAAGGCCTGACTT,55,True,1
GCAGAAATAAAAGT,55,True,1
TCTCTACGGCCCCT,55,True,1
CTACAAGGCCCCTC,55,True,1
CGAACCGACTTCTC,55,True,1
ATATGTGCTTCCGT,55,True,1
CTCTAATGGCCGCT,55,True,1
TATACGTTTAATCA,55,True,1
TGCTGAACACTCTA,55,True,1
GGTAGATTAAGTTA,55,True,1
GGGGTTAAGTACCT,55,True,1
CACACACTAAGTAG,55,True,1
TGCAGCGAACGGCT,55,True,1
TGTGATTATTAGAT,55,True,1
CTACCACTGACTAG,55,True,1
TACAATGGAATGAC,55,True,1
CGCGACCGTCATGG,55,True,1
TACGCTAGCCTGAC,55,True,1
GCACGTGAAGACTG,55,True,1
AGGCTAGATTACCA,55,True,1
CTAACCAAATAGAC,55,True,1
TTCCGATCTATACT,55,True,1
CCCCCAGGTTCAAG,55,True,1
GCATAACGGGTAAT,55,True,1
TTACCCCCGCGGTC,55,True,1
GCCTAAATCGACGA,55,True,1
TAGGCGGGTCAATA,55,True,1
TCTTTGATGAACAG,55,True,1
CTACACTTCACGAT,55,True,1
ATGGCAGGTACGCC,55,True,1
TCACGCGACCGATG,55,True,1
TCCAAGGTCGTTTG,55,True,1
ATACATAACGTTAA,55,True,1
CTTCCAACATGCTT,55,True,1
ATCCGTTCAGGCTC,55,True,1
AGGATACACGAGTC,55,True,1
TCTTGTGCGCAAGA,55,True,1
TTATACCGCGCCGA,55,True,1
CCACCAGAACTTCA,55,True,1
TCCTCCCTACATTA,55,True,1
CACTTAATCGTTGA,55,True,1
TCTCCACCCCAGGG,55,True,1
GGATCAACCGTAGG,55,True,1
CATACATCATCGAA,55,True,1
GAGCACCCCGTAAA,55,True,1
TTCCCGTAAATAAT,55,True,1
TTTGGCATTACTAA,55,True,1
TAGGGACGCCGCTG,55,True,1
CACGGGTGGGATGC,55,True,1
AGGCCACTAGTTTG,55,True,1
AGACGACGGCGGAC,55,True,1
GTACCACAGACCGT,55,True,1
TACCGGAGTATCTT,55,True,1
CAACCTCCCCCCCT,55,True,1
TTTGGTTGTATGCC,55,True,1
GCAGACAGGGCCAT,55,True,1
CCCGCCCGCTTTAA,55,True,1
TAACTAGATGCTCA,55,True,1
GTCAGGGTCGATTA,55,True,1
ACCCTCGGAGGAAT,55,True,1
GACAGAACACAAGA,55,True,1
TGACAACCATGCCG,55,True,1
CCATAGGTATTTAT,55,True,1
TAAACACCGCGCTT,55,True,1
TGGCTGGACATTAA,55,True,1
CCTGTAGAAATACT,55,True,1
AACGAAAACGGTGC,55,True,1
CTACCCGTCTCTTA,55,True,1
TGGGCCTATTAATC,55,True,1
ATCGTGGTCCTCGG,55,True,1
GTGGCCTTTTGCAG,55,True,1
AAACCCGAACATGC,55,True,1
TTATGCAGGTCGAG,55,True,1
CATCCTGGCTGGAT,55,True,1
TATTTATTAGACTT,55,True,1
CCACCATCCAGTAC,55,True,1
TATTCGCTATGTCA,55,True,1
TAATTCCGTGACTA,55,True,1
ATGAGACTTGGTAG,55,True,1
GTTATCCCAATGCG,55,True,1
CTTGTTGCCAACTA,55,True,1
ATCAACAATTACGA,55,True,1
TCAACATAGGCGAG,55,True,1
ATAACGGGCGTAGC,55,True,1
CCTTAGTTTTACGT,55,True,1
TCCTGGACACCTCT,55,True,1
TTACCATAGAGTAG,55,True,1
CACACAGTATTAGG,55,True,1
TACTCGATCTTATC,55,True,1
TAGCTTTGATCAAT,55,True,1
CAGCCATCACATCG,55,True,1
TAAGACGTAGTTCT,55,True,1
TACAGCACTGAGAA,55,True,1
TTCACGCCTATCAT,55,True,1
GAGAAGAGATTTGC,55,True,1
TGGCGTATTTTCGC,55,True,1
TAATGCCGCTAGCA,55,True,1
TGAGTCCTCGACGA,55,True,1
CGATGGAAACTGGG,55,True,1
GTTGGGTACAAGCA,55,True,1
CCTGTTTATGTTAC,55,True,1
TACACTCAACTAAT,55,True,1
CTCCGACGACGGAG,55,True,1
TATGCTACTTTTAT,55,True,1
TGGCCAAATAAGGT,55,True,1
CTCTCCCACTCGGA,55,True,1
CTTCAATTCACAAT,55,True,1
ACCAGAAACGCGAT,55,True,1
CCCGGCGTGACGGT,55,True,1
CTGGCTCAGTGCAA,55,True,1
TATGCATTTATTTC,54,True,1
GTAAACCAACATCA,54,True,1
ACATCAAGCGCGAC,54,True,1
TGGGCTTGGCACAT,54,True,1
TGTTTTAATGTAGT,54,True,1
GCACAGTCTCACCA,54,True,1
CAGTTGCAATACGT,54,True,1
ACATCTGCTACCCC,54,True,1
TATTCTAACAGACA,54,True,1
ATACAACTTACTGT,54,True,1
AAGACTATCATCGC,54,True,1
TGCCTGTATATTGA,54,True,1
AGTAAAAGGAGCTT,54,True,1
TACAAACTGTTCTC,54,True,1
GCCTTCCCTCACCG,54,True,1
GAGCCTTTACCTTT,54,True,1
TAAGTACCTTCGCC,54,True,1
GTAATAGGAAACTC,54,True,1
TATGCAACCGATGG,54,True,1
TCAGCGTCTCTTGT,54,True,1
TGTCTTTCCCCTCC,54,True,1
TCTCCTTACGACTA,54,True,1
CTCCTGATAAGCTA,54,True,1
TGGCTCCGGCACCC,54,True,1
TTTACGATCTAAGT,54,True,1
TGCTCCCGGATGGT,54,True,1
GTGATTGTTTCCGT,54,True,1
ACTCACGTGGTCGC,54,True,1
CTCCGACAGCCTAG,54,True,1
CTCCTATTGCGAGA,54,True,1
TGCGTGTTTGATTT,54,True,1
GCCACAGCAACACA,54,True,1
TGTTTAACCTGAGT,54,True,1
GTGGTCAAGTCTTC,54,True,1
TCTACATATCAGAC,54,True,1
TGTGTACTATCCCA,54,True,1
AGACAGTCACTTTG,54,True,1
AAGAGTACGTTTTC,54,True,1
GGATACGATTACTG,54,True,1
ACAACTCGTGCTCT,54,True,1
GCATAGTAATTGGA,54,True,1
CCTTAACATAGGAA,54,True,1
GACTCTGTCTACCA,54,True,1
TTTAGCTTAGGTAT,54,True,1
AGTGAGCTAATCTT,54,True,1
TAGCACCTGTGTGC,54,True,1
CGAGGATATCTTGT,54,True,1
CCATAGCACGTTGT,54,True,1
CTGTAAAGCGGTCA,54,True,1
CTGCACGGCGAATT,54,True,1
ATATGTATGCGTTC,54,True,1
CTTTCGCCCCTAAC,54,True,1
GTGAAGCATAGTGA,54,True,1
GATATAGGCATAGT,54,True,1
CAGACCCTCCCACG,54,True,1
TAATCAGTAATTAC,54,True,1
AAGACACGAGCCCT,54,True,1
AGATCTGTCACCGC,54,True,1
CCAAGCCAACTACG,54,True,1
CCAGTGGGTGTAAA,54,True,1
TGTAGAAGCTATTT,54,True,1
ACATAAATGGATTA,54,True,1
TGACGATGCAACGT,54,True,1
AAGCGAAACTGATG,54,True,1
CCCGCATCCGCCCA,54,True,1
TATAGCTGAACTTA,54,True,1
GTATTTCCCGATCG,54,True,1
GACATTGAACTAAT,54,True,1
CACAGAACTCAATC,54,True,1
CCCTACGCCCCATG,54,True,1
CGTAGTCATAATAG,54,True,1
CCCAAAATGAATGG,54,True,1
TAGACTATTCTTGT,54,True,1
GGGCCGTGTACCTG,54,True,1
GTGACCCACTGCTG,54,True,1
TATCGGTAAGATAA,54,True,1
GTGATAATTTCAGT,54,True,1
TTAACTCGTATGCT,54,True,1
CTTTCGCTTCATAC,54,True,1
GTGTGAGCACGGTA,54,True,1
TCGCATTATGACAG,54,True,1
TACATTCAGCTAAC,54,True,1
TCTCACATGCGTCC,54,True,1
CAGGGATGTACTCT,54,True,1
TTGCCATACTGAAA,54,True,1
TGCTCCTCCCGGTA,54,True,1
TCCAAAGATGCCTC,54,True,1
TGAAGTAGGATTTG,54,True,1
TGCCCTTGATGGGA,54,True,1
AGATTCCCGAATCC,54,True,1
ACTATTACAACCGA,54,True,1
CTGTGGCCGCTCAT,54,True,1
TCAAGGACCCTCCG,54,True,1
TAAAGAATAGGGAA,54,True,1
TACCAAACGGATTA,54,True,1
CTTGGCACGTATTA,54,True,1
TACCTAAGCACTCG,54,True,1
TCCCGAAGCGTCGA,54,True,1
GTTCGTGCGTTCAA,54,True,1
ATATATTTGCCTCA,54,True,1
CTCACGAGGTCATC,54,True,1
TACTGTCCTAATAA,54,True,1
TGACGCCTGCAACA,54,True,1
GGAAAGGTCACATT,54,True,1
GTCAATCACCCGAA,54,True,1
GCACGCCGCGATGT,54,True,1
AGTTAGGTTTCAAA,54,True,1
CTCGGCCCCGAGCT,54,True,1
CCCACTGTTACACT,54,True,1
ATGTAGTGCGTTCT,54,True,1
CACGTTAGAAATCC,54,True,1
TTGGCGAACGCTAC,54,True,1
CACAACCGCGTGTG,54,True,1
AGTACTCCCCGTTC,54,True,1
TATCCTTCGTTCAC,54,True,1
GGAACGTTAGGGTG,54,True,1
CTCTGCTCGTCCTC,54,True,1
ACAAAAAATCTTAA,54,True,1
TGTTATTGCTCTCC,54,True,1
GCCGGCGTTAATAC,54,True,1
TTATGCATTTTATA,54,True,1
GCCTTGGCACTATA,54,True,1
TGAGAACTTTTTCA,54,True,1
TCTCACAAACCCCT,54,True,1
TTACGGACCCCATA,54,True,1
GCCGACTCAATTGT,54,True,1
CCCCCGCCCTGGAA,54,True,1
TGTAATTGTTATAC,54,True,1
CAGATGTCGTAATG,54,True,1
GCAAGAGGAACACG,54,True,1
CAGACGTGGAATCA,54,True,1
TACAAACAATTTAG,54,True,1
GATATCTCCGTCGA,54,True,1
TAGCCTAAACCGGT,54,True,1
TGTTAACCTAATCA,54,True,1
CCATGTTGTAGAAC,54,True,1
CACACGTACCTCGT,54,True,1
ATGATCTAAATGTC,54,True,1
CCGAAAGCCATTTT,54,True,1
TTCACTTGATTCTA,54,True,1
TAAGAGAACCTGCC,54,True,1
GTCCATTCTATTCT,54,True,1
CCCTCCCCCCCTCC,54,True,1
GCTATGACCTAGCA,54,True,1
TACGCGCCGCTAAG,54,True,1
GAGGTCGTGCAACA,54,True,1
GCACAAACTGTAGA,54,True,1
TCTGCCATGACATC,54,True,1
CTGATACACGACAA,54,True,1
GGAGCCTACAGTGA,54,True,1
TTGACCACTCTAGC,54,True,1
TTGAAATAACTACG,54,True,1
CCATGATCTTGCTT,54,True,1
CAAATAAAAAACGA,54,True,1
TTACGACAATCTCC,54,True,1
GGAGGTGCCTATAA,54,True,1
CATATATGTTTGAG,54,True,1
TTCAAGAGCGGAAC,54,True,1
CTGTCACTTAAGAC,54,True,1
GAAGACTAAACGTA,54,True,1
TGTAGCGTGCGTGT,54,True,1
GGCGTTTTATGGTG,54,True,1
ACGAGAAAGGGTCC,54,True,1
GTCCCCTACTATGA,54,True,1
ACCGAAACTGTCTT,54,True,1
CCAGGACCGTATTC,54,True,1
TATCCCCAGTCAGC,54,True,1
ATGCATCTAGAAGG,54,True,1
TATTGCTTGGCATG,54,True,1
ACTTCTCTTAACCT,54,True,1
TGCATAGTGAAAGA,53,True,1
ACACTCTGTCTTAG,53,True,1
GACGCCATATATGA,53,True,1
TTCCGTAGAGATCG,53,True,1
CCCCCCGGTATACG,53,True,1
TTGAGAACTTTGTC,53,True,1
GAGACTTGTAATTG,53,True,1
TCCACTGTGATTTA,53,True,1
TCTGTGTCCGTAAT,53,True,1
ACGCGTATGTTGAA,53,True,1
TCAGCACTTCTTAG,53,True,1
TTAACGCTGTAGAT,53,True,1
TTCTCAGAACTTGC,53,True,1
GAAACCGAGACGTT,53,True,1
ATGCTCCTGATAAC,53,True,1
TATTTGGATTGATT,53,True,1
TACCAACAAACAAG,53,True,1
GCATACGGTATAGG,53,True,1
GCAAACGACGAGAA,53,True,1
CTGGAACCTCTCAT,53,True,1
TAATGTTATATTTC,53,True,1
CATAGCCGATGAAC,53,True,1
CGTCTACTGGACGA,53,True,1
TCTACAGCGTTCCG,53,True,1
TTGAGTTTTTACGG,53,True,1
GTAATACTGCACAC,53,True,1
GTATCTGAGAGCAC,53,True,1
ATCCCCCGCCGTAA,53,True,1
ATATTCAAAACGCG,53,True,1
GTACGACCAGAAGT,53,True,1
GCGACAAAAGGGCA,53,True,1
ATGGCAGTACAGAA,53,True,1
GCCGCTATGATACT,53,True,1
AACCTAAATCGTGC,53,True,1
TGGGCACTCGCGTG,53,True,1
CCGATACCCCGGGC,53,True,1
GGCGCACTTGTCCA,53,True,1
TCACCTATCTGTGG,53,True,1
TATAGTAATAGTGT,53,True,1
TTACGCCAGTTGAA,53,True,1
GAACAAAATCTGAC,53,True,1
TGTCTACGTGAGTC,53,True,1
TTATTCGTAACTGG,53,True,1
TGTAAGTTACCTTC,53,True,1
TAAGAACGGTTCAA,53,True,1
GTCTTATATTTTTT,53,True,1
GTCCTAGTCGAAGC,53,True,1
TAGCAAAGAGGCGG,53,True,1
CCATATGACCCAAT,53,True,1
CGAAGATGAGCGAC,53,True,1
GATCCCGTCTCTAT,53,True,1
CTGTCTGAGCGCAT,53,True,1
CCTTAGTTGGCAAA,53,True,1
TTAGTACCTCAAGT,53,True,1
CCCTTTCAATCTAT,53,True,1
GCACACGCATACTG,53,True,1
ACAGGCGATTATCC,53,True,1
CTATCTGTTGTACT,53,True,1
CAAGCGAAACTATG,53,True,1
GTAAAGTAACAAGG,53,True,1
CACCCATGCGAACA,53,True,1
ACCTGACTCCTTCC,53,True,1
CTTTAGTTTACGTA,53,True,1
AGACTCATTCTCCA,53,True,1
CTACTTCCGACATA,53,True,1
TAACTACTATGATA,53,True,1
CTGAATCGAGTCTA,53,True,1
GGTAGTTCTACCAG,53,True,1
TTCCTATAGTCCAT,53,True,1
CCCCCTTAAATGAC,53,True,1
TACGTAAGAGGGAA,53,True,1
TTACTGTGATTGCC,53,True,1
TAAACGGTTTACAC,53,True,1
AGTGAGTGGTAACA,53,True,1
TGCATCGTGTTTGT,53,True,1
TGAACATCCGGATA,53,True,1
GCATCCAATGTCCT,53,True,1
TTCTCGATAACTGA,53,True,1
GGGACAATACTTAA,53,True,1
TGTTAGACGAATAG,53,True,1
AAAGAACTTGGAGC,53,True,1
GTACAAGATGCTCA,53,True,1
GGTCCTCAGATACG,53,True,1
CGAGTCATTATATC,53,True,1
GTATCGGATGGACA,53,True,1
TCTGGCACGCGGAT,53,True,1
TTCCTCTTGTTAGG,53,True,1
CTTTGAGAGCATCA,53,True,1
GTCTGCCCGCTGTC,53,True,1
TGAAAATATTTGAC,53,True,1
TGGCAGGAGTTAAA,53,True,1
CACACATATTCTTT,53,True,1
TGACATGATAGACT,53,True,1
TACCAATGTAATGT,53,True,1
TATGTTAAGGTAAA,53,True,1
TCGCTTGGTGTCAC,53,True,1
GGATGCCGAATGCA,53,True,1
TAGTACCATATGCT,53,True,1
ATACTTTGTACTGA,53,True,1
TACCTATACATTGA,53,True,1
TAACAAATACTTGT,53,True,1
GAACATTCACAACT,53,True,1
ATGCCATAAAAAAC,53,True,1
GAATTCCTCATTTC,53,True,1
TGAAACCAGAGTAA,53,True,1
TCAATTTGCGGATC,53,True,1
TTGACAGCCGGGCA,53,True,1
ATGCAAATAATTAT,53,True,1
TTAATAGTAGCGAA,53,True,1
TCCCATTAACGACC,53,True,1
GACTTCACGTCTAA,53,True,1
AGCACTTCGATAGT,53,True,1
TCACACACAGGACG,53,True,1
AAGTCGAAGGTGTC,53,True,1
ATACACCACCGCCT,53,True,1
GTATTAAGCAAATA,53,True,1
AGTCATGCACACAA,53,True,1
CTTGAGAAGTGAGA,53,True,1
TGCCCACCAACCGC,53,True,1
GTTGCCGTGGATTT,53,True,1
TATATAGGGGTTTA,53,True,1
TTCGCCGCGCAATT,53,True,1
GTGTCTGGGCTTTT,53,True,1
TATGCGTCTCTACT,53,True,1
CAGCCAATCCATAG,53,True,1
AAGAACCGGGCGGT,53,True,1
AAACTATTACTTTT,53,True,1
TGACGATACTCATG,53,True,1
TCCAACGCACCTTA,53,True,1
TTGTCATTATTTGT,53,True,1
CACAGGATCACTAT,53,True,1
TCTTCTCCCAACCT,53,True,1
TTATTCCGATAGAT,53,True,1
ACGCCATGTACTAA,53,True,1
ATTTAAAGATATGA,53,True,1
CCCTTAGCATTAAT,53,True,1
TAGAGAATATGTCG,53,True,1
CTTCTCCAAAAATT,53,True,1
CGAGTTATGACTAT,53,True,1
AATCACTTCTCTGT,53,True,1
TGAATCATGCCCCA,53,True,1
AATGTCAGAAGCCC,53,True,1
ACCACAACCTTTGA,53,True,1
TACGGAGTGACGAT,53,True,1
TACGACTTAAATGT,53,True,1
GTCACATTCTCCAA,53,True,1
CGTATCCGGTATGA,53,True,1
TTACGTCGTACAGA,53,True,1
ACGTAGACATACGT,53,True,1
ATCGTTCTTTGGAT,53,True,1
TTGTGGGTTAATGA,53,True,1
CCCCAAGCGTTGGA,53,True,1
CGCGGGGACCGTCC,53,True,1
TTTGCCCTCATTCC,53,True,1
GAAGAAGTAAAGCT,53,True,1
TCTTCGCGCCCCCC,53,True,1
GTACGATACATAGT,53,True,1
TTTTAAAGTTGGAG,53,True,1
GATCCAACTTCTGC,53,True,1
TAAACCCTTTTTCT,53,True,1
GCTTTTCATAATTT,53,True,1
TAGGTGTTATTGAC,53,True,1
TAGCTTAGGACGCA,53,True,1
CCTCCTAATAACCA,53,True,1
GTTACGACAAAACG,53,True,1
CTAAACTACGCAAT,53,True,1
TGTCCTTCGGTCTG,53,True,1
CTCATCGAGGAATT,53,True,1
ACCAAGACCGGTTA,53,True,1
TTATGCTGGCGTAG,53,True,1
TAAGATCCTCTGTT,53,True,1
GTCACGTCAAATCC,53,True,1
GGTAAGCAGCTGGT,53,True,1
TCCATCGTAGACTT,53,True,1
GTTCCCTGACCCTC,53,True,1
CTGACTGCAGTCCC,53,True,1
GCCTAGATAATTAT,53,True,1
GGAGTACTTTATTT,53,True,1
CAGCAACCACCTTC,53,True,1
ACTCCAATGTATTA,53,True,1
CCTCGTGTGTTACG,53,True,1
GAGCTGAATGCTAA,53,True,1
CAAACCCGCTCCTC,53,True,1
GGCACCGTTCACAT,53,True,1
TGCACCCAGGTCTT,53,True,1
TTAACGCATGTATA,53,True,1
ACGTTCTTCCCGCA,52,True,1
CCGACGCAGTAAAA,52,True,1
TTTCCGTATGGATT,52,True,1
CGACTAATCTACAT,52,True,1
ACATCGGAGATCGC,52,True,1
TCTATGTGATCGCT,52,True,1
CCCGAAACACCCGC,52,True,1
CAATGAAGTTAAAC,52,True,1
TGTAAGCAGCGTAA,52,True,1
CTACTGGTTGGGTA,52,True,1
CACATGTCCAGTCG,52,True,1
GTAAATTCGTGTGG,52,True,1
TACGATCTGGTGTT,52,True,1
TAAAGCCTAGCGCC,52,True,1
TGTAGTGCGCACAG,52,True,1
TCTCCCACTTAGGG,52,True,1
GATCACAGACCAGG,52,True,1
GTGGAGTACGTATG,52,True,1
AAAACCTTTTTTGT,52,True,1
CGAACATCAGTTCC,52,True,1
TTGACGCCATATGT,52,True,1
CCGTCTGATAGCTT,52,True,1
GTTTGATAAGCACG,52,True,1
ACGAGCAATTGTAT,52,True,1
TTCTCATCTACAGT,52,True,1
GGGCTGAAAATCAG,52,True,1
TTCTGATTATTTAT,52,True,1
CACGTGTCTATCAT,52,True,1
TGTGTATAAGGATC,52,True,1
CCCTTTCAATGACC,52,True,1
TATCGCGAAGAGTA,52,True,1
ACAGAATACCGATC,52,True,1
GACGTCCTTAACAG,52,True,1
CCCCCTTATTGCAC,52,True,1
CAAGATATTTATGG,52,True,1
AGGCTGGTATACCA,52,True,1
GTGTTAGACCGACG,52,True,1
CTCACACTCACACC,52,True,1
GCATTTCAGTGAAT,52,True,1
GCAACACGTCCAGA,52,True,1
CTAAGAGCGCCGAT,52,True,1
TTCTAGGCCAAACG,52,True,1
CGATCCCTTTAACT,52,True,1
GCGAAGTCAGCCGA,52,True,1
AGACTCGGATGGAT,52,True,1
AGGGTTTAGCATTG,52,True,1
TCGTTGACAAGCTC,52,True,1
TTGTTGTTGGCTTA,52,True,1
CAGAAACTTCCAGG,52,True,1
TAATAACCGGCGCA,52,True,1
TCTTATCTACATTC,52,True,1
GGTCATCTGTGTCC,52,True,1
GTCCTACCTGCCAC,52,True,1
GAACTTGTGATTAA,52,True,1
TGGAGATACATAAG,52,True,1
CTTTACACATCTTC,52,True,1
GTGCCGCAGTCGAC,52,True,1
TCTGACATACATTA,52,True,1
TCCTAACAACTCGG,52,True,1
TCTCTTCTACGGTA,52,True,1
GTAACCATTTTTAA,52,True,1
TCCGGAGGAGCAGT,52,True,1
CTATACGGGTGTTA,52,True,1
TAAATCATCGAACA,52,True,1
TTCTGTAAGGTTTC,52,True,1
CATAGCCGACATAA,52,True,1
GGATCTTTTTCCGC,52,True,1
AGGCAGAGAGGATA,52,True,1
TCGTACCCCTATAT,52,True,1
GTACCCATCTAGAC,52,True,1
CCAACCCCCTAAAC,52,True,1
CCACCTCCCGATCG,52,True,1
CGGACCAAGCTTTA,52,True,1
TTGTCCATCCGACT,52,True,1
GACAGACCCAGAGA,52,True,1
TAAGATTTGATTGA,52,True,1
CGGTTCGTAATTAC,52,True,1
TTCCCGATTGTGAA,52,True,1
CTAATGTGTATGCC,52,True,1
ACCCCCACACAGTA,52,True,1
AATCACGCTATTTC,52,True,1
CCATATGGGCGTAT,52,True,1
GTATCGTATAAGGA,52,True,1
ATATGACCGCCCCA,52,True,1
TAGACAGCAATAAA,52,True,1
TATATGTGTTCATG,52,True,1
TGCCTTACAACCAC,52,True,1
TTGCAATGTCATCC,52,True,1
ACAATAGCCCTTCC,52,True,1
TCACAGGGAAGAAT,52,True,1
TCAGTCTCCACTAG,52,True,1
CCAGAGCTCAACGT,52,True,1
GTCTAATTCAGAAA,52,True,1
ACGTGAAGGACGCT,52,True,1
TCTTGTCACTGCGA,52,True,1
TAGGAATCTAATGC,52,True,1
TACTGTCTGTTGGA,52,True,1
GATCTGCGTGATCA,52,True,1
GCAACCGTGATACA,52,True,1
CCTACACTCCTAGG,52,True,1
TTAACACGGGTTAC,52,True,1
TCCCTTGTAACTGT,52,True,1
TGAACAGCGTCGTA,52,True,1
TGTTATACGCTTAT,52,True,1
TCTGCAATGACTAT,52,True,1
GTAATGTTTGAGGC,52,True,1
AAATGGTTCACCGC,52,True,1
CTTCCATAACCCTG,52,True,1
CCGTTCGTACATGC,52,True,1
CTCATTCATGCGAC,52,True,1
ATAAACCTGGTATT,52,True,1
CCGTTTCTTTCGCA,52,True,1
AGATTCCACTCACC,52,True,1
CACGTCCCATGCCC,52,True,1
TCAAAACGAAACAC,52,True,1
TTATGCCGGAGGGC,52,True,1
TGAAATTAGCCCTG,52,True,1
CGAACGCTGCCCGC,52,True,1
TCAGGCCGTGCCGC,52,True,1
ACCGAAAGTAGCCT,52,True,1
TTGCGCGCAACGTC,52,True,1
TCAGCGCATGAATG,52,True,1
TACATCCTGCAACA,52,True,1
GCCGCAAGGGTGAA,52,True,1
TCTTAGCGTCCCTG,52,True,1
GACGTCGCATAGCA,52,True,1
CTACGAGAATTTCC,52,True,1
CATCCACGATAACA,52,True,1
CTCTTAAAGGACTG,52,True,1
TACATCCCCCTACC,52,True,1
CGCGCGGATACGCG,52,True,1
ATAGGATATGTATC,52,True,1
TACATCTGAACTGG,52,True,1
TTGAAAAAACTCTT,52,True,1
CAGGATCCAGTCAA,52,True,1
GCCCTGGTCCGTTT,52,True,1
AAATGCCAATATTT,52,True,1
GAATTGACTACCGT,52,True,1
TCATGTATAGAGAC,52,True,1
GCTCCTCAATTGAC,52,True,1
TGCCCTCAGGTATG,52,True,1
GCCCTAACATAAGG,52,True,1
CTACCGCTCCGACA,52,True,1
GTTAAGGGCGATAT,52,True,1
AGACCTGGGCTTGA,52,True,1
CCCCATCGCCACTG,52,True,1
CTGCCTATAGAAAG,52,True,1
CCAGCGCGATGGCG,52,True,1
ATCACTCTAAATTC,52,True,1
CTAATAGACACGCG,52,True,1
CCATCTGCTATCTC,52,True,1
TGGATAGATAGACC,52,True,1
GCGACGTAAAAAGG,52,True,1
AAACTACGTATAGT,52,True,1
TATATCGTTGCAGG,52,True,1
GCCCTTGTCAGTAC,52,True,1
CCAGCTAATCAATG,52,True,1
CCCCCATCCCACGG,52,True,1
AGAACGCTTGCCCG,52,True,1
GCGAGCATTGCTCG,52,True,1
TCCAGGTCACGTTG,52,True,1
TAGGCCATCCGTAT,52,True,1
TATTTGCATGTATA,52,True,1
TAAAACTATTAAAT,52,True,1
TGACCCCCGTATTC,52,True,1
CTGCCAATTCCGTA,52,True,1
AAGGCGTCAATCAT,52,True,1
ACCTACATGATTAT,52,True,1
TTTGTATGCGACAC,52,True,1
TAAGTAGCTTAGCA,52,True,1
ATTAGCATTCGCTG,52,True,1
GCCGCTCCTGTATT,52,True,1
GCTCGTCTTAGATT,52,True,1
TAGTGAATCTTGTC,52,True,1
TGTTCTATACTATT,52,True,1
GACCTGAAGAATGC,52,True,1
TCCCGATCCCAATG,52,True,1
CTATTAGTGATATT,52,True,1
GGCAAACCATTTAG,52,True,1
TGCCCGACCGGTGG,52,True,1
AACAACTATGCCCC,52,True,1
TCGGATGCAGTTAA,52,True,1
CTCCAATTACAGTC,51,True,1
TAATTACTACATAA,51,True,1
CTACCCGCTTCCGC,51,True,1
CTGGCATTCACGTA,51,True,1
TTGGCCCCCGCCAC,51,True,1
CAGTTTCCAGAGGT,51,True,1
CTAATTGTTGCTTC,51,True,1
TAATAAATCTAAAC,51,True,1
TTATATTCTATCGC,51,True,1
GGAGCTAGACTAAG,51,True,1
CTACTAGGCTTGAA,51,True,1
AGCCTAAATGCTAA,51,True,1
CACAAGAGTACGAC,51,True,1
TAACTTACAAACCG,51,True,1
CATCAGCCTCCCTG,51,True,1
TGTTGCCTGGATAT,51,True,1
GACCTTACGGCTCC,51,True,1
TCTTGTGATTAAGA,51,True,1
AGAACACGGTCTCG,51,True,1
GAACCTGTTTGTCG,51,True,1
AGACCACCGGAGAA,51,True,1
TTATCCGAGATGTA,51,True,1
TACTCCGGCCCTAG,51,True,1
GAAGTATAGAAGTT,51,True,1
GACAATCTTAATAT,51,True,1
TACTAATCCTTTAA,51,True,1
GCAGTCGTACGTAG,51,True,1
CAATCGAATATTGC,51,True,1
TGACCACTTTAGAA,51,True,1
TTCCCGAATATTGT,51,True,1
TATCGTGATAGTAT,51,True,1
TCTACGACCCTGAA,51,True,1
ATAGAATGTGACAC,51,True,1
TAGAAACAGGGCTG,51,True,1
ATGCTCCGTACGCC,51,True,1
ATCCCCGTATAGAA,51,True,1
AGACCACCTTTAAT,51,True,1
GTTAAAATGATTTC,51,True,1
ACAAAGCGTAAAAG,51,True,1
GAGGTGGTATAAAC,51,True,1
TCAACAAATTGTTA,51,True,1
TCTTGTTCTTTTAA,51,True,1
GATGATCATACTTT,51,True,1
TTCCCTAGACCGCT,51,True,1
TGAAAGCCAGACTA,51,True,1
AGAATCGATTCTTG,51,True,1
TCATCTCCTTACCC,51,True,1
TCAATCAGACTAGT,51,True,1
GCCATGTTTTGAAT,51,True,1
TATCATTCAATAGG,51,True,1
TGGGCTTGGCCGAT,51,True,1
CATGCAAGCACATA,51,True,1
CTTCTCCCTAAATA,51,True,1
TCGCTCGCGCCCTG,51,True,1
GCACACCCACGGAT,51,True,1
TCAAAACATTGCTG,51,True,1
CCAATACAGTTGTG,51,True,1
CCATTGAGCGACGA,51,True,1
TAGTCGCTTTACAG,51,True,1
TCTAATCTAAGCAC,51,True,1
CCCCTAAAAGAACC,51,True,1
ATGTGTACGCACTA,51,True,1
GAGAGTGACCTACG,51,True,1
ATAAAGGAAAACTA,51,True,1
TACAACCCCCGCCG,51,True,1
TATGGGGCACTGCA,51,True,1
CTCATCTCAGTACC,51,True,1
GGACCCTTAAGTAT,51,True,1
AGATCTGTGTAGCA,51,True,1
AGTGGTTAGCACTG,51,True,1
AGTTCAAGCGCCGC,51,True,1
TACTTGTTTTCTAC,51,True,1
TAAGGGTTAGTTAT,51,True,1
TCATTGATAGTCAG,51,True,1
CCAGACGTCTCGTT,51,True,1
GTCGTTACCAATCT,51,True,1
AGTCGCCAAGCATA,51,True,1
GCAATTCAATTAGT,51,True,1
AAAGAAGCTTACGA,51,True,1
TGGAAATCTATTAT,51,True,1
TTGCTGTTGGGTTT,51,True,1
GATCTCCGCCTTCT,51,True,1
GAATCTTACCCAGT,51,True,1
TCGTTTCCGTAGGA,51,True,1
TCCCGGCCTTTCCC,51,True,1
GCGACCTACCAATG,51,True,1
TTAGCATCTACCTT,51,True,1
AACATATATGCCCT,51,True,1
TTGCAATACTAAGA,51,True,1
CTAACGGCGGGCGT,51,True,1
TTAGCATAACATAG,51,True,1
TAAGGCAACCCCTT,51,True,1
ATCAACGATTGACC,51,True,1
CGACCACATGATCG,51,True,1
CAGTGATACCAACC,51,True,1
TACCAACGGTTCAA,51,True,1
TACACTTACGAAGA,51,True,1
CTTGTTCCGGAACA,51,True,1
GACACCTAATACAC,51,True,1
TACTATTGTCCGTG,51,True,1
CCGTTTTAAGGATA,51,True,1
TACTGACTTTGCAA,51,True,1
TTGAACATTCGCTC,51,True,1
GTACTCAAAGTGAA,51,True,1
AAGACTAGATCCCT,51,True,1
ATATTATTTGGAGT,51,True,1
GTATAAACGATTAT,51,True,1
GTAATCATCTATGG,51,True,1
TTACTGTAGCGACT,51,True,1
TACCCTAGAAAATG,51,True,1
GTAGACCGCATATT,51,True,1
TCATACATTCGCGT,51,True,1
CACCCGTGAATAAT,51,True,1
TATTTCCATTCCTG,51,True,1
CAGGATTCATGATA,51,True,1
TAGCTGTCTTACGT,51,True,1
GCACCCTACTCCCT,51,True,1
TCCATCCGCATTGG,51,True,1
GTATTTAGATCATG,51,True,1
GGACCACGCTCTCC,51,True,1
TTACACGTCTCTTG,51,True,1
TACTATCACGAGAC,51,True,1
TTCGCTTTAAATGG,51,True,1
TGACGGATACATAT,51,True,1
TTGATGATAAGATT,51,True,1
ATGGTATATTGGCC,51,True,1
TCAGTCTTTAGGTC,51,True,1
TAGTGCACACCATG,51,True,1
AGGGTTCGAACGGA,51,True,1
CGCACCGCACTATC,51,True,1
TAATAGGTACCCCC,51,True,1
TATCCACCGCTTCT,51,True,1
TTAACTTATTTCTA,51,True,1
GTTGCTTCCATTAA,51,True,1
TGAACTTTAAAAAT,51,True,1
TGATCTATTATTTC,51,True,1
TAACGCACATATTG,51,True,1
CCACTCTGCCTATG,51,True,1
TAGTGCACTACAGG,51,True,1
ATGCTTGTTTATAG,51,True,1
GGCTCAACATGTAT,51,True,1
TTACGTCGACTAGA,51,True,1
CCTTATGCTCGTTT,51,True,1
TCTCAGTGAAGCAC,51,True,1
CCACCAGATGTCGA,51,True,1
CTGAAGGGTTACGT,51,True,1
TGAGTGATTATATC,51,True,1
TGACAACCAGACTC,51,True,1
TAATCGCATTAATG,51,True,1
TTAAGCGCCGAGAT,51,True,1
TATGCTTTTGCGAA,51,True,1
GTCTAGAATAGACA,51,True,1
AGATATTCATAACC,51,True,1
AGTCCCCACGGCGC,51,True,1
TCAAAGCTTGACTT,51,True,1
TATGACTTCTACGT,51,True,1
TTCTAACAGGTTAA,51,True,1
AACCTCCCCAGTGA,51,True,1
AGAACATTCTCAAC,51,True,1
GTCAAGATTAGTTG,51,True,1
ATGCATCGTCTGCT,51,True,1
TCGATCTCAGGTCC,51,True,1
GAAGGTCCTTTATC,51,True,1
TTACCGCAAAGCCT,51,True,1
TGAATTACGCGGAC,51,True,1
TGCCTAGTGTAAAC,51,True,1
TCTGTCAAATGCTA,51,True,1
CTACATGACATGTA,51,True,1
CTCCTTTTCCACAG,51,True,1
CACACCCAAAGCAT,50,True,1
TGCGGTGTAAAATG,50,True,1
GATCATTCCGTGTC,50,True,1
TGCCACATTAGCTC,50,True,1
TTCTCCTAACAAAC,50,True,1
CTCATCTTATCCGC,50,True,1
GTGTCTGTCCCCGT,50,True,1
ACTGTTACAGTCAG,50,True,1
ACAGTTCTCGACCA,50,True,1
TATAGCAATAATAA,50,True,1
CCCCATGCCTTCGA,50,True,1
CTGACTATTCCTAC,50,True,1
TACACAAGGCTCGT,50,True,1
ATCTAACATTCGGA,50,True,1
GTATATGTCATTGG,50,True,1
ACAAGAGCGGACAT,50,True,1
TTAGTACCCCTTAA,50,True,1
CTACCCATTTTCAA,50,True,1
CCGTTCACAATATG,50,True,1
CTGGCAGAAGCGCA,50,True,1
TTCCTCATTAGGCG,50,True,1
CAGAACCTAGGTGT,50,True,1
GTTCACCGTGTCAC,50,True,1
GATGTTCCGCGGCT,50,True,1
CGCCCTAAACCAAG,50,True,1
TTCGATACGCTCCT,50,True,1
TGCAAATTGCCATA,50,True,1
CTACTCTACGCCAT,50,True,1
TTAAAAGTTATGTC,50,True,1
TGCGACCATAATGT,50,True,1
TTATCGATTTTTGA,50,True,1
CTGGCACAATTCTA,50,True,1
ACATGCCAGGACAG,50,True,1
CTGCCTCGACTGGC,50,True,1
CAAGGGGTGGTCCT,50,True,1
GCATAGTCATATTC,50,True,1
CGACTGGTTACACC,50,True,1
TAAGAAAAAGGGTC,50,True,1
TTTTCGTCCAACCC,50,True,1
CCTTGTGCGTTGCG,50,True,1
CGCGATACCCCGCT,50,True,1
CTTCTTCCACCCCA,50,True,1
GTGTCACTTTTACC,50,True,1
GAGCATATAAATGT,50,True,1
TACCTTTGCCAATG,50,True,1
ATAATGGTTCCAAT,50,True,1
AACAAGATCTAATG,50,True,1
ACCACACTGAAGAA,50,True,1
ACCAGCAATTTAAT,50,True,1
TGCCCACGAGCGAA,50,True,1
TTGGGTCCAAAGTT,50,True,1
GTGAGTCCAAGTGA,50,True,1
CATGTGGTGATACT,50,True,1
CACACGCCAATTTA,50,True,1
CACAACAAGTGGCA,50,True,1
TACTATTGTCTATG,50,True,1
CCATTGCACGCATT,50,True,1
CATTGACTCAACTT,50,True,1
GTATCTGTTTCTCT,50,True,1
AAGAACTTTTCTGC,50,True,1
TAGGAGCTGCAACA,50,True,1
GTGGATCGATCAAC,50,True,1
TTATGGAATTCCAC,50,True,1
TCTCGGAGTCACGA,50,True,1
TCCGAATTCAGGTC,50,True,1
CCTGGCATTAAAGG,50,True,1
ACACTCACTCCTGT,50,True,1
TGCGATATTGAAGA,50,True,1
CCAATCCTTGGACT,50,True,1
TATGATCGGAATCC,50,True,1
CCTTTTCCATAGCC,50,True,1
GCATAGCGTAAGTA,50,True,1
CCATATAGAACAGT,50,True,1
ATACTGCATAATTA,50,True,1
CGGCAGAGCGCATC,50,True,1
CTGGTAAAGGAAAC,50,True,1
TACACAGGCGCAGC,50,True,1
TGTGATACTTAGTG,50,True,1
GCTAAGATGGCAGT,50,True,1
TTAAATCCCGGATT,50,True,1
CCCACACTCGATTT,50,True,1
TTATCGGTTATTGC,50,True,1
TACCCTTGAAAACT,50,True,1
AAGGACCCAGGAAT,50,True,1
TACTAAGTAGCTAA,50,True,1
TATGTCAATATCTA,50,True,1
AGAATGAATCCTGT,50,True,1
CAGCGGTAGACTTG,50,True,1
ACTATCTCGTGATT,50,True,1
GTTCTGGCTTACTT,50,True,1
GTGAAACCATTTGT,50,True,1
GTCATCCCGAGTAA,50,True,1
TAAACTAATTTAAC,50,True,1
TTACACAGTTAATC,50,True,1
TGTCAACTCTAACG,50,True,1
CTGCATGCCTAGCA,50,True,1
CTGGCGAGATCCTA,50,True,1
TCGTTTGACTGCAG,50,True,1
TTCGGGTAGCTAAA,50,True,1
TATCACATTATACT,50,True,1
CCCGACTCGCCTGC,50,True,1
TTAATACGCGAGGT,50,True,1
TGGGCATATGTTTA,50,True,1
GAACTTCTGCCTAC,50,True,1
GTATTTCGAGCTTT,50,True,1
TCTCTCTCCGTCCC,50,True,1
TAAGCTTCCCCTAT,50,True,1
ATTTTCCCAATAGA,50,True,1
CTTACACTATCTGA,50,True,1
TCTTGTATCTCCTT,50,True,1
GACCATCCTTCGTA,50,True,1
CGAAATATGAGGAG,50,True,1
ACCCTCAGGAGTAG,50,True,1
TTGCCTTACCCACC,50,True,1
TACTCCCAAAGTCC,50,True,1
GACGCAACTACTAA,50,True,1
GGCCAAGGAAGCAA,50,True,1
GTATAACCTTGACT,50,True,1
TTGCCAAAGCTCAG,50,True,1
GCCACTCTACTCCG,50,True,1
ATAGGTAAACGGGG,50,True,1
CAGACACGGCTTTG,50,True,1
TGAAATTAATCTAG,50,True,1
TGAAAATCGCGTTC,50,True,1
GAATAGCTGACAAG,50,True,1
CTCTATGGGAGCTT,50,True,1
TTCCTTGCGCTTTC,50,True,1
GTATGGATGAAAGT,50,True,1
TATGAGTGAATAGC,50,True,1
GACATTTATTAAGC,50,True,1
TCGCCCAGGCACTA,50,True,1
CTCATATCATATTG,50,True,1
TGCTTGCTTCCATT,50,True,1
ATCTATACACATTT,50,True,1
GTATGAATCCTTCA,50,True,1
TGTCACGTCATGGC,50,True,1
TTACGAGAGTCTTT,50,True,1
TTCCAAGTTCGCAC,50,True,1
TGACCGCTAAGTTT,50,True,1
GCGTCAGTTGTTGG,50,True,1
TACATTAACGTTAC,50,True,1
CCATGGTTTTCTGT,50,True,1
TCGCAAATACCCCT,50,True,1
TCACATAACCGATC,50,True,1
TGTATTTCCCGTTC,50,True,1
AAGGACAAATGTCT,50,True,1
ACTTTAAAGACGCT,50,True,1
TCGGATGAATGACA,50,True,1
TGATCAAGACATCT,50,True,1
TGTATCCATCTACC,50,True,1
TGCGCCACACCGTC,50,True,1
TTAAGCAATAATGC,50,True,1
GTTCTTCCAGCCGG,50,True,1
TCCTGCTTGACGCT,50,True,1
TACAACATGTTAAA,50,True,1
GCCCATCGGCACTC,50,True,1
ACTGGTATACTTCT,50,True,1
TACGGCGGATCAGA,50,True,1
TGTATACTATATAC,50,True,1
CTTGTGTCACCTCA,50,True,1
TCACACCTCACCAG,50,True,1
TATAATACAATCAC,50,True,1
CTTTCCCCACCGAT,50,True,1
CGGATATTTTACCT,50,True,1
TGTAACTGCACACT,50,True,1
GTGTTCTGTGAACC,50,True,1
GCCACATTACTCTG,50,True,1
GGTCTATGAGGGGC,50,True,1
GCCCTGCATGTCCA,50,True,1
AACTACTTAATAGT,50,True,1
TATCCGACGCGGAG,50,True,1
ATAGCGCGATATGC,50,True,1
CAAAGGACGGTAAT,50,True,1
CAAAGGCATACACA,50,True,1
CCCTATTAATGCCG,50,True,1
TGCCTGCCTCCCCC,50,True,1
ATAATCAGAACCGT,50,True,1
TAATAATCTAAATC,50,True,1
TAATCAAATGACAG,50,True,1
TACGTGGGATTATT,50,True,1
CCTGAAACTTAGCT,50,True,1
GTTGCAGCAGTTCC,50,True,1
AGGAGCGTGGGTCA,50,True,1
TAAGAACCAGATTC,50,True,1
GATGCAGAACTTCC,50,True,1
AGTCTAACTATTCA,50,True,1
AGAACAATACAGAA,50,True,1
ACTGGTTATTTGAG,50,True,1
TGGTACTCACCATG,50,True,1
TTCGAGATAAATAA,50,True,1
TGATCACAAAGGAA,50,True,1
CCCGCACTAGCCTA,50,True,1
ACCGCGGATCGATG,50,True,1
TCGTCCCCCAAACT,50,True,1
TACATTATAAGCCC,50,True,1
CCAAGAACCTTCAT,50,True,1
TACCACGACCATAT,50,True,1
TGGTACCTAATACC,50,True,1
CAATGACATTGACC,50,True,1
GATGGTGTCCGTAC,50,True,1
CTGAATCCACGCTG,50,True,1
TCTCCATCAGTCAT,50,True,1
CTATCCCTTACTGA,50,True,1
TAGAGGAAATTCCA,50,True,1
CTCGAAATGATACT,50,True,1
ACAGTCATACGTCC,50,True,1
TTGTGCGAACTGAA,50,True,1
TGACCTCCCCCATA,50,True,1
ATCTAGATCCATCC,50,True,1
TGGAGAATGAGGAC,50,True,1
ATATGGGATAACAC,49,True,1
ATGAAAGAGTTAGA,49,True,1
AGAAAGGTACAAGC,49,True,1
TTGAATGAGAATAC,49,True,1
TGGCTCCTTCACGG,49,True,1
CCTCCAAAGGATGG,49,True,1
CCCCGCGCCGCTCG,49,True,1
CGAAAAGAAGTCAT,49,True,1
CAGGCCGCTGTCTT,49,True,1
AAGCCTAAATAACT,49,True,1
TCCTGGCCGCGACA,49,True,1
GTGCATACTCTAAG,49,True,1
ACTCAAACAGACCG,49,True,1
ATCCGCTTAACGAA,49,True,1
AGAGCTCTTCAGTA,49,True,1
TAAATCGGTCACTA,49,True,1
TTGTTGAATGAGCA,49,True,1
ACCAGGTTGCTTAA,49,True,1
TACTTATGTCGCAG,49,True,1
GTGTACCGTTTGAA,49,True,1
TCTCACGAGATCAA,49,True,1
GTTGTTCGAGAGCG,49,True,1
TACGAGCCGATTAT,49,True,1
CCCCGCACACCGTC,49,True,1
CTACACAGTCATAA,49,True,1
GTATGGCATAGTTC,49,True,1
CGGATCACCAGGGA,49,True,1
GCTGCGCAATCGTG,49,True,1
TTACATAGAACAAT,49,True,1
TCTAACATAGTGCT,49,True,1
TGCAGCTCATAAAA,49,True,1
GTCGTTCATTCGTC,49,True,1
GTGTCCCTTCTCCG,49,True,1
GAGGTCCCACTCTG,49,True,1
ACGTACGACTCCGC,49,True,1
TGTGACTGAGTCAG,49,True,1
CCAGTTCGTAATGT,49,True,1
ACAAGCGATTTTGT,49,True,1
CTATGCTGTCTTTT,49,True,1
ATGTAATTTCGTCA,49,True,1
CCGGCCCCCCGCAG,49,True,1
TAAGAGTGCTGTGT,49,True,1
GATTAGTCACCAAA,49,True,1
TTATCCCGTCTATG,49,True,1
GGCAAGCCAAACGT,49,True,1
TTGTGAGTGTACTT,49,True,1
GTATTGCGAGCTTT,49,True,1
TTTCTCACTCGATT,49,True,1
GACACACCCCTATT,49,True,1
GTAGTGGTCGCGGG,49,True,1
GCCATTCCGCGACC,49,True,1
GCAGCCAACCGCCA,49,True,1
TTCTGGGCCGTGGT,49,True,1
GTACTGGGGCTGTC,49,True,1
CATACGCCGAGTCC,49,True,1
CTTCTTACTCTATG,49,True,1
ACAACACTAGTAGG,49,True,1
ACCCTCCGGCAGAG,49,True,1
CCTCTCAGGAATAG,49,True,1
GTCCCTTGGATCTA,49,True,1
TGCGTATAATTCCA,49,True,1
TAAGGTAGCATTAC,49,True,1
GTATTCGTGATCCT,49,True,1
AGAAACTGACGCCG,49,True,1
CAGCAATAATACAC,49,True,1
TAAGTATACGTAAT,49,True,1
GTAAACATTACGGC,49,True,1
GCCCATTTACAATA,49,True,1
CATCTTGCATGTGT,49,True,1
GGACTATGAACTCC,49,True,1
AACGCATTCTAGCA,49,True,1
TGTACCGCGTGAAA,49,True,1
GAAGACCATTCTAT,49,True,1
GGAACGCAAGACGA,49,True,1
AGTCTAACTCGGTA,49,True,1
AGGGACTAAAGGCC,49,True,1
ACCTCATTTCATTG,49,True,1
AAGGCTCCATCCCC,49,True,1
GGCGTTGGCCCAAC,49,True,1
TTCCATACGTAAAG,49,True,1
AGCTTTAGCATTCA,49,True,1
ATCTTCGACGGATT,49,True,1
CCCTGACCATAGTA,49,True,1
TGCCGTGTTTAAAC,49,True,1
TAAACAAAGAGTCA,49,True,1
TATTACCTTCCAGT,49,True,1
ATAGCGCTGGATGC,49,True,1
TAATGCCAACCTAC,49,True,1
CATGTTGGTTGGTA,49,True,1
TGTGTACCGCTAGC,49,True,1
TGAGAACGGATTCT,49,True,1
ATGACAAAGCATGT,49,True,1
CTTTACAGTTGATA,49,True,1
ACGTGTGTTCCTCC,49,True,1
TTGGACCAATGCCC,49,True,1
TCCTACACAAGTCC,49,True,1
TCCTAGGATATTGC,49,True,1
AGTATAATGAGGTT,49,True,1
AAACAGCTCGGAAT,49,True,1
TAACGGAAGCCCCT,49,True,1
CAGCCCGCAATGAA,49,True,1
TTCAACACTTTATG,49,True,1
ATGAGTGCGCAACG,49,True,1
CATCAAATTATGCC,49,True,1
TTCATAATAAGAGC,49,True,1
TTGCATAACTTATT,49,True,1
CCCCACTGTTCCCG,49,True,1
GGATGATGAAAACC,49,True,1
AAGCTTAGGAATTG,49,True,1
TTTGATCCGCCAAT,49,True,1
CCGTGTACAAATAA,49,True,1
TATATCCAGTACAC,49,True,1
CCAACGGCTCATTT,49,True,1
AGGTAGTGGATAAT,49,True,1
GCCATACGCTAGAA,49,True,1
TACACCATTCTGGC,49,True,1
TCATTTTTAACCTA,49,True,1
AAACTGATGGAATT,49,True,1
AGTGCTTACTCACG,49,True,1
TACCTCCCACGCTA,49,True,1
CCCCCAGATTCTGT,49,True,1
GGAAATCAAATTTC,49,True,1
AGAACGAGGGTTGA,49,True,1
CTCTCTCTGCAGTC,49,True,1
TGACAGTAGGCAGA,49,True,1
CCATTACTGAACGA,49,True,1
TCCACCGGGTTCCA,49,True,1
TTGCTGTAACACGC,49,True,1
TTATGACCCGGTTC,49,True,1
TATGAGATCGCGAC,49,True,1
TGTAGCACCTAACG,49,True,1
TTACACTCTCTTGA,49,True,1
CTCCCGATACTATG,49,True,1
TAATGCCAAATCAA,49,True,1
GCATATGAGCCAAG,49,True,1
TTGGTTACACCTTA,49,True,1
TTATACCTTCGCCC,49,True,1
GATCAGTAAATTGG,49,True,1
TATCAATTACGTCT,49,True,1
ATACCCGTGTCGCG,49,True,1
AGTTCAATGTATTA,49,True,1
CCAACCTAACCGGC,49,True,1
GGGCTTCCACCCTG,49,True,1
TTATACCGCCGCAG,49,True,1
ACATGTTCTATGCT,49,True,1
TGGCCAGCGCGCAC,49,True,1
TCTTCTCAGTTTCG,49,True,1
TTGGAAAGCTCATT,49,True,1
TATCTATAGTTATA,49,True,1
ACACCACGACACAT,49,True,1
CTACCAATAGGCCA,49,True,1
TATGTCTAGGATAG,49,True,1
CAAGTCCCCGCTGT,49,True,1
AGGAGTAATATTCG,49,True,1
CAACCATTTCACGT,49,True,1
TAATAAACTCCAAC,49,True,1
AAGGCGATTGACAG,49,True,1
TGAGTACTGATGCG,49,True,1
CTTCCCTTTAGTAC,49,True,1
AACTCTCACGGACG,49,True,1
CATCTTCACTCCCA,49,True,1
TATCTTAGAATGTA,49,True,1
TGGAGAAATATTTC,49,True,1
TCCCAAGAAGCTGC,49,True,1
CTCCATGGAGGCTC,49,True,1
AAGATGTTGTCTTA,49,True,1
CTACACAACGCTAG,49,True,1
CACACGTTTAGGAA,49,True,1
CTGCCGCTAAATAC,49,True,1
GTAACAGGTTTGTA,49,True,1
CCACACGCAAATCC,49,True,1
ACCCGTTAAGACGT,49,True,1
TACAATTTATCAAG,49,True,1
AATACCACCTTGCT,49,True,1
TTCGGGTCGATCTT,49,True,1
TTGACAGGCATATT,49,True,1
CCTAGCATCAGCAA,49,True,1
CCTTGCGTTGGTCA,49,True,1
CTATAGTCTAAAAA,49,True,1
CAGCCTTTCAACCC,49,True,1
TCAGTGTGGAGCGG,49,True,1
CATGGCGACACTGC,49,True,1
TGCGTAAGGCTGAG,49,True,1
AATTCAAATACGAG,49,True,1
TAACAAACGTGAGT,49,True,1
CTGTGCAAACCACC,49,True,1
TCACACTACAGATG,49,True,1
GACGTTACAACCTC,49,True,1
TGATGTCTTGTAAA,49,True,1
TCACGGCCTGAGCA,49,True,1
CATGCGCTAAGTAA,49,True,1
TGCCGAAGAGGGTG,49,True,1
TCACAGTTTAATCC,49,True,1
CCCGTTGACGCTGC,49,True,1
GCAATACTTACCGC,49,True,1
TTGAACGTGCCTGG,49,True,1
TAAGAATCAATCCT,49,True,1
TAACGTACCATTAC,49,True,1
TACTATAATGCGCT,49,True,1
CCCGCTGCATCCCC,49,True,1
GACCCTTCCCGGAC,49,True,1
TGTTTTCATAACCT,49,True,1
CAACCCCGGCCACA,49,True,1
CTTAATATCTACCT,49,True,1
TAACAGCACAATAA,49,True,1
ACCCGACGACCAAC,49,True,1
CCATCACGTGATAT,49,True,1
CTCAACCCGAGCAA,49,True,1
GCAACACAAAACCG,48,True,1
GTACGACTGTAGGG,48,True,1
CGTCCGGTAATAGT,48,True,1
CCACCGTGATCCCA,48,True,1
TAACGCATTTCATG,48,True,1
TTTTCCTGTGTCAA,48,True,1
TTGCTTCGTGCCCT,48,True,1
AGGGCGTCTTACAA,48,True,1
AAAGTTGCCAGAAA,48,True,1
ACAGATAGGAAACC,48,True,1
GTCCTAGAACCGCA,48,True,1
TAACACATTTTTCC,48,True,1
CCACAGTTGCTATC,48,True,1
TATCGTCCAAACTT,48,True,1
ATACCCTTAAAATT,48,True,1
ATTATGGTAATTGA,48,True,1
TATGTGCCTTTCGT,48,True,1
ATGGATGTAACGAA,48,True,1
TCCATATCCGACCA,48,True,1
GGCCAACACTAGCA,48,True,1
TCTTCATAAGTCTG,48,True,1
CTATCCTTAACAAG,48,True,1
TCAGTATAGGTGAG,48,True,1
TATACACTCCTTTT,48,True,1
TGAGTTCAATAATA,48,True,1
TTCTCTTACACATC,48,True,1
CTTCGATATAAACG,48,True,1
TACAGCTTGGGAAC,48,True,1
TACTAGATACGATC,48,True,1
CTAGCTCAAAAACT,48,True,1
TATCCATCGGCGAC,48,True,1
CTACCCGCGGAATT,48,True,1
ACTCTTGTCTTGAG,48,True,1
TGCTGCAGTCCACG,48,True,1
TCCGTTATTCTTCC,48,True,1
ACCCTGCCCGCAGC,48,True,1
TGGCGAAGAACTTC,48,True,1
AACACGTAATTATA,48,True,1
TGTAACCAAAGTGT,48,True,1
AACACAAGTCCTTC,48,True,1
TCCATCATCTGGCC,48,True,1
ACAGCATTCCATTT,48,True,1
GAGAGATGGAAAAG,48,True,1
TTCAAACTCTAATT,48,True,1
TAATACAATATTGT,48,True,1
TAGCTTATGCAAAC,48,True,1
CGGACACCTGCCGC,48,True,1
CTTGGCATGTTGCG,48,True,1
GGGACATACGTATC,48,True,1
TGAGAGGAGATTAC,48,True,1
TCCCACGTCGGGCC,48,True,1
TACTAGTGACCTGT,48,True,1
TTAAACTAATCAGA,48,True,1
AGAATAGATAAATG,48,True,1
CCCAGGGAAGTACT,48,True,1
GTAGTCCTTGCCAG,48,True,1
TATAAATACCCCCG,48,True,1
TTCTTAGCGCAATT,48,True,1
ATATCACCACGAAC,48,True,1
CCACGACCCAAATC,48,True,1
AACAGTTGACAGCT,48,True,1
TGCCCACTCCACTA,48,True,1
ATATGAAATTCAGC,48,True,1
CCGTCAATCACATA,48,True,1
TCCAAGCCTGGCCA,48,True,1
CTGATAATGAACAG,48,True,1
TGTATTGCTGGGAC,48,True,1
TTTTGATCGATAGA,48,True,1
AGCAGTTAGCAGGT,48,True,1
GAGGTCCGTCAACA,48,True,1
CATCATCTGGCCGC,48,True,1
ACTGTAGATCGCCT,48,True,1
TATCCAGATTGCTT,48,True,1
GATCTTTAGCTGGA,48,True,1
CTATAGATTCCTCC,48,True,1
GCACAAACAGAGGC,48,True,1
TTGATGCAGGCTGG,48,True,1
CAGTCTCACCACAG,48,True,1
TAACTAGATTTGAG,48,True,1
GCATACAACCGCCG,48,True,1
AGAGGGCTATCACA,48,True,1
TACCTGAAATGCGT,48,True,1
CCCGCTCAGCAATA,48,True,1
AATTCATTCTCCCT,48,True,1
TTCATACGAGGTGC,48,True,1
TGCGCCTTTTCTCC,48,True,1
TTATCCCCATGCAC,48,True,1
CCCTACGTCAACTT,48,True,1
CTTTGCCAAAACCC,48,True,1
TTACTTACTGGCAA,48,True,1
CTATTTCGGTCGAC,48,True,1
TGTGTCAGTTAAAT,48,True,1
TCCTATCTACCAGC,48,True,1
TGGCCTTTATCCGT,48,True,1
GCAGCATCTATGAG,48,True,1
CGATCGTGCCATTC,48,True,1
CTCCCACTTCCGCA,48,True,1
CCTAAGACTCTGAA,48,True,1
TATGTTATGTTTTT,48,True,1
ACCGTATTCCCGCT,48,True,1
TGTTAGACGGATAT,48,True,1
ATATCCGTAATCCG,48,True,1
CAAAAGCCAGATCT,48,True,1
TGCATTCGTTAAAA,48,True,1
GCACCCCAACTCAG,48,True,1
CCCTCCCCCGACAG,48,True,1
AAGAGCATACTGTT,48,True,1
GTGTCGTGCTTTGG,48,True,1
CTTTCTCAGCACAG,48,True,1
AGATCGTTAATGCC,48,True,1
ATAACTGCTATCTG,48,True,1
CTGTACTTTGCTGT,48,True,1
ACAAAGGTAGTTAA,48,True,1
TTAAACGACCACGA,48,True,1
TTAAGCTACCGGCT,48,True,1
CCATCGGAAAGTCG,48,True,1
GTACTGAGGAGCCG,48,True,1
CTCCTGGATTGGAT,48,True,1
TTTTAATGTCGTGC,48,True,1
ACTCCGCTGCTATA,48,True,1
CACTTCTTGGTGAC,48,True,1
CGCCTAGGACTATA,48,True,1
TTAGTTTTCTATGT,48,True,1
TGGGGACAAGACTG,48,True,1
CTCGTACTCACGTA,48,True,1
TGTGTGGATAGTAA,48,True,1
TCCAACAGTCCTCG,48,True,1
CCTCCCGTCCCCAC,48,True,1
CAGGATAAGGAACG,48,True,1
TACTCGTAAAAATT,48,True,1
TACTTAAGCCATCC,48,True,1
AGCGTATCTCGAAT,48,True,1
TCCGCGGTACGCTC,48,True,1
AGGGGCCAGCACTA,48,True,1
TAAGACATCATAAC,48,True,1
CAACTCATTAAGTG,48,True,1
CCTGTGCTGTCGAT,48,True,1
TCCTACACGCCGGC,48,True,1
TTACGAAAGGTGGG,48,True,1
CATCTCTTGCCTCC,48,True,1
TATCCATCGCAGTT,48,True,1
ATGGTAATGATTTG,48,True,1
CTGGTGGATAATCC,48,True,1
TGACGAGAGCGTTA,48,True,1
CCATGACTTTTCCA,48,True,1
TTAACGTCTACGGT,48,True,1
TCATGATAATCCCA,48,True,1
GGAATACACAGATA,48,True,1
GGCAAGACGGAATA,48,True,1
TCTTTTGCAAGATT,48,True,1
TCATTCCTTTTGAG,48,True,1
AGTTCACTTGAGAT,48,True,1
ATCACATAGTGTGT,48,True,1
ACAATAGTTGGCGC,48,True,1
GTACATCTGCGAGC,48,True,1
TGACGTACAATGAT,48,True,1
CGATAAGACCGCAC,48,True,1
TGCCCTTACTCAGA,48,True,1
CTCGGTCATGCAAC,48,True,1
TTTAAACCCTTGCC,48,True,1
TCGAGGTCCGTAGC,48,True,1
GTAGCACACTTGAA,48,True,1
TACTTCTCTATATG,48,True,1
CCATAACAATGCCG,48,True,1
TTCGCAAAAATTGG,48,True,1
CACCCTGCCTGGAC,48,True,1
TAACAAGCGAAGCA,48,True,1
CCCAAGCAAGCATT,48,True,1
TAAGCTTCATCTTC,48,True,1
AGACTATGACAGTG,48,True,1
CCACCCTTGCGCAG,48,True,1
TTAGCCATGCATTA,48,True,1
CTAAGGCCATGGAA,48,True,1
TGGCCCGGAACCTA,48,True,1
CTACGTAGTGGTTA,48,True,1
TGGCCTCTCCCCCG,48,True,1
TCTTCCTGCCTATA,48,True,1
TCAGATGAGAGTCA,48,True,1
AATGAGTGTTTACG,48,True,1
CAGAACTACCCTAT,48,True,1
TTGGCGGTCACAGA,48,True,1
AGTCGGATTTTGAA,48,True,1
CAAGTCAAGCATGA,48,True,1
TACCCGTAAGATAA,48,True,1
TAACACATGAACAT,48,True,1
TGATAGATCTGTAG,48,True,1
AAAGTTCACCTCTC,48,True,1
AGAGTATTAACCCC,48,True,1
CCATCCCCCAACTC,48,True,1
TTCGGACACCGTTC,48,True,1
GCCCCTCTGTTATG,48,True,1
GACGCTGGTACTGC,48,True,1
TTTCTCGGTATTAG,48,True,1
GCTAGGGGAGCTAA,48,True,1
AGATCATAGAACAC,48,True,1
TATACATTCGGCCG,48,True,1
CACCAACTTTACCA,48,True,1
TAACGCGGAGAGAG,48,True,1
TCAATATCCGTGCT,48,True,1
GAGCGTGAGTCGCG,48,True,1
TTACACCGGGTGCC,48,True,1
TCATCGTACCAGTC,48,True,1
ATGCAGGTTTATAG,48,True,1
TACCTTGAATACGA,48,True,1
TCCCTCCTTGAGTG,48,True,1
AGGATTGACGTCCG,48,True,1
GGAAGCGAGACTTT,48,True,1
TGCCCATTAGCGTT,48,True,1
TGCACCTTTTTTCG,48,True,1
TGATTATCTAACCT,48,True,1
TTCAACATTAAACG,48,True,1
AAGAGGAGCGACGC,48,True,1
AACCTGGTAGTTCT,48,True,1
TATGATATCTGGCT,48,True,1
AGGCAAAGGGTACA,48,True,1
TAATCTTCGCGATG,48,True,1
CTCTACATTCTTGG,48,True,1
CCCGGCGACCTAGT,48,True,1
TGTCATATTAATTG,48,True,1
TATCACCTTCTCCA,48,True,1
CCACACCTTACGGC,48,True,1
CCCAACCTACAGTT,48,True,1
CAGCTTGTGATTTC,48,True,1
GTTGAGATCTTTTA,47,True,1
TGGTCGCTACGTAC,47,True,1
CCAGATGTCACAAC,47,True,1
ATGGATATAAGAGT,47,True,1
TCACCTTTTAAAAA,47,True,1
GTCCCTCCCTGATG,47,True,1
CCATATCTCCCTCG,47,True,1
TACCCTGGTGGCCA,47,True,1
TAATAAGTTATAAA,47,True,1
ATTAATCCTTGTTA,47,True,1
TACCCTTGTAAGGA,47,True,1
GAACACATCGATGC,47,True,1
GCATTAACGCGTGA,47,True,1
CAAAAGGTGTATGA,47,True,1
TAGAGACAGCGAAA,47,True,1
ATCACAGATATATT,47,True,1
TCCATAGCACTCAG,47,True,1
CTGAGATACTCTCG,47,True,1
GAGGGACTTATCGG,47,True,1
TGAACGTTATTCTA,47,True,1
TCATTCAACAGTAA,47,True,1
TAACTACAGCTTAT,47,True,1
GTCCGATGGGTGTA,47,True,1
GTTTAGGCATTCAA,47,True,1
GTTATAAGACTGAT,47,True,1
ATCTTCAGCTGGGT,47,True,1
TGCCTAGTATATTC,47,True,1
TTACGATCTCTTTC,47,True,1
CACACGCACTGTGG,47,True,1
TTCTTTTATGACCA,47,True,1
TCCATTTCGTTCCT,47,True,1
ATCACGCTACTTTA,47,True,1
GGGGTTCACGCCAC,47,True,1
AGAACATCACAGAA,47,True,1
GAGCGAATATTCAA,47,True,1
TATACTGGTTACCG,47,True,1
GACACGATGTGTTG,47,True,1
AGACTGAGCCTGTT,47,True,1
TATATGTCCCCCAG,47,True,1
TATTGATCCACAAA,47,True,1
CACCTAGCGATCGT,47,True,1
AGACCGACGCCTAC,47,True,1
TGGTAATCAATAAC,47,True,1
TTAGCCCCCTAGTT,47,True,1
CCAAACACCTGAGC,47,True,1
TAGTGTGTTTAGTA,47,True,1
CAGAAACCCTGAGC,47,True,1
TAAACAAGTAGGGT,47,True,1
ATCAATCTTGTCCA,47,True,1
TACTTGTCACCCAT,47,True,1
TTTCTGAACCTTCC,47,True,1
TTGAGCTACTCATA,47,True,1
CGTAACTATCACAG,47,True,1
GTGCGGTGCTCTTC,47,True,1
GGGTATCTGCCCGG,47,True,1
CCCATTTGTCAAAT,47,True,1
CTGCGCGTGTGCTC,47,True,1
CGTGACACGGAACC,47,True,1
TAAATGCAAATTGT,47,True,1
TTAGCAGGACGAAT,47,True,1
GCCCAGCTTAACCC,47,True,1
GAAACAAAATTGAG,47,True,1
TAGTACTTATATAA,47,True,1
GAACTTCGGACGTG,47,True,1
AGAACCTAGTTTGG,47,True,1
CAACATTGGCCATA,47,True,1
TTGCGCTAACAGAT,47,True,1
TTCACCCCGTGTAT,47,True,1
AGCTATCCGATTTG,47,True,1
CCTCGTCTCTTCAT,47,True,1
CAATGACGCAAAGC,47,True,1
TTCAGTTACGTCGA,47,True,1
CATACTGCGCCGTG,47,True,1
TTCGACACTAGCCC,47,True,1
ACAATTAACCGGAG,47,True,1
CGACTAATGGGCTG,47,True,1
TACAAAGGTATCCC,47,True,1
TCAGCTTAAGCTGG,47,True,1
TAACCCCTATTGGT,47,True,1
TAACATGCGTACCT,47,True,1
ACGTTAAACTTAAC,47,True,1
ACGCACCTTGTGAC,47,True,1
CCCCCCCGCCGCAA,47,True,1
TCGGATCCACAAAC,47,True,1
CCTTCACCTCGCAC,47,True,1
ACACAAGTCCACGC,47,True,1
ACGTCCCCCTAACG,47,True,1
ACAATAAGTCATTC,47,True,1
GCATTAATTAGCCC,47,True,1
TGTCTTGGAGCGGG,47,True,1
TGTGTTGTAAGGTC,47,True,1
CCAGCAATTTTAAC,47,True,1
TTTACGATGGCATC,47,True,1
TGCCCACATTTTAA,47,True,1
TAAATTAAGCATAG,47,True,1
AACCCAAGACATTA,47,True,1
TGCCTTCAACAAAA,47,True,1
TATTCAGATTAGAC,47,True,1
ACCACGTGGAGTAT,47,True,1
TAACAAGTTGACCG,47,True,1
CCTCTATCGCGTGA,47,True,1
TCCTATGTTCGCAC,47,True,1
ATCCAAGCTAGTTA,47,True,1
TAAGTAATGACGCA,47,True,1
TTCAAACTAAATCG,47,True,1
CAAGACGGAAGACG,47,True,1
ACAAATGTTCGATT,47,True,1
TATTAAGCTCTCCA,47,True,1
TCCTGGAGTCGGCT,47,True,1
ATACTTTTTGGAGA,47,True,1
AACTAAGCCCATTG,47,True,1
CTCCACATACGGAT,47,True,1
TAAGGGAAAGGGTT,47,True,1
CGACACAATATCAT,47,True,1
AGGCCCTATCATAT,47,True,1
GCACCTTTTAATCG,47,True,1
CAAGCTAAGGGTAA,47,True,1
TGTTCCCCGGTTCC,47,True,1
TAGCAAAAGTGTAC,47,True,1
ACTAAGGACACTGA,47,True,1
CTATCCAACACACC,47,True,1
AGGCCAACTAAGTA,47,True,1
CCAACCCGCAGAGA,47,True,1
GAAAAGTAAGTTCT,47,True,1
CTACAAAAGCGACA,47,True,1
CGAAACGGCATGAC,47,True,1
CTAGTGGCTATTGA,47,True,1
CCTATAACAAAGGA,47,True,1
CTTGCTCTACGTTA,47,True,1
TAAGATGAAAGTAC,47,True,1
CTACCTATACTTTC,47,True,1
TCGTGTCGCCCTAC,47,True,1
CTACCCCCCTTCGC,47,True,1
GTCAGACCGGGTCC,47,True,1
TTCGGTCATTTGGC,47,True,1
TGAATTTGTTAAGA,47,True,1
TGTCCATAGGTAGT,47,True,1
TACCCCCTCCCTTG,47,True,1
TTTTGTCAAAATTT,47,True,1
TACAGTTCTTAATT,47,True,1
ATAAACAATTGTGT,47,True,1
AGAAATTAGCGCTT,47,True,1
AGACCGGGCTGACT,47,True,1
GACACCCTCCACCT,47,True,1
TCTACTCCCGCATT,47,True,1
ACGATTGTGATCCG,47,True,1
TGGTCTAAGGCAAA,47,True,1
GCATCAAAGGGGTT,47,True,1
TGACCGAAAGATAA,47,True,1
CAGCTGTTGGTAAC,47,True,1
TCAGCAGTCATGTT,47,True,1
CTGAGCGTATAGAG,47,True,1
GATTCAGACATTAC,47,True,1
GACAACATTATTAC,47,True,1
GTCCCAAAGCTAGC,47,True,1
AGCCTGGGTGTATC,47,True,1
TGCCGTGTTACGAC,47,True,1
CTCTACCCTTCCAT,47,True,1
TTCTTGCCTTCATC,47,True,1
GTGAGTAAGCCCTT,47,True,1
CTGAAGGATGTCAA,47,True,1
TGGTCTTCTACAGT,47,True,1
CGATCCATTGGTAC,47,True,1
TTACGGCAGGCGTG,47,True,1
TAGGCTTAGCCGTA,47,True,1
TGAAGCCCACCGAC,47,True,1
TAGCAAATGCGCGA,47,True,1
TTCGCTATTAAGGT,47,True,1
AGTTGAACTTTCAG,47,True,1
CGAGGCGCGGGTTT,47,True,1
TTATCGGATACCGA,47,True,1
TTAATAAGTTGCAT,47,True,1
CCCTTAAATAAAGT,47,True,1
GTAATCGCTCGTAT,47,True,1
ATACAGTACTACGA,47,True,1
TTGCCCCTCTCTAT,47,True,1
CACTTCCGTAGAAA,47,True,1
GATCTTCCGCTGGT,47,True,1
CTCCTCCCAATGAA,47,True,1
CCCCAGAACGAACC,47,True,1
TAAGGAGACTTCTA,47,True,1
TAGAGAGTGCGACG,47,True,1
CACATACCTCCCAC,47,True,1
ATACTGTCCAAAGG,47,True,1
TTGTCCTTTGTGTC,47,True,1
ATGCTTTGTAGGTA,47,True,1
CACAAACACATAGG,47,True,1
TAATTGTCCTTAAC,47,True,1
AAACATCGACGCCC,47,True,1
CTTCGACCATTCGC,47,True,1
CCACCCACGTTCGT,47,True,1
CAACGCCTATGAAA,47,True,1
CACAAGACCCCTCC,47,True,1
TAAACAAGACTGGT,47,True,1
TCAGACTCTAACAA,47,True,1
TGTGACGCTCCTGC,47,True,1
TACCACTGTTCCAA,47,True,1
TTATACCTCCCACG,47,True,1
GGACACACTCAAAT,47,True,1
TAGCGTGTTCTAAA,47,True,1
ATATTCGCATTATT,47,True,1
TTGACTAGGACATA,47,True,1
TACGTATATTATTA,47,True,1
GAACACCAAAGGTG,47,True,1
TCAAGAGTGAAACA,47,True,1
TGAACAGAACGACA,47,True,1
TGCAACCCGAGAAC,47,True,1
GACATTAAATTTTG,47,True,1
GCCTACCATATCAA,47,True,1
TTGTGAGTCACTAA,47,True,1
AGAACGATATTGGC,47,True,1
CAACAACATGGGAG,47,True,1
TAGAAGGGGTCAAC,47,True,1
TGATTAATTGACCG,47,True,1
CTAAACCGCGTCAA,47,True,1
GACATTATGGCTTA,47,True,1
GAGGCTAGAGTGCC,47,True,1
CCCCCCTCTGAACG,47,True,1
TCTCCCCGAATTTG,47,True,1
TAGGCCAATAATCA,47,True,1
AGTCTATATAAAAG,47,True,1
GTAGGATTATACCT,47,True,1
GACGGGTTTCCATT,47,True,1
TAGGAAGCTACTAT,47,True,1
TTATTTGCACGGAT,47,True,1
ACGAAAGTCGGGAT,47,True,1
ATGCTGCCCGGTGC,46,True,1
ATAGTGCCGGGTAC,46,True,1
TTCTCGGCGGTCGG,46,True,1
ACAGTCAGACGCTA,46,True,1
TAACGATGGCTGTA,46,True,1
CTGGGATCCCGCGT,46,True,1
GCAGACATTGCGTA,46,True,1
TTCCAGGCGCTGGC,46,True,1
ACGAGCCTATGAGA,46,True,1
TTATCTTTAACCAC,46,True,1
AATACGAATATTTC,46,True,1
AGACCCAAATGATA,46,True,1
CCGCATGCTCTTAA,46,True,1
TATGGCCCGCATGA,46,True,1
TAAGATTGACACAT,46,True,1
CAGTGCATTCAATT,46,True,1
CACTACGCTTGCCG,46,True,1
CCCCCACCTTACGC,46,True,1
TAACCCACACTCAT,46,True,1
TATCTACACTCACG,46,True,1
TACGGCACAGTCCG,46,True,1
TCGTGTCTGCCGCT,46,True,1
TTGACAAAACATTG,46,True,1
TAGGGGGAAGCGAA,46,True,1
TAAGGCCCAACGAT,46,True,1
TCTAGACGTTACGT,46,True,1
AGAGAAGATCCACC,46,True,1
CAACCTCGCTGGGG,46,True,1
CTCATTATAGCTGC,46,True,1
GAGCATGTGGCGAA,46,True,1
CCTTCTGTTAACAC,46,True,1
CAGCAGATGACCAC,46,True,1
ATAGATTTAGGTAT,46,True,1
AAAAAGACAGACAG,46,True,1
ATCATTGTATAAAC,46,True,1
GCACCGCCCATATC,46,True,1
TCGTTAATTTCCTA,46,True,1
CGACGGTAACCAGT,46,True,1
TAGTGCATCCAATG,46,True,1
CCCCCTACGATTCC,46,True,1
CAACATGACGTTCG,46,True,1
CGCCCCTACCCCCC,46,True,1
TATTTCTCGTTAGC,46,True,1
CTTAACCTCCCCTG,46,True,1
TAGCGTACCGTATA,46,True,1
GCCAACAGGACACA,46,True,1
GTGTGAATTCGATT,46,True,1
GGACAGTCTGCCAT,46,True,1
TACTTAACTATTTG,46,True,1
TTGTCTACGGTACC,46,True,1
CGCATATTTCTCCA,46,True,1
TGCACAATCATCTG,46,True,1
TTGTCCCGAATTTC,46,True,1
TAATCATCAGATTT,46,True,1
TCTCGACCGCCCGT,46,True,1
ACAAAGGTACGCCA,46,True,1
GGAACTCACCACCC,46,True,1
CTGTCCCTTCTTCA,46,True,1
CGGATCTAATAAGC,46,True,1
TACCTCAATTGTTG,46,True,1
TACATGTCCTTGCT,46,True,1
GGACGACACGTGGC,46,True,1
TCCTCTCTTACTTT,46,True,1
TATTTAGACGCGAG,46,True,1
GTGATAGTGCGGGA,46,True,1
TTATTTGAGGAATA,46,True,1
TACCCGCTTCGGGG,46,True,1
TAGCTTGCCTATAT,46,True,1
TGGGTATGTGTAAG,46,True,1
TATTCTTGCCTATA,46,True,1
TAGAAACTGCACTC,46,True,1
ATATCCCCGCCACG,46,True,1
CACAAAGGGAATAA,46,True,1
CGACCGGTTAATTA,46,True,1
GTTCCCCAAGGACA,46,True,1
GTGACTCTCTAATT,46,True,1
TCATCCTATTCGGG,46,True,1
GAAGAAAACAACTC,46,True,1
ATCGTGGTAATGTC,46,True,1
AGTAGCCCGGTCGT,46,True,1
ATGACCTCGCTTAA,46,True,1
CATCCTTGGGCCAT,46,True,1
GACAATAATGTAGC,46,True,1
GACAGTGCCACCTC,46,True,1
GATAACTTGCTAGT,46,True,1
TTGGTTTTTGTGCT,46,True,1
CGAACCGACATTCA,46,True,1
TTACCGTCCCCCTC,46,True,1
GGCTCCCTGCACCC,46,True,1
TGCCAATCTAGTTT,46,True,1
TAAACATTTGTGAT,46,True,1
GGATTGTACGTATA,46,True,1
CACGCAATCCGGGT,46,True,1
CACCAACATGGAAT,46,True,1
TGGTGACTATTTTC,46,True,1
TTCGATATTAAAAT,46,True,1
GCTGTTGTAGCTGT,46,True,1
GACATACAATTGCG,46,True,1
TCAGAACGCTCCAT,46,True,1
GTCTGCTTAAGACT,46,True,1
ATCCCCGCAATTCT,46,True,1
CATAACCCGAAAAC,46,True,1
TTACGCGCTGTATC,46,True,1
ACTAAGCCTTAACA,46,True,1
GTGTCGCCGCGTTA,46,True,1
CTCGGTCTGCCATC,46,True,1
CTAAACCTCCTGAT,46,True,1
TGATGAGATTTGGG,46,True,1
CTGGACACCTATCG,46,True,1
AATGCGTTAGGCGG,46,True,1
TACTATGTATTATA,46,True,1
CAGAACTCCCCTCT,46,True,1
CCAAATAGTGTGAT,46,True,1
TTATAGTTTCACCG,46,True,1
TATTTGCATCATTG,46,True,1
TGTTCCACTCCCCC,46,True,1
AAAGCACTTGCCAG,46,True,1
CGAAGGACCATTCG,46,True,1
AATTATGCTTAGAT,46,True,1
GTGACGGTGTACCA,46,True,1
TGTCCTTATGGTGT,46,True,1
TCAGTATGACTTCA,46,True,1
TATGCTTTTTGAAG,46,True,1
ATACTCCTGACTTT,46,True,1
TATATAAACGACTA,46,True,1
TTCCCTGCGCAAAT,46,True,1
TCAAGGGATCTCGC,46,True,1
TCTAGATAGCACTT,46,True,1
TAATACATTGGTGA,46,True,1
CGTATCATGCGCTG,46,True,1
CCATATCTAGCCTA,46,True,1
GAAAGCCCCAATTT,46,True,1
CAGTGACGCTCGAT,46,True,1
GACCCGTTCCATAA,46,True,1
GAATCTCCCACCGG,46,True,1
TATAATACGTGGCC,46,True,1
TGATAGGACCGGCA,46,True,1
GCATCTGCCTTCGC,46,True,1
TGACTATCAAAAAC,46,True,1
TGGACACAATGCCT,46,True,1
ATACCATTTAACTA,46,True,1
GCAATGGATGTAAA,46,True,1
GATGCGTGTCTAAG,46,True,1
CTGCAGATCGTACT,46,True,1
ATTCTCGATCGTGA,46,True,1
GCATAGTTATAGAT,46,True,1
ATCATCTTCCTCCT,46,True,1
TATGTCGTTTGCCC,46,True,1
TGAACAGATGAGTA,46,True,1
CCGTGTTGCAAATA,46,True,1
TCTAGCTGAACCTC,46,True,1
AAGATGACAACGCA,46,True,1
GTTAATTCGTCCCT,46,True,1
TAGCGTTTGTCCTA,46,True,1
GGGCAGCTAAAAAC,46,True,1
CATTAACAGGTTAT,46,True,1
AACTACCAGAATGA,46,True,1
TAAATATTGGCTAA,46,True,1
CTAATAAGTATCTC,46,True,1
TACCTATCCTACGG,46,True,1
TAAGATTCGTTGCC,46,True,1
TTGGCCAATGTGAA,46,True,1
CGGTCACTGGGCTT,46,True,1
TAACTAGTAACGCC,46,True,1
CAGTTTACTATACG,46,True,1
GCACACTGTGGTGA,46,True,1
TATGGTGTCTGGAA,46,True,1
GCGTACCTCCCCCT,46,True,1
CATAGAACAACGAG,46,True,1
ACACTTGGGAGTGT,46,True,1
CACACGATTCTTAC,46,True,1
AGGAGACCCGGTTC,46,True,1
CCTCTGACCTGATT,46,True,1
TAGTACTGGATTCA,46,True,1
CATGACATGGATAT,46,True,1
CCCAATTTGTCCCT,46,True,1
TAAAACATACCGGC,46,True,1
ATAGGACGCCAAAG,46,True,1
CCATCCGCGCCCCG,46,True,1
TAAGGAGCCTGCAG,46,True,1
CTCATTCAAAAGAA,46,True,1
TCCGTGCGGAAATA,46,True,1
ATGCTCGCGTCCTG,46,True,1
GCCGTTGAAGTACG,46,True,1
TCAGCCAATCTTGT,46,True,1
TTCAACAGATTTAA,46,True,1
CTAATGAAATTGTC,46,True,1
CTATAGGGGAGAGG,46,True,1
TTAAACCTTGTCTA,46,True,1
TTGCATTACGACAA,46,True,1
TATGAGGCAGCTCT,46,True,1
TGACGTTGACCTAA,46,True,1
CTTATTGTCCGTCA,46,True,1
TGCACCTAACCCCT,46,True,1
TACACGTAATCTTA,46,True,1
TTCTTCGCAATCCC,46,True,1
GTACGATCGCTATC,46,True,1
TGACGTACGCGTGC,46,True,1
TGAGCAGGTTTTAC,46,True,1
GAACCAAGACGCTT,46,True,1
ACACCTACCTTTAT,46,True,1
ACCACACACTTTAG,46,True,1
GGAACGTTCTCGTT,46,True,1
CCTGTTAGTCTATG,46,True,1
TTGACACCCCGCCA,46,True,1
TGCACGGGTTGATG,46,True,1
TTGCGGCAGCCGTG,46,True,1
GATGCGCCACCCTC,46,True,1
TGATCTGTTTCCAG,46,True,1
CCTCCATACATCAC,46,True,1
TTACTAATAATGAG,46,True,1
TTGATAATGCCAAA,46,True,1
ACATCAGACCCTTC,46,True,1
TGTAATTAGCTTTC,46,True,1
CGACGACCTTTCCA,46,True,1
ATGGGCGGAATAAT,46,True,1
TATGCCAAGGATCG,46,True,1
CACTCGCTCTGTAG,46,True,1
GAGGGGTATAGTGG,46,True,1
TGGGTAAGCGGTGT,46,True,1
CCCCACCACCACTT,46,True,1
CCAAGGTTAGTTCG,46,True,1
CTTTGACTGGCGCC,46,True,1
CTACCCAATCCTAA,46,True,1
CCGATCTATCAAAC,46,True,1
TACCTTTTAAATGG,46,True,1
ATCATATTATATCT,46,True,1
CTATACCAGCATAA,46,True,1
AACAGTACCGGTGA,46,True,1
CCATGATGCTTCGG,46,True,1
GCATAAATAATGTC,46,True,1
GGACAAGACAAATA,46,True,1
GCATCTGTTGTCCA,46,True,1
ATATAAAGGACCAA,46,True,1
ACAATGACGCTTTG,46,True,1
GAGGTCAGACGCCG,46,True,1
CTTACTCAACGGTC,46,True,1
CCCCCACAAGTTCA,46,True,1
TCTCTGGCTGCGAG,46,True,1
GAGGTCAACTTAAA,46,True,1
CACCCCCCATAGTA,46,True,1
AACCAGTTACTAGT,46,True,1
ATTCCCGTTTAATA,46,True,1
ATCCATGCGTTCTT,46,True,1
CACGAATCATGATA,46,True,1
ATCTAGTGCTCTGC,46,True,1
TGACAAGTAAGAAT,46,True,1
CGACCTTTGGCCAA,46,True,1
TTAACCTTCCACAG,46,True,1
TACTACCGTTTGGA,46,True,1
TGCCTGTGGGAGAC,46,True,1
TCGTGACGACGACA,46,True,1
GTTCATACTCAGAA,45,True,1
ATCCTCGTGTCATT,45,True,1
ATGAAACATTAGGA,45,True,1
CGCTCCTGCCTAAA,45,True,1
TTGGGGGCGGTTAT,45,True,1
CACCGTCTCCGGAA,45,True,1
TACTAACGACTGAT,45,True,1
ATATATTACACCAA,45,True,1
CTAGCGGTTTTGGT,45,True,1
ACAGATAGGGGATT,45,True,1
ATGAAACCCATAAA,45,True,1
TTCGGTCCTAAAGT,45,True,1
TTTTCAAGTTGAAA,45,True,1
AGAGAGATGGGCGG,45,True,1
CAACAACCCTATTG,45,True,1
GCTTGTATTTCCGG,45,True,1
TTGCAGATAGGGTA,45,True,1
AAGGAGGGACCTCC,45,True,1
GAATGGGGACAAAC,45,True,1
TACATCGGAGAGCC,45,True,1
GTAACCCTTCGGTC,45,True,1
CAATAAGTAATCCT,45,True,1
GTGCAATCTTTTAA,45,True,1
TCCCTTCGAAGTCA,45,True,1
TACGAATTACAGAT,45,True,1
TCCGACATGGCCGT,45,True,1
TTTTGAAGACGACT,45,True,1
TGTAGCAAGACCCG,45,True,1
CTATCCTTCACCTA,45,True,1
ATAATTAGGTCGCA,45,True,1
TGTTGTCAACATGC,45,True,1
ACCCCTATTCATTT,45,True,1
TCACCCCCGCCGAC,45,True,1
TCATCAAGGTTAAG,45,True,1
CTACGGAGACACAA,45,True,1
AATCTACCACTTGC,45,True,1
GGACCACAGGTCTC,45,True,1
TTTTTACTTCGTTG,45,True,1
TAAACTAGGCTGAT,45,True,1
ACCTTGTGGGCCAC,45,True,1
GCAGCGCGTTTTTC,45,True,1
TAGGTCGTAGAAAC,45,True,1
TTGAGTTAGACTCG,45,True,1
CTACATTTATTTAT,45,True,1
TCGAACCATTCATT,45,True,1
CTCAGCATGGGGAA,45,True,1
GATTGTCAACGCTT,45,True,1
TGCAGAGTTAGAGC,45,True,1
TACCCAATCATTAA,45,True,1
GTAGTTTGTTTTAC,45,True,1
TCCTGTTACTGTCT,45,True,1
TATCCTAAGGACAA,45,True,1
ACACGAGGCCTCAT,45,True,1
TAAAAGAATCGGCC,45,True,1
GTATGCCATTCATT,45,True,1
GTAGGACACCCACG,45,True,1
CGTAATACGCAAAC,45,True,1
CGATGATTAAAGGT,45,True,1
TAGTGAATGGATTT,45,True,1
TGGAATGGTGGGTA,45,True,1
GTCATCGTTCGTTC,45,True,1
GGTCCTACCACGTT,45,True,1
TTTCATACATGCTA,45,True,1
TTTAAGTACAAACG,45,True,1
TTCTGGAACTGATG,45,True,1
TGAATACTCAAAGG,45,True,1
TGTCGTTAAGCACC,45,True,1
GCATCCGTCTCAAG,45,True,1
GACTAACCTATTTA,45,True,1
CTAAAAAAGCTCGT,45,True,1
ATGCTAACTGTGCA,45,True,1
CTTATGCTTGATCT,45,True,1
CTTGTAGAGCAGGC,45,True,1
GCACGCGACTACAC,45,True,1
TATTCGAAGATGTC,45,True,1
ATATCTCGAGGTTG,45,True,1
GCCTACACGTTATG,45,True,1
CACTGGTTGTTACC,45,True,1
CTCCCCGTTCACAG,45,True,1
GCAGTGTACCTAAG,45,True,1
TCGTGCGTGACCAG,45,True,1
AGAACAACATCGTC,45,True,1
ATAGAGCTATCACT,45,True,1
TCATCAAAATATCA,45,True,1
GGAAGTAAGAAGCG,45,True,1
TATTCTAGCCTCCA,45,True,1
CTATCGTGCAGATT,45,True,1
GTATAAAGGCGCTT,45,True,1
CAGAAGGTCGCTTT,45,True,1
TACTTGAAGGCCGG,45,True,1
TTGTCATTCTTTCT,45,True,1
CCCTTCCACTCTCT,45,True,1
ATATAACATTTAAT,45,True,1
ATAACCAAGAGAAC,45,True,1
TTGCTATCCGCATC,45,True,1
TTGGTAGATGTATT,45,True,1
ATGGACGCCCGGTA,45,True,1
AATGCTCGCAGCCA,45,True,1
TCCACAAGAACGAT,45,True,1
ATCGACTGATTTCT,45,True,1
CCTTACGCAATTCT,45,True,1
GCGCCCAACCTAAT,45,True,1
AGGTTCCCCCGGCT,45,True,1
TGTGAGCGTACAGC,45,True,1
ACCTACCAGGAAAA,45,True,1
ATATCTCGAGTTAT,45,True,1
GTATGTCTAAAGGG,45,True,1
AGAGCCGCGACACC,45,True,1
TACATCAAAGTCGG,45,True,1
CTAGCACTAGTTTA,45,True,1
GCAGAGTGGGAAAA,45,True,1
TGTTAGTTCATGGT,45,True,1
CTACTATCTTACCG,45,True,1
CACTAAATGGCTCA,45,True,1
ATATCTTGTTTGTT,45,True,1
TTGAGTTGAGGCGT,45,True,1
GACAGAAGATACTT,45,True,1
CCGGCGCACCGTCG,45,True,1
ACATATCAGCAATG,45,True,1
TTCCACGGCTCATG,45,True,1
TTTATGAAAGGCAA,45,True,1
CAATAGTCGCTCAT,45,True,1
TGGTTCATATTGAA,45,True,1
TCTATAGTTTCGGA,45,True,1
CTTTCAGGGGAGCC,45,True,1
ACCTTCGCTTGCTA,45,True,1
TCAGTTATTGGCTA,45,True,1
CATATCACGGACGC,45,True,1
CGCCAGTTGAGCTC,45,True,1
GTACAAATGTGAAT,45,True,1
GAATATATCAATTC,45,True,1
CAACGACTCTGGTG,45,True,1
CAACTAAGGCTATA,45,True,1
ACAACCATTTACAA,45,True,1
TTATTATCGAGGTG,45,True,1
AATCGGTTTATTTC,45,True,1
AAGCGGGCAAGGGG,45,True,1
AGAGAGCCTACTTG,45,True,1
CGGAACTTGCCCCG,45,True,1
TATACACGGAATGC,45,True,1
ACCCGGCCTTACCT,45,True,1
CCCACGTCCCTCCT,45,True,1
CCAATTTAAATCTT,45,True,1
CATGAGAAATCCGG,45,True,1
CACTTGCCACCAAC,45,True,1
CAGCCTCATCAAAC,45,True,1
TACAACAGGAAAAT,45,True,1
GTATATGGGGTCAG,45,True,1
CTAGAAGAACTATG,45,True,1
GGCAAGATCGCAAA,45,True,1
GCCAGTCGCGACCG,45,True,1
CGCGCCTATGAGCG,45,True,1
TGACTCATCACAAC,45,True,1
TATTGAGACTCTTA,45,True,1
CTTGCGATGATGCC,45,True,1
CCTTCTAAGAATTT,45,True,1
CCATTCGGCACGCC,45,True,1
TCCTTAGCTACCTC,45,True,1
CATCACCTCTTTTG,45,True,1
CCCTGTCATGCGTC,45,True,1
GTCTCGTTTTATCT,45,True,1
CACGAAGTTATACT,45,True,1
ACCCGTCTCACTGG,45,True,1
GCACCCAATGGCTG,45,True,1
TTACCACTTGATTT,45,True,1
ATAGAAAACTCATA,45,True,1
GTCCGTCTTGGATC,45,True,1
GTCGTCGGAACCTC,45,True,1
CTATTAACCTATAT,45,True,1
GTACAGCTCGACTA,45,True,1
CTATCTTTAGTATG,45,True,1
TCCTAATCTCCACC,45,True,1
TTCTAAACGTTAAG,45,True,1
CTTATATACGTTGC,45,True,1
GTATCACAATCATG,45,True,1
TATTAAGGGTCATA,45,True,1
CGAACATATCTCGT,45,True,1
TTATTGTTCCCTGC,45,True,1
ATCCCACTCTGTCG,45,True,1
GCCCCATCGTAACC,45,True,1
TCACACAGCTGTAT,45,True,1
TACATGGATTAAAG,45,True,1
TTGTTTTCAAGTGG,45,True,1
TCATTTGTAACTAA,45,True,1
TAGGTGGTCTTAAG,45,True,1
AGAAGCCGTTAAGT,45,True,1
ATTGCAATTATATA,45,True,1
ATAATAGTCGCACT,45,True,1
TTACGGGAAAAGAA,45,True,1
ATTTCTCCACGACT,45,True,1
ATGGACACGAGGAC,45,True,1
TGGGAGCGTATTCC,45,True,1
ACTCATCAGGAAAC,45,True,1
GAGACCCGGATCTC,45,True,1
TAGACGTGTCGGTT,45,True,1
TTTATTACAAATTG,45,True,1
CCCCTAATTACCGC,45,True,1
CAGGATCCGTATCA,45,True,1
GCACTGGGTGTTAC,45,True,1
TTGAGTGGAATAAC,45,True,1
GTCCCCCTTGACAG,45,True,1
GTATATTTTCCATA,45,True,1
CTATCAAGCATTGA,45,True,1
CGGAGGTGATATCG,45,True,1
TATAATTGCTCCCT,45,True,1
GACCCGTTAAGCGC,45,True,1
CGTGGTATGTCATT,45,True,1
GGTCCTTCCAATCC,45,True,1
TCTCCTCCCCTGCC,45,True,1
TTGCATTACAAAAC,45,True,1
TAGTCCTCACATAG,45,True,1
CCACCCTGTCCTTC,45,True,1
CTACCGAGATCCGT,45,True,1
AACACACGGGATGG,45,True,1
ACATATCTCATAGG,45,True,1
TGCCAGCCGCCTCC,45,True,1
ACCATCCAGTAGAA,45,True,1
TGCAGTTACACTGA,45,True,1
CACACGCTCGTCTC,45,True,1
TTCCCTGGCGCGCT,45,True,1
TCCCGCGGGACCTG,45,True,1
CAGGGTCCCTGATC,45,True,1
CCATCTGTTTCGGA,45,True,1
CCCCTCTGACGCTC,45,True,1
CTCCGATTCCGCCG,45,True,1
CAATACTCCTTCAT,45,True,1
GAAGGCGGACACTA,45,True,1
TCCCAGGCAACAGG,45,True,1
TTGGTCTAAAATGT,45,True,1
CACATCATGGATAG,45,True,1
CAACAGCACCGAGC,44,True,1
TCCAGGACTTGCAT,44,True,1
TACGGTCGTGAGTA,44,True,1
TAGCCATTGTGTTC,44,True,1
TCATTTCCTTAATT,44,True,1
AAAGACTAGTAAAT,44,True,1
CGACTGGAGCCTCC,44,True,1
AAGAACCCGACAAA,44,True,1
GCATCGGTGTGCCA,44,True,1
CCCAGACCAGTATT,44,True,1
TGGCTCACGTCTGC,44,True,1
TTGTCTTGTCGTCA,44,True,1
TACGATTTTGCTGA,44,True,1
AATCCATTGCCTGA,44,True,1
TAAACTCAGGTGAA,44,True,1
TTGCCTAAATGAAC,44,True,1
CTACTGCTGAGAAT,44,True,1
TGATCCGTCTGATT,44,True,1
ATGACTCATAAGTG,44,True,1
ACCACGGTTGTACT,44,True,1
CAGCACACTTCCCT,44,True,1
TGCGACAATCATTC,44,True,1
GTACCGATACTATT,44,True,1
ATTGACCGCGGTTC,44,True,1
AACGAAGAGCCATG,44,True,1
TATATAGACTTGAA,44,True,1
TCTATTAAGAGTTA,44,True,1
TCACCCATCAACCC,44,True,1
TGATCAACCGCCGA,44,True,1
CACCCATTTGTGAC,44,True,1
ATTAAGGATGGTAT,44,True,1
TGAGTTGATCTAAG,44,True,1
TATTAACGGTTAAC,44,True,1
TGTGAATGCTCTTA,44,True,1
CAAGCAGTGGCAGA,44,True,1
TGTTGTGTCGTCAG,44,True,1
CAATAGTCTTGTTT,44,True,1
GTAGTATTTCATGT,44,True,1
TAAACTATAAATTC,44,True,1
TCCACTCCTTCCAA,44,True,1
CCAGCGTTGTAGTC,44,True,1
CAACCGAATAAACT,44,True,1
GGGTGCCTTTCAAA,44,True,1
ACCAACCATCTCTC,44,True,1
ACCAACGATGATCA,44,True,1
TGAGTCCACCCGAC,44,True,1
TGAATGCGTCTGAG,44,True,1
TATCTATGCAACGT,44,True,1
CACCTTCCTCCCAT,44,True,1
CAGGATGTATGGCC,44,True,1
TCAAACCTACCCTT,44,True,1
CGTCACAATTATAA,44,True,1
TTGTAAACAAAACC,44,True,1
GTGATATCCCCTTG,44,True,1
GATGGTGCGGGTGG,44,True,1
TAAGAGATAATGGA,44,True,1
TGCCAGTTCGCTTT,44,True,1
TAAATTCTTGAATG,44,True,1
ATATTACTGATGAA,44,True,1
CCAGGACAGGCTAA,44,True,1
GGCACTACTAAACC,44,True,1
TGCCGGGTTACACT,44,True,1
CCCACGAAGCACAC,44,True,1
TTACCGTTGGAAGC,44,True,1
ATAGATGTGTAACA,44,True,1
TGATAAGACGGTTC,44,True,1
GATTCGAATTGTTT,44,True,1
TTATAGGTGAATAC,44,True,1
TCCACGTTCCATCG,44,True,1
CCACCACTACTTCG,44,True,1
GGGAAACGACTGGT,44,True,1
TGCGTGGGGGGTGA,44,True,1
CCTGAAAACACGAT,44,True,1
GTCGCTCCCTGGCG,44,True,1
TATGGTCCGAATAT,44,True,1
TCCCCGGTTCCCAG,44,True,1
TATGGAAATCTCCA,44,True,1
TTGTGAACTATCTA,44,True,1
ATGGACTCGCAAGT,44,True,1
GCTCTTCTCAAGGG,44,True,1
GTCATCCCCTTTGT,44,True,1
TCATAACCTCTACC,44,True,1
AAGCCGTTAGATTA,44,True,1
CACCGTGAGTATCC,44,True,1
GCAATTGGAACTGC,44,True,1
CAGCATGGATGATT,44,True,1
CGCCTGCGGTCCCA,44,True,1
CCGCCCCTCTCCCT,44,True,1
CACGCAAATAAAGC,44,True,1
TCACCGTCGAATAA,44,True,1
ATATCCGTTGTTTG,44,True,1
CTACTACTGAAGCA,44,True,1
GCCCGCTACTTTTC,44,True,1
TGACTGCTTGCGGG,44,True,1
ACGATTCAGAGAAA,44,True,1
TAAGACATCCCAAC,44,True,1
TACAATAAACCGCT,44,True,1
GGATACTGTCTATA,44,True,1
CAAGAAATCCCCCT,44,True,1
AGGAAAGTTCGCCA,44,True,1
TTAATACCTTAGAT,44,True,1
CTAACATGTATTGA,44,True,1
ATATGCCATCCACG,44,True,1
TCATCTAGTTCCCA,44,True,1
ACTAATCCTAGAAT,44,True,1
TCCTGTCCCGAACA,44,True,1
CTACGCTTCTACAA,44,True,1
TTAAGAATGCCCCT,44,True,1
GATGGTTATTATGT,44,True,1
CGACCACCTCGGAC,44,True,1
TACACTATGAAGCT,44,True,1
GCGGTTGTGAACGG,44,True,1
ATACCCAATACCGA,44,True,1
TGCCTCAATGCAAG,44,True,1
CTGCATACCACGCA,44,True,1
CCTAAGTTATGATT,44,True,1
TGTGTCGCTGACGC,44,True,1
TTCAATGCAGAAGA,44,True,1
TACCGACGAAAACG,44,True,1
TCGATATAGTGCGC,44,True,1
TTCTAGTCTGTTTT,44,True,1
TATTGCGAGGCATT,44,True,1
ATCAACCCGCACCA,44,True,1
CTGGTGGTCAAAGC,44,True,1
GTACTGCATTTCTG,44,True,1
CGCAGAAGAGTTTT,44,True,1
CAGGTAACTCCTGG,44,True,1
ACATCTTGTAATGA,44,True,1
TTAGTCAAGTGGTA,44,True,1
CAAACAAGAGGCCG,44,True,1
TTTGCCGTAACCAG,44,True,1
GGAAGTAAACGTAT,44,True,1
TGCGTTAAAAAGTA,44,True,1
TTTAAAGTGTGTGC,44,True,1
AGACATTATAAACT,44,True,1
TCACGGACATTCAA,44,True,1
GAAGCTTCAAAAAC,44,True,1
GCCCGGTTATTATT,44,True,1
TTACTTAATAAGCT,44,True,1
TCGAACGGGAATAG,44,True,1
GGAAACATATGCTA,44,True,1
TACTGTGCCCGGAT,44,True,1
AGTACATTTGGTCG,44,True,1
CATAGTGTCGTCGT,44,True,1
TCCGCCAAATTTTA,44,True,1
TTCCACGTGGAGTG,44,True,1
TTACGAGTCACTCG,44,True,1
ACAGAGACATGCGT,44,True,1
TTATGACCGATACA,44,True,1
CTAGATGATTCGAC,44,True,1
ACACCTCGCCCGCG,44,True,1
CGAGATATGGGATT,44,True,1
GCTCACTTCTAGAT,44,True,1
GCATTCTGTCGGCA,44,True,1
CTCTCGCTAGCATG,44,True,1
TGCTCCACCCAGAT,44,True,1
ACCATGTACGCAAA,44,True,1
TTACGCTTAAATGA,44,True,1
GCCCCTTTCCAAGA,44,True,1
TGTCACTTACGTCT,44,True,1
CCGCTCTGAGTACC,44,True,1
AGATCCACGACGAG,44,True,1
TCAAACATCTTACT,44,True,1
CCTACTCAAGAGGC,44,True,1
CTATGCCGAAACCG,44,True,1
TGGGCGCTGGTATA,44,True,1
TCAGGTGAATCTTC,44,True,1
CTTGTGAAAGAACG,44,True,1
TAGCTCACTCCATG,44,True,1
GTGGTAATGATCAA,44,True,1
CTAAAGCCTGCCCC,44,True,1
TGGAAAACACACCA,44,True,1
GCAGTTATGGAAAA,44,True,1
TCACTGGTTAGTGT,44,True,1
CAGTCGGCCCTATA,44,True,1
TACAAGTAAACTGA,44,True,1
GCAACAGATAGTAA,44,True,1
TAAAGTGCTTAATC,44,True,1
TTACTTATCGAGTG,44,True,1
CGATCATAGAACAA,44,True,1
TCGGAAGACCCCCA,44,True,1
GAGGCAGCTGAGAA,44,True,1
TAAGTGGCGCTAAG,44,True,1
AGTATTGGATATAA,44,True,1
GTACCCATTTGCGC,44,True,1
TGCTTGGCCTACCT,44,True,1
CACAAACTGGTAAT,44,True,1
TGCAGTTGATACCT,44,True,1
CTATAACGCGCGCG,44,True,1
GTCACCCACTTCCT,44,True,1
GAACATCTTAGGCT,44,True,1
GGAGCTCTGAAGTA,44,True,1
TTCCTCCTACAATA,44,True,1
TGGCTGTCCCATAT,44,True,1
GTCTGGGTTGGACT,44,True,1
CATTAAGCGTCTCC,44,True,1
TACTTCCCCTCCCG,44,True,1
CCAATGGAAGTCCA,44,True,1
TTACGACCACGACC,44,True,1
TAAAGGCAGGTAAT,44,True,1
TTATCCCTTCCTTG,44,True,1
TAACTCCTCTGCGC,44,True,1
TCGGATATAAGTGA,44,True,1
TTAACATGAAGCCA,44,True,1
TATTAATGGACACC,44,True,1
TCTATCATTTTCGC,44,True,1
TATTCCTATTTAAG,44,True,1
AAGACCGGATTCTG,44,True,1
CCACCCGACTTCTT,44,True,1
GTATCTTTAAAAGC,44,True,1
TCTCAGAATATACC,44,True,1
ACAAAGGCGTTATG,44,True,1
TATTCAACGGTGTC,44,True,1
TACCGGCACCCTGA,44,True,1
CAAGTTGCTTAATC,44,True,1
TCTAATGAGGTGTA,44,True,1
AGCCCCGTTGGGCA,44,True,1
GTTCCCTCGCCACC,44,True,1
TTGATCGGGATCTG,44,True,1
AACCCCAGATCTCT,44,True,1
TGCCATTATATCCG,44,True,1
GTACGCGTACGACC,44,True,1
TGATGATTGGTGAG,44,True,1
ACTAGTCTTACTGC,44,True,1
CCAGGCGCTCAGAA,44,True,1
ATAATCTGTGCGAA,44,True,1
TACTTATACCTGGT,44,True,1
GGACAGCTATGTGT,44,True,1
ACTTGGTTCGTGAG,44,True,1
GCTGGCGTTCTATT,44,True,1
ACAGCTTTAGCTTA,44,True,1
TAACACATATTCAC,44,True,1
TCGCACCCCCAGAC,44,True,1
CTGACCAGTGTTAA,44,True,1
TGCGCCTCCTTGGT,44,True,1
TGAACCTAATGGCC,44,True,1
TAGAATTAGAATTT,44,True,1
TCAACATGAAACTC,44,True,1
GCAATATAGTTCAC,44,True,1
TTAGTTGTTCGTTC,44,True,1
AAGACGTAATTATT,44,True,1
AGATACCCGTAGAG,44,True,1
TCAAGCTACATGAC,44,True,1
GTCAGTGAACTTCC,44,True,1
TCTTCCGGTTCAAG,44,True,1
TCGAAGTCGCCTTC,44,True,1
GTCCACAAGGCTGA,44,True,1
TCCAATCGGCTATG,44,True,1
TATTCTAGCATGCC,44,True,1
TTCACAATAGGTTC,44,True,1
ACACCAGAATTTCT,44,True,1
TACTACTTCTAAGC,43,True,1
GTGCCTCATCCCGT,43,True,1
GCCTGTTGAATGGT,43,True,1
CATCATAACCGAAC,43,True,1
TTAGATGGCTCGAT,43,True,1
TGGGGAGTTTCTGT,43,True,1
TTACATCTATCTGC,43,True,1
TTCAAGATTTTAAT,43,True,1
CCAATGCCCGACCC,43,True,1
AACATGACGTGCTT,43,True,1
AAGGGATTGCAAAC,43,True,1
GGATTTGTATTACA,43,True,1
CCGCTGTTGTTGCC,43,True,1
GTTCTATCGCTATC,43,True,1
GTATGACTACTCAC,43,True,1
TCAAGGGGATTCGA,43,True,1
GTGTCAGTCACAAC,43,True,1
TCCTACCATCTCAC,43,True,1
CAGACTGAACTAAC,43,True,1
GTCGATCTTCACTA,43,True,1
CCTATGTTGGCGAC,43,True,1
CATATCCGACTTCG,43,True,1
ACCTCGCCGTATAG,43,True,1
AGCGCTTCCGAACC,43,True,1
ATGAGCCTTCTTTG,43,True,1
TGGGAATAGACTCA,43,True,1
AAACTCGCGTATAC,43,True,1
CGACGAACCCTCGT,43,True,1
TCTTGGAATGCACA,43,True,1
CGGCACCATCTGGA,43,True,1
TAGGATCTAACATC,43,True,1
TGCCGGTTTGATGT,43,True,1
TCTATCCGAGTTTG,43,True,1
CACAGACCTACTTT,43,True,1
CAACGGACCTATAA,43,True,1
TAGGACCCTTCAAC,43,True,1
AACCCTGAAGGTAA,43,True,1
TAGTCACTCAAAAG,43,True,1
CACGTCCTTTCACC,43,True,1
TCAAGGAGTGGTCT,43,True,1
TTGAGGGAATTCGA,43,True,1
TACGAAGTTGAACG,43,True,1
TAACCCCGACACCG,43,True,1
TAGAGTACCTAGGT,43,True,1
AGGGTAATGACAAA,43,True,1
TAGGGCCACTCGTT,43,True,1
ATCATCTTGGAATA,43,True,1
TGTTCGTAAATGAG,43,True,1
ATTTACCCAAAGCT,43,True,1
CAGACCCAGTGAGG,43,True,1
TGCCTTTATCGTGG,43,True,1
GGAAACGCCCAATT,43,True,1
TTCCTTCTTCGGAG,43,True,1
TGCATCCACAGTTT,43,True,1
TCTCGCAAATCTTT,43,True,1
TGCAATGAAGACAA,43,True,1
GTGCAGTGGGGTAT,43,True,1
AGGTGCTTGGGTTA,43,True,1
AACAAGCTCTATAC,43,True,1
ACTATGATCAATGG,43,True,1
CCCGCGCATCCACA,43,True,1
TAATGGGCGCATAA,43,True,1
TTTACTGCCGCAAG,43,True,1
TCCATATCACCGGG,43,True,1
CACAACGAGATGCT,43,True,1
TTGCGAGAAGGGCC,43,True,1
GCTTTCTAATGTAA,43,True,1
TATATATGAATACC,43,True,1
GAGGTTGTGTCTAA,43,True,1
TAAGTGAATGGTCC,43,True,1
CAACGCCAGCGTCG,43,True,1
TACACAACCTAATA,43,True,1
ACACGCGCTCGACC,43,True,1
GAAGCAAACAGACG,43,True,1
CCGAAATACAGATG,43,True,1
GCATCTTACCATCT,43,True,1
TGAGAGTATGTGAA,43,True,1
CCTTGGTCCTTTTT,43,True,1
ACACCCAGCCGTAC,43,True,1
TTTCCCAATATGGC,43,True,1
GCATCAAGCGTATA,43,True,1
ACACCTAATTCTCA,43,True,1
AGATGAGGACATAC,43,True,1
TAGCCTAAGATTTT,43,True,1
ACACTCAAGCCCAT,43,True,1
TTACAATTATGTAG,43,True,1
TTAATATCAGAACA,43,True,1
TATACAACAAAGCC,43,True,1
AGTAGTACGGTCGT,43,True,1
AAATGGCATAAACT,43,True,1
AGAATGACTGAACT,43,True,1
CCACGTCAGTTTCG,43,True,1
GCATCGCTATGTTA,43,True,1
CTCGTCACCTGCGC,43,True,1
ACACAAGCTGGTCA,43,True,1
CTTTCCTCTACTTT,43,True,1
CTCCCCCATAACTG,43,True,1
ACAAAAGCGTATAG,43,True,1
CATGCCGCGAGAAT,43,True,1
TTCCTATTTCTGTG,43,True,1
TCAGTACTTCTTTC,43,True,1
TGAAGAAATAGTAT,43,True,1
CTAATGGGCATTAC,43,True,1
GTCGCAATGGTGCT,43,True,1
TAAAGAACGAGCCC,43,True,1
TCTGACGCGAAAAA,43,True,1
TTCTGCTGCTTCTA,43,True,1
CAGGGGGTCGTAAA,43,True,1
TATGTCTTTCCCTT,43,True,1
CAATGCGACTGCCA,43,True,1
TAACTCCTTACTAT,43,True,1
TAAAACCTCCAGGC,43,True,1
GCAGGGGACTTCAA,43,True,1
AGTGTAAGGGTTTT,43,True,1
TGGCCTTGATGACT,43,True,1
TAATGTCCGACAAT,43,True,1
ACACCGAACCGGGA,43,True,1
TAAGCATTGCACGG,43,True,1
TTAAACACGTATCT,43,True,1
CTCCCAAGCCCAAG,43,True,1
GACATATTGCTTCC,43,True,1
GATTTCGTAATCGT,43,True,1
TCTGATACATCCTT,43,True,1
TTGGTAAGTACTGT,43,True,1
TCCTAGTTGGCGTT,43,True,1
CCAGCAACAGACTG,43,True,1
TACCCACGCATACG,43,True,1
GACATGTATTTATG,43,True,1
TAAGCCATAGCACC,43,True,1
GCACCTTTCTTACA,43,True,1
CCAATAAACGAGCC,43,True,1
GTGTCTGCCCTGCC,43,True,1
ATGAACAACGGGAG,43,True,1
TTACGGTGAAGGTC,43,True,1
CGGAACCAACTAAG,43,True,1
AAGCCAGATGTAAC,43,True,1
TATGAAAAGTTGGA,43,True,1
CCAGGGGCTATTCA,43,True,1
GAGCTTCCCCCCGA,43,True,1
GCCCACTTGCGTCC,43,True,1
GCACTCCTCGGTCG,43,True,1
CTACAAACACCCAA,43,True,1
GTATGAGCGTGAAG,43,True,1
TCAAGTCAGAACAC,43,True,1
GTCGTAAGCGACTG,43,True,1
TATCATAGTTCGCA,43,True,1
TTCTTGACAGACCA,43,True,1
TAGAGTAAAAGATG,43,True,1
CCCAACAGTAAAAC,43,True,1
GTAGGCTTAATGTC,43,True,1
TGAGCAATTTGTAT,43,True,1
CCTAACCCTCAATC,43,True,1
TGCTCCAGCCTCGC,43,True,1
GCCAGTCCCAAAAT,43,True,1
CCCCCTCCTCCCCG,43,True,1
GGCATAGATTCCAT,43,True,1
TTACCCAGCTCCCT,43,True,1
CCTCTCGGTACCCT,43,True,1
TGTGCTCCAGATGG,43,True,1
CGCCTCTTGTACGT,43,True,1
CGGACGTCGAGCCA,43,True,1
CCCAACACGTGATT,43,True,1
ATGCATCGTTGGCA,43,True,1
ATAACAAGATGTGC,43,True,1
CTCTTAGTCCTCTG,43,True,1
CCTTCGACCGTTAA,43,True,1
GACCTTTTACCATT,43,True,1
CTGCCTGGTCTCAA,43,True,1
TCTACACTAGCACG,43,True,1
ACTCCAAATTAATG,43,True,1
TCTGTGTTTGTACA,43,True,1
TCTAGGTCGCACAA,43,True,1
CGATCAAACTAGAC,43,True,1
ACGACTCTGCGTCT,43,True,1
TATCATACGATGAG,43,True,1
TATTTCAAAACTCT,43,True,1
AGCACAAATTCTTG,43,True,1
ACAAAGGTCGTCAG,43,True,1
AAACTTACAACGGG,43,True,1
ATGCTAGATTAGTC,43,True,1
CTGGACGTGTAGTG,43,True,1
TCTCGCGCTGTCAA,43,True,1
CCTAATGTATTGTA,43,True,1
CCAAGACCGGATCC,43,True,1
ATTGCTTCAGCGAG,43,True,1
TGTACGCTGCTACA,43,True,1
TAGAGTTATGAGCC,43,True,1
TGAGCGCGTTCTTT,43,True,1
TGGTATGGCAGGTG,43,True,1
GGAACTAGCGATGT,43,True,1
GTAAAACTTCTTGG,43,True,1
CTCCCTTGACGGCC,43,True,1
TCGCTCCAGTACTA,43,True,1
CCTTCCTTCTCTGG,43,True,1
TTTCTATTAATCCG,43,True,1
TGCACAGAGACCGG,43,True,1
GCGAGCCTGGAAGC,43,True,1
TAGCCGGATATTTC,43,True,1
GGAGGTGAAGATGA,43,True,1
TCTCGCTCCTCAGA,43,True,1
TATGGGCTATGATA,43,True,1
TTCTATCTTCGCCG,43,True,1
ACAAAAACCAAAGT,43,True,1
AATCCAATTGTGAC,43,True,1
CTATAACTTCTTAG,43,True,1
TCATCCGGGTATCC,43,True,1
TGTGCTTCAATTCG,43,True,1
ATACGGCGTTGCTA,43,True,1
TACAAACTAGCGGC,43,True,1
GGGGACCTTAAGCA,43,True,1
CCAAGAGCCCCGTC,43,True,1
CCCCAACGTATCTA,43,True,1
TACAGATACTTTGA,43,True,1
TCATTCTCACTGTC,43,True,1
TTCGAAATTAACTG,43,True,1
TCTGTGGATTTCGC,43,True,1
GATCCCCAATAGAA,43,True,1
TGCTCAGGTTGGAT,43,True,1
TAATCCATGGCTCC,43,True,1
GCCAACCCCCCGAA,43,True,1
CCGATGCTGATTTT,43,True,1
TCCTCGTCAACAAT,43,True,1
GCTACAATAGAAGT,43,True,1
TAGGACCTTCGGGA,43,True,1
GCACACATCCAACT,43,True,1
TCCACCGGCATAGG,43,True,1
CTTAAAGATTGTCA,43,True,1
AAACGTCGAACGGA,43,True,1
TCATTTTATATTAT,43,True,1
CAAGACCGGCGCCG,43,True,1
CCTCCTCTCACTAT,43,True,1
TCAATATGAGTCAA,43,True,1
CTATTTGTTACAAG,43,True,1
TACACATGAGAGTA,43,True,1
TGGTGATAGCTTTG,43,True,1
TCACCGTCGATCTA,43,True,1
TACTCTTCTCGCCG,43,True,1
TGACTATGCCAATC,43,True,1
CTCCTGGACAAAGG,43,True,1
ATCTTTGGAGGTAC,43,True,1
CTGGCCATTTCGTC,43,True,1
ATAGCCACTAGCTT,43,True,1
ACAGGACCCATTTA,43,True,1
TTCATTCCCTCCAA,43,True,1
TAAGCCTGTCCTGA,43,True,1
CCCTAAACCTGATT,43,True,1
GACGTATTTAGATA,43,True,1
TCTGGACCAATATT,43,True,1
TCTTCTTTTTAGAC,43,True,1
TGATAAATCTCTAG,43,True,1
TATTCCATGTCTAT,43,True,1
TGGGAAGACACCTA,43,True,1
TTCTTAGTAGCAAG,43,True,1
TTCCTGCCCAGTTA,43,True,1
TCCGGTCGTCTGAC,43,True,1
GTGATGCATTCAGT,43,True,1
TATGAGTATTTAAC,43,True,1
TGCGCAGTTAATAA,43,True,1
TGGCTAGAGAATTT,43,True,1
AAGGTGCACGCTCA,43,True,1
GGTGCGACCCGTAC,43,True,1
CTGCTGTAATTAAT,43,True,1
AACAAACAATCTGT,43,True,1
GTGAAACCAGTACA,43,True,1
TAACGCTTAGTCTC,43,True,1
AGGCCCTCACATGT,43,True,1
TGACCGGCCGCTCA,43,True,1
CTTCGAGCATTGTA,42,True,1
TGCTCGCCGCACCC,42,True,1
TATGAATTTCATTA,42,True,1
GTATGAGCGCTCTT,42,True,1
CGTTACCACGTCTC,42,True,1
AGGCTCTTTCACCA,42,True,1
GTTCCTAGAGTTCC,42,True,1
CTTTGCAATCTAAG,42,True,1
AAACCGCGACCGCC,42,True,1
AACATTATTCGTGT,42,True,1
AGGAAGGCAACCGC,42,True,1
TTCCAACAGGGGCC,42,True,1
AGAGTGGCGTTTTG,42,True,1
CAGGTCAATCATAG,42,True,1
TCCATTTACATCCA,42,True,1
AGCCCATTGTCGGA,42,True,1
CGCCCCGTGCTTCC,42,True,1
TCTTAGAAACGTGA,42,True,1
ATATATCCGACGCA,42,True,1
TTAGAGATAACCCG,42,True,1
TCACCGATAATATC,42,True,1
TGCCATGCGTAGCC,42,True,1
TGACACCCGTATAT,42,True,1
GCACCAGTCCTAAT,42,True,1
TAAGAGATTCCGAT,42,True,1
GAAGTCCTGAAAGT,42,True,1
TATCAATACGGGCA,42,True,1
GACTTTATATTTTC,42,True,1
TTACCCCGTGCTAA,42,True,1
TCCCTGTCGAACAT,42,True,1
TTTCTCCACACCCC,42,True,1
GTGAAACTTATCAG,42,True,1
TTGGAGCCTGGCAG,42,True,1
CTGAAACACGGACA,42,True,1
AGATAGATAGCCTA,42,True,1
TACAGCCTCACTTT,42,True,1
AAGGCGACATTTTA,42,True,1
CACCATGAGACTCG,42,True,1
ACTTTGCACGACCA,42,True,1
TCCATGTTAAAAAG,42,True,1
TCCGACACGAGGAC,42,True,1
ATAATTAACTCGGA,42,True,1
CAAGTTAAGAAATC,42,True,1
AACTATGGGTTCAA,42,True,1
CCTTAGCCCATCCT,42,True,1
TCCTATATTGTTTA,42,True,1
CGACAGTCACCGTA,42,True,1
CGATAACTCTGTTT,42,True,1
TTATAACTAGATGT,42,True,1
TGGATCCACCTATG,42,True,1
CCGAGTATCACCCA,42,True,1
TGTGCGTTGGCCCC,42,True,1
CTATCTACTCCGTG,42,True,1
CAGAGTTTTAATAC,42,True,1
TGTCGAGTTACGAA,42,True,1
TAGATCCCATTACT,42,True,1
TAGGAACATTTCGC,42,True,1
TGCGGCTCTTTGTT,42,True,1
GTGGAGCCAGACTA,42,True,1
CCTACCACCTCACT,42,True,1
TTCTTAAGATTGAA,42,True,1
TCATCGAAAGATTA,42,True,1
CTTACTTCTCTGCA,42,True,1
CTCGGGTGGTTCGC,42,True,1
TTGCCCACAAGTTC,42,True,1
AGAAAGCAGTATAG,42,True,1
CCCACTACGCCGAC,42,True,1
TGCGGACAGGGTGA,42,True,1
CATCTTGCTAGGTC,42,True,1
CCTTGCAAGATATT,42,True,1
CCATAATCAATTCT,42,True,1
TCAGCATTGTTATG,42,True,1
GCTGCTCAATCATA,42,True,1
GTGGTTTAGTCTCA,42,True,1
CAGCTCGACGTCTG,42,True,1
TATTACTGATTTTT,42,True,1
TCTTCGATGCATTT,42,True,1
ACGCCCACACGAAA,42,True,1
AAGCCGCTATTCCT,42,True,1
CTCAACTAAATTTC,42,True,1
TCTAGACATCTTAG,42,True,1
TGTCGCGACTCAGT,42,True,1
TGAATGATAATTCT,42,True,1
GCCCCACCCGAAAC,42,True,1
TCTACACCTTGGCG,42,True,1
TTATCAACCAGCTT,42,True,1
ATGACGAGTTATAT,42,True,1
TACCTGAGCAAGGT,42,True,1
CAGATTATCATTAA,42,True,1
CCTTTGGATGTCTC,42,True,1
TAACCCTTCGGTTA,42,True,1
CTGGCAATCGCCCC,42,True,1
AACAAACCCAATGA,42,True,1
GCCGAACGATCACC,42,True,1
CTCGGCGTGAAGGT,42,True,1
GCACTTCCAACTCA,42,True,1
TATCCCATTCCGAC,42,True,1
ACAAACGCGCTAGA,42,True,1
TTTATCGTACCAAA,42,True,1
TAACTTCATGCGAC,42,True,1
AGTCTAGCTGAAAC,42,True,1
TACGATGCCACTAG,42,True,1
TTACGCCCGTCAGC,42,True,1
TCTGGAAGTACATC,42,True,1
AAGTATCCAGCTTG,42,True,1
TTACACAGAGTTCA,42,True,1
TACGTGACACACCG,42,True,1
TGTATTCAACCCAC,42,True,1
CGGCAAGATCCCCC,42,True,1
AGTTAACATATGGA,42,True,1
ACCAAGACGTGAAC,42,True,1
GTGTCGATTTGCCA,42,True,1
TCGATAAACTTTTC,42,True,1
ACCAACCGTGGCAT,42,True,1
TAGAAGATGAAGCG,42,True,1
TCGTTAGACCGTAG,42,True,1
CTATTTCTGGACAC,42,True,1
TCGTCCCATTATGT,42,True,1
TCAGATTAGTGGCA,42,True,1
AGCGTAAGTTTCCC,42,True,1
CTGCTGTTACATCC,42,True,1
TACTCAGTACAAAG,42,True,1
TTTGTTCCCTATAG,42,True,1
GTGCCGAAAGACTC,42,True,1
GCACCTTGTTTTCG,42,True,1
TGCAAGTTATTGTA,42,True,1
GTATATTGCAGAAT,42,True,1
TCATAGGACCGCTT,42,True,1
ACCAACCAGCAACG,42,True,1
GAACAGCCCAGTGT,42,True,1
CGACAAGATCACTC,42,True,1
AAAAACTAGGCATA,42,True,1
TCAGTTCTGTCTTC,42,True,1
GTACAAGCGTATCA,42,True,1
CTATAAAGTTATTA,42,True,1
AGAGGCCACCATTG,42,True,1
GTATTAAATACTCT,42,True,1
GTATCCCGCGTTAC,42,True,1
CCACTATTTGTCTG,42,True,1
GACATACCGACTTT,42,True,1
ATCAGAGTGACCCG,42,True,1
GTGTGTGACCCAGA,42,True,1
TTTAGTCAAGCCTT,42,True,1
ATCTCCTATTAGAG,42,True,1
ATCGAATTAAATAT,42,True,1
ATATTGAAACAACA,42,True,1
ATACTTACATATAA,42,True,1
TAGAAGTTTAGTCA,42,True,1
GCAGGCATTTACTC,42,True,1
CTCACCCGCCGCCT,42,True,1
TTCTTAAGGTCCTA,42,True,1
TCTACTTAGGACTT,42,True,1
TTACGACCAGGCGA,42,True,1
GCCCTAGTTAAGAA,42,True,1
CCTTGCCATCTCCC,42,True,1
TGCACTATACCAAC,42,True,1
AGAAGCGCTGGCGT,42,True,1
CCAACTCCATCGAG,42,True,1
GACGTCTCATCCTA,42,True,1
ATGTAAGGTGATCA,42,True,1
TTCACTCGATATTT,42,True,1
CACAGAAGGTATGA,42,True,1
TACCAATATAATCA,42,True,1
TTAAGTATATACAG,42,True,1
GATACGGAACATCA,42,True,1
TCTGAGTCCAAATC,42,True,1
ATGGCTTTCTTATG,42,True,1
TTCTTTGGCAAAAC,42,True,1
TGAAAAGTACAATT,42,True,1
TGTATATTCCGGCA,42,True,1
CCTATACTAACACC,42,True,1
GGGCACAGCCGACT,42,True,1
CCCTGCCTTTGCCA,42,True,1
TTCGTAATATGGTT,42,True,1
ATTGATCTAAATGG,42,True,1
CTATCAATACAATA,42,True,1
CACTTTCTTTAAGT,42,True,1
AACTAATTTCCCAA,42,True,1
CAAATGGTATACGT,42,True,1
GGTGCCCTCAATAA,42,True,1
CGATTAGATTATGA,42,True,1
CAGAAATTCGTAAT,42,True,1
TACATTATGGTCTA,42,True,1
CTCTGGGATTCGGC,42,True,1
TCACTAAATGATAA,42,True,1
GTTAACCCTAAGGA,42,True,1
AAAACTCTGTGAAA,42,True,1
GCCATCAAGAAGAT,42,True,1
TTCCGAGCGTTGTC,42,True,1
CCAACAAAAGTCAA,42,True,1
TGACCCTCTCATTA,42,True,1
TCACAGAGATTTAA,42,True,1
TAGTCCTTAAGTTC,42,True,1
AGTGTCGAGAAATC,42,True,1
CTGATGTAGGGATG,42,True,1
GGAATTTCAGAATG,42,True,1
CTCTTTCGGACAAA,42,True,1
TTGAAGGCTCAAAT,42,True,1
AGGCTAATCTTCAT,42,True,1
TCTGAATAAGTAAG,42,True,1
ATCACTGATTATAG,42,True,1
TGCTCCCTATTCAT,42,True,1
TCCAAAGTAAAATG,42,True,1
TGATGCCGTCTAAT,42,True,1
CACGCCGATAAGGC,42,True,1
AAACTTTTAGACTA,42,True,1
TACGGATTTGTGTT,42,True,1
TCTCCAAGACTCAC,42,True,1
TCTGCCCGCTCCCT,42,True,1
TTTCTGCTCGCCTA,42,True,1
AGATCGTGGTCCGT,42,True,1
GACACTCTTTTTAG,42,True,1
AGATACACTGATAT,42,True,1
GTCGGACCCATTGC,42,True,1
TTTAGATCGGTGCT,42,True,1
TAATGCTGCAGTTA,42,True,1
GTGACCCGCCACCC,42,True,1
GTTTCGGTTTCAGC,42,True,1
AGGGATCTTATTTG,42,True,1
ATACGCCGTCCACT,42,True,1
ACCTAAGTGTCTAG,42,True,1
TATTGAATTGAGGC,42,True,1
CTCACTTCGCAAGA,42,True,1
CCTCCTCCTGTGCG,42,True,1
CTCCACCGCACCCA,42,True,1
TAGTCTAAATGCTA,42,True,1
TCCGCTCTGGTTGT,42,True,1
GCAAAGAACCCTCC,42,True,1
TGAGGGTAATTATG,42,True,1
CGTGTGGCCGCTTG,42,True,1
TCACTTTCTGGTCA,42,True,1
TAACCAAAAGGAGC,42,True,1
TACACGTAGAAGTG,42,True,1
TTGCTTCTAAGCCC,42,True,1
ACTGTGCATGATTT,42,True,1
TGGAATATACGCTG,42,True,1
ATATAGTCATACTC,42,True,1
TTTATGCCCAACCC,42,True,1
TGCCCCTTGGCCCC,42,True,1
ATCCAGCAGATCGA,42,True,1
GTGACATCAGTGAC,42,True,1
AGAAACATCGCGAA,42,True,1
ACATCAAAATTCTT,42,True,1
TTTGTTGTCACAGC,42,True,1
TAGACAAATCCGCT,42,True,1
TATACGTCAAGAGT,42,True,1
CGCCCTCCACTATG,42,True,1
TGATAACTTTTACT,42,True,1
TCACTTGAAACTCA,42,True,1
TTGCCGATGTGGCG,42,True,1
TTTGAGAGTAAGAC,42,True,1
TGCACATGACACGA,42,True,1
TCTCGCTTTGTCCC,42,True,1
ATCGACATATCGGT,42,True,1
ACTCCCGCGTATCG,42,True,1
GGGCTCATACGACC,42,True,1
AATTAGCTTATCCA,42,True,1
GTATCGGAATACAA,42,True,1
ACCTCCAAAGAGTA,42,True,1
GATCTCGAAACAAG,42,True,1
ATACCAAAGGAATT,42,True,1
TTGGAGTTTATTAT,42,True,1
TAGATGACGCTAGG,42,True,1
TATGAAATCATTAA,42,True,1
CCTTGTAAGCCCCG,42,True,1
ATATAGGACATGCT,42,True,1
ACAGCTTGCTTTAA,42,True,1
ATAAATGTCCAATC,42,True,1
CAACAACAACTCAA,42,True,1
TAATAATTTTAACT,42,True,1
TTTCAACCGGATCC,42,True,1
GATGAAGTCTTTTT,42,True,1
TCCTATCCGAGTGT,42,True,1
CTCTGACCACCGTA,42,True,1
TATAAGTTTTAATC,42,True,1
TGGCGCTCGTTGCC,42,True,1
GAGGCCTTCATAAC,42,True,1
TTAAGTCGGACCAG,42,True,1
TAGATTCTCATGAC,42,True,1
CAACAAGCACTCTT,42,True,1
ACATCAGGAATCTA,42,True,1
TCATGATTATTCAT,42,True,1
TGCCTAAGATGCAA,41,True,1
GCATCCACTATAGT,41,True,1
AGGATCGCATGACA,41,True,1
TGGCTACGTCCATA,41,True,1
CCCCTCGGCATTGC,41,True,1
GTGTAACTTGTGTG,41,True,1
CACTTCGTGTATAT,41,True,1
CACACGCACGATAA,41,True,1
CGACCTGACCCGGA,41,True,1
TAGCGCCGGAACAG,41,True,1
CTTGCGACCACACT,41,True,1
TATATCGCCACCGA,41,True,1
GTCCCAAGTCGTTT,41,True,1
TGCTTTATCCCGAT,41,True,1
GTCAGTGATTTAAA,41,True,1
TAATCCTGTGGTGT,41,True,1
ATTTCAGAGCGAAG,41,True,1
TCCTTTGACTGCTT,41,True,1
CAGAATGCAAGGGC,41,True,1
TTGACTATAAGGAA,41,True,1
TTCCATTGATTGGT,41,True,1
CTGTATTTATCTTG,41,True,1
TCAATGACTCAATT,41,True,1
AGAAAGTGAAAAGC,41,True,1
CCAGTAGTAATCTG,41,True,1
TGAGTTGACAGCTA,41,True,1
CTCACCTTAGTCGT,41,True,1
ATGCCTCTAGTCCC,41,True,1
TGATGATCTTCGAT,41,True,1
GCACCACGCAGAAC,41,True,1
TCTGTCTTCGCAAA,41,True,1
TCAAACACTAAAGC,41,True,1
TTCAGCCCTGCCCG,41,True,1
CGATGGTTCTGTTG,41,True,1
CCACCCCTCCTACG,41,True,1
AACCTAATTCGCAG,41,True,1
AGCCTAACTAGTCG,41,True,1
CATAAACTTCAGCA,41,True,1
TAATTACATAATTC,41,True,1
ATATTAAGTAGTCT,41,True,1
TTGCCGGCCTCACT,41,True,1
GATCAATGGGATGG,41,True,1
TATGCACTGGTCGT,41,True,1
CGCAAGTTTACAGC,41,True,1
CTAGTAACTGAAAA,41,True,1
TGTAAACATTGTCG,41,True,1
CCACCAAATAGCTC,41,True,1
TAGATTGTAGCACA,41,True,1
CTATGGCTGCTATC,41,True,1
TATTAGATTTCGTT,41,True,1
TGCCTCTAAATTAT,41,True,1
CCACCTGGTGTCTG,41,True,1
TACAATTAGATTTC,41,True,1
ATGCACAGGGCGCA,41,True,1
CCACCGTGTCATCA,41,True,1
ACATCATTAATTTG,41,True,1
TAGTCGACCTAATT,41,True,1
ATTGTCTTGTAAAT,41,True,1
TCAGGACAATTTAG,41,True,1
GACGACCACGGGGC,41,True,1
CCACCTCATGCTCC,41,True,1
TTACCCGCTTACTC,41,True,1
GGACCGGACGTGAG,41,True,1
GTAAGATTATTCAT,41,True,1
AGAGCTGGGTGACT,41,True,1
TACCTCCGCGCACT,41,True,1
ATGCTGTTCGAGAA,41,True,1
ATGTAGATCGTTAG,41,True,1
ATCCCACTGTCAGT,41,True,1
TCCATTTCAGCGCA,41,True,1
ACAAGCATCTAATG,41,True,1
TCTCTCTTCTGTCC,41,True,1
ATGACTTGACAAGC,41,True,1
TATAGGGGTGGTCC,41,True,1
ATCGCTGTCCGCAC,41,True,1
GAAAGCGCGGACCC,41,True,1
TCGGTGCGAATATT,41,True,1
CCAGTTCAATTAGA,41,True,1
AACACAATCTGGGG,41,True,1
CCCGCCAAAACCTC,41,True,1
CGATCTATTATTCT,41,True,1
CTGTGACTAGCCGC,41,True,1
GTGTCAGCGTACAT,41,True,1
CAATCCCGATCATT,41,True,1
CTATCCACATAACA,41,True,1
CTAAGATGACAAAT,41,True,1
TCTGAATCTGCTTC,41,True,1
AGAGCAGTTGGAGA,41,True,1
GCCAAGTCGTTATC,41,True,1
TCAATCGTAAAAAT,41,True,1
GTAACGCCGACCAA,41,True,1
AGCCTCGGTGACTA,41,True,1
ACAAGCAAAAGGGC,41,True,1
GCGCCGAAAAAACC,41,True,1
ATAGACGATTTGAG,41,True,1
TGCAGTGACCCTAC,41,True,1
CCAAAGCTCATCCC,41,True,1
TACGCAGTGCAAGC,41,True,1
CTTCCGCTCTCGGC,41,True,1
CTACCGTATGTACA,41,True,1
AACGTTTGCAGAGC,41,True,1
GCAAAGCCTTAGCC,41,True,1
AACATCACGCTCCG,41,True,1
GATCAGACTTCTTT,41,True,1
CTTTAACCATTCGT,41,True,1
TGAACGGAGTCAAG,41,True,1
TCAGCGTCGGGCAA,41,True,1
GCCACGCCCTTCCG,41,True,1
GAATAGACTAGCCC,41,True,1
TATGATAGAACTTA,41,True,1
ATGGTGAGTTAACA,41,True,1
GTGAACCCAAGTAA,41,True,1
AGACCACAGGCCAC,41,True,1
ATCATGCAATAATT,41,True,1
TTAATATAATCGGC,41,True,1
AGACCGACAAAATT,41,True,1
TCCTTTCCACGAGC,41,True,1
ATAGGCTAAAGATG,41,True,1
AGAATCATGTAGAC,41,True,1
CTGCATTAATGAGC,41,True,1
GGAATGAGAGCAGA,41,True,1
TATCATAAACGTCG,41,True,1
ATAACTCTAACCGT,41,True,1
TCTGGCTCGTGTCC,41,True,1
TGGAAAACATTCTA,41,True,1
GGCGCGCGGCAGCT,41,True,1
CGATGCCGGACCGC,41,True,1
ATCGCAGTTTATCA,41,True,1
AAACCACACTTCGG,41,True,1
AAGAGAACAGAGCA,41,True,1
TTCCAGTCCTAGAA,41,True,1
TGTAAATCAAACCG,41,True,1
ATACCCTTTTTCCT,41,True,1
GTCTACATACTTTT,41,True,1
ACAGGACTAAAGTA,41,True,1
CGTCCGGGCGTCCA,41,True,1
AGGGGAAAGCATTA,41,True,1
ATATACTGAGAGAA,41,True,1
ACAGGGATCAGATT,41,True,1
GAGTAGATATGCGG,41,True,1
AATAAATCTGTCCA,41,True,1
CTACACTACCTTCT,41,True,1
CTAATCGTCCATTC,41,True,1
TCTGTGCCAGTCAA,41,True,1
TATGATTCCCCCTT,41,True,1
TTTTGTCGTGCGAT,41,True,1
GAACCAATATAATC,41,True,1
TGGCCGTTCACAAT,41,True,1
GCTTACCTCTCAAT,41,True,1
ATACCGATTTGTCG,41,True,1
TCAGAGCAACGTTC,41,True,1
TAACGACAATACTG,41,True,1
CAGAAGCTACAGTT,41,True,1
TTTGCCATGACCCC,41,True,1
TCACGATTACCCGG,41,True,1
TGTGAACGAGCATT,41,True,1
ATGTGTTTCGGATT,41,True,1
TATATCCAATTCGG,41,True,1
TGTGTAATGGTAAA,41,True,1
GCAACGGAACACTT,41,True,1
CAACCTCAGAGATC,41,True,1
AGGGTTACACTATT,41,True,1
TAGCGTCTAATACG,41,True,1
TGTGCATGGTTGAC,41,True,1
ATATGAGTTGTGTC,41,True,1
ACCACTCTAGCTAG,41,True,1
CTCAAGAAAACCCA,41,True,1
TCTGTATACGCGTC,41,True,1
CTTCCGTGAGGAGT,41,True,1
TAGTCATGTTCTCA,41,True,1
CTATTGGGTTAACA,41,True,1
TGCTTGATATGCTA,41,True,1
CCTCCCTGTCCCCA,41,True,1
TATTGTAATACCTA,41,True,1
CAGGTCAGAAGGAG,41,True,1
GTGATCTAAAACAG,41,True,1
TCCGTTTGCACGGG,41,True,1
TGAGGACCGACAAA,41,True,1
TCTTGCCCGGGCTT,41,True,1
TAACAGTAATACTC,41,True,1
CTGGATGCAGAAAA,41,True,1
ACCCTATGTCGTGT,41,True,1
ACATCCGATGTTAG,41,True,1
CTGCTCTTCCGGCT,41,True,1
ATACAGCCACATTG,41,True,1
GCCGACGAATGTGA,41,True,1
GTATAATTTCCAAG,41,True,1
CACTCCTAGTAATC,41,True,1
CTCTTACGACCTTA,41,True,1
GCACTACCTGAGTA,41,True,1
TCACAACATACTAT,41,True,1
TCAAGCTGCAAAAG,41,True,1
TGTGTTCCGTTAGA,41,True,1
TATTCCAAATCCAG,41,True,1
CACGAATAGGACTA,41,True,1
TGCGGTCGTGCTTA,41,True,1
TTAGTTGTTATGGT,41,True,1
CTACTCCCTTCCTA,41,True,1
AGGGTATATATCAT,41,True,1
AACGACTATGGTAT,41,True,1
TTTCCTCCTAATAA,41,True,1
GCCGGCCTTTCTCA,41,True,1
ACTCTACCGAAAAG,41,True,1
AATTAAAGGCTTAA,41,True,1
GTCCAGCTACCGAT,41,True,1
TAATCACCGTGACG,41,True,1
CACCCCTACCTCTT,41,True,1
GCTCGACGGTGCAC,41,True,1
TACATGAAGGGTAA,41,True,1
TCTATACCCACATA,41,True,1
TGCTCCGAGACCAC,41,True,1
TCCGATAGTGCTTT,41,True,1
GTAACCTCGATACG,41,True,1
ATCTGTAAAATGTC,41,True,1
TCGCTGTAACCGGC,41,True,1
TCGGAAAAAACGCA,41,True,1
GGACTCACACAGCA,41,True,1
TCCGATCTCGTAGC,41,True,1
ACACCCTAACGCGC,41,True,1
TCTTAGAATAAGTG,41,True,1
TAACTGCCCCATAT,41,True,1
GCCACTTGCTATCT,41,True,1
TACCTCTGCAATCC,41,True,1
AACGTTACTCGACC,41,True,1
TAAATATTTGGGGA,41,True,1
CACTACCTAGTCCA,41,True,1
CAACTCCCTGATTC,41,True,1
TCTACGAGCGATAA,41,True,1
TACCTAAGAGATTG,41,True,1
AAGAATTACTGTCT,41,True,1
ATTAACTTGCATTC,41,True,1
ACCATAGCCTGTCG,41,True,1
ATACTCGAACATCG,41,True,1
TAGCCAAAACTGGC,41,True,1
TCCGCCTCGCCTGC,41,True,1
ACACGTATCGGCCC,41,True,1
GGTTAGCCACATCG,41,True,1
TCACTCCCGTCTTT,41,True,1
TTGTTATAGCTTAT,41,True,1
CGGGAAGGAAACCT,41,True,1
TATCTATTTGTAAC,41,True,1
TATGACGATTGTTG,41,True,1
TATGTCTAATGCTA,41,True,1
TACTCGATCCCCAA,41,True,1
AACACCCTGGGATC,41,True,1
CACATCAGTTGCAT,41,True,1
CGGATAAGCGAGGA,41,True,1
TGTCGTGATGGGTA,41,True,1
TTGGACCAATCAAT,41,True,1
GTACTTCAATTAGG,41,True,1
CCAAACGTCCTACA,41,True,1
AGTCGTGGTAAACT,41,True,1
TAATAAGAGGCTGT,41,True,1
GTACATGGAATGGT,41,True,1
CCCGTATCTACTGC,41,True,1
TACGAATGTTTGGT,41,True,1
GAGGTAACAACCCG,41,True,1
TGACTTTCATATGC,41,True,1
CCCATTCTGAGAAG,41,True,1
CTTATCTCATTGTG,41,True,1
CACTAAGGATTCTC,41,True,1
TAAACTTGTGTGTC,41,True,1
TATGGAACGACCTT,41,True,1
TCCGCGATTGTTTA,41,True,1
TTATTCTACGGCTT,41,True,1
CCGCCTGTGAGTTC,41,True,1
TATAACCCTTATTC,41,True,1
CAACTGTACCTGTT,41,True,1
ATAAAAGGTTAGGG,41,True,1
CTTGTCACAAGTGA,41,True,1
TACATTGCTTGAAC,41,True,1
GTAAATAAAAATAA,41,True,1
ATATATCAGCACAC,41,True,1
GGGGCCAGCGTACG,41,True,1
AACCTGTTAAATGC,41,True,1
TCCTCGTCAAGCAT,41,True,1
TTGCCTAACCCCGC,41,True,1
TTGCTTACCCCCGG,41,True,1
TCCAATATTAGAAG,41,True,1
TTGCCAAGCGTTCT,41,True,1
TATAACAAATAGGG,41,True,1
TAATACAGGGCCGT,41,True,1
CTGTTATGCTTGTA,41,True,1
TTGCCACGTAGAGA,41,True,1
GATAATAATGTACT,41,True,1
TGCTTGGCGTCGGT,41,True,1
GCCCTCCACCTGAC,41,True,1
CCCTTTAGGCCAAG,41,True,1
CACCCATCAATCGC,41,True,1
CATCGCGAACCAAG,41,True,1
TCATGTGCACTTAG,41,True,1
TAACAGCCACCGAT,41,True,1
AAAGGCCAGGCGAA,41,True,1
AAGACGTGGTAACA,41,True,1
CACCTTTGTCTAAT,41,True,1
TTGACCCGAAATTC,41,True,1
CATCACACAAGCAC,41,True,1
CTTAATGAGTGATG,41,True,1
TCCCAGCTGGACTA,41,True,1
ATTATCGTTAACAA,41,True,1
TGTCTTCGAGTCTC,41,True,1
CATCGATCGAAAAT,41,True,1
TTGTCTTCAAGGAC,41,True,1
TTCAGACTAAACTG,41,True,1
ACCAGCTGTCCGCC,41,True,1
CACAGTGCAGAATA,40,True,1
GTCATTTACCTGGC,40,True,1
CTACTTATAACAGT,40,True,1
TCCGTTTAGACCCA,40,True,1
CGGCACCATACCGC,40,True,1
GGACGCCTAAGCTC,40,True,1
ACGTTGGAGTTAAA,40,True,1
GTAGAAGTGTGCAA,40,True,1
TAGAGACTTGTTCG,40,True,1
TAGAAGAATGCGCT,40,True,1
CCCCCTCCATTCTT,40,True,1
CATCACAAGACAAC,40,True,1
TACCTAATTTCTCT,40,True,1
CTCACAGGTATAAT,40,True,1
GCACTCAGTTGATA,40,True,1
AGAACCGCATAACG,40,True,1
CCTCCCCAAAGTAT,40,True,1
CATTCGTGGGGTCT,40,True,1
AACCCCTTCATTTT,40,True,1
CTATCTATGTAAGG,40,True,1
TGGTACGATACATA,40,True,1
CTCATTACAGCTGT,40,True,1
CCACTGTCTACGAA,40,True,1
CAGCACGGACGGTG,40,True,1
AAACAGTCATGTTG,40,True,1
TGTACGTGTGACGC,40,True,1
TCCTTCTGGATATT,40,True,1
CTACACTCTCCCCG,40,True,1
TAATTCCGCATAAA,40,True,1
AGTCATTCAATACT,40,True,1
TATTTAGTTAATGT,40,True,1
TAACGAATACCAGG,40,True,1
CCCTCATCACCCGT,40,True,1
TTTGCCGTGGATAA,40,True,1
ATTGGTTGATTGCA,40,True,1
TTAACCGACACCAT,40,True,1
TTTTGACTTACAAA,40,True,1
TACTCAATTTAATC,40,True,1
CGCAACCCTCCAAG,40,True,1
CTAAGACCGCTAGT,40,True,1
GCACCTCGTTCCAT,40,True,1
TATATGGTAAATCC,40,True,1
TTGCTACAGCGAAT,40,True,1
TATTGCAATCTTCC,40,True,1
ATCCTCCTCAAACA,40,True,1
ATACCTTGTTAGCT,40,True,1
TACGCGCCGTTTAT,40,True,1
TCGATGCTCATATG,40,True,1
CACACTTATCGTTA,40,True,1
TGTCCCCGAGACCA,40,True,1
CAACAAGCTAAATG,40,True,1
TCTAAGCTAGTTTG,40,True,1
CTAGCTACCGTTAT,40,True,1
CTTGACGTAAAAGT,40,True,1
GCATGACTTCGAAC,40,True,1
GTGGGTTCCCGCTT,40,True,1
GATCTTTTCGACTT,40,True,1
TGTCCGCAGACGCT,40,True,1
TGGATTGAATGCTT,40,True,1
CTACTAGGTACACT,40,True,1
TAGCGTCTGTATTG,40,True,1
GCCCCCCGTCTCAT,40,True,1
GAAAGAGAAAGTGC,40,True,1
CACTCGTCCAGATA,40,True,1
CTTCGAGAGTAGTA,40,True,1
ATGAGACCTCTTGA,40,True,1
TGCTCAGTGTCGTC,40,True,1
AGAGCACTCAACAT,40,True,1
ATCACTACTTGAGA,40,True,1
CGAGTCCTGTTGCT,40,True,1
TGGTAATACTGTTA,40,True,1
GGCACGTGATCACA,40,True,1
TTGTTAAAAACTCG,40,True,1
AGGAGAAACCAAAT,40,True,1
CAAGTGCGGAAACG,40,True,1
TAATGGTTATCCGT,40,True,1
ATGTGGTTAAATGA,40,True,1
ATGACCCCATCTTA,40,True,1
GCAAGGCTAACAAT,40,True,1
CTCTCGCTAAACAC,40,True,1
GCCGTTATTGGGTT,40,True,1
TTATTCCCGCCTAA,40,True,1
AACTAGTGCCAGCG,40,True,1
CGATATGTATTACA,40,True,1
GCACTAAACTAGCG,40,True,1
AATGGTATTTCTCA,40,True,1
ATCTAAGCCAAATA,40,True,1
GTCCTCCGTATAAC,40,True,1
CCACGAACGATGAG,40,True,1
TTGTCGTATCAAGG,40,True,1
ATACAGCACCGTGG,40,True,1
TAATTCTTAAGATG,40,True,1
CTATCCCATCCTGG,40,True,1
GTCTGACATCTGTA,40,True,1
CGGCTCCCCCGCTT,40,True,1
TACTACATCGCTTC,40,True,1
TCTGTGCACCACTC,40,True,1
CCCTCCCTTTCTCT,40,True,1
TAGGCACATTACAA,40,True,1
TCCCATACACCTAA,40,True,1
ATCATCAAGCTGAC,40,True,1
AGAATAAAGACCAA,40,True,1
TGTAATTCACCGGG,40,True,1
TTCTATTAAGTCCC,40,True,1
CAGCATTCCGTCAA,40,True,1
CATGCAAACCTTGC,40,True,1
CCTCCTAACTTCAA,40,True,1
TGTAGTGACCAAGA,40,True,1
GTTGGCTATAGGAC,40,True,1
TCTCTTCGCCCGCT,40,True,1
CCCGTCGGACTGTG,40,True,1
AGACAAGATAAGCG,40,True,1
CACAGTCGGTTCTC,40,True,1
TGCTCTGCAGATAT,40,True,1
CGCAACCAGTTTCT,40,True,1
CACGCACACATGCT,40,True,1
AGATTTGAGATTCG,40,True,1
AGCCGTGGGACGCT,40,True,1
TTTATTCCGGGAAA,40,True,1
TGATGTAAGAGAAT,40,True,1
CTATGTTATCACTA,40,True,1
CTCAGCGCACTCTG,40,True,1
AAAACCGGTTATAT,40,True,1
CATACTTACTTTGT,40,True,1
CTACCTGCCCGTTA,40,True,1
TTTATCGTTACTTT,40,True,1
AGACTTCGGCCGAG,40,True,1
TTACGGAATGTAAC,40,True,1
GTTCCGATAATGAA,40,True,1
TATAAGCCCTTAAT,40,True,1
TAAGATCGCTCCAA,40,True,1
GCATCGGCTCAGGC,40,True,1
GGATACGGGATAAT,40,True,1
TTTGTTGCTTGACT,40,True,1
ATGATAAATGAGGG,40,True,1
GCGTTCCCTAAGCT,40,True,1
TATCCGGCCATCCC,40,True,1
GGCCATGCAGGAAT,40,True,1
GACCCATACAACTT,40,True,1
TATCGTACACTCAG,40,True,1
ACTATCAGCGGGGA,40,True,1
GCACTTCGACTTTT,40,True,1
TTCCTGCGTCACTA,40,True,1
TCCTACGCCGTTGA,40,True,1
TATTGCTTGCGATC,40,True,1
TAGCCAACTAAAAT,40,True,1
AAAGACGAAACCGC,40,True,1
AGCTGATCCATAAG,40,True,1
TTATCAATTGATAT,40,True,1
GAAACCGATTCACA,40,True,1
GGAGTCATTAGACA,40,True,1
ATTGAGCTAGAGTG,40,True,1
AGACAGTGTGTACC,40,True,1
GTCAATGGCTCGCG,40,True,1
TTAATGTCTTTTTT,40,True,1
CAACACTTGTTGAA,40,True,1
TTACCGTCTATTAT,40,True,1
GTCGAGCGGGTTTC,40,True,1
TAACCTATGATTAG,40,True,1
AAGCCAGTCTGTAC,40,True,1
TATAGAACATAGAT,40,True,1
GCATATGGGTCCTA,40,True,1
ATCGTATCAGCTCT,40,True,1
TGCCGTCTGTCTTG,40,True,1
AAAACTTAGTGGAT,40,True,1
TGGAAGTCAACCGG,40,True,1
CCTGGCGTTTGCCG,40,True,1
CAAGCGATCTAGAG,40,True,1
TTAGTTGAGAAGGG,40,True,1
CTATTGAGGCAGAA,40,True,1
TACCTCCCGCTTTA,40,True,1
TCCAAGCGGTCAAA,40,True,1
TCCGTTGACTACCT,40,True,1
CCACCGCTCCCCCC,40,True,1
CGCGTTCTTGCTGT,40,True,1
TAAAACCGAGACTG,40,True,1
TTTGCTAGACGGGT,40,True,1
GTGAAGTAGATGGC,40,True,1
TTAAAGCCCTTCGC,40,True,1
CCCAGGTATGACTC,40,True,1
TCCACGTCCAAATT,40,True,1
AATCTGGCCTGATT,40,True,1
CTAACCTGTAGGCT,40,True,1
TCGATGTCTTCATC,40,True,1
TGAAGATATAGTTT,40,True,1
GGACCGCAATGGGA,40,True,1
GTACTTAGTCCGGT,40,True,1
GAATAGATTGCATC,40,True,1
TGACAAGTACGCAA,40,True,1
TCATAAATGATCGT,40,True,1
GTACCTGCGACAAG,40,True,1
GGCACGCCTTGGTC,40,True,1
GTCTGCGATTTACA,40,True,1
TACCCTCGGGTCGT,40,True,1
CCACATCGCCCCTA,40,True,1
TGCATTGTTCATTG,40,True,1
GCCGCGCCCTATTC,40,True,1
AGGTGTTAACGTGC,40,True,1
GATCATTGACGAAA,40,True,1
TTGTGACCTTGCAC,40,True,1
GCACAAGTTATACA,40,True,1
TTTTCCACTGATAT,40,True,1
ATAGCCTTGATTGA,40,True,1
TCTTTACTCGACAG,40,True,1
GTGATCGTTTAATC,40,True,1
TGTACTTACGCACA,40,True,1
GGAGAATTTAATGA,40,True,1
CATAGGCTCGTGGA,40,True,1
TAACTAGGTCTGCG,40,True,1
CTACTGCGAATTTG,40,True,1
GACGTCGGACACAG,40,True,1
AAGGGTGTATAGTA,40,True,1
GTACTTGCTGATAA,40,True,1
TAACCTGGGATAAA,40,True,1
TACCCCCCCAATAA,40,True,1
TCCGAAAATCCCCC,40,True,1
TTGTCCCCAATCCT,40,True,1
CAGTCATCCTTATG,40,True,1
AGCCTTTATTCCAA,40,True,1
CTACTATCGACCGT,40,True,1
TCCTTGCCCCGAAA,40,True,1
GGTGTTGCCGCGAT,40,True,1
TGTAGTGGTCCGCG,40,True,1
CCACCACTTAGGTT,40,True,1
GACACTAATGCCTT,40,True,1
TACACACTTGGGAA,40,True,1
TGGGCATTAAGGCC,40,True,1
TGTGTTACTCTTAA,40,True,1
ATGTTGTGCTTACC,40,True,1
TTGTGACGGGGCTC,40,True,1
ATCAATTTTAATCC,40,True,1
GCAGCTCCTTGTTT,40,True,1
CTGCCGGTGTACGC,40,True,1
GACATACAGATCGA,40,True,1
ACCTCATATACAAC,40,True,1
TGAGAGATTTAAAG,40,True,1
TCCAACCACATTAG,40,True,1
CTCGACAATGACCA,40,True,1
TAGATAAGACCGCC,40,True,1
CCCCCGACCAATTC,40,True,1
TATATCCTCCCCAC,40,True,1
TGCGTGATAGCGAC,40,True,1
GCATTCCCCTTCAT,40,True,1
TGAAACACCAATCT,40,True,1
TGAAAGTTCGCAAA,40,True,1
CCCCAACAAACCCG,40,True,1
TGTCAAAAGATGTA,40,True,1
CCCTAGTTAAGCCG,40,True,1
CAACGTCCTGACGT,40,True,1
TCGTCTGTATTACT,40,True,1
TGCTACTATAAAAG,40,True,1
CTCACAACCGTATA,40,True,1
AGCTTCTTACACCT,40,True,1
TCCGCTCGTTACTT,40,True,1
AGGAGTAATGTAAC,40,True,1
TGGGTGTGCCCTAC,40,True,1
GAGATGTCGCATAC,40,True,1
GGGACACTCCCGCA,40,True,1
TCATCATTTCGATT,40,True,1
GAAAGTGTTATCAC,40,True,1
CGAATGGAGGACAT,40,True,1
TCCCATACAAGAAA,40,True,1
GAATATATCCGTCT,40,True,1
CAACATACGCCCTT,40,True,1
CAAGACTGTATTCA,40,True,1
CGATAATCTGGGTG,40,True,1
TTACTGGTAAGCGC,40,True,1
TACCTAGTGTTAAC,40,True,1
CCCTTACACATGAC,40,True,1
TCGACATCAAGAGC,40,True,1
GACAGGCTGTGCTT,40,True,1
CTAAACCTGTACAT,40,True,1
TGCATGATCAATTT,40,True,1
CTTTCATTTCCCTA,40,True,1
TAAAGGCCATATGC,40,True,1
CGAACCCAGAGAGG,40,True,1
CGGGTTATCTGAGA,40,True,1
TAGGATAACATTTA,40,True,1
ATGCACTGATGCCG,40,True,1
TAAACGAACACTCG,40,True,1
TGGCCTGCTCCATT,40,True,1
GAATCCATCATCAG,40,True,1
CAACGAACCTCGGC,40,True,1
CTACATACCACACA,40,True,1
TGCAATAAGATACA,40,True,1
CTTGCTTCCAGCAA,40,True,1
CATAGAGCTAGTAT,40,True,1
AGGTCATACAAATA,40,True,1
ACTAGGAATATCGA,40,True,1
TCTCCAAGTATCCA,40,True,1
ACACGTCCAGCGTA,40,True,1
CTACGTCCTCAAGC,40,True,1
TAACACCACGATTC,40,True,1
GGCAACCGCAGAAC,40,True,1
TAGACCCGTCGGTA,40,True,1
CTCCTGTCTCGCTC,40,True,1
TAGAACAGTATAGA,40,True,1
CCAACCAAGGGCAT,40,True,1
CGTCCTAGGCGTCC,40,True,1
TTAGAGCTTCGATG,40,True,1
ATACCTATGTACAA,40,True,1
ATAAGCGGAAACGT,40,True,1
TGCATTCACAGGTG,40,True,1
CACAAGGAAAGTGT,40,True,1
TTGACAACCCCCTT,40,True,1
CACATACAGTCTAC,40,True,1
TTACCTGGATAAAC,40,True,1
TGTTTTTCTACTTT,40,True,1
TCAGCCTCGCACAG,40,True,1
TTATCATTAGCCAA,40,True,1
TAAGGTCTTATGCC,40,True,1
TATTCATATCTTGA,40,True,1
TCTGTTTTGTGGGA,40,True,1
GTACATGCGATCTT,40,True,1
TACGTTATGTTGAG,40,True,1
CCCCCGTCGACCCC,40,True,1
TTATGATACCCACA,39,True,1
TGGCATCTCACTTG,39,True,1
TGCGCTGAAGTCCG,39,True,1
TGCAAGGGCATTAA,39,True,1
TCATACGAAAGCTA,39,True,1
ACACGCGAGTTCCA,39,True,1
GCATCCGGAATCTT,39,True,1
AGATCCAACTTGAA,39,True,1
TCCCTAGCCACATT,39,True,1
AAGCAACCCCGGAA,39,True,1
TTACTCTGCGAACC,39,True,1
TTCCACCACCCTTT,39,True,1
GCTTAATTGATTCA,39,True,1
GTAAGTCGATTATC,39,True,1
CCTGTGGCAGGGTG,39,True,1
GATCCGTATAGCTC,39,True,1
TTAAGCAAATACAT,39,True,1
CACAACCGTCATTA,39,True,1
TATAGGTACCAGAG,39,True,1
CGTGGCTCTGCCGC,39,True,1
GTGATCTTATTATC,39,True,1
ATTAACATCATCCT,39,True,1
GGCATATGTAATGC,39,True,1
GTTCGCTATATCCT,39,True,1
TCAGGCTGAGCTCT,39,True,1
TGTGAGAACTGCAG,39,True,1
TTGGGGTCACCAAC,39,True,1
CGTCCTCAGGATTG,39,True,1
CCCAACAACACGGG,39,True,1
AGGAACCCTAGGTT,39,True,1
CACTCCGTCACAAT,39,True,1
CCCTACCATCCCCA,39,True,1
CACGTTTTGAACAA,39,True,1
ATCGCCACAAGCTA,39,True,1
CTACTCTGCGTGCC,39,True,1
CACCTGCTCGCAAC,39,True,1
CCCTCGTAACGTAT,39,True,1
GTGATACTAGTGGT,39,True,1
TAACAGGACAATCC,39,True,1
AAACGCATGTCGAA,39,True,1
TGGCCCCATGGTAT,39,True,1
AACCATGTGAGCAA,39,True,1
TCAACAATCGATAT,39,True,1
TTGCGAGGGAGAAT,39,True,1
TTGCCGGACATCTC,39,True,1
ACAAACCTTTGTCG,39,True,1
AGATCAAATGATGC,39,True,1
TCCTAGTTATCTAG,39,True,1
CCCATGCCTAGAAT,39,True,1
TGAAACAAACTGGC,39,True,1
TTCGACGAAATCTA,39,True,1
AAATGTGTGTTGGA,39,True,1
GCACAGGTGCTGAA,39,True,1
CCACCGGCGTGGCT,39,True,1
ACTGTCACTCACGT,39,True,1
TTAAGGAAACGTAG,39,True,1
CTTCACCTCTATTC,39,True,1
TGACTTTAAACGTC,39,True,1
TACCTCGGACTCAC,39,True,1
ACAAACTGACGCAG,39,True,1
CCACTCGAAAATTA,39,True,1
AGACTCATAAGTAA,39,True,1
TTGTCAACAGTTCG,39,True,1
GGCAAAGAAGGTTA,39,True,1
TTCGTTTTCATGAC,39,True,1
ATCTTGACTTAATG,39,True,1
CCATGGCGTAGGGA,39,True,1
TCCCAGCTATCTGA,39,True,1
TAATTACCGTGCTA,39,True,1
TGATCATCCGAAAA,39,True,1
TTATCGGTAAGCAC,39,True,1
ACCTCTCCAGGCGG,39,True,1
TTCCAATTATGATT,39,True,1
CGTGCCCGTTACAT,39,True,1
TGCCCCAGCCCTGC,39,True,1
TACAGTTCTGCACA,39,True,1
ACAAAGAGACAATT,39,True,1
GACTGATTGAGATA,39,True,1
CACATGGTGAAAGG,39,True,1
TTGACCTATGTTAT,39,True,1
CTACACATCCCCCC,39,True,1
CAAACACACGTAAG,39,True,1
TTCAAAGATGTGAA,39,True,1
ATGTACCGTTCAGG,39,True,1
TATCTTATCCTTCC,39,True,1
GTGGCACGAACGTC,39,True,1
AGATCGGACAAGAG,39,True,1
AGCAGATCAAACTT,39,True,1
CTCGACCCTACCAA,39,True,1
TTAACATTGCCCAG,39,True,1
TAACATGACATGCA,39,True,1
ACCATTTAATGTTT,39,True,1
CACGCATCCACAAA,39,True,1
GTTGTTTATGGTAC,39,True,1
CCACATATAAATCG,39,True,1
TCACTCTACTTCAG,39,True,1
ATGGGTGTCAAGGC,39,True,1
GCATGTGATGAAGC,39,True,1
TTTCCACGCTTATT,39,True,1
CTAAAGCTGGACCA,39,True,1
ACAGACCTTCATAT,39,True,1
TGATAACCCAAACT,39,True,1
GAAGCTTGTAATAA,39,True,1
GCCTCTTGGACGGC,39,True,1
CCCGCAATATGAAC,39,True,1
TGCTTGCGGTGCCC,39,True,1
TTATTAGTTATACA,39,True,1
GCCCACCCGACCCC,39,True,1
ATGTAGTTACCTAC,39,True,1
GGAGCCTTAACGTG,39,True,1
TAAACGCAGGGATG,39,True,1
GGCTTTGCCGTGGA,39,True,1
CGGGACATGAGCCT,39,True,1
CCATCTGCCGACCA,39,True,1
TCACCCAACGATTG,39,True,1
GTTATACGGACCTG,39,True,1
AAAGTAAATTCCTT,39,True,1
GTAATTGCGTTACT,39,True,1
TACTCTAGCCGATT,39,True,1
AGTCCATATTCAAT,39,True,1
TGCGTTTACTAATG,39,True,1
TAATACCCGCAACA,39,True,1
GGATCGAGAAAGCA,39,True,1
TGAAAGGTCTTAGC,39,True,1
ATTCCCTTATATTA,39,True,1
TACGTGCTAACTAT,39,True,1
TAACAACGCGAAGG,39,True,1
TATTCCTAATCATC,39,True,1
TCACCACCATTCTA,39,True,1
TATCTGAAACTAAG,39,True,1
TTCATCTCTTCTAT,39,True,1
TAGCTTGAGTAATT,39,True,1
AAGTCTGTCTTACC,39,True,1
CCTTTGCAGTGTTA,39,True,1
TGTTGAATGTAGAT,39,True,1
TCCATTCATTCTAC,39,True,1
CTCAGGACTATGAA,39,True,1
TTGGGCAAGTGGTA,39,True,1
AAACATGTGCAAAA,39,True,1
TCACGATGATGCGA,39,True,1
CCAATGCGCGGTGC,39,True,1
TTACTTTATCGAAA,39,True,1
GCAGCCTCATGATG,39,True,1
GTTGGCTCGCATTA,39,True,1
ATCCGGTACTATGG,39,True,1
TTTTCGCCGACAGT,39,True,1
TGCATCTGATGACG,39,True,1
TAGACTAAAAATTA,39,True,1
CAGGAACTTATCAA,39,True,1
AGGATGACTATATG,39,True,1
CCATTACCGATTAG,39,True,1
CTGCTGTAAGTGTT,39,True,1
ATGTTGTTACGAAA,39,True,1
ATATGCGTTGAATA,39,True,1
TCGGTATCGAGTTG,39,True,1
TTATATCCTCAACG,39,True,1
TTACTCCTTAAGAT,39,True,1
TTCGCGAGTGCACT,39,True,1
TTAATGTGCAATTA,39,True,1
GAACATCGTCGCGT,39,True,1
CGCCTGCCACTGCC,39,True,1
GTTCCGGTCGCTGA,39,True,1
TGGCCTGGTCAAAT,39,True,1
TGACGTCTCTGATG,39,True,1
AAGATAGAGGAGAG,39,True,1
GATATAGGATCCCA,39,True,1
TGAGACAAAGATAC,39,True,1
TACACGCTAGCCGC,39,True,1
CACAAGAATGATCA,39,True,1
ACTAGACACGCTTC,39,True,1
CGGGATTTTATCCA,39,True,1
CGCAGGTTTGCCGC,39,True,1
ATGCGCCAAGCGAG,39,True,1
ATAGTCGTCATACG,39,True,1
TTGGCTATCGTCCG,39,True,1
GAAGTAAGGTCTAT,39,True,1
CGCATGACGTGGCT,39,True,1
CCCAATACAAGCAA,39,True,1
TTACCTAAACCCGT,39,True,1
ATGGCTGCACTCCT,39,True,1
TCTACCAAGTACGA,39,True,1
AGGGAGGCGGCCTG,39,True,1
TACGTCACTTCTTT,39,True,1
GTCCACGAGTCTAC,39,True,1
ACAGAACAAAACCT,39,True,1
CTACTATGATTCCT,39,True,1
CCATCCAGCCCCCC,39,True,1
TATAGCATAGAGTG,39,True,1
ACCTCCAGGAACCT,39,True,1
CATCAAATATGCCG,39,True,1
GCCATTGAGAACGC,39,True,1
TACGGAGAGGTTGG,39,True,1
GGTCAACATGTCAT,39,True,1
CCCCCCCAAATATC,39,True,1
CTCACCCGTGTGGT,39,True,1
GCCCCCCCAGCGAC,39,True,1
TGCTTTCCAAGAGT,39,True,1
CACTGCAAGCCTAT,39,True,1
TAACCTGCCGTTGA,39,True,1
TAATGGTACCAATT,39,True,1
TCAAAGTAATGGAG,39,True,1
TGTTCCTAATTTCG,39,True,1
TGCCAGTATTGAAT,39,True,1
CCGCCGTCAGCCTT,39,True,1
GTAGGAAAACTCAG,39,True,1
TTATTCCGCTCACA,39,True,1
TGCACTCCCCCGCC,39,True,1
TTTTGAATAAACGC,39,True,1
CTCCGCGGGACAGA,39,True,1
TTAGGCAATCAAGG,39,True,1
TTATGATCACTCAC,39,True,1
TGGCCATATTCCGT,39,True,1
CAAAACTCCGATTA,39,True,1
TATTCAAATCTATC,39,True,1
CAAGTTGAGGACGT,39,True,1
TTCATTGGCCACGA,39,True,1
TAAGTCCCGGACTA,39,True,1
ATACAGCCTTCTTA,39,True,1
TCTACCTTCATTTA,39,True,1
TTGAGCAGATACGA,39,True,1
TAGCCGTTACACCA,39,True,1
GAACATGACGCGTG,39,True,1
TAAACTTGTATACC,39,True,1
TTGCACGGCCTTTC,39,True,1
ACACTACCGATATG,39,True,1
GTAGTTATGCACCT,39,True,1
CTAATGCGTAACAG,39,True,1
AGATTTACGATCTT,39,True,1
AGCCCCCAGGGTTA,39,True,1
ACCTTCACTGATGG,39,True,1
TTTATCTTATTCAA,39,True,1
TGGATATTCTATAA,39,True,1
CATCTACCAAATAC,39,True,1
CCCTCCCTTCATCG,39,True,1
TTCATTCTGTTTCG,39,True,1
TGAGTCTAGCGCTA,39,True,1
ATGCAAGTATATTT,39,True,1
TAGCCACCATCTCC,39,True,1
AAGTCGCTAAATAA,39,True,1
GCCCGGCTCGGTTC,39,True,1
TGGTGGAAGAGAAA,39,True,1
ACACATGCAATACT,39,True,1
TTGTGGAAACCAGC,39,True,1
TCGAGTCCACTAAC,39,True,1
TGACAAATCTACAC,39,True,1
TGCAGAAACTATTG,39,True,1
TGAGCCAGTCTGAG,39,True,1
CCTGATCGGATCTT,39,True,1
CGCCTACCCCACAC,39,True,1
TGCTGGCCTCCCGA,39,True,1
GCGATAGTCAGTGA,39,True,1
CCACAGTGTGACAC,39,True,1
TGTCCTTGCACGCT,39,True,1
CCCGCTGCGACTGA,39,True,1
CCTTCCTCTTAGAC,39,True,1
TCAGTGTAGAGCCG,39,True,1
CAACATAGATCTTT,39,True,1
TTATTTAGTACTCT,39,True,1
ACTACAATGACAAA,39,True,1
CATCTCTCTACGGG,39,True,1
TCTCATTCGATCAA,39,True,1
GCCATATGGTTGGT,39,True,1
TGTGTCGAGTTATC,39,True,1
TCAAGTTGCCCTAT,39,True,1
TAATCGTGGTAATG,39,True,1
TGTACGTCTATTAT,39,True,1
TACCCTTCCGAAAC,39,True,1
GACAATTCTTGAAC,39,True,1
GGTAGACCAAAGCT,39,True,1
TGGAGCTTCAATTG,39,True,1
TTCCTACTTAACGT,39,True,1
TATTGTAATGAACG,39,True,1
ATCATACATTTAGA,39,True,1
TGTTAGAGGACATT,39,True,1
AGCATAGTTTCGCG,39,True,1
TTCACCTGGTCTCT,39,True,1
ATAAGACCGCACCG,39,True,1
CAGCGTTCGCTCAC,39,True,1
ACCTAAACCCGTAA,39,True,1
CGACAAGAATGTGC,39,True,1
GCCATAATTGCAGC,39,True,1
TACGTTAAAGTCTA,39,True,1
GAGCTTTCTCAAGA,39,True,1
CGTGCTCGGATGGA,39,True,1
TTCCCTTCATTTAC,39,True,1
TATGACGTTTAGTT,39,True,1
AGAGATCCCTTATC,39,True,1
AAGTCAAAAAAGTC,39,True,1
TTGATCGATGGGAA,39,True,1
TCACCCATCACTAT,39,True,1
ACGCGAGAAACCAC,39,True,1
GATGTACTAGAAAT,39,True,1
GGGGAACATCATAC,39,True,1
TAATTATTCTAGGT,39,True,1
TAATGCTAACCACA,39,True,1
TAGAGAGATGACGG,39,True,1
TCGCGCCACGAAGG,39,True,1
ATATCTCGAGTGCA,39,True,1
CGAGTCCGAAATCC,39,True,1
TGCCATTCGAGATG,39,True,1
ATGGTTAAGCCGGT,39,True,1
CACCAATTGTACAT,39,True,1
CGATAGACCAATCA,39,True,1
TAGCGCTTGAGCTG,39,True,1
CGCGCAGAAAGTCT,39,True,1
TCCCTGGGACCACC,39,True,1
TCACCCTGTCCCCC,39,True,1
AGTCACTTGTAGTG,39,True,1
AAATCTAATACACT,39,True,1
CCCTCTTATTTATA,39,True,1
GAGCTCAATATACG,39,True,1
GCAGAATGAGAAAG,39,True,1
TTAACGTGTCTCGT,39,True,1
GTATGATTACTTCG,39,True,1
AGCCTTGCGCGACC,39,True,1
CTAGGGCATTGATT,39,True,1
TGAGCATTGAGTGA,39,True,1
CGGTAAGACGTATT,39,True,1
GGTCGGTTAATGAC,39,True,1
GTCAGATCCACTCT,39,True,1
TGCTGTACCACTAC,39,True,1
CAACTCGGACCGTA,39,True,1
TTAGCCTCGTCGAT,39,True,1
TGCAAGAAGCTCGG,39,True,1
TTGCCATGAAACGA,39,True,1
TTTATATTACTACT,39,True,1
TCCCTAGCACACCA,39,True,1
CATTAGACCAGACG,39,True,1
GTAGTAACGGTCTA,39,True,1
CCAAGGCCAGTAAC,39,True,1
TTATTATGGATAAC,39,True,1
TTAGTGGACTAAAA,39,True,1
TCCCTAGGTCACAC,39,True,1
GTGATAAACATAAT,39,True,1
ACACGTATTTAGCT,39,True,1
CACCACTTGGGTTC,39,True,1
CATTCTAAAACAAA,39,True,1
TAATATTGTCCCTC,39,True,1
GCATATTTAGTGTT,39,True,1
CTGACTATCCAGGG,39,True,1
CAGCCCCTTGTAAT,39,True,1
GTAGGACTACGACG,39,True,1
TAAGGAATTGTAAT,39,True,1
CCTAGGAAAACCAG,39,True,1
CAGGAGACTAAGCA,39,True,1
TAATAAATCACAGG,39,True,1
CACCCGCGGACCAT,39,True,1
AATTAAGGATACTC,39,True,1
CTCGCCCCCTAAAT,39,True,1
CGACGGAGCCTTTA,39,True,1
CTAGAAAGTGTAGC,38,True,1
TACCGCCAAAAACC,38,True,1
GTTCTAGCCCCATA,38,True,1
CCCTTTGTCACTTC,38,True,1
CTGATCAGTATAGA,38,True,1
CTCCTGGGTCTGAA,38,True,1
CTGTGGGCATCTTA,38,True,1
GTGAGTGTCAAACT,38,True,1
TATTTGCACCATCT,38,True,1
CACTGGCTTGAGAC,38,True,1
TGCCTTCACGTTTC,38,True,1
TTAGATTGTCGAAC,38,True,1
GAGTAACACAGTAC,38,True,1
TGACAGCATAAACC,38,True,1
GTAACCCCTCCTAA,38,True,1
CGTGGGTAGTTTAG,38,True,1
GACCTGAGATCTTT,38,True,1
AATGAGTGAATGAT,38,True,1
CCCAATCCTTCGCC,38,True,1
TCATAGACTTCGTG,38,True,1
GTTTGGACTTACCC,38,True,1
CTTATGTGGAACAA,38,True,1
TACTAGATGAAGAC,38,True,1
AGGACTTGTACACT,38,True,1
ATCGTATGTTGAGT,38,True,1
CAGCCTCGACTCTG,38,True,1
ATAGACAAGAGCGC,38,True,1
AAAGGCCTCAGCAA,38,True,1
CATACCGCATCGCA,38,True,1
TTGCTGATTAGTGA,38,True,1
TCCCCCGGTTCCAT,38,True,1
TCAGTCGATTTGAC,38,True,1
TGTGAGGTAGGGGC,38,True,1
AGATAATCCATATC,38,True,1
CAGAGACCGTAGCC,38,True,1
TGGACATCAATGTT,38,True,1
CGGATGAACCCAGA,38,True,1
GCTCCCCAGACCCC,38,True,1
TCGAACAAGTAACC,38,True,1
TGATGATAACCAAG,38,True,1
TCGAATCCGTTTGA,38,True,1
GCACTCATAAGTAT,38,True,1
TACTTGCTGGCGCA,38,True,1
ATGGTAGGAGGAAG,38,True,1
TCTCTCGCGATCAA,38,True,1
TCCTTTCCGTACAG,38,True,1
TACAGTCAATTCCA,38,True,1
AACTTCAGATTAGA,38,True,1
AAGAACTGTAAAAT,38,True,1
TCTACTTGCAATAA,38,True,1
TGAAGTTATACATA,38,True,1
TCAAGAAGCGCAAT,38,True,1
TATGACTGAACAAT,38,True,1
AGCTGGTCAACCCT,38,True,1
CACGATCTTTCGCG,38,True,1
TTATAAGATTTTTT,38,True,1
CGATTCATCGTCCG,38,True,1
CACCAAATGAAGTC,38,True,1
TATTAATAGTATCC,38,True,1
TCGGTTTTGCGTCA,38,True,1
AACAAAACAGTACA,38,True,1
TCCACGAATAATTA,38,True,1
ATACCCTTCGACCT,38,True,1
ATGTGTTAGTCCGT,38,True,1
CTATGTGTCCAAGC,38,True,1
TTCAAACGTCGAAT,38,True,1
GATGATCTACTTGG,38,True,1
ATCCCCGTTGACGG,38,True,1
CAAGATGGGAAAGT,38,True,1
GAATAAGTTGCCCC,38,True,1
CAGCATTAGTTATG,38,True,1
TATGCGGTTTAATG,38,True,1
TACCAATTAAATGT,38,True,1
ACTGGACGACATCA,38,True,1
CAGGCTCCCTGATA,38,True,1
GCGACGCAATAATG,38,True,1
TTCACTAACCGTTG,38,True,1
TAAAACAAAATCTG,38,True,1
CTCAATGAGCGTAG,38,True,1
TGACTGGTTGGTAC,38,True,1
AATACCGTTTAAAA,38,True,1
TTTCTCCGAATTCC,38,True,1
AGACTGCCGGGGAG,38,True,1
TAAGGATATAGTAT,38,True,1
TGAGAACTTCTATA,38,True,1
CTCTTACGGACCCG,38,True,1
GTATACCTAACGTG,38,True,1
AGAATGAATTTAGC,38,True,1
TGAAGTATGTTTTA,38,True,1
GCAAACTATTAACC,38,True,1
GCACAAGTCTACTT,38,True,1
TGTTACTACCTCTA,38,True,1
GTAAACATTGTGTG,38,True,1
CTACCCGGAGTTAT,38,True,1
CAAAAGCCATGATA,38,True,1
AAGACCAAAAGCGG,38,True,1
GTACGACTAAAAGG,38,True,1
TATGGGAACGTCCC,38,True,1
TCCTACTTTTTTTT,38,True,1
CTGACAGAATCGTG,38,True,1
CCCGAGGAAGTGGA,38,True,1
GTATAATAATCAGT,38,True,1
TCCAATCATACCGT,38,True,1
CTCATTCATTGTTG,38,True,1
ACTGTTGTACAATA,38,True,1
CCATACCTGTTCCT,38,True,1
GTATCGAAAATTGG,38,True,1
TCCTACCTCCCAGT,38,True,1
TCGTTATTCTGATT,38,True,1
TAGGAATGTCGAAC,38,True,1
CTTACGACGGTTGC,38,True,1
CCACGCAACCATTT,38,True,1
GCCTTGGCGTCCCT,38,True,1
CAATTTAAGGTTAG,38,True,1
TAACAATATTCTGA,38,True,1
GTGACCAAAGGTCG,38,True,1
TCAACATATCTATT,38,True,1
CCCATGGTCACACC,38,True,1
AGGTCACGTTATAA,38,True,1
CTTGTAGTAGCACA,38,True,1
GACACTTAGAGCAA,38,True,1
TTTAGAAAGGGATC,38,True,1
AGAATAATGCTCAT,38,True,1
CGAATTCCCAATCC,38,True,1
TACTTTTGTTTACA,38,True,1
TCTAAACGTTGATC,38,True,1
ATCCTTGAACCCGA,38,True,1
GGATAGCAAGATGT,38,True,1
TATCGGATTCTACC,38,True,1
ACTACTAATAGACG,38,True,1
TAAGGCACTATCAA,38,True,1
ACCCTGTAAGACCA,38,True,1
TGAACTGTGCTTCA,38,True,1
TCTTGCGATACTCA,38,True,1
GAGTTATATTCAGT,38,True,1
TCCCCGTTCTCGAA,38,True,1
CTTGAATGTGTGTG,38,True,1
ACATTGGTGGAATA,38,True,1
GCAAGACGCAGAGT,38,True,1
TCCAGTCAGGTAAC,38,True,1
CCTGTTGTGGTTTC,38,True,1
ATTAGGACGCTGAA,38,True,1
TATTCAATTCGCGT,38,True,1
TTAATAAAGACGTA,38,True,1
TCATGTATTGATAA,38,True,1
TTGATGGAAGCTGC,38,True,1
TTAATAACCGACAT,38,True,1
ATGATTTACTTTTT,38,True,1
CTCAGCGCCCGCCT,38,True,1
ACAAGCTTAAAGTA,38,True,1
TTGACCTCACTGCC,38,True,1
CCCCGAATAGTTGG,38,True,1
ACAGCGTAAATAGA,38,True,1
ATACACACTCCGAA,38,True,1
TATAAGGCAGTCTA,38,True,1
GTCCATGAATGTTG,38,True,1
TCGTGATGAACCTA,38,True,1
TAAGAGAAGGGATG,38,True,1
TGAAGGCCCTGGAT,38,True,1
GGGGGATTCGCCAT,38,True,1
CGTATCGTAGATTC,38,True,1
GTCTCTCGTTTTAG,38,True,1
GCTCTTGTGCGTGT,38,True,1
GTGACCTACAATGA,38,True,1
TATAAAGGGTCATC,38,True,1
TCCATCGTGGAATC,38,True,1
ACATTAGGAGCTGA,38,True,1
AGATAATCAGTTGT,38,True,1
AGCAGCCATCGCCA,38,True,1
ACCGTCTAATTATA,38,True,1
GAGCGCTGCGTGTA,38,True,1
AGCAGGTAAAACCA,38,True,1
CTCGAAGTATTAGC,38,True,1
CGACTCCTGAAAAA,38,True,1
TGACACATGTTTCG,38,True,1
CTACGTAACTATAA,38,True,1
TGACGAATCTCCTA,38,True,1
TTGCTTGTGAGACT,38,True,1
GCCCATCTAATAAA,38,True,1
ACCGTAACTATCGA,38,True,1
GTGGTCTGCAATAT,38,True,1
CGTCCATTAATTTA,38,True,1
CTACAAGTTAGCGC,38,True,1
TTAGAACGAGGGCT,38,True,1
TCTAAGGTATAGAA,38,True,1
TAATATCGATTACA,38,True,1
TACGTTATATATTA,38,True,1
ATGGCTGCTAAAAC,38,True,1
CTTTCAATTTATCA,38,True,1
GCCAATTAATCCAC,38,True,1
GAGACCGATTTCAC,38,True,1
AAGTTACCCGATGA,38,True,1
GGACCCCACCCCGC,38,True,1
CCATCAGAGCTGTG,38,True,1
GGCACATCATTCAT,38,True,1
ACTGTTGATCATAT,38,True,1
GCAGGACTCCGAAT,38,True,1
GTCGTCTCACGGCG,38,True,1
ATTGACTGACACAT,38,True,1
CTCACCTCAATTTT,38,True,1
TTAGCTTCTAATCG,38,True,1
CTCTGCAGTCTGCT,38,True,1
CTTGCCTACGACTC,38,True,1
CTCACCATCTATGC,38,True,1
TTGAATGGCTAGAA,38,True,1
TGACTTCCTATGCT,38,True,1
AACTCGAACTTGCG,38,True,1
CCCAAAGCTATGCT,38,True,1
CTTGTCACAGGTAA,38,True,1
TGAACTCCTTGGAC,38,True,1
TTTACCAAGGAACT,38,True,1
GTATGCACCAGGTC,38,True,1
TGATACGTGATATA,38,True,1
TGGAGGTTGCACCA,38,True,1
CGATGCTTGAACGG,38,True,1
ATCGATCCCTCTGG,38,True,1
CTTTGCCAACTAGC,38,True,1
CCACGTAATAAAAA,38,True,1
AGCAGGGCAAATGG,38,True,1
TAGTAGTACACCTG,38,True,1
TTCATAGCCACCCC,38,True,1
TAGGGCGATTATCA,38,True,1
GCATTACCGTATGA,38,True,1
TTACACAAAGGAGT,38,True,1
TTACGATATAAACT,38,True,1
GTGAGGGAGCTGAG,38,True,1
AAAATATACATGGG,38,True,1
ACAAATCTTTCGCA,38,True,1
CCAGAGATGCCCCA,38,True,1
TTAAGTCCCTAGTG,38,True,1
TTTTAACCGTCAGA,38,True,1
AGGAGGTCAAAATG,38,True,1
ATGCCACAGCCGCC,38,True,1
TTGTTCTCTCAAAA,38,True,1
ACACAGGTCGATCA,38,True,1
GGCCGCCCCGGTGA,38,True,1
TCTGCTGGAAAAGT,38,True,1
ATCTGCAGTTAATA,38,True,1
TGAGAGATAATATT,38,True,1
TTAACTTATACCGA,38,True,1
GAGGCAAAATCTGG,38,True,1
CCTCTAACCAACGA,38,True,1
GATCTACTTTCCCT,38,True,1
TGGGAATCAACTGA,38,True,1
TTATAAATACATTA,38,True,1
AGGAGTAGTTGATC,38,True,1
CCAACTTACTTTTG,38,True,1
CCAGATTCGCATTG,38,True,1
CCAAGGTCGCCACC,38,True,1
ACACACCCCGTTGT,38,True,1
CCCACTAAACCCAC,38,True,1
TGGTCAGCCATCCA,38,True,1
GTTGGCTGAAAACT,38,True,1
TATCCATCATGCGT,38,True,1
TATAGACTTTTTCT,38,True,1
TATTGTGTCAAATG,38,True,1
TACACAACCCGGAA,38,True,1
CCTGCCAGAATCCA,38,True,1
TGACATAAAATTAC,38,True,1
GGCACTCCTACCCA,38,True,1
CAGATCGCTCTTAG,38,True,1
CCACTAGAAAATTC,38,True,1
CGTATCTCCCTTGT,38,True,1
TTACACCATCACAA,38,True,1
CGCCCTCAACCTGC,38,True,1
GTACGCGTACACAC,38,True,1
AGTGCCAATAGTGA,38,True,1
CTGCATTTTTTTGA,38,True,1
ACCGGGGTGTAGAG,38,True,1
TGCTCAATACGCAA,38,True,1
TTACCTGATGTTCA,38,True,1
GTCACGCGATGCGG,38,True,1
CCTAGCTACTACAG,38,True,1
TACAGTTATATTTG,38,True,1
TATAGGTAATGAAT,38,True,1
TATCTAAACGCACA,38,True,1
TACCTATAAGTAGC,38,True,1
CCAAAGGTGTAGAC,38,True,1
CGATGTACTAAACT,38,True,1
CTGATTCATTAGAA,38,True,1
TAAGAGATATAACG,38,True,1
ACTAGAAAATACTT,38,True,1
AATCAGAACATATT,38,True,1
TATTCTCTGTCTTC,38,True,1
CAACCGCCGAAAAG,38,True,1
TCAGTGGCAAAGTT,38,True,1
TGTCGCTCCCAAGC,38,True,1
TATGATTATTAAGT,38,True,1
TCGGAGAATAGTAG,38,True,1
CTGCCTCCGCCTTC,38,True,1
CACCCCAAAAATTA,38,True,1
CGATCATTTCTCGT,38,True,1
ATAAGACACACCGG,38,True,1
TTCAGGAAGTGAAA,38,True,1
TACTAGGTACTATT,38,True,1
TGCTTTATCGACGC,38,True,1
TACGTGCGAATACA,38,True,1
AGAAGATTGAATAT,38,True,1
GAGAGCATAGATCC,38,True,1
ACATGATTATTAAT,38,True,1
TGATAAGTGATATG,38,True,1
CCCAAGTTCAGTCA,38,True,1
TACAAATCTACGCA,38,True,1
GGATACTCAGTTCC,38,True,1
CTTAAACGGACCGG,38,True,1
TTTCACTGGACATA,38,True,1
GCATCAATATTAAA,38,True,1
CCAGGGAATATTGA,38,True,1
AAAGGCTCACTTTC,38,True,1
AACAGGTCTGGCTG,38,True,1
ATATCGCAAATACA,38,True,1
CTCGACCGCTGTTC,38,True,1
ACACACGTAGTCGA,38,True,1
TAACAGGGTTTATG,38,True,1
GTGGAACTCGATTA,38,True,1
TCAGAAACCATGTT,38,True,1
GTTGTTAATCATTT,38,True,1
TTAGTGAAAGATTT,38,True,1
TTCCTGCGCCATAC,38,True,1
TAGCTTCATCCACC,38,True,1
TCAAAACGACACCT,38,True,1
ATATAGCTTACACG,38,True,1
TAAACCGTTTACAT,38,True,1
GTTCCGCCCCCTAC,38,True,1
TAAATAACCCTCGT,38,True,1
CCTCCCGCCCCTTT,38,True,1
CAATGCCGTTAACC,38,True,1
CAGTTTGACGCATG,38,True,1
CGACCAGACTGTTC,38,True,1
GACCAAGGAGCACG,38,True,1
ACCCCGAATGTTCT,38,True,1
CAACTATTGGGACG,38,True,1
AGTGAACCGGACGC,38,True,1
TATCCGCACCCCTC,38,True,1
AAAACTATTTGTCT,38,True,1
CGAAGTCTTCAAGA,38,True,1
TGGATCGCCAGGAA,38,True,1
TCAACATCTGTGGA,38,True,1
TCTGTACATCTACA,38,True,1
GCGAATCAGCCCCC,38,True,1
GAGGTTAGAAACGT,38,True,1
CATACGTGTATTCT,38,True,1
TAACAATACCAAGC,38,True,1
CCAGAACAGTGGCA,38,True,1
ATCTAGCTAGAAAC,38,True,1
CCGTTTCCCACCGC,38,True,1
TCCATATAGATTAA,38,True,1
TGGCTAAATTTGAA,38,True,1
TCAGGGCGCTCCAA,38,True,1
GGATTCTATTATTC,38,True,1
AGATAGAACCGTCG,38,True,1
CCTAACATCGGCTA,38,True,1
TAAGTGCCCATGTT,38,True,1
CTATATATAGACTT,38,True,1
CCCACTTTACGAAC,38,True,1
GTCAAGTTTTTGCC,37,True,1
TAACCGCCGCACAG,37,True,1
GTAAGCAAAGTAAC,37,True,1
TATTCAGAGAAAGC,37,True,1
AGATCTATGAGCTT,37,True,1
GAACCATCATAAAT,37,True,1
ATACATAATCGTAA,37,True,1
ATACAGTCACGTAC,37,True,1
TGATCACAAATGCG,37,True,1
TAACTGAAGATACG,37,True,1
CCTCCTATAACGAT,37,True,1
AAAGCTGGCGCATG,37,True,1
GCACCGACAACCAC,37,True,1
TAGGTCCTCCCCTA,37,True,1
TTAGAGCGTATCCC,37,True,1
TCAATTTAAACGAT,37,True,1
TTAGGACCCGGTAT,37,True,1
TGCCTACTACCTCG,37,True,1
AGATTTGACATAGG,37,True,1
TCCCCCATTTTAGA,37,True,1
TCTCGGCTCCATAC,37,True,1
AGGGTGAAAAAACG,37,True,1
TGTACAATGTTAGC,37,True,1
TAATGGCTAGTATC,37,True,1
TTGGCGGACCTAAT,37,True,1
GAATCAACGTAATT,37,True,1
TTAAGATTTCCGGG,37,True,1
CGAAAACGTTATCA,37,True,1
TTAATAACTACGAT,37,True,1
CTTCCGCCCAGATA,37,True,1
CACATCACGGTTCA,37,True,1
TCATTTAACAACGT,37,True,1
TCATACAGCCTGCC,37,True,1
AGTACATCTTGAGA,37,True,1
TATGAATAAAATTT,37,True,1
TCCACTTTATTGTG,37,True,1
GTAACCCCGACGTA,37,True,1
ACACTAGCTATTTA,37,True,1
TTCAAAGACACTGA,37,True,1
TTATATGTTCTCGT,37,True,1
TTGGAGGAGTTCCT,37,True,1
ACTCCGCCAAAAAA,37,True,1
CCCCTGGCTGTCGT,37,True,1
GGACGTTGGTACAC,37,True,1
GCATCATCTAGGAC,37,True,1
ACACAAGAACAATG,37,True,1
TCCTTCAACCAAAG,37,True,1
AGCACCTTCTGAGA,37,True,1
CGGGTAAGCAGGAA,37,True,1
ACTTCTAAACTGGT,37,True,1
CTACACAATATTCT,37,True,1
ACCCCCGTATGCAT,37,True,1
TGCCTAAAAATTAG,37,True,1
CCCATTCTCCCTAG,37,True,1
ATTCGTTTAACTTG,37,True,1
AGGCTTCACTACCC,37,True,1
AACCTTCCTATTGC,37,True,1
TAATCAATGAGTAC,37,True,1
ACAAATCCTTGTGA,37,True,1
CATGGGAGCTAACT,37,True,1
CTCACGCTTGATCC,37,True,1
AGACAGCTGCCACA,37,True,1
TCTTAAGCCGGATA,37,True,1
CATGAGTACGAGCC,37,True,1
TCAATTATATATTT,37,True,1
CCCTCACGCATCCT,37,True,1
TTCCTGCGTAAGAT,37,True,1
TACACGGACGCCCC,37,True,1
GTGAAATCCGAGGA,37,True,1
GGATTAGACGACAT,37,True,1
CTCTAGGGATATCA,37,True,1
ACCCATAACATCTT,37,True,1
CGGGTCTTACTATG,37,True,1
CCCATCCTGACATT,37,True,1
CACACGCTCCGGGC,37,True,1
GTGCGTTGTTAGTA,37,True,1
CACGTCCCGACACA,37,True,1
TCAGACGTATAAAG,37,True,1
CCAGATGCTATAGT,37,True,1
TAACCGATACACCG,37,True,1
TTCTCCCCTCTAGC,37,True,1
ACTCGTGTGCGCGG,37,True,1
AGAGACAGATTTCG,37,True,1
AACTGACGTACCCA,37,True,1
CACCTACCCGGACC,37,True,1
TAAGTGAGACTAAA,37,True,1
AGGGCTTGCGTGGC,37,True,1
GTATCATGAGCTGT,37,True,1
TGCCTATGGTACAA,37,True,1
TCGAGCCCAGCAAG,37,True,1
CCTCATACCATACC,37,True,1
ACGGTTCCATAACG,37,True,1
TGGCACTGATTAAA,37,True,1
ACATTTACCTTACT,37,True,1
GGACGCTTGTTCCT,37,True,1
AAGAAGATTGGGTG,37,True,1
TGCATTGAAAGCCC,37,True,1
CCAGGTAAGTTACA,37,True,1
CCCACGGATAATTC,37,True,1
CACTCCCAAAGATT,37,True,1
TTATTCTTAGCAAA,37,True,1
TCCAGACTACAAAT,37,True,1
GAAACGGGGCGGAA,37,True,1
TGAGACTAGGGTAT,37,True,1
AATCGAGGGTGCTT,37,True,1
GACACAAGTCAAAT,37,True,1
TAGACTAATCGAGT,37,True,1
CCTTGACTAGAAAG,37,True,1
AGAAGACGTAATAA,37,True,1
CCAACCGATCCTGG,37,True,1
GTATTTGAAGCCCA,37,True,1
TATGATAACATCAA,37,True,1
CATATGAATATCGT,37,True,1
GTAAACGTAATAAG,37,True,1
ACACGTACACACAC,37,True,1
ACCACCTCTATGTC,37,True,1
GATTCTCATACTTT,37,True,1
ACACACCTGTCCTA,37,True,1
TGCAAAAACGCGAT,37,True,1
ATGAATTTTAACAT,37,True,1
GACTAGAAGGCCAA,37,True,1
AGACCGATTGTATC,37,True,1
TCGCCGGCCCGCCT,37,True,1
TCATAATAATACAG,37,True,1
TATATCTGCTCGAT,37,True,1
ATAAGAATATGTAA,37,True,1
TATCCACGCCGTGT,37,True,1
ATAGTCGTAATAGA,37,True,1
TATTTCCGAGTAAT,37,True,1
TTCAATTCTACGTG,37,True,1
TTTGAGCTAATAAG,37,True,1
GATGGGAGGGCAGA,37,True,1
TTCACAGATTTGAG,37,True,1
GCCCACTGCAGGAC,37,True,1
TGAGTCAGTAACTA,37,True,1
CCGTTATCCACATG,37,True,1
AAGCCAAGGTGCCA,37,True,1
GTAAAGGAGTAACG,37,True,1
GGAGGGATTGCTGC,37,True,1
AAATCATCCCCCTT,37,True,1
TTTCTCTCCAAGTC,37,True,1
CGTGGCCCGCACTT,37,True,1
ATATGACGCGATCA,37,True,1
TTACTGAGACCTGG,37,True,1
AAGGTAAAAAGTGC,37,True,1
TGCCCGATGCTAAT,37,True,1
CATTCTTGCCGCGG,37,True,1
ATAATAGAATACTG,37,True,1
ACACATATGGATGT,37,True,1
GTCATAAACATCTC,37,True,1
CTGCATACGCGTTG,37,True,1
GAAGGCTGTTTGAT,37,True,1
GTACCGTCACCCTG,37,True,1
TCGTTTCCAACCGA,37,True,1
ATACGCTATTACTC,37,True,1
TGTTCTTCAGTCCG,37,True,1
TCATAGCTTAAACT,37,True,1
CTTTTCCATGGCTA,37,True,1
CTAGTGCATTCCAT,37,True,1
TATCCGAACGATAG,37,True,1
GAAGGAGCAGGTGC,37,True,1
AAGCTCTGAGAGAA,37,True,1
TTACGTTGGGTAAA,37,True,1
TTGCCCACGATGGA,37,True,1
TATTGTTGGTGCGC,37,True,1
TAGCCGCTTAAATT,37,True,1
CTACTAAAGTTTAC,37,True,1
CAACCGGGTAGCCG,37,True,1
GAATATGATAACTA,37,True,1
TCTCCACCTTCCCC,37,True,1
TTCTGACCTGAGCG,37,True,1
CACGTATCATATGC,37,True,1
CGCCAGTTCACGCA,37,True,1
TATTAGCAACCGAC,37,True,1
TTACTTGCTCATGT,37,True,1
TCCCACGCATGTGT,37,True,1
CACATTTGACTATT,37,True,1
CAAACACAACCATA,37,True,1
GTCTCCCAGGCCAG,37,True,1
ATAGGCAATAGGCA,37,True,1
AGGCTCTTATCAGG,37,True,1
GTTCTTCTAAGTGA,37,True,1
TATATACCAAGTCA,37,True,1
CTTCATGGCCTGAT,37,True,1
TCCGATAAACATTT,37,True,1
GATACTATCGCTTG,37,True,1
TTAGCACTGCGTTG,37,True,1
AGGGCGAGACATAG,37,True,1
CCAGTCCCCAGAGT,37,True,1
GACAAAGTGGTACA,37,True,1
TAGACATTATGCGT,37,True,1
AAACCGGTAGATCA,37,True,1
GGGAAGATACAGTT,37,True,1
CGCACATTGATAGA,37,True,1
CTTCACCAAGATAG,37,True,1
GATCACTGATACTT,37,True,1
CCACAATATAAACT,37,True,1
GTACCTAATGTAAA,37,True,1
CCTTACTCCCATGG,37,True,1
CCCTCGGCCGCTCA,37,True,1
CCACCTACACCCTG,37,True,1
TCGATGATGTCTAC,37,True,1
AACGTACCCTGTCC,37,True,1
GTCTACTTTCGATA,37,True,1
CAAACAGTAGTTAA,37,True,1
TCCAAACGAAGTGG,37,True,1
GAACACTGTATGCA,37,True,1
CCTGACTCGCAATA,37,True,1
TTGCTGAATCGAAA,37,True,1
TAGTTACACAACGT,37,True,1
CCCGCTACACCGAC,37,True,1
TATCAATTTTTCCC,37,True,1
CTCCTCTCAAGTGC,37,True,1
TCGTACACAAGTTC,37,True,1
TCCCTACCGGCCTA,37,True,1
ATGGTGCTCGTCGC,37,True,1
TGTCGCAAATTAAT,37,True,1
TCCATTGACCGAGA,37,True,1
TCTCCCTGTCGCGA,37,True,1
TGTGCACAGGCAGT,37,True,1
GTACCGTCTTCTCT,37,True,1
TCTTTGCGATTATT,37,True,1
CCGACTCCCCCATA,37,True,1
TATCCACCCCCCTT,37,True,1
CCACCCTCCCGTCC,37,True,1
TCCCACCCTCGCCC,37,True,1
CATCTAAACGCAGA,37,True,1
GATCGAAGATACTA,37,True,1
ACATGAAAGATTGC,37,True,1
TTACACTGTCCCGA,37,True,1
CTCGTGTTCCAGGT,37,True,1
TTAGTAACAGAAAC,37,True,1
CACTAATTCCTCTA,37,True,1
TTAAGCTAAACTCA,37,True,1
TGAATCAAAACCTT,37,True,1
AAGGACTGCACACA,37,True,1
ATGAATTCCTCGCT,37,True,1
CCAGCCCGGCCCGG,37,True,1
GATTACCTCGTATC,37,True,1
ACACTTCTGTGCGC,37,True,1
TATGAACCCATACA,37,True,1
TCGCATGTGCATAC,37,True,1
TACGAACTAGTCGC,37,True,1
CATGTCGCGCAACG,37,True,1
GTACCCGGGGACCA,37,True,1
GCCTCTAAATACTC,37,True,1
TGCCCCCTCTTAAC,37,True,1
GGCGGTTGAAAATA,37,True,1
GCATGAATGGGCTA,37,True,1
GGATCGATGTAGTT,37,True,1
CACACAGATATGGT,37,True,1
AGGAACTAAAGAAT,37,True,1
GTACAACCTGCATG,37,True,1
GCCATCCTGTTATG,37,True,1
CGATAGAATATTTT,37,True,1
GGCACAGCATCGAC,37,True,1
TAACTATAGCGTGC,37,True,1
TAGCGCGTGATTCT,37,True,1
CCCATCCCCAATTG,37,True,1
AACCCAAGACATTC,37,True,1
CACTCGCTGTCACA,37,True,1
TGGATCTTGTGTGA,37,True,1
CCTAGAACTACTGA,37,True,1
TAGCGAGCGTTTAG,37,True,1
GAATCCTTCACATC,37,True,1
TGGTCTACGCCCCG,37,True,1
GTAGTAGGCTAGGT,37,True,1
TGCATTGAGCCTTA,37,True,1
ATGGCGTCCATGTA,37,True,1
TCAATCCTAACTAT,37,True,1
TCTCTGTGAGTATA,37,True,1
CCACCCCTTTCCCG,37,True,1
ACCCCCTCTTAATA,37,True,1
GTTAGCGACCGCCC,37,True,1
GTGCTTTTTTTGTC,37,True,1
TGTCCCGCAGGGAG,37,True,1
GTCTCATGTACAGC,37,True,1
TGAGCGTGGTCGCC,37,True,1
CTAGCAGTGATAAA,37,True,1
ACAGACTCGTGGTG,37,True,1
CGTCGTGGAGCCCC,37,True,1
AACTTCGCCGTATA,37,True,1
GTACTCTCAACGAT,37,True,1
CAAAGGGGCATACT,37,True,1
CCCGCTGGTTGATC,37,True,1
TGATCGTCCGTAAG,37,True,1
ACAGCGAGGCAAAG,37,True,1
TATTGAGTCGGCCA,37,True,1
AAAGCCGACGATGA,37,True,1
ACCCTGCCCAAAAT,37,True,1
CTGTCTCGGGCGCT,37,True,1
ACAGTATGAATCTG,37,True,1
GGATAATAATGTAT,37,True,1
CAATGCCGACACAA,37,True,1
TAGTGTGCGAGAAG,37,True,1
TACCCACAGACTGG,37,True,1
GGAATCTATACCCG,37,True,1
ATTCCATTCGGTCG,37,True,1
TGTCAACCCGATAA,37,True,1
CGTTGTCGAATAGA,37,True,1
CTCTCCGTATCCCC,37,True,1
TTACTCTGTTAAAC,37,True,1
TAAAGCCTCTCAGA,37,True,1
ATGGAAGTTAATGA,37,True,1
AGAAGGAATCTATT,37,True,1
TGGTGCACCAAGCA,37,True,1
TCACATTGACTTTA,37,True,1
TAGCATTAGCTTGA,37,True,1
CGCCTTCCGCGCCC,37,True,1
TGAGGCTGGAATCT,37,True,1
AAAACAGATACGAG,37,True,1
TTAGCTCCACATAG,37,True,1
TGAAGCTCCTTAGC,37,True,1
CCCCGTCAGCTTTT,37,True,1
ACTCCAGGGACCAA,37,True,1
CTTACGATACATCA,37,True,1
CACAGTGTTACACG,37,True,1
TACGTCCTTTTATG,37,True,1
CCCGTTACGGATCC,37,True,1
TTAAATAAGCAGGA,37,True,1
CGGACAGCCGCAGA,37,True,1
AACACTTACTTGAC,37,True,1
TCAATGTTACATAT,37,True,1
TCTGAGTTCAAGAT,37,True,1
CTAACGCTTAGTAA,37,True,1
TCGCTCATAGTGAG,37,True,1
TATGACTTGACACT,37,True,1
CTATTGTGTATTTT,37,True,1
TAGCGTATTATAAA,37,True,1
GACGCGTGAGTTGA,37,True,1
TATATGTGGGATCC,37,True,1
CACTAAATATCGTA,37,True,1
ATGTGCGTTGCCGG,37,True,1
TGAGTCCTCGGAGA,37,True,1
GCCCTTGTCACTTC,37,True,1
TTAAGGCTAACGAC,37,True,1
TATATTTCGTAACG,37,True,1
GAACGGAGCACGGT,37,True,1
TCTCCCCTCGGCGC,37,True,1
TGGGCTAAGAAGCC,37,True,1
CACACATCGCCTCG,37,True,1
CCTAACGTAGCCCT,37,True,1
CCAGTCGGACAGGG,37,True,1
TGGTGACACACCTG,37,True,1
TCACGATAAACGAG,37,True,1
TTGCCACACGGATT,37,True,1
TTTCGCTATACCGA,37,True,1
CATACACTAAATAT,37,True,1
TATTTGAGTGATGT,37,True,1
TATACCTAGCCGAA,37,True,1
TCTGGCCAGTTGCC,37,True,1
TCTCACTCTATTAA,37,True,1
CACCTCTCATTCTA,37,True,1
AACGTGGGTTAATA,37,True,1
GAGCTCTTCGAAAA,37,True,1
AAAAACCTGCCAAG,37,True,1
GAGAACACACGCGA,37,True,1
TGAACAATGGTATC,37,True,1
AGCTTTGCCGCTTG,37,True,1
GCCAAATAGAACGT,37,True,1
CACCGCTCCCAGTG,37,True,1
TCGTTCCCTATTTG,37,True,1
TGGTATTATGGTCT,37,True,1
GACGCCCTTCACTT,37,True,1
TGAATAAACTGTGC,37,True,1
TTATCATAGACCAG,37,True,1
TAGTTGCTAGCAGA,37,True,1
CCCGGTCGCCTGGA,37,True,1
TAGGGGTCACGTAT,37,True,1
GGTGATTTATAGCT,37,True,1
CCATTGCTTGGAAA,37,True,1
CCGTGCTTAAATAG,37,True,1
TAACTACTATTATC,37,True,1
ACCCAGGTTTTTTA,37,True,1
GCCAGGCATTCTTG,37,True,1
GTGACTCCACCGCC,37,True,1
GGGGACCACTTCTA,37,True,1
ATACTTACTGTACC,37,True,1
CTGCGATTAATCAA,37,True,1
ACCAGATACGATAA,37,True,1
GGTGCCTATAAATT,37,True,1
TAAACGCGTACAGA,37,True,1
CCCATTATCAGACC,37,True,1
CAGTCTTGCTGTAG,37,True,1
CTACTCGTATTTCG,36,True,1
GTCCCGTGCTATTA,36,True,1
TAGATCCCTTCAAG,36,True,1
TCATTGCCATACAG,36,True,1
CCTCTTAGAAAGAG,36,True,1
TGACAGGTATGTAA,36,True,1
TGTGGGTCCGTACC,36,True,1
TGTGAAGCTCTATA,36,True,1
TAATTGCATAAAGC,36,True,1
ACTAGCGGGCTCAA,36,True,1
TATAATACGAATCA,36,True,1
TTCATCCAATTTAC,36,True,1
TAGATATAGCGCTT,36,True,1
TACGTGTCTTACCG,36,True,1
TAAAACTTGTCGAA,36,True,1
GTTCATTCGCCGGT,36,True,1
ACTGATGTCATTTG,36,True,1
TAACACAGGGTGCG,36,True,1
GATGATTCTACTAT,36,True,1
TCGACGACCATAAA,36,True,1
TACGCCGTCTAGGG,36,True,1
CGAAAGGCTACCGC,36,True,1
GCCCCTTCATGGGC,36,True,1
TGCAGGGAATAGAA,36,True,1
ATGTAAGAAATTGA,36,True,1
GAGAAATCACTCAC,36,True,1
TCCGCGCGAGCACT,36,True,1
GGCTGGATTCAGGA,36,True,1
GTGCCGCTTGGGCA,36,True,1
TCCACGTCTTTAAT,36,True,1
ACCCTTCTCTTAAA,36,True,1
ATGGCGTACAATCA,36,True,1
CCTGACCTATATGA,36,True,1
TAATACACGCTCGC,36,True,1
CAAGTCCCAGCACG,36,True,1
ATGAGTAGATGAAC,36,True,1
ACCTAAAATGGGCC,36,True,1
TAACATGAAGCACG,36,True,1
TACCAAAATATCGC,36,True,1
CTATACCCGCGTAA,36,True,1
ACACCTTTAAACTC,36,True,1
TTCGAGCCTAAGAT,36,True,1
CTATGCGGTTAAAC,36,True,1
CCAGCAGTTTAGCT,36,True,1
GGTGTGGTACGTAT,36,True,1
GTAACATGTAAAGG,36,True,1
TACTGAGCTGACTC,36,True,1
AACAGAGTTGTGAA,36,True,1
CTCAGCTCGCTGAC,36,True,1
TTATCACAACCGGT,36,True,1
CTCTTGGACGACGG,36,True,1
GAAACCCTGACTCT,36,True,1
TCCCCCTGAATACC,36,True,1
TGCACGGAAGATTT,36,True,1
TGCGCTGACTGAAA,36,True,1
TAGAGTCGTCCGGC,36,True,1
TTACCGTACTCCGG,36,True,1
CCTCGAACCAAATG,36,True,1
TATGAAACTCCGGT,36,True,1
TCATCTGAGAGCGG,36,True,1
CTACCGCCTGTGTA,36,True,1
TATACTTAGATCAA,36,True,1
TATTATCTGCTAAA,36,True,1
GATCGAGCTAGTGA,36,True,1
TAGGTTATCCCTGT,36,True,1
TGGACGAGAAACAT,36,True,1
TTCATTACTTAAAG,36,True,1
TACTGCTTTTGCCA,36,True,1
TTGTAGTCTAGGGC,36,True,1
CTACCCCCATCCAT,36,True,1
TCGTTGTAGCCACC,36,True,1
TTTCTAGTGTGACC,36,True,1
TTGGCAACTTCGAG,36,True,1
ACCAAGGCAAGAGT,36,True,1
AGCAGGAAGCCCGG,36,True,1
TTATTTACGTCAAT,36,True,1
TTCCTAACGAAGAT,36,True,1
CATACGGTCCTAAG,36,True,1
TCGCCTTACTCGAC,36,True,1
AATGTATGTGCACA,36,True,1
GAATCGTTCCTTCA,36,True,1
AAGAGAGCTCATTT,36,True,1
ATGCCCTAATGGTC,36,True,1
TCTCCTCCCCCCCC,36,True,1
GCCCCGCACAGTAA,36,True,1
GGATGACGGAATTT,36,True,1
GCCTCCGTTGACTT,36,True,1
GGGCAATCGGATGC,36,True,1
CCTGTTATAATTAG,36,True,1
CTACGTTCTAATCA,36,True,1
TCATCACGGTGCGA,36,True,1
TGTATCACGTTTGA,36,True,1
GTATAATGGTCGTC,36,True,1
GGGGATGTTAATAC,36,True,1
CACGTCTGAGCATG,36,True,1
CTAAGCCCAACTCA,36,True,1
TCCTTGTTGCGCTT,36,True,1
CGGCTTAACCAGCG,36,True,1
TCATAACCTGATGT,36,True,1
TGAAATCAATTGTA,36,True,1
TGCTTTTTCGAAGT,36,True,1
TTCCCACTAGATCC,36,True,1
ACCACGTGCAAGCT,36,True,1
TGGAGGGGCGCACT,36,True,1
GTCAACGAACCTTT,36,True,1
CGAGATACGCGTGT,36,True,1
GATCGATCTGTAGA,36,True,1
TTTGTTTCCACACT,36,True,1
GTCTCACTATTATA,36,True,1
TGCGCATTCGTTAC,36,True,1
AGGATGTATACTTC,36,True,1
ACACAAGAGGGCTT,36,True,1
ATACCAGAAGCTAC,36,True,1
AATGATTTAGCTGA,36,True,1
TAACATCGCCATCT,36,True,1
CAGATAATTGCACA,36,True,1
TGTAGCCTTCGATA,36,True,1
CTAAGCGTACAAGG,36,True,1
CAGGGACGCCAGTT,36,True,1
CAACACATTTTTCA,36,True,1
ACAGTGTTGAAACT,36,True,1
AGCCGCTACGGCTG,36,True,1
TAGAGCGTACAATG,36,True,1
GAATAAGTCCAGAG,36,True,1
TCATTGCAGGGTGA,36,True,1
TGAATGCCTTATTA,36,True,1
CACGGTTATATCGG,36,True,1
CACTCCTGACGCTT,36,True,1
ACAGTACCATTCGC,36,True,1
ATGATCCTGGATCC,36,True,1
TATGCGTGTTTCAT,36,True,1
CAACGTTCCTTCAA,36,True,1
TGCGCCGAGAGGCG,36,True,1
ATCCCTCTAGGGAC,36,True,1
CCCACCTTCCGACC,36,True,1
TTATCCTAATATTG,36,True,1
TAAACCGTACACGC,36,True,1
TTGCTGGACAGGGG,36,True,1
GCGTGTGTTAGATT,36,True,1
GGGAGGATTTAAAC,36,True,1
GAGGTTTCGAGTAA,36,True,1
GTCGAACAGGGCGT,36,True,1
CCTTTTCTATATTG,36,True,1
CCATCATCCTTACC,36,True,1
CCTCTACTGATTAA,36,True,1
TTGTACTCTATCTT,36,True,1
CCATTATTCACAAC,36,True,1
TCAAAGAAGACCCA,36,True,1
CGCCGTTGTGCCGA,36,True,1
CCCCCAGGAGGCAC,36,True,1
GTAATTGACCCATT,36,True,1
TTATATTGCTAGTC,36,True,1
TGACGGTTAACTAG,36,True,1
TCGCGTGGTCCGCG,36,True,1
TCAACCCCGCCACC,36,True,1
CGGCTCGCAAGGTT,36,True,1
TCAATATAATGTGA,36,True,1
GTAGCACTTATTGA,36,True,1
GAGACAAAATAGCA,36,True,1
ACCCAACTTCTACT,36,True,1
ACAACGGCCCCGAC,36,True,1
AAACATAGTATCTA,36,True,1
ACACGGAGCATACA,36,True,1
TTACTAGGTCGGCT,36,True,1
CACGCCACCATAGA,36,True,1
TTTGCATTCAAAGA,36,True,1
TGCGTTCAATGGTA,36,True,1
CGCCTCCCTACTCC,36,True,1
CGATCGTGCACCAT,36,True,1
AGGTCCACCGATCT,36,True,1
TAAACATTAACCGT,36,True,1
TCCAATGCAGATGT,36,True,1
TCTAACCTGCTTAC,36,True,1
GTCAGTTGCCGTAC,36,True,1
TATAATCTTGAGGA,36,True,1
GGGGTTAGCGAATA,36,True,1
CATAGTACATTCTC,36,True,1
GGACTATCAAGATG,36,True,1
TCGCCTTTCCCGAC,36,True,1
TGAACGCTGGAGGC,36,True,1
TAACTTGCTAATAC,36,True,1
TAAGCGTTGCTGAG,36,True,1
TGTCCACGGAGCCC,36,True,1
ATGAAGGTAATACA,36,True,1
GAACTAGTCCAGGC,36,True,1
TGCAATTATGTCTC,36,True,1
TTATACCGCAAATT,36,True,1
GTCCTTATTCCATA,36,True,1
TGTAGGTGAGTCTC,36,True,1
TATTCGTGTACTGC,36,True,1
GGCCTACTCTGTGA,36,True,1
TCAGCCTGTCCATA,36,True,1
TTAGAACTCAAGTG,36,True,1
TTGAATGTAAACCC,36,True,1
GTGCCAACGCGATC,36,True,1
TATGCGCTGAGGTG,36,True,1
CTAACAGTAACGAC,36,True,1
CCAAGTCCTGAACG,36,True,1
GCATGCCTTAGTAA,36,True,1
CCGATGAGAAGCTG,36,True,1
TAAGGTCTGATAGA,36,True,1
TCCCTTAGAGTATA,36,True,1
CGACCCCACGACAT,36,True,1
TACGAACACCGATA,36,True,1
AGACTATACAAAAC,36,True,1
CGCCTCCATTCCTT,36,True,1
TACCACGACGAGAA,36,True,1
TAAATGCTACAATA,36,True,1
CTACCCCATATCGG,36,True,1
ATGGTCCCCACACA,36,True,1
TCGATAAAAACATT,36,True,1
CGGGGCGTAGGCTG,36,True,1
TCAAACTCGCGCCA,36,True,1
TTTGATAAGTAGTC,36,True,1
GGCGTACAACAAGA,36,True,1
CTCTCCATAGCAAA,36,True,1
TGGAACCTTGTATT,36,True,1
AAGAACCTTGAGCA,36,True,1
ATGACCTTAAATCT,36,True,1
ACCATACTTGACTC,36,True,1
TCCCTCCTGTGGTC,36,True,1
GCAAGGTCGAGCGG,36,True,1
AGACCTAGCGTACC,36,True,1
ATACGCCGTGTCGG,36,True,1
TTGTTCGCATTAGT,36,True,1
GTGCCTTCTCGGGA,36,True,1
GCCCCACTCGTCCA,36,True,1
CGAACGCCGATGTC,36,True,1
GTGGCGATGCAAGA,36,True,1
TGTAACTCTAGTAA,36,True,1
TTGCTCCTCGGATC,36,True,1
ACACGCTGGATGAC,36,True,1
ACACCTATTGGGTA,36,True,1
GGGGTCATCAACTT,36,True,1
GTCCACCAGTGTGG,36,True,1
GGCACCAACACCAC,36,True,1
GACCGGCGGGTGCA,36,True,1
TAAGAGTGCGATAT,36,True,1
TCCCATCAAACCGC,36,True,1
TACAGCCCTGAATG,36,True,1
TTTGCATGTCCAGT,36,True,1
ATGTTTGCAATAGT,36,True,1
TTAGGCCATACAGT,36,True,1
ACTGCCGACCTAAG,36,True,1
GCATAACCTTCCCA,36,True,1
CCTCTACCGGTCCC,36,True,1
CTCACACCCCCCTC,36,True,1
GACCTGAGAGAATG,36,True,1
ATGCCACAGAGCTC,36,True,1
CTAGCAATACGGTG,36,True,1
GTCTATCCCTTCCA,36,True,1
TCACACGTTTCGGC,36,True,1
TCTACCCACCTCTT,36,True,1
TCAATACTTTGCTT,36,True,1
GACTACGAATTGCA,36,True,1
GTGGATCACTTACG,36,True,1
AGACAGGAGTTAAA,36,True,1
AATAAAAGCGCCAT,36,True,1
GTTATCAAAACAGC,36,True,1
GGTAGAGAGGTGTT,36,True,1
AGAGTGGATGGGCT,36,True,1
TAATACTATAGTGC,36,True,1
CCACTGTAATCCAT,36,True,1
CAAGGTACCGTACC,36,True,1
TTGGGATTCGATTG,36,True,1
ATAGCTTGGCTCTG,36,True,1
CAGGAGAATGAATC,36,True,1
AGAAAGAATATCAA,36,True,1
ACCACTAGTAGAAC,36,True,1
CTCCTTCGCTTCAG,36,True,1
CCGGCGTGGTGTTT,36,True,1
CTACATAGGTCTAC,36,True,1
TCCGTGGTAGATGC,36,True,1
CAACCGCGAGGTTA,36,True,1
TTGATGAAGATCAG,36,True,1
CCCGATCTACAGCA,36,True,1
TGCGGCAAATAATA,36,True,1
ACACACGTTGGCAC,36,True,1
TGGTGAACCTTGTC,36,True,1
GGAAACAAGCTTAG,36,True,1
CTTGGCTGTGTTGC,36,True,1
GCAACTCGATAGTC,36,True,1
TCATTTAGGGAGCA,36,True,1
GGATCAAGCGGCAC,36,True,1
CTAGTCCACCTTTA,36,True,1
AGAACACCCATTTA,36,True,1
TGGACTTCGTGCGC,36,True,1
CTCATGCCTTCGGC,36,True,1
TATCCATTTCAGGG,36,True,1
GTCGCTATTATACC,36,True,1
TCAATAAAAGATGA,36,True,1
GTTACTCACGTTGT,36,True,1
CCCTTCGCACTCCC,36,True,1
CTCACCTAAACAGC,36,True,1
CTCTCAAGTAATTT,36,True,1
AACACGGTCTAACC,36,True,1
AGTCGATCTCTGGT,36,True,1
TATTATACGCGACC,36,True,1
TCAGTCCTTACCAT,36,True,1
TACCGCTCGGTAGT,36,True,1
CCCAGTGCTAGTGC,36,True,1
CATACGGGTCCAAC,36,True,1
TCAAGATGGATCTA,36,True,1
GGACCAAAGACACC,36,True,1
TGAACATGGTACGG,36,True,1
TGTAACACCAAAGG,36,True,1
CCACCATCCCTTAT,36,True,1
CGCCGCTCGTTACC,36,True,1
TGCATAATGATGCG,36,True,1
GTGCCTCCAAGCTT,36,True,1
TAAGTACAAACTCT,36,True,1
GAACCAGGTTAACA,36,True,1
TCCATATCGGCACA,36,True,1
CTTCCTGTTGGTGG,36,True,1
GTGTGAGTAACCTT,36,True,1
TTAATGCATATAAT,36,True,1
GAGACGTAAGTTGG,36,True,1
TAAAGAAATAGCTA,36,True,1
GACGCGTTGCCCGA,36,True,1
TCTCCAAAACATTG,36,True,1
TCTTGACTTGAGAG,36,True,1
ATCGGCCCGTATGC,36,True,1
TGCCAAAGCTGGTC,36,True,1
TCTTAAACAGTCAG,36,True,1
ACCAATCCACCGCT,36,True,1
GTTAGCGCGTAGCC,36,True,1
CTTCAGCGGGCGGC,36,True,1
ATATTGAGTCGTAG,36,True,1
AGGCTCGGGTTTAA,36,True,1
TTATACGACATGTT,36,True,1
CTTATCGCACTTAG,36,True,1
GTTGACTACTGTTC,36,True,1
TATCCGACGTTCTT,36,True,1
GAAAGATCATTGTG,36,True,1
ACACTATTACTATC,36,True,1
TGATCTCAAAGGGT,36,True,1
CAAATCATCTGAGA,36,True,1
TCATCGTAGTCGAT,36,True,1
TACGCAATTACCTA,36,True,1
CCAGCAATTTAGAC,36,True,1
CGCTCCTACTCATT,36,True,1
CACACCCGTTTGAA,36,True,1
GAATGGTTTAATGG,36,True,1
AACGACCGGCTTTC,36,True,1
AGATACTCGTAAGG,36,True,1
TCCTAAGTAAAGCA,36,True,1
TAATGTAATACGAC,36,True,1
TACGGACAAAGCTG,36,True,1
TAAGATCCGATACA,36,True,1
TAACGTAATCTATT,36,True,1
GTGAGGCTGTCGTC,36,True,1
CTTACCCGTCTTAT,36,True,1
TCGAGTGTTCGTTT,36,True,1
TCGCTCGCACGGCT,36,True,1
GTTTCGTGTCCGGA,36,True,1
CACACGGTTCTGTC,36,True,1
CGGGCGTGACTCTT,36,True,1
CCCACTTATGCGCG,36,True,1
ACCTAGGGAGAGAA,36,True,1
CGGTCTCCTACAGT,36,True,1
TACTAAGAGATCCA,36,True,1
CTCTTGAAAAAGCC,36,True,1
TACTAGAATCCATT,36,True,1
TATCAAATATGCTC,36,True,1
CAGGTAGATGACGC,36,True,1
TATTACACCTTGGC,36,True,1
CTAAACGGTCTGAC,36,True,1
GTCCGACTGTGCTC,36,True,1
TGAGTAACACCGAC,36,True,1
ACTCATCCAGGAGG,36,True,1
TTGCACCCTCGTAA,36,True,1
TCTAGGCACTCGTT,36,True,1
CGAACCGAACCCTT,36,True,1
TATGGGAATATGAA,36,True,1
TCCCCAACCCTGTA,36,True,1
ATGATTAAATCGAC,36,True,1
AGGACCACAATATA,36,True,1
TACACAATGAGTAG,36,True,1
TCCAAATGAAACTA,36,True,1
GTCCACGCAACTAC,35,True,1
AATAGACCCTATCT,35,True,1
CATAAACACCATTT,35,True,1
TTTGAGACGCATGC,35,True,1
TTATCTTTGTCTAC,35,True,1
GACCGCTGTTCCAC,35,True,1
CCTACGCATCATCC,35,True,1
TACAAGCTGAAGGT,35,True,1
AAGGTGTGTGAAAT,35,True,1
CGACCATTACACCC,35,True,1
ATGAAGTGTCGGAG,35,True,1
CACACTTTACGCAA,35,True,1
CGAAAGCCCGTACC,35,True,1
CAATGCTAGCGTTT,35,True,1
AAGGTCCGAAGCGT,35,True,1
CTACATGTGTCAAA,35,True,1
ATAACTGATTGGCA,35,True,1
GCCACCGATCCCGA,35,True,1
CCCCGCCCCCCGTC,35,True,1
TGAAAAAGGGGTAT,35,True,1
CTGACCGTCAGCGT,35,True,1
CAAGAATAATCCAC,35,True,1
TATAATTAGGTAAT,35,True,1
ACAGCTCTTCCATG,35,True,1
TATGAGTAGTCCTA,35,True,1
TCAAGGCTCGTTGT,35,True,1
AAGATGTTGACATT,35,True,1
CCCGGCACTCCCCG,35,True,1
CTGAGCCACCCAAC,35,True,1
GACGCTGAATTAGA,35,True,1
ATAAGAAGCGTATA,35,True,1
TTACAAGGAGACCA,35,True,1
TAAGCTATACCAAC,35,True,1
TTCACATTTCCGTA,35,True,1
TGGCTTTAGTCACT,35,True,1
ATCTCCTTGCTCGG,35,True,1
AACCCCATTCGATG,35,True,1
CTATAAGCACTAGT,35,True,1
TACTTTATTCCCTA,35,True,1
ATAGCCGTATTCTA,35,True,1
TCTCACTAATGGAG,35,True,1
TCTGGCGTTAACCG,35,True,1
TTTTACTTTCGTTA,35,True,1
ATCCTTTGCAACTA,35,True,1
TCGGTCAAGGAATG,35,True,1
TAAGTTTAGAACTT,35,True,1
TGGATGTAGTTTAT,35,True,1
CAACATGCGAGTTC,35,True,1
CTTAGATGAGCCTT,35,True,1
AGGCTCCAAGAACC,35,True,1
AATCCCTAGTCCTC,35,True,1
AATTTAACGGTCAT,35,True,1
AACGCGTAGTAACT,35,True,1
CGTGCCCTTCCGCT,35,True,1
AGCTTCCCGTACAA,35,True,1
TGACACCGAGTATT,35,True,1
ATCCACATTTTCGC,35,True,1
CCACCACTTTCAGA,35,True,1
ATCCCCCGTCTGAA,35,True,1
TACAACATACACTG,35,True,1
ACCACCGCTTAAGA,35,True,1
CACCCCGTTGATAC,35,True,1
GCCCTCCCTCAAAC,35,True,1
GTGATGCGCTAGTA,35,True,1
GGGGACGAAGAGTT,35,True,1
TGATGTTTGGCTAA,35,True,1
GATTACTGCGGTAA,35,True,1
GTACTCGGAGCATC,35,True,1
TTGCCCCCGACCAA,35,True,1
TGAAAAACCCTGTT,35,True,1
AAAAACGATAGAAC,35,True,1
TATGGGTTGCCCGC,35,True,1
CGTTGATCCTCGCC,35,True,1
ACCTGGCCTAAATA,35,True,1
CTTAACTTGGTATA,35,True,1
CCCCCTAGTACGCC,35,True,1
AGGGTACACAGCAG,35,True,1
GATTCCTGGCCTCC,35,True,1
TTAGATCTAGGTGT,35,True,1
GTATGTACTAACAA,35,True,1
TAATTCGTTTGGAC,35,True,1
TTCTAAGTCATGAA,35,True,1
GGGCCGCATTACTT,35,True,1
TTTAGGCGTAGGTC,35,True,1
GGTTTATCAATATT,35,True,1
CAGAAATATTTTCA,35,True,1
CCTGACGCGTCTAC,35,True,1
ATAAGCGCCGAAAT,35,True,1
CATTTCATCAGGCT,35,True,1
ACTGCTCCTCCCTG,35,True,1
AAGCTCTTTTACGA,35,True,1
AGCCTGAGTTGTGA,35,True,1
TACATTATCCGGCG,35,True,1
ACTGATTAATTTGC,35,True,1
AACACACGGTTGAG,35,True,1
CCCTTCGGCACGCG,35,True,1
AGATTCCTTTACGC,35,True,1
TTTGTATCCTTTAG,35,True,1
CCCTCTGCGACACA,35,True,1
TACCAGGCTCACTG,35,True,1
TTAATACAGTAGGT,35,True,1
TTCGTCCTTGGACG,35,True,1
TACTTGAGACAGAT,35,True,1
TCACTATCTATGCG,35,True,1
AGCACCGGAAATGG,35,True,1
GTCGTCAACGCTAT,35,True,1
CTTGTTATTCCTAC,35,True,1
TACCCCCCCGCTTT,35,True,1
TAACGTTCGGATAA,35,True,1
TGAACGAGCGCATC,35,True,1
TATAAGCTTTTTAT,35,True,1
CACATATAACATGT,35,True,1
AGTATCCCTCTTAG,35,True,1
TAGCAGGGCTAAGC,35,True,1
TCTAAACGTATAAT,35,True,1
GGAAAACCTCACCT,35,True,1
TTAGGAAGAGACAT,35,True,1
TCGGTCGAATACCC,35,True,1
ACCGCCACGACGCC,35,True,1
TAGGTTAGCGGTGC,35,True,1
GCCCACCCCCCTCC,35,True,1
TGTTATTCCTGATC,35,True,1
TTAAAGACAATCAA,35,True,1
GTGGCTATAGGTCA,35,True,1
TAAATGCCAATTTC,35,True,1
TACTAGCTTACACC,35,True,1
CTTTCCCTAGTTTA,35,True,1
TTGCTGTAAGTCAG,35,True,1
CTCGCCAAGCGCGC,35,True,1
TAGAAGGACAACAA,35,True,1
TATAGCAGCTTGGT,35,True,1
CGCGTTGTTTCAGG,35,True,1
GTGAACCTCCCTAT,35,True,1
TACACAATAACATG,35,True,1
TTCAACCCAACGGT,35,True,1
GTGAAGAGACCCAC,35,True,1
TAACGAATCTGAAA,35,True,1
CTACCGCCTAATAA,35,True,1
GATGGAGTACTACC,35,True,1
TGGGAAGCCTGGCG,35,True,1
GGATCTCAGACGTC,35,True,1
TTATCACCAGACAC,35,True,1
CTTACTAATATATA,35,True,1
TTACCTCCAACCGG,35,True,1
CATTTACTTCTCAA,35,True,1
CAAGTATAATCTCG,35,True,1
GATCAGCTGTTATT,35,True,1
CTCATTGGCACAAG,35,True,1
TGTCTCAGGGAACT,35,True,1
AAGGTACTTGATTG,35,True,1
CGAATCGTTTTGGA,35,True,1
GCACACTTTGCTCA,35,True,1
CGACGAAACCAATT,35,True,1
TAACTGACCCTGGG,35,True,1
TAACAGCGGTCTGC,35,True,1
GCTTCAATGTCATC,35,True,1
TCGTACTACATAAG,35,True,1
TTAGTTCTTGTTAT,35,True,1
AACCTAGTCTTTGT,35,True,1
AGATATAAAGCTCC,35,True,1
GTCACACGTAAAGT,35,True,1
GTGACGATGATAAA,35,True,1
TGAAGTCCCTAATT,35,True,1
GGCAGAGGCAATTA,35,True,1
GTATTGTTAACTAG,35,True,1
CTAGTCTATGGACA,35,True,1
CTCCCGTTGAATAT,35,True,1
TCACACCGTGCCCC,35,True,1
AACTCGGAGGTGAT,35,True,1
TTTTGCTTGGCATT,35,True,1
GGTTACAATCTGCT,35,True,1
TGTAATCCGACGGG,35,True,1
AGAAGCGAAAAGAG,35,True,1
CACGTCGTATGGTA,35,True,1
TAATGTTAACAGTG,35,True,1
CACGCAATCACGAC,35,True,1
TCGGTCCTAACCGC,35,True,1
CGTTCAAAAACCAG,35,True,1
TTTACCGCGCTTTA,35,True,1
TATCGCGAGGATCG,35,True,1
TTCCCTCTTCTTTT,35,True,1
TGACCGATCTAAAC,35,True,1
TTAAGATAACTGGT,35,True,1
TAAAATAAGGTTCC,35,True,1
TCATTAAGTAAGTA,35,True,1
CTATTCTTGAACCG,35,True,1
ACCTGACCTGATGC,35,True,1
TTGTACACTTACGT,35,True,1
TCCTCGAATACGCC,35,True,1
CTATCGCGCGGTAC,35,True,1
GCAGTACCGCTGAC,35,True,1
CCATGAGCTCTGCC,35,True,1
ATCAAGAGTTGTCT,35,True,1
CCTCCACACACTAT,35,True,1
TCATGGAAGTCCGT,35,True,1
AATAGTTTATCTGA,35,True,1
TCTAATCGACCTCA,35,True,1
AGAAGTAATCCGTG,35,True,1
GTCACGTCTTCCTG,35,True,1
GTATTCGATGTACC,35,True,1
ACTTAGTGGGTATC,35,True,1
ACTCTTATTCCATT,35,True,1
TAGGTTACGTTGAT,35,True,1
TCCCGAGTACCAGT,35,True,1
AACATCCATTTTTT,35,True,1
TGCTCCACCCCCGC,35,True,1
ATCCGTAACTATGC,35,True,1
CGCCTTAAAACACA,35,True,1
TATCGCCAGCTTGA,35,True,1
TTCCGGCATAATAG,35,True,1
TAGTCGTAGAGGTT,35,True,1
GCCATCGTCGGTTT,35,True,1
TAGCCTAACATTGT,35,True,1
TTTTTTCCGTCACT,35,True,1
CTAAACTAGCCACC,35,True,1
TTTCCTACACCGTT,35,True,1
TAGTTTCGTTGTAT,35,True,1
CAAATGAGTTTAGA,35,True,1
ATATAAACAATACA,35,True,1
ATGGTGGGGGACTC,35,True,1
GACACGCCGCTTCC,35,True,1
CGGAAGGTTGAACA,35,True,1
TATCCCTAGCTTAA,35,True,1
TGACAACTTATTAA,35,True,1
TGAAACAAAGCCAA,35,True,1
TCAACGCGAAGCTT,35,True,1
TTTAATTAGATCCA,35,True,1
TGCCAGCGCCGAGC,35,True,1
TAGTACGGAGACGG,35,True,1
TCACTCTTTATCCA,35,True,1
CTTCGATGTTTTAC,35,True,1
TTTGCTTAATATGG,35,True,1
AGATTTCGAATGTG,35,True,1
CTAAGGGATTTTAT,35,True,1
GGCTCTGGCAGGGC,35,True,1
TCCCATCACGGGAT,35,True,1
ATACTGAATCTTAA,35,True,1
TCCTAACCATAAGG,35,True,1
TAACGTTTTTCACT,35,True,1
TATCTACCACTATA,35,True,1
GCATCTTGTATACA,35,True,1
GTAACGGAACAACA,35,True,1
ACCAGTATTCCGTT,35,True,1
GTATCTTAGTGGAA,35,True,1
TATTCCATTGTGCT,35,True,1
TACCACTGGACGGC,35,True,1
TTTGCCAACTCTTA,35,True,1
ACCCTTAAAATGAG,35,True,1
TTCTTCTCTTACCT,35,True,1
TCACGTCCCTTTAA,35,True,1
GCAGAGAACAGGCT,35,True,1
CACATTAAGGTTAC,35,True,1
ACATCGTATAGAAG,35,True,1
GTCGGTTCAAACAC,35,True,1
TCACAGCCGTGCCC,35,True,1
CGTAAAGATCAAAA,35,True,1
CACTGGAAAATCCA,35,True,1
TTACCAGGCAATGT,35,True,1
TTCCTGTCGGTCGT,35,True,1
ACGCGCTAGATAAC,35,True,1
GTAAGAAATTACTC,35,True,1
AGACCACGTCTACA,35,True,1
CATAACTCTCGACC,35,True,1
TTGGAAACAATCAC,35,True,1
TAGACGTGCGAACC,35,True,1
TTGGAACCTGCGTA,35,True,1
TCGATACACCCGAA,35,True,1
CGTAACTTTACTAG,35,True,1
GGTTAGATAACCCA,35,True,1
TATGAACTCAGCCT,35,True,1
CTTATCAATCTTGT,35,True,1
CACACCATATCGCC,35,True,1
GTAGTATTTCATTT,35,True,1
TACTCTTGGTTGGT,35,True,1
AGAGATAGTGGGGC,35,True,1
CCTAACCCCCGCAT,35,True,1
ATGAAAAAACCAGT,35,True,1
TCTAAACCCCCCGG,35,True,1
GTATTCGCATATAA,35,True,1
CACACACCAACATT,35,True,1
GCAGGATAGAACCG,35,True,1
TGCACTAAGTCATT,35,True,1
TCACACATAACTCA,35,True,1
TTATAATTGTATTT,35,True,1
CGTTTAGATGCTGT,35,True,1
GTTTGTTATCTGGA,35,True,1
CCTTTACATACTAT,35,True,1
GCCAGACATTTACA,35,True,1
TGACCCTCTCGGCT,35,True,1
ATAGTCCTGGGAGT,35,True,1
GAGCCGTTCGTTAA,35,True,1
AATGAACTCGAATC,35,True,1
GGTCCATTTGTAGT,35,True,1
CCTCTAGTCTCACG,35,True,1
CATCCTAAGGAAAA,35,True,1
TTAGTCCAGACTTT,35,True,1
ATAAAAAAGGAAAC,35,True,1
TTGCTTGCGATGGA,35,True,1
CGTACGGTGGTAGG,35,True,1
CTTAAACAGAAGGC,35,True,1
GCCAGCGTTTAATG,35,True,1
TAGTACATTGTCTC,35,True,1
GGACTTCAAGGGTA,35,True,1
TATCTTCAAGGCTT,35,True,1
TGCATACGGTGACT,35,True,1
CCCTACGTTCTATT,35,True,1
TCACCCTCAAACCA,35,True,1
TTGAGTGTGGATTG,35,True,1
CCCTCGCTTAATGT,35,True,1
TAAGCCTGCTGCTA,35,True,1
AGAATTACATATGC,35,True,1
AGGTTAGTATGAGT,35,True,1
TGTACCCATGGGCG,35,True,1
TTGTCTGGCTGGAA,35,True,1
TGCATGGCTATTAA,35,True,1
TCATAGCACAGACT,35,True,1
CAACATGAATTAAG,35,True,1
TTACCCTTAAACCC,35,True,1
GGTTGCGCTGTTGT,35,True,1
CGTCTGTCAACCGA,35,True,1
GCAGTGTTGTCACT,35,True,1
CTGACCTTCTGTTG,35,True,1
AGCCTTAAGTTTCA,35,True,1
TCATAATCCGATGT,35,True,1
TGGCTTGATCGGAA,35,True,1
TTCAGAGTTTGTGG,35,True,1
TAGATCCTTACAGT,35,True,1
CTACCTGACCACGC,35,True,1
TCCATATCTCACAC,35,True,1
CCGCCCCCGCGCTC,35,True,1
AGCAAACCACCCAT,35,True,1
CCATCAGCTTATTC,35,True,1
TGTATCAGAAGGGC,35,True,1
ATGAGCGTTACGCA,35,True,1
GTACCTATAAAATT,35,True,1
TAAGTTTATGACGA,35,True,1
TATGATCCTGGCCG,35,True,1
TCCCTGACTCTTTT,35,True,1
TATGATTTAGACAC,35,True,1
TGCGCTGTGGCATT,35,True,1
GGGGTAAAACGTAT,35,True,1
TATGGTAAACTATC,35,True,1
TGCATGGAACATTT,35,True,1
ACACCATCCCAGCC,35,True,1
AAATAAAGTATAAT,35,True,1
TACTTGTAGGCAAA,35,True,1
GCTTTAGCCTTATC,35,True,1
CGAAACTAGAGACA,35,True,1
ATCTATAGTGGTCG,35,True,1
GTGCTTGGGTCAAT,35,True,1
TCGGCGCCGCTCCC,35,True,1
TCCCCGGCATCACC,35,True,1
CGGAGACCTTTACT,35,True,1
TGGATCAGACAGAT,35,True,1
ACCATCTGGAGATC,35,True,1
TTATACCCGGAATA,35,True,1
AATCGGACACCCGG,35,True,1
TCGGAGCGACAGAA,35,True,1
ACCATTACAGCCTG,35,True,1
TGCTTTACCGGTGT,35,True,1
CTAGGAAGCCTTAC,35,True,1
CTACCACTTGTTTT,35,True,1
TAGATTCGAGTGAT,35,True,1
TTGCTATAGCCCGC,35,True,1
TGCACTGCTCGCAT,35,True,1
CCAATCCCCGTCCA,35,True,1
GAGATGAGTCGTAA,35,True,1
TGGCCATTCAAAGC,35,True,1
CGAAACATGAGTCG,35,True,1
CTCCGTACTACTCT,35,True,1
TTTGAGCAGATCAC,35,True,1
CTCGGCATTAAATT,35,True,1
GGTAGACTCTCTTC,35,True,1
GAATAGCAATTCTT,35,True,1
TACCCTCTGAACCA,35,True,1
CCCACGCCTCCGCC,35,True,1
TTTTCTGTTTATCA,35,True,1
TTGCACTGACGAGA,35,True,1
ATATGTTATAGGTT,35,True,1
CAATAGTCATAGAG,35,True,1
ATCAAGGCAAGATA,35,True,1
ACCCACGGCATTGT,35,True,1
ACCTCCGAAATGTA,35,True,1
ATGATTATCCACTT,35,True,1
TACCGCCGCTTACT,35,True,1
TCGGCCAATGCCGA,35,True,1
AACGACGCACTGTA,35,True,1
CGACCAGATAACCA,35,True,1
CCCAACCGAAAATG,35,True,1
CTGCTACTAAAATT,35,True,1
CTGTATAAAATACG,35,True,1
ATACCCACGTAAGT,35,True,1
TTGCGTCTTGACTT,35,True,1
TCGAACAACTTTGG,34,True,1
TTCCATGATAGAGT,34,True,1
TCTTAATAGATGTA,34,True,1
GGCATGGAAAGGGG,34,True,1
TTTGTAACAGGCGG,34,True,1
TGGGTAATCACGAC,34,True,1
TGCTTATGCGCATC,34,True,1
TACAGAATCGATAC,34,True,1
CCAAACGTTCGTTT,34,True,1
CCAATATTGTGAAC,34,True,1
TGACAGTCTAAGTC,34,True,1
GCTTGCTTACGCTT,34,True,1
GGCCGACTAACTTT,34,True,1
TATATCTCTGGGAG,34,True,1
TAAAGTGAATTGAC,34,True,1
TGCGTCTGGAGATC,34,True,1
GCATTTGAAAATAA,34,True,1
CTTCACCCGAGGCC,34,True,1
TGCGGCTCCTATAC,34,True,1
TTTTCATCTGAACA,34,True,1
TGGCGAGATTGCAA,34,True,1
TATCAACGTGGGAA,34,True,1
TTAGTGTGCTTATG,34,True,1
TGACATCGTTGCCC,34,True,1
GAGCTCCTAAGCCC,34,True,1
CCCTATACAAATGG,34,True,1
TCACCGCGACACCT,34,True,1
CCAAGAGGTGACCC,34,True,1
ATACCCAGTCTCTA,34,True,1
TGCTTTACGTAATG,34,True,1
GTACGCTAAGTTCG,34,True,1
CCAAGCTTCGCTTT,34,True,1
TAGGTTGCATTAAC,34,True,1
TAGGCTCTCGTATG,34,True,1
TTCTCAATAAGAAA,34,True,1
AGGAACAACCGTAT,34,True,1
CAGGGGACCTACCC,34,True,1
AGCCCGACGAACGC,34,True,1
CTCCGCATGCTTCG,34,True,1
TCGGTAAGTGTCGC,34,True,1
CTCCTTGACAAGCT,34,True,1
TCTAAGCTTCATCA,34,True,1
CAACGTTTGGCCAT,34,True,1
AAGACTTTTTGCGG,34,True,1
TTTCGCATGCAGAT,34,True,1
GACCTCTCACCTTC,34,True,1
GCAAACACGTTGCC,34,True,1
TTTTAGATTAGTGT,34,True,1
TGTTACACTTTTAC,34,True,1
CCACTTCATACTGT,34,True,1
TGAGTACAGGCTGG,34,True,1
TATAGCTAAGATAC,34,True,1
TAACGAGTTAGTAG,34,True,1
TAGACTCATAACAA,34,True,1
TTAACCCGGTCATA,34,True,1
ATGTACCCAAGTGT,34,True,1
TACGATATGAAAAT,34,True,1
TACCTTCCCAGTCA,34,True,1
GAACAATGCAAACG,34,True,1
TAAGCTCTCATCCA,34,True,1
TAGCATCTGAGTTT,34,True,1
GTGACCTTTTTCAC,34,True,1
GGAGGTCTTGATCT,34,True,1
TACATGATAACAAG,34,True,1
CGAGTAAAATAGTA,34,True,1
TCTTAAGTCCTACA,34,True,1
GTAGGTTTGCTAAC,34,True,1
CAGGGTGGCCTGCA,34,True,1
TCAACTGTGCGATG,34,True,1
TTAAACGTGTAGCC,34,True,1
AACGTCAGCGAACC,34,True,1
GCTCTGTAACATAT,34,True,1
CGAGCAAAATACCG,34,True,1
AGGGGACTCTGATG,34,True,1
ACATCGCACTTCCC,34,True,1
CAAGCTTCAAAGAG,34,True,1
TCTAATAGGTTTGC,34,True,1
CATTCAAAATGCGA,34,True,1
ACAAACGAGTCAGA,34,True,1
CGTTGAGAGTGGGA,34,True,1
ATGATCAGAACACA,34,True,1
TACACTGATACTGA,34,True,1
GAATCAAAAGACTA,34,True,1
TATACCCGCCTAGT,34,True,1
TTCCGCTCTGCATT,34,True,1
TATTTAGTAGCTTA,34,True,1
CAAATCCTTATCGC,34,True,1
GTCGTATCTTGAGT,34,True,1
GGAACGGAAACTTG,34,True,1
ATATGATTGAGCTG,34,True,1
GTAATGTGGATAAC,34,True,1
CCTAAGAATACGTA,34,True,1
CAGATCGCCTATAA,34,True,1
CTTCAGAACTGAAA,34,True,1
TGGTAGGAAGCAAT,34,True,1
GCAAGAGATACTCA,34,True,1
CCTGGAACCAAGGC,34,True,1
CTACCGCCTCCCAA,34,True,1
TCCTACTCCTAAGC,34,True,1
TCCAGGGTGAGATC,34,True,1
AGACTGTTTTCTTC,34,True,1
CTAGTCGTGTTATA,34,True,1
ACCTTCCCCGGAAT,34,True,1
TAGTTCTCGCCTTT,34,True,1
ATAGCGATTGATCG,34,True,1
TCATCCTGGTATAT,34,True,1
TTCGCCCGTTCTAT,34,True,1
TCTGTCTGTTATAA,34,True,1
TCTATACAAATCGG,34,True,1
TCCACAAGTTTCAA,34,True,1
GGAAGATAGTACTT,34,True,1
GTCATGACCAAATC,34,True,1
TAACTCTCATGATG,34,True,1
CACCAACTGGGCAA,34,True,1
CAACATGATGGTTC,34,True,1
CCACAGCATTAGAC,34,True,1
TAATGTATGGTGCC,34,True,1
TCTTATCTTAGTTA,34,True,1
CTACCTAGCGTAGA,34,True,1
TCTGTCACAGAACC,34,True,1
CTCAAGGACCGAGA,34,True,1
TAAGTCGTCTCTTG,34,True,1
GACCAACCCAATCA,34,True,1
TAACCATATTGAAT,34,True,1
TTCTGTTCAAACCA,34,True,1
CAATTCGCACGTAC,34,True,1
GGACGGATCATCCC,34,True,1
TTACTAGCTGACTT,34,True,1
TTACACTCTACGCA,34,True,1
TTCCTGATAGGCTA,34,True,1
AACGCGTAGAAACA,34,True,1
GAGACTCATACACA,34,True,1
TCTCAAAAGTTACG,34,True,1
TAATAGTTTGACGT,34,True,1
GTGGGCAATATCGC,34,True,1
GTATAACAGCTCGG,34,True,1
TCCCCATGAGGCGC,34,True,1
CAGTTAGCCTTCCG,34,True,1
GTCGGATGACGAAG,34,True,1
CACTAGGCAAGTGA,34,True,1
TACCCCTCTGTACT,34,True,1
CATACCCCCCATCA,34,True,1
TTTGCTCTGTGACT,34,True,1
GACCCTTGTTCTGT,34,True,1
TGTTGTTACAGTCC,34,True,1
TGTTTTAAAGAGAC,34,True,1
CACACTCAAACTAC,34,True,1
CGCCTTGGGGATCC,34,True,1
ACACCATCTCTAAC,34,True,1
TGATCAAATTGTTG,34,True,1
GTGGTCTAGCAAAC,34,True,1
TTCCGACCCCAATC,34,True,1
ACGCCGCGCTTACC,34,True,1
CACGAGGGCCATAA,34,True,1
TCAATTCCTACGCA,34,True,1
TACCCTTACGTTGC,34,True,1
TCCTTGATCAATAA,34,True,1
GCTTCCATAGTTTG,34,True,1
TTCACCAAACCCGC,34,True,1
TTACTACAACACGA,34,True,1
CTTCACTGGTTTTC,34,True,1
TATGATGATCATGC,34,True,1
TCCTTTTGACATGT,34,True,1
CAGTGCCCCAACAA,34,True,1
TTCACATAAAGCAC,34,True,1
TACAGGCGTCTATT,34,True,1
CCCCCAGCGGTGAG,34,True,1
AGGCAATATTCCCC,34,True,1
CTAGAGGAACGCAG,34,True,1
GATCATATACACTG,34,True,1
TTCAGGACAAATTA,34,True,1
ATAAAGACAGCATT,34,True,1
GTCTGACAGGGCAT,34,True,1
GTCGCCGGTTACTC,34,True,1
TTAGACGATACTAT,34,True,1
CTTATTCGACCCAG,34,True,1
TGGTTGGTTATCTA,34,True,1
CGATCGATTTGGTT,34,True,1
CGCTAGTTCGATGA,34,True,1
TACCACATCTACAC,34,True,1
GTATCTTGATTACA,34,True,1
TCATCCCGTAAACG,34,True,1
TACCGCCCGAAATA,34,True,1
CGCCCCCCGGACCC,34,True,1
ACACCCCTTTACTC,34,True,1
TAGACAGGGTATTT,34,True,1
TCTAAAAGAAATAG,34,True,1
GATGCTTTATGAAG,34,True,1
GAGACAATACCCTA,34,True,1
CGAGAATACGAGAT,34,True,1
GTTACAGGACGGTA,34,True,1
CCTCTGCCCTAGTT,34,True,1
CTGCCGCTAGGATA,34,True,1
CACCGCCGGCATCT,34,True,1
CCCTAGAGTGTTTT,34,True,1
TTATCAAGACTAAG,34,True,1
CTCAGTGGTTCATG,34,True,1
CACCTTTGCCGCTA,34,True,1
TCGTGATTTACATC,34,True,1
TCTAACCTAATGGC,34,True,1
TATACGCCCATTCA,34,True,1
TTGCAAAGACAGAC,34,True,1
GTAGCATTAATGAT,34,True,1
TTCAACTTTATCTT,34,True,1
CCCTCTGCCCCCCC,34,True,1
ATAAAGATACGGAG,34,True,1
CGACGCTCTGGTTA,34,True,1
CTGTGAACTACGCT,34,True,1
CCCCCTGGATCGAA,34,True,1
AAGGGATGCCCTAA,34,True,1
CCCTGCCGCGCGTA,34,True,1
TGAGCCGCCTCCAA,34,True,1
TAATAACGCAGCTG,34,True,1
TGCTTCGACTTTTT,34,True,1
CGACATACCGGATT,34,True,1
TGGGCTGAATCTCC,34,True,1
TCCCTTTGAGCGAT,34,True,1
ACATAACAAGCGCG,34,True,1
GGTGGTGGTTGTCT,34,True,1
GTTGTCCATCAAGT,34,True,1
CAAAGAAATGTGGG,34,True,1
GTGTTGGGAACAAT,34,True,1
GTGACATGCAAGAT,34,True,1
TCAAACGTATGAGT,34,True,1
TTCATCCCGTTAAC,34,True,1
TTGAACAGCAACTG,34,True,1
CCATACGCCCCTTC,34,True,1
TTACATCCCCATCG,34,True,1
TCCCCCTCTAATAA,34,True,1
GACCTATAGTTGTA,34,True,1
TCTGCAGTTAAGGA,34,True,1
TTTATTCACTCCGT,34,True,1
ATAAGAGAAGTAAA,34,True,1
TCTGAGTTCTACAA,34,True,1
AGCCCAACACCGTT,34,True,1
GCTCTTGTCCGCAC,34,True,1
CTATTTGTTTGCAC,34,True,1
AAACCTACGGATTG,34,True,1
TAACCTATCATGTG,34,True,1
CCAGTTGCCAGAAT,34,True,1
CTCTGTCCAGCTAA,34,True,1
TCCGAACCAGTGGA,34,True,1
TAACTAGACTCACA,34,True,1
GACCTCACCGTACT,34,True,1
AGACCGTGACACTC,34,True,1
CGTGCGGAAGAGCC,34,True,1
TAACCAACTTAAAC,34,True,1
TGTGTTGTAGGTTA,34,True,1
TTAATCTCAAATGT,34,True,1
TGAATGTAAACAGA,34,True,1
CCATGTCGCGCTAC,34,True,1
TTATTGCCGACTAA,34,True,1
GTATACAACGTACA,34,True,1
TTTAGGTAACGTAT,34,True,1
TGTACAACAGAGGG,34,True,1
TTGTTACACAAAAT,34,True,1
TTAGTTGCAGTCCC,34,True,1
CTGTATCCAGGACG,34,True,1
TCCTGATGCCTGTT,34,True,1
CTTCTATTTAGGCC,34,True,1
TAAAGTAATATGTT,34,True,1
TAAGAGCTTTGTCG,34,True,1
TCCCAACAGTGTAA,34,True,1
CACTTGAGTCATTG,34,True,1
AGGTATGCTTGTAC,34,True,1
TAATCAAAGACCGA,34,True,1
CATCAGCCGCCGGG,34,True,1
TACTATGTGCACGA,34,True,1
ATTTAGATAGGTCT,34,True,1
TTATGTCTGCCTTT,34,True,1
TGATCGTTCGCTAA,34,True,1
TGACAGGACATATC,34,True,1
TTGTACAAGACCAC,34,True,1
CTGGCAGTACCGAC,34,True,1
TGGTCTAACACATC,34,True,1
AGCACAATACGGTC,34,True,1
TGTCTCACCACGCA,34,True,1
ATTTCAGTACGATA,34,True,1
TTGCCAAAAGTTGA,34,True,1
TCATACCGAGCGGT,34,True,1
CAATTCCACCCACG,34,True,1
TAAATTAAAACGCC,34,True,1
CTATCTACTACCAA,34,True,1
CAAGGAGATACTCG,34,True,1
CTCTCTCTAGGTTC,34,True,1
ACAAAATATGCAGT,34,True,1
CACAGTTATTTTGC,34,True,1
TAATCCCATAAGGA,34,True,1
GCAACGCCTAGAGC,34,True,1
AAGAAGCAAAGGCG,34,True,1
CCTAAGTTCACCGT,34,True,1
TTTCCAGAACGATG,34,True,1
TTATGTTATTGGTA,34,True,1
AAACAGGGCCAGGC,34,True,1
AGCGCTGTCTGTCA,34,True,1
GTGATTGCCCCGAG,34,True,1
TATGAAGAATATCC,34,True,1
AGGCCCAGCTAACA,34,True,1
CTCAAGTTTATTAA,34,True,1
TACCGAACTTAATT,34,True,1
AGCCTCCGGAGTGC,34,True,1
AAAAAGAGTTGCAT,34,True,1
GTTATGCCCATCTT,34,True,1
CCTCTAAACCGGGC,34,True,1
TATTACCAGCTGGT,34,True,1
ACTCCACAAATATC,34,True,1
GGACGTTCGCATTC,34,True,1
AGATTCTAGTAAGT,34,True,1
ACACTGTGATCTAT,34,True,1
CTCCGCACCTTTAA,34,True,1
ACAAAGAGATAGAT,34,True,1
GCATTTGCCAATCA,34,True,1
ATAAGTTTCCACCA,34,True,1
TACGGATTGTCTTT,34,True,1
TGCTAGGGTGTGTG,34,True,1
TTACCCATACATAA,34,True,1
ACACCTGAGTACCA,34,True,1
CTGTTCCTGGCTGT,34,True,1
AAACTTCTACCTAA,34,True,1
TATCTTTGATAAAT,34,True,1
CCCCCCGTGCATGA,34,True,1
TCGTCGGATCGTTG,34,True,1
CAAATTAGTTTAGT,34,True,1
ACTCTTCATGACTC,34,True,1
TGGACTTGCGTGAG,34,True,1
GTATATTTGTCCGT,34,True,1
TCAGTCTCTCCTTG,34,True,1
TTGTGCAATAGGAC,34,True,1
TCAGTATTACAAAT,34,True,1
TTGCCATCATAGCG,34,True,1
TTTAGTTGGTGTTA,34,True,1
CATTACCGCGATGC,34,True,1
AGAATAAGATATTT,34,True,1
TACGTTCAGAAACC,34,True,1
AGACAAGACTATAG,34,True,1
GTGCTCATAATTCC,34,True,1
ATCGCACCACGATG,34,True,1
TATGGCTTCTAGCT,34,True,1
ACATCGAAAATCTG,34,True,1
GTAGACCGTGCCCG,34,True,1
GCTTGAATCAATAG,34,True,1
GCAACACCTAACAG,34,True,1
CTATAACGATGAAC,34,True,1
GTCCTATTGCCGTT,34,True,1
TTTGTACCGAGCAC,34,True,1
AGGAATAAAACAGT,34,True,1
TATCCAACATACAG,34,True,1
TATCACCAGGAAAC,34,True,1
CAGGAACTCTCTTG,34,True,1
GACCATGGTTTAAG,34,True,1
TCTATGGTGTGACC,34,True,1
AATAAGGAAGCCTG,34,True,1
TGGATGCTGTCCTT,34,True,1
CTTCATTCTCCAGT,34,True,1
GTGTTACCACTCCA,34,True,1
CTGAAATCGTATGC,34,True,1
CCTTCTTCTATTCG,34,True,1
TAACAAGACCTTTT,34,True,1
TTTTCGACCCTATT,34,True,1
CCTCCCGGAACCGG,34,True,1
CTCCCTCGCTGTTA,34,True,1
AGAGATGTCCATTA,34,True,1
GCAGCCTAAACAAT,34,True,1
TCTCAACAATGCCT,34,True,1
CAAACCATGATCTT,34,True,1
TCACGTTCGTTTAG,34,True,1
ACATAAGCCTAGGT,34,True,1
TCACCCAACATACA,34,True,1
TACCTTGAGAAATT,34,True,1
TATGGTGAGGCCCG,34,True,1
GACCAGTGGCGCCT,34,True,1
GAGAACTTGTACCA,34,True,1
CTGAGATGACCATA,34,True,1
AATCCCGCCTGGTT,34,True,1
ATCAGGGCTGTTCC,34,True,1
CTAACACAAGAGGC,34,True,1
TTCCCAGATGATGA,34,True,1
CATGACGCCCAAAT,34,True,1
ACATGAGTTTCTTC,34,True,1
TCATCGATGCCGCC,34,True,1
CACTAGTAAGTCAA,34,True,1
TAGAACGCAGGTAT,34,True,1
TTCTGGAGGGACTC,34,True,1
GCTCCACATAGGCA,34,True,1
TCTGAGATAAATCG,34,True,1
GCAACTGGATAATG,34,True,1
TAAGTGATATAACA,34,True,1
ACACCGCCAATTCC,34,True,1
TCATGATTTAGCAA,34,True,1
TCTAGTAAATGCGG,34,True,1
TATCTATTCAATGT,34,True,1
TTATACACCAACCC,34,True,1
TCCACGTTGTTTCT,34,True,1
CACAAAACAGACCG,34,True,1
TTGGTTCTAATACC,34,True,1
GCCGCTGGCCCGCG,34,True,1
AGAGCCGCCAGGGT,34,True,1
TAGCACATTTAACA,34,True,1
AGATACTCAAATGA,34,True,1
TGGGAAGCCAAACA,34,True,1
CTTATACTTGCTAA,34,True,1
TACCTAATTCACCA,34,True,1
ACATGTTGAAACCA,34,True,1
TTACATTCAGTCCG,34,True,1
TGAGAAAAATAGAT,34,True,1
GCCCTCGATTAAGG,34,True,1
TTTCACGTTACTGG,34,True,1
CTATAGGCTCTATA,34,True,1
TCGAAATGCAGGCT,34,True,1
TAGACTCACGTAGT,34,True,1
AACCCTTTCCTATT,34,True,1
TGGTTTATAGAGTA,34,True,1
TCGCTGGGGTCTCT,33,True,1
TGATTGAGTCGATC,33,True,1
TTACCGAAACCAGT,33,True,1
CGACCATCTTGCCT,33,True,1
CTACGGCGACTTCG,33,True,1
TAATATCACAATAT,33,True,1
CGACACTCCGCTTC,33,True,1
AACCGAGGCTTATA,33,True,1
TCCATACCAGGTAA,33,True,1
GGGGAAATAATGCG,33,True,1
CGTTTAATATAAAA,33,True,1
ATCCCTTATCGGGT,33,True,1
GTCCCCCCAACTCA,33,True,1
GACCCACGAAAATC,33,True,1
TTTACCTCGATTCG,33,True,1
CTTCCGACAAGACG,33,True,1
TCACGTCTCGCCTG,33,True,1
TTATAGATAGACTC,33,True,1
TGTAAACGCTGAAG,33,True,1
TTCATCAATTTGTA,33,True,1
CCCGAACCTAACAC,33,True,1
GCAAAACTTCGAAA,33,True,1
GTGGGGGGTCGGTT,33,True,1
TCTTTCGATGAAAC,33,True,1
TAACTAGGAACTTC,33,True,1
CGAGCTTCCTCCCC,33,True,1
TTAGGTGAAGTTCT,33,True,1
TAAGTTTGTGTTTA,33,True,1
TACCGGATCAAACA,33,True,1
GCCGTCCCGGAGTA,33,True,1
CCCTAAAGATCCGA,33,True,1
TAGCTGAGTTACGG,33,True,1
ACTTCGCCGTAGCG,33,True,1
CCGATCTCAGCCGG,33,True,1
CCCGTATGCGTCGC,33,True,1
GTTTAAGACCTTAG,33,True,1
ACATCACGGGGATT,33,True,1
CCCTCTACTGGACT,33,True,1
TCTACCTGGACCAT,33,True,1
CAGCCTCCCACGTG,33,True,1
TGTGGATTGTTCAA,33,True,1
GAAGAACAGAAAAC,33,True,1
TAACAGAAAATGTC,33,True,1
AAGATGGTCGATAC,33,True,1
TGGTCTCGGTTTAA,33,True,1
TCACCTAATTAGGT,33,True,1
GTATCCCAATGTTT,33,True,1
CTATCTAGGCTAAG,33,True,1
GCTCTGCGGCAAAC,33,True,1
TGACGATTCATATG,33,True,1
TTCCTCTAAAATAT,33,True,1
TTTACTAGTTGAAC,33,True,1
CGATGGTTATAGGC,33,True,1
CCTGCGCTCCATCT,33,True,1
ATATAAGTACGTAG,33,True,1
TCGAACCGCTCATA,33,True,1
CCTCCAAAATTGCC,33,True,1
CTCCTTCAAAATAG,33,True,1
ACAGGACGAGTGTA,33,True,1
AACAACGTGCGTGA,33,True,1
GAATGGTTGACCAG,33,True,1
CATCATCGCAAGTT,33,True,1
TGTCAGAAATTAAA,33,True,1
ACGAGCAGCCAACA,33,True,1
CGCTCTCGCCACAA,33,True,1
AGACTTGACTGTAA,33,True,1
CGATAGGTCACCAT,33,True,1
AGGATCACGTCTCG,33,True,1
GTGTGTTTTGATCG,33,True,1
ATCGCTTAGATGTA,33,True,1
CTTAAAAGCATGCT,33,True,1
CCTCTCATGAATGT,33,True,1
TTACTCTGGGTCCG,33,True,1
TAGATTCTAATATT,33,True,1
GTACGTGAGCTTAC,33,True,1
CTCCATCCCATAAG,33,True,1
TCACTCTTCTAACT,33,True,1
TCCACGGTACAGCG,33,True,1
ATATTTCAACTCTG,33,True,1
CTACGAATATCTTT,33,True,1
TTCCCCCCCGTCCC,33,True,1
TTAAGCAGTTATAA,33,True,1
TGGAGCCGCGAATA,33,True,1
GATCACTGTATTTC,33,True,1
TCCCATTATGCAAA,33,True,1
TTGGTGTTATTAAG,33,True,1
AGTACCCACTCTCA,33,True,1
CGCCTCTTCGCGTT,33,True,1
CTGTCCGGGTATTT,33,True,1
TAAGCATTCCAGCT,33,True,1
CGACATGATTGTTG,33,True,1
TCTGTAACTCTTAG,33,True,1
TCATACCCTTAGGT,33,True,1
CTAAGAAATTAACA,33,True,1
GGAGACTGCCTTAT,33,True,1
ACCCTTGTTCGATT,33,True,1
GGTAGGGCAAATTA,33,True,1
CATACCTAACTGAG,33,True,1
TCTGACTCAAGACA,33,True,1
TGATATGAAATACG,33,True,1
TTAATTTTCGAGGA,33,True,1
GGTGCAGGTGCCTA,33,True,1
TGTAAGTTAATATT,33,True,1
TATCACATACTATA,33,True,1
TATCCGATAAAACA,33,True,1
CGATTGTCTTGTCC,33,True,1
TACAGAATTTAAAC,33,True,1
TGGCGTCCGCTGAC,33,True,1
ACTAGGCGAGATAA,33,True,1
CAGAAACCTACAGT,33,True,1
GCATTGGTGCGCAT,33,True,1
GATTACGGTACATG,33,True,1
CTAAAGTTTTGCAA,33,True,1
CAGGCACATTGGAG,33,True,1
TGTTTAAACGATTA,33,True,1
CCGACCAGCTAATT,33,True,1
CCCGGAGCCCATCC,33,True,1
CGAACCAGATTTAA,33,True,1
TAATAGGACCCCAG,33,True,1
AATACCATCATCAA,33,True,1
CCCCCTTTTCAACC,33,True,1
CCCCGCCACCCTAT,33,True,1
TTGACACGGTTACT,33,True,1
TCTGCGGAGCATAA,33,True,1
CAACAGTCGCCATG,33,True,1
CTTGCTCAACGGGC,33,True,1
TCTCCAATCGGCTT,33,True,1
ATCAAAATCCAGAA,33,True,1
GTACCCAGCGAGAA,33,True,1
TGAACATTACTAAT,33,True,1
TGCTCACGTATACA,33,True,1
CACGAGGTTTAATT,33,True,1
CCCACCTCCTATGC,33,True,1
TCGACGTCCTTTCG,33,True,1
CCATTACCCCGCCT,33,True,1
TACGTAAAGAATTG,33,True,1
CCCAAAGTGGACTC,33,True,1
GCATTCTGTAATAC,33,True,1
CGGACCGGACCGAA,33,True,1
TAGCTAGGAGACCT,33,True,1
TTCTGTGTTCGGCA,33,True,1
GCAAGTAAACGTTG,33,True,1
TTTACCCTTGTCGT,33,True,1
GCACCCGTTGGATT,33,True,1
ATATTAGTCGTGCA,33,True,1
ACCCACATAACCGT,33,True,1
AATTCCGCCGTCCG,33,True,1
GTCTACTACGAAAA,33,True,1
CAATGCTGTGTCCA,33,True,1
ACACCTGACACCAG,33,True,1
TCTAGGCCTTTTCC,33,True,1
TTTCCTCACCTCCC,33,True,1
GCCGCCGTATAGTA,33,True,1
TGAAATGTGGAGTT,33,True,1
TAGAATATTATTGA,33,True,1
CACGATGCATCTTA,33,True,1
GCGTTTATCGTGAC,33,True,1
CTGCTTGCCTCGCT,33,True,1
CATGTTACCTTCGT,33,True,1
TTCAAAGGTGTACC,33,True,1
GCCCACCATCTCAG,33,True,1
GTGGCCTCATTGAC,33,True,1
TCTATACACGAAGG,33,True,1
CCCGACCGTGGAAG,33,True,1
TGTATGGGGTTCAC,33,True,1
TCGTGTCTCCCCCA,33,True,1
GTTTGAAGCAAGAA,33,True,1
GAGTCTCCGTGCTC,33,True,1
CACCTCACTATCTT,33,True,1
CACAAATAATCGAC,33,True,1
GTATGCTCAAATGG,33,True,1
GTACCGGCTAGGAT,33,True,1
TGAAAGAATGAGGA,33,True,1
CTGATCTCCGTTTT,33,True,1
TATCAACCCTGAAA,33,True,1
TTGAGGGTCAATAA,33,True,1
AAACACCTGCTGTA,33,True,1
CCTTCCGACGGCTT,33,True,1
TATCGCGATGTGCA,33,True,1
TGTTAGCACTCACG,33,True,1
TATCGGCTGGCAAT,33,True,1
ACATCGAAAGACAT,33,True,1
TGGAAACCATTTAG,33,True,1
TACTAGGTCATCGT,33,True,1
TACACGAACGGACT,33,True,1
AGGACGAGTGGGTG,33,True,1
TCACAGTTTCGAAT,33,True,1
GACGCATTTACCCG,33,True,1
TGAGTTATGAAATG,33,True,1
GGAGGTCAAATTTG,33,True,1
TACCTTCAATATAT,33,True,1
GCAAAGGTAAACTT,33,True,1
ACATACGAATGAGA,33,True,1
CTCCTCACGTTAAC,33,True,1
CCCGCGGTCCGTTC,33,True,1
TTACTACTTACCGG,33,True,1
TAGTTCTATCACGA,33,True,1
TCAGACACCGAAGA,33,True,1
CAACGTCCAGATAG,33,True,1
ATAATTCTACTAAG,33,True,1
CACCCAGGAGCCAT,33,True,1
ATAGCGTTCCAATG,33,True,1
TATCCCAAAGTACT,33,True,1
TTGGTAGAAAGGCA,33,True,1
GCGCGTCTCCTAAG,33,True,1
CTTGCAGCTCAATT,33,True,1
TGCTTATTAATGTC,33,True,1
TCCATTCACGGAAG,33,True,1
CCCACAAATACCAT,33,True,1
TATCTGTTTACTTA,33,True,1
GATCGAGTTTGTCA,33,True,1
AAAAGGCTCCTCTG,33,True,1
GGGAGGGTGTCTAA,33,True,1
TCCCTCGCCGTCCG,33,True,1
TATATATTAGCTCA,33,True,1
CACGTGGACATATG,33,True,1
TTAGTCACTTACCC,33,True,1
GCGGCCCTGCCCTA,33,True,1
GCATAGGCTTCACA,33,True,1
GGAGCAGATCATTC,33,True,1
ATGCCCGGGTGCAG,33,True,1
CATGTAAATACTGT,33,True,1
GACCGACCCTTGGC,33,True,1
ATACCACCAACGTT,33,True,1
TACACCGAAAATTT,33,True,1
TGGACCACGAGTTT,33,True,1
GAACTGATGCCCCT,33,True,1
CCCATGCAGGCAAT,33,True,1
TCCCTACATGGGCC,33,True,1
CTCTATAGTAGTCG,33,True,1
CGCCAGCCCGCCTG,33,True,1
TCACAATGTACAGC,33,True,1
ATTACTTATTCAAT,33,True,1
CTCATACTGTCTGA,33,True,1
TGCTTACTTGATGC,33,True,1
TCACGTTGAATAAA,33,True,1
ATAGCAGTGCATGA,33,True,1
TGCATTCTTAAAGA,33,True,1
GTCAGATAATCTCA,33,True,1
AGAGTACCTAGATT,33,True,1
AGTAACGGGCACCG,33,True,1
CCGGTCTTTTAAAG,33,True,1
ATGTGTCTTGCCCG,33,True,1
TATACGAGTTAATC,33,True,1
ATAGTGCATTCACA,33,True,1
GATATAAAGACGCT,33,True,1
CCCTTCTTTTTGCA,33,True,1
TATTAACAAATTCC,33,True,1
GATCCGCTACAAGT,33,True,1
AAAGCAACCGAAGA,33,True,1
CTAGAAGAATTGCG,33,True,1
TACCGAGTCGAATT,33,True,1
TACATGCAAACAAT,33,True,1
TTGTGACACACGTC,33,True,1
TTATTCTTTGTCGC,33,True,1
AGCCCCATTCTGCA,33,True,1
AGTGACCAATACTC,33,True,1
TCTTGGAAAAAATT,33,True,1
TAGCTACGCACTCA,33,True,1
AAGACATCAAGAAT,33,True,1
CTAACATTAACACA,33,True,1
TGACGTCGCATGTC,33,True,1
GATGAAAGAGCAAA,33,True,1
CAATCCTGGCCTGG,33,True,1
TTCAAGCTCGAATG,33,True,1
TCATACGTAAGGTT,33,True,1
TACAACTTCCCAGG,33,True,1
ACCCCTTCCCACCT,33,True,1
TAGAAATTTCAATA,33,True,1
CCCTTCCATAACTC,33,True,1
GGACTGGCTGAAAT,33,True,1
AGAGCTTGTTGGAA,33,True,1
CGAAAGTATCGTAC,33,True,1
TTAACCGTGGAGGG,33,True,1
TTACACCACCCTAT,33,True,1
CGTCTACATGATAG,33,True,1
ATGGGCGACGCGAT,33,True,1
GAGTCGCCAGATCA,33,True,1
GTCCCTCTTACGGT,33,True,1
TCCATTGTCCCCAA,33,True,1
ACTCCCCTCATCAT,33,True,1
CCATACTTTAGTAT,33,True,1
CCCCTGTTATCACA,33,True,1
ACAACCGTATAGTG,33,True,1
GAGGCTATACGCGA,33,True,1
CTGAGCGGGACCGT,33,True,1
ACTAATCTATTTGT,33,True,1
TTATGTTGCACTAA,33,True,1
TGGGTTAACGTAAA,33,True,1
ATGAACTAATACGG,33,True,1
GCATGTTCAAAGGG,33,True,1
TAATCTACCGCTAG,33,True,1
AGAGGATCGTGTTT,33,True,1
GCCAACCTTGGAAT,33,True,1
TCTCCGTACGTACA,33,True,1
CATAGGTATCACTC,33,True,1
TATTTTAGACACCG,33,True,1
GGGCACTAAGTAGT,33,True,1
CTATCTACGCTGGG,33,True,1
TACTCCCGTTCTAA,33,True,1
ATACGGTACACGAT,33,True,1
GTATAACCACCCAG,33,True,1
GACCTTAACTTCAA,33,True,1
TCGAATAGCAGCTC,33,True,1
AAGGGAAAACAGGC,33,True,1
TTACTCGTGCCAGC,33,True,1
GTGCAGATCTTACA,33,True,1
CCCTGGCCGCCCTC,33,True,1
CCAGACCGCGGCAC,33,True,1
CAAGGCAGAGCCCG,33,True,1
GATGTAGTACATTT,33,True,1
CTGAAAATAGCAGA,33,True,1
TACCCTCATTTGAG,33,True,1
TTACAGCAGATAAA,33,True,1
AATAGGTCGTTAGA,33,True,1
TGCAGGTTGGATAA,33,True,1
GGTTGCCTAGGCAA,33,True,1
GGTGAGGTTTACCT,33,True,1
GTCCAGTTTAGTGA,33,True,1
TAGAAGGACTCGTA,33,True,1
GTGCCTTCCCAAGG,33,True,1
TGATCACCGAAAGT,33,True,1
AGCAAGAAACTAAC,33,True,1
CACGTTCCGTTAAC,33,True,1
GTACAGATGATACT,33,True,1
TAAATGTACCCGCA,33,True,1
GTATCTTATACGGG,33,True,1
TAATGTGTCTCATG,33,True,1
TAATAAACTATCCC,33,True,1
AGCTAATGAAGATA,33,True,1
GTCAGCGGGTTGCA,33,True,1
TGTGGCTTAAGCAA,33,True,1
GAGATAGTGTAGTT,33,True,1
TAGGAATTGCTGAC,33,True,1
GCGAATCTGGTATG,33,True,1
CTTTCTCAGAGGCC,33,True,1
AGTTGTCAAGTCAC,33,True,1
ATCCCGTCAAACTG,33,True,1
CCTCAGTAGGGAAA,33,True,1
AGGAAAGCGCGCTG,33,True,1
CATAGTTTAACATG,33,True,1
TGGATGTCGTTACC,33,True,1
GGAGCACAATCAGA,33,True,1
TACTTAGCTCTCAA,33,True,1
CCCTTCCAGGTGGG,33,True,1
TACCCCTAATCCGT,33,True,1
CGGATCACGCGATC,33,True,1
GACGACTACGAGTA,33,True,1
ACAAACGCAGTATA,33,True,1
GTATAGGCATCTTG,33,True,1
TAGGCGAAGTACAC,33,True,1
TCTCTTACTCTGTA,33,True,1
TGGAGTCTTATAAG,33,True,1
TCGCACACTCATCC,33,True,1
TAAAATGCACAAAC,33,True,1
ATACTTGCAAAATT,33,True,1
GCCGTAAGTGCACA,33,True,1
GTATGAATGCAACC,33,True,1
TTTCGTAGCTGCGA,33,True,1
ACATGTCGAATCCC,33,True,1
CCAGAATTTAAAGG,33,True,1
TCTGTTTGAGATTA,33,True,1
CGATTAGATCGGAA,33,True,1
ACGCTTGTCTGTGA,33,True,1
AGGCAGTGTAAGTT,33,True,1
ACAGAGATGGTAGT,33,True,1
CCACAGCAGCTTAG,33,True,1
CCACACATAGTACA,33,True,1
ACTACTTGGCTAAC,33,True,1
CGGAGTTTTTATAT,33,True,1
GCACCTTTTATACA,33,True,1
CTTGTAGATGAAGA,33,True,1
TGGGTTTCTCAGTA,33,True,1
TTTACTCTGCCACT,33,True,1
AGACTGTACTAACT,33,True,1
GAAATGAAGCATGC,33,True,1
ACACCTACCTTAAC,33,True,1
CCACCCCTTCCCGC,33,True,1
GGCATTCGACAAAT,33,True,1
TGGACCCCCATCGG,33,True,1
TCATGAGCGAACAT,33,True,1
CGTCACCGACCCTA,33,True,1
TTAATGAATCGTAG,33,True,1
TTGTTTATTTTGTG,33,True,1
TGACTATGAAGAAA,33,True,1
TCTTCCTTGCCGGC,33,True,1
TAATGTCTTTGCTA,33,True,1
TTCACCTACCCCTA,33,True,1
ATGAACTACTTTAG,33,True,1
CGACACGACTGTAT,33,True,1
GTAGGGGCCAAAGC,33,True,1
ATATCCGTTATTAT,33,True,1
GCATCGACCAGCCA,33,True,1
ACAGCATGCCTTCA,33,True,1
ATGGTGCTGTTAGC,33,True,1
GCACGTCGTCATAG,33,True,1
TGAACTCGGGAATA,33,True,1
GTCTTTCCTCAAGA,33,True,1
TCATTGGTTTGTTT,33,True,1
GTCGACGAACTGAT,33,True,1
CAGACAATGCTATT,33,True,1
GTTACCATCTTACG,33,True,1
TCGCTTAATGTTTC,33,True,1
TAACTAGAAGCCCC,33,True,1
TAGAGATATCTAAC,33,True,1
CATTACCTCGGTTG,33,True,1
TACGTCATTCCTTT,33,True,1
TATTGACATTAATA,33,True,1
CCTCATTTCTAGTG,33,True,1
CTGAACCGTGAGTC,33,True,1
TGTAGGTCGGATCG,33,True,1
CGTTCTAAAGTTTT,33,True,1
CTAGTATCTTAATG,33,True,1
TATGCTGGCTAGAC,33,True,1
GCTTCTATGCCCCG,33,True,1
AAACGACACCCCCT,33,True,1
TGCAAACCTCATCG,33,True,1
TTTGAAACAAACTG,33,True,1
GTGCTATATGAATG,33,True,1
ATTACATTTCAAGA,33,True,1
CGATAACACTAGCG,33,True,1
GTTTCTCGTTTGCC,33,True,1
TACGCGATTGATGC,33,True,1
GCAAGGCTCCTCCT,33,True,1
CTCGGCTCCGCCCT,33,True,1
TTCAAGTTACAAGA,33,True,1
TTAAAAGTTACGAA,33,True,1
TATGCCGATACTAG,33,True,1
TCCGCCGAAGGATT,33,True,1
GTAATGCGCTACAT,33,True,1
TTGCGAGAGCAACA,33,True,1
TGGAGAGTGATATA,33,True,1
TATCCAGTATACAA,33,True,1
ATGGCGTATATGTT,33,True,1
TCACTCCATTCGGA,32,True,1
AGTGAACATTTAAA,32,True,1
TACTTTGTACGAAT,32,True,1
AAAGTCATCTAAGT,32,True,1
AGAAAGCATTTACT,32,True,1
CTCTGACTTTCACC,32,True,1
CAGAATCTTATGAA,32,True,1
CGGCGCGAGGACCC,32,True,1
ATTAAGAATTTGAC,32,True,1
GGCATTTTGTATTG,32,True,1
CCGCAATCTACGGT,32,True,1
CCTCCGGTGTCCGA,32,True,1
TTATAGAATTGATA,32,True,1
GGGTGAAGAACGGT,32,True,1
CCCTCTCAAGCATC,32,True,1
TCCCTATTTAGCTG,32,True,1
TCACGCTAAGGACC,32,True,1
TCCCCCTTTATAAC,32,True,1
ATGCCACCAGCGAG,32,True,1
GTATTTCTTGCAGA,32,True,1
GTAGCGCTGCTATA,32,True,1
TAATATCGTTCAAC,32,True,1
TCACTGATAAGATA,32,True,1
TTACTGAGCGCCAA,32,True,1
CTAAGTGCCTGCCA,32,True,1
ATGCGGCACTCGGT,32,True,1
TACTGACTCAAGTG,32,True,1
AACCCAGGACTCAT,32,True,1
CCCCTAATCGACCC,32,True,1
TACGACGCATGCGC,32,True,1
AATGCTCCTAAACG,32,True,1
TTAACAAATCGCGG,32,True,1
AGCACTTCTTACTT,32,True,1
CTTTCAAAACTGTT,32,True,1
TAGCACTTGTGAAA,32,True,1
TACCCCGGTCTCCT,32,True,1
AATCCCAAGGAATT,32,True,1
AACCCTTTCTATCT,32,True,1
CGGTGCACGCGTGT,32,True,1
CCCATTCACTCCGC,32,True,1
CTCGGGAGCTCTTG,32,True,1
TCGTCGTTTACTAT,32,True,1
AACCGTCCGGCCCA,32,True,1
TCTAGCGTGGAGAA,32,True,1
ACTGAGGGTTTCGC,32,True,1
CACAATCTGCTCAA,32,True,1
GAAACGAATAGACG,32,True,1
GGACTACTTAATGT,32,True,1
ACCACCTCTCTTAT,32,True,1
TTGCTCGTAACAAT,32,True,1
CGACAACACCATAC,32,True,1
ACACTTTGGAACCC,32,True,1
TTAATGCCGAGTTC,32,True,1
GCCGGAGACTACAA,32,True,1
TCAATAATGCCTGA,32,True,1
GAGGCTACTAAATT,32,True,1
TAATGCACAGCTAC,32,True,1
TTACATTATTTTAG,32,True,1
TACGGCTAGTCACC,32,True,1
TACCTGAAATATTA,32,True,1
TCCCAAGGTCGTAT,32,True,1
TCTCAAGATCGTTT,32,True,1
GCGCCACTTTTAAT,32,True,1
GTTTCGCCGTTTAA,32,True,1
CCAGTGTTAATGAA,32,True,1
ACAACCCACGCGAT,32,True,1
CGGCACCATGTAGC,32,True,1
TTATGGATATCTTG,32,True,1
TCCCCACTTCAAGT,32,True,1
CTATGACGACCCAT,32,True,1
GCATATGTTCCGGT,32,True,1
TCACGATATCCGTC,32,True,1
TATTCCTTCGGCAC,32,True,1
GAACAATGCAATAA,32,True,1
TCAACTGACTAAGT,32,True,1
CCCACTCTAGCCCC,32,True,1
CTCGCAGATACGCC,32,True,1
TGGACCATAGTTCC,32,True,1
TCCGTATCCCACGT,32,True,1
TATGGATATGCTAC,32,True,1
TATCGAGGTCCATC,32,True,1
ATGTCGACCATTTG,32,True,1
CCAGAGAATAGAAA,32,True,1
TGATTAGAGACGTA,32,True,1
TACATACATAGATA,32,True,1
GCCTGCTACTCAGC,32,True,1
GTGCCACGCCAACC,32,True,1
TAATGAGATAGCGA,32,True,1
GTCAATTGTCAATA,32,True,1
CTTGACCACCTGTG,32,True,1
TAATGATACGAAAT,32,True,1
GCTCTCAAGGCATT,32,True,1
CAATAATTCCTCCT,32,True,1
GCAAGGCGGGCATG,32,True,1
ACTAATCACCTAGT,32,True,1
TGGGGACCAAAGCT,32,True,1
CCCCGGACCTCCAG,32,True,1
GAGCGTTTGGTAGC,32,True,1
TATGCTATGGGTTT,32,True,1
TGGGATATAAACAA,32,True,1
TCTCCAGTAACTAT,32,True,1
TGAAAAGAGGCCAT,32,True,1
TGAATCTACGTTGG,32,True,1
CTAGACACAAGACC,32,True,1
TAGCCCGTCGTTAC,32,True,1
TTTACTTAATTAGT,32,True,1
TTCATCACACTCGT,32,True,1
TGAAACAGTACATA,32,True,1
ACATCACCGAAGGT,32,True,1
ACACGGGCTGCTCC,32,True,1
GGTACAATACAATA,32,True,1
AGGAGGCGTATCCT,32,True,1
CGAACCATGGACAC,32,True,1
TAATCACGAGTAAA,32,True,1
AAAGATTATGTCCT,32,True,1
CCACATGGAGTCAG,32,True,1
CAACACTATCTGGA,32,True,1
AGGGACGCGTTGCA,32,True,1
TATGAGGGGTCATC,32,True,1
GAAACTACTTATTC,32,True,1
TTGAGCTGCTCTAC,32,True,1
ATCTCACAGAATTG,32,True,1
ACGACTGCTAGTCG,32,True,1
CTATATGAGAAAGA,32,True,1
TCTAGTTCTTGCTG,32,True,1
GCAGGATAGCATTT,32,True,1
TCCGTGCGCGTAAC,32,True,1
TATCAAGATAGTAT,32,True,1
CTTTCCCTGTAAGA,32,True,1
TGAACTAGTTATCT,32,True,1
TGAGTAACTGCCTA,32,True,1
TTCAAAAGATTAAT,32,True,1
TGCGATCTGCGGGT,32,True,1
TTAAGTCGTTGTTT,32,True,1
CGGATTCCAAGAAT,32,True,1
GATGTATTCCATTA,32,True,1
TCCGATGTCTCGCC,32,True,1
TATGAGGCTTTGCT,32,True,1
TGACATTTCTTATC,32,True,1
TGAAGATCAGACGG,32,True,1
GTATCGTAAGAGCA,32,True,1
TTAAGCCTTATTGG,32,True,1
CGTGACAAGGTGTG,32,True,1
ACCAAATGAACAAC,32,True,1
CGCTCAATACAGAA,32,True,1
AGACCCCAGGGTAC,32,True,1
ATATACAATAGCGA,32,True,1
GTATTGGGCGGTTT,32,True,1
CTGGTGCACATGAG,32,True,1
CTCCTTCTTTTACG,32,True,1
TTCAAGTGGAAACT,32,True,1
CAATCGAGAAACGA,32,True,1
GACCATATCTCTTT,32,True,1
ATAGATGGCAAGAT,32,True,1
ACAGCGTCAGCGTC,32,True,1
ACACCCACACCATC,32,True,1
AGCCCTGAGACATG,32,True,1
TACGTTTACAATCA,32,True,1
ATCTCAATTCGGTC,32,True,1
CGTTTACTTAACAG,32,True,1
CGACCGTACCGCAC,32,True,1
GCATTCATTGGTAT,32,True,1
GACGGTTCGTACTA,32,True,1
TACAACATCCGTAA,32,True,1
AAGGGGACGGAAAA,32,True,1
GCCCGCAGAATCTT,32,True,1
TGCTTCCAATTACG,32,True,1
CCATAGCTTATTTG,32,True,1
CACGATGAGGGTGT,32,True,1
CGGCTTCAAAACGT,32,True,1
AGGCTTACAGTGAG,32,True,1
TTAACTAGTCACAC,32,True,1
CCCTGCTCACGTGC,32,True,1
TATACGAGGACCTA,32,True,1
GTAGATACGCTTCC,32,True,1
TAAGAACCCAGCTG,32,True,1
TGGTATTATCGTGT,32,True,1
TATCAGGTACTGAG,32,True,1
TAACCTTAACCATA,32,True,1
ACCACAATTCCGAA,32,True,1
GAATACGTGGACAT,32,True,1
GTTGCTACAAATTT,32,True,1
GACATAACATAGCT,32,True,1
ACTCCAGATGAGCT,32,True,1
AGCAAGCAGACCCG,32,True,1
CTGAAGAGCTTAAA,32,True,1
TGGCGAATATCCGT,32,True,1
GTCTTTACGACCAC,32,True,1
TGACACAATATGTT,32,True,1
GTAAGTATGGTGGA,32,True,1
AGCGACGTATCTGT,32,True,1
TTTTTGATTAACAA,32,True,1
CACTCCCGCGGTCT,32,True,1
CGAGCTCCAAGAAT,32,True,1
TGAAGACACATAAT,32,True,1
ACAGAGCTTGAGGT,32,True,1
TTAAACGTAATATG,32,True,1
GGCGCAGCCTTTGC,32,True,1
TACACAGAGGCTAA,32,True,1
TTCACACCGCTATC,32,True,1
GGTCCACTAGCAGT,32,True,1
CACCTTGTAGTAAG,32,True,1
TTATCCTAAACTTC,32,True,1
ATAGAAACTATTCT,32,True,1
CTGATGCTTATGAA,32,True,1
CCTTCGGATGTTCG,32,True,1
AGATCGTTAGCAAA,32,True,1
TATTGTCCTGCAAG,32,True,1
GCCAAATACACCAA,32,True,1
TAATCAGCGAGTTT,32,True,1
TTAATAACGGGAAT,32,True,1
TCATCCACGTTTGG,32,True,1
CTCCCCAACACGCA,32,True,1
TTCTCCGCCCCTCG,32,True,1
TGGGTGCCCGCCGC,32,True,1
ATACCACATTCATC,32,True,1
AAGGCTGATTACCC,32,True,1
TAAGAGTTGACCCG,32,True,1
AGGAGTGTGAATTC,32,True,1
TGGCCGGCCAGACT,32,True,1
CCGAAACCTTGACA,32,True,1
TAAGATACCTGCAA,32,True,1
GTAGTCAAGTCCGA,32,True,1
TCTGCCCTTTTAAT,32,True,1
TTAACTCATGAACC,32,True,1
TCAGCAACACGATC,32,True,1
GTTCCGCTACGCAT,32,True,1
AGACTCAGTTGAGA,32,True,1
CCCAACGGTCGGCC,32,True,1
CTGTCTTAGTTCCA,32,True,1
GTGGCTAAACCCTA,32,True,1
GTATGACCCTAGTA,32,True,1
CCCAGTGCTTCTTA,32,True,1
CAAAGGTTGAACGC,32,True,1
TTGGTCGATATAGC,32,True,1
TAAGTAAAACCAAT,32,True,1
TCTCCTTACCCCAT,32,True,1
TGCGCTTAATCCAA,32,True,1
TCGCCCAATGTTTT,32,True,1
AGGCCAAATGCCAT,32,True,1
CCCGCCCCTAGAGC,32,True,1
GTGTTATACGCGCG,32,True,1
ATACATCCCAGCCG,32,True,1
CAGTACGTGGAACG,32,True,1
TTATAATTGTGGGA,32,True,1
CAAGCATTTCTATC,32,True,1
AGGAAGGATTCATG,32,True,1
GGCGAGATAATCCC,32,True,1
TGGCCCTCTTATAT,32,True,1
CAGACTGTGCCTTC,32,True,1
CCAGCCAGATTAAC,32,True,1
ATGCAATTCCAGAA,32,True,1
CTTATGAGTGCTTT,32,True,1
TCCGCTGCTTAATG,32,True,1
TCCTCCTTATTGCT,32,True,1
TAGAGGATCTCATG,32,True,1
GGAGAACATAACCA,32,True,1
AGGTTAAACGGCCT,32,True,1
GCAAAATGGTAGCG,32,True,1
TACCCCAGTCGGAC,32,True,1
TTAAATCGATCCGG,32,True,1
TCCCAATGAGCTCC,32,True,1
CACATACCCTGATC,32,True,1
TATACACGACCAAA,32,True,1
GAACAAAAGTGGCT,32,True,1
GAGTCTTTTCTTTA,32,True,1
TATTTAAAACGTCT,32,True,1
TAATACGGCAGATT,32,True,1
AACGGTAAAAACCT,32,True,1
CATAAGTCGTTTAA,32,True,1
CAATGCAATTCCAG,32,True,1
GCACTCAAGTCTCA,32,True,1
CCGCGCCCTGGAGC,32,True,1
GCAGTCCGTGGTGG,32,True,1
CGACGGGATTCCTC,32,True,1
TGTATAAAGATATG,32,True,1
TCCATGAAAGCTAC,32,True,1
ATACATCATCCACC,32,True,1
TTCATTAACGGTAT,32,True,1
ACTTGACCTCGGGA,32,True,1
ACGATTTTAAAACT,32,True,1
GGGCTAGAGACGGC,32,True,1
CTTGCCTAAGGAAC,32,True,1
CTACGACGTCGAAG,32,True,1
TCACCACATAAACC,32,True,1
TGTGCCGATGTTGT,32,True,1
TAAATGGCCTAGAT,32,True,1
TTCTTAAATATCAA,32,True,1
TGCAACAGTTATCA,32,True,1
CCACTAGTCGGACC,32,True,1
CCCTTCGCATTTCA,32,True,1
TCGTAGAGTAGTTA,32,True,1
TATGGCAGAGAATT,32,True,1
AAGAAAGGAGCAAT,32,True,1
TATACTTAGTTCGT,32,True,1
CAATAATACGATCC,32,True,1
CAACTTCTGTGGTC,32,True,1
ATTGCGTCGCAAAG,32,True,1
GAGTCTATAGCAGG,32,True,1
TCTCAGCTTACAGC,32,True,1
ATGGCAGACAGAGA,32,True,1
CCCCATGGCAGGTG,32,True,1
TTGCGAGGCTTAGA,32,True,1
GTCAGATAGGCCGG,32,True,1
CCCGAGCTTCTGAA,32,True,1
AGTTCATAAACTCA,32,True,1
TGGTTCTTCCAGTA,32,True,1
TTGACTTTAGATAA,32,True,1
TAACTTGACTGCCT,32,True,1
CCACACACTGCGTG,32,True,1
CTATACGACAGGGG,32,True,1
TTGAAGACGCTGGC,32,True,1
TGCGCCTTGTCCGG,32,True,1
CCGCCCATTGATAC,32,True,1
TCCCCTCCCACACA,32,True,1
TACGCATTACAAGA,32,True,1
ATGTCGCGTTTCCT,32,True,1
CACATCAACCTCAC,32,True,1
ATAATCGACTTGTC,32,True,1
CTCCCTCCAATCCC,32,True,1
TCCCACCTCGATCC,32,True,1
CTATGGCTACATAG,32,True,1
CACATCCACACATC,32,True,1
TATTGAACAACTCG,32,True,1
GGCAGCGAGCCCAT,32,True,1
GTTAACTTAATTGT,32,True,1
GACAACAAATGAAG,32,True,1
TTCAACATGGGCAC,32,True,1
ATATCTAGGTAACC,32,True,1
TAAGGCGATAGATA,32,True,1
TCATCCATTTGCAA,32,True,1
CGGGCCGCTCATGT,32,True,1
CCATCACTGGAGCA,32,True,1
GGGAGATCGCGCCT,32,True,1
TATCTCGTCGACTA,32,True,1
TTACCTTTCGTCAA,32,True,1
ATATCGGCATACGT,32,True,1
TTACCCTTCGCCAT,32,True,1
CTGCCCCACCCGCC,32,True,1
TGTAGGAGTTGCTT,32,True,1
CCCTTTCTATCCTT,32,True,1
CTGTGCCAAAGGCC,32,True,1
GGCAAGCTCACTTC,32,True,1
TGAGGGCCATTTAC,32,True,1
CCGAGGCAAACATG,32,True,1
TTTATTCAGAACCG,32,True,1
ATGGTACATGTTCA,32,True,1
AGCTTTAAGATGTA,32,True,1
CCTGCTTGTCTCAA,32,True,1
TCACCGAAGCTCAC,32,True,1
CGATGCCAGTGCAA,32,True,1
CAGCAGGAGGCAGA,32,True,1
GCTCCGGTAGAGAA,32,True,1
GTGTCCGCGGCCTG,32,True,1
GGAATTCTGGAATC,32,True,1
TCAAATTTCGTTTA,32,True,1
GGCAATAGAATGTG,32,True,1
TGCCAGTACTTCCC,32,True,1
ACTTCCGGTCACCT,32,True,1
ACTCTAACGGAAAT,32,True,1
GGCCTAGCACAGAC,32,True,1
TCGTCGATGGAGAA,32,True,1
TACCTTTAAGTCCA,32,True,1
TATCCGATGAGGTC,32,True,1
CATCACCTTCACAA,32,True,1
CATGAGACATCCCT,32,True,1
TATGCGGATGTTCT,32,True,1
TTCTCCAGCCATCT,32,True,1
GGACGTTCCAGACA,32,True,1
CTCCCAGGTTCATC,32,True,1
TACACCGAATTCTG,32,True,1
GCACTTTAAATTTA,32,True,1
TCGACGCCGATCAA,32,True,1
TAGGATTCCTGACA,32,True,1
GGGCTGCCCCGTAG,32,True,1
TCAGAACAGTACCC,32,True,1
ATACCTAATTGCAA,32,True,1
CCAGGTTGCGTCGG,32,True,1
CCCAGATTGCGACG,32,True,1
TGCCTCCTATGCAT,32,True,1
TGATTAAGACATGA,32,True,1
ATAAACTGTTCACT,32,True,1
AAGCTACCAATAGT,32,True,1
TAATTATTAGTGTA,32,True,1
TCAAAGACCAAGTA,32,True,1
AAGAGCACCTATAC,32,True,1
TCTGAGTGATTCGC,32,True,1
TAAGTCGCTTCGGG,32,True,1
CCCAATCTGCGATG,32,True,1
CTCCCACGTCTCCC,32,True,1
TGGATTTTACATGC,32,True,1
TGAAGTTACTATGA,32,True,1
ATAAACAAGGAGGC,32,True,1
TCCGAGAAGTCATT,32,True,1
ACCCTCCCCTGCGT,32,True,1
CACCGTAACCTTTG,32,True,1
AGGGACCTCGTTTG,32,True,1
CAACAGTATCACCG,32,True,1
CACCGAACTCGCCC,32,True,1
AGGCACGGTAGAAA,32,True,1
ACTAAGTCCTCATT,32,True,1
TCCCCATTTAGCCG,32,True,1
TCGTAGGTATCGTG,32,True,1
GCCGGAATTCCATT,32,True,1
ATCCGGTCTGGCAC,32,True,1
TGTCCTGCAATTAA,32,True,1
AACTCTCCATGAAC,32,True,1
CTCCACTTTATGGT,32,True,1
TAAAAATCAATTGA,32,True,1
TAATGTGCGGAAAC,32,True,1
GGGTCTACCCCTCG,32,True,1
ATTGCCTAGTACCC,32,True,1
AAGGCCTTGTACAG,32,True,1
GTCCATGAACTCCT,32,True,1
TTACGCATTTTTCT,32,True,1
GAATGCCGAAAGAT,32,True,1
ATCAAATGGATCCC,32,True,1
CCAAGGCCCCATAT,32,True,1
GTATGATGTATTAC,32,True,1
TTTGATCTCGCAAT,32,True,1
CACCCCGAGAACCA,32,True,1
ATTTAGCCTCCATT,32,True,1
TAATGGATATTAAT,32,True,1
ATATTCCTCTTAGG,32,True,1
AGCTCCCGCCTCCG,32,True,1
CATGAAACCATTGT,32,True,1
TAAATCCTTCAATA,32,True,1
TATATAGCTATATA,32,True,1
GCGTCACTTGTCTG,32,True,1
ATGATGGTAATTGG,32,True,1
TCATCCTCGGTAAC,32,True,1
TCACGACGTCGAAA,32,True,1
GCACGCACCGGCCC,32,True,1
GCAACCAGGACATA,32,True,1
TGTGAACCAGTAAA,32,True,1
TCTCCTTATATCGT,32,True,1
AGAATAGGTGACCG,32,True,1
ACGTCGACTACAGG,32,True,1
CTTGGAATAGCGAC,32,True,1
AATCTATGCCCCTA,32,True,1
TCCAGTAAGCGATC,32,True,1
TACTCAAAATTCAG,32,True,1
GACCCCCCGTTACG,32,True,1
TCAACGATTCCTCC,32,True,1
TGGGTCGTTCTACA,32,True,1
CATGCCCTTTACTG,32,True,1
ACGACCCCCGCCTT,32,True,1
GAACAAATGCCCGT,32,True,1
TCATCGGTGTTATG,32,True,1
ACGTGCGAAATAAA,32,True,1
GGGGATAATTAGGC,32,True,1
CACACGGACCTCTT,32,True,1
AAAGAGGCAATCCT,32,True,1
GATGTAAGCTCCTG,32,True,1
CCTTGCCGCTACGT,32,True,1
CAATAACACCGACT,32,True,1
AATGATCAGAAACC,32,True,1
GGATGCCCGAACTG,32,True,1
CGATGAACCTTACC,32,True,1
TTAATGCGTTTATA,32,True,1
TTAGTGTTATTACA,32,True,1
TGTTCTATTGTAAT,32,True,1
TACACTATTTGAAA,32,True,1
CCCATTAATTGTAT,32,True,1
TTCCATGTATACAG,32,True,1
GTAAGGCTTCCTTC,32,True,1
AGGGACTTAAAATA,32,True,1
TCCACCCGAATTAA,32,True,1
GATGCAAGAGGACA,32,True,1
TCCCACACCCCCGC,32,True,1
TATACCATTGGTTC,32,True,1
TATTAAAACGGAAT,32,True,1
CCATCTCCAGAATC,32,True,1
GGAGCAGGCGCACG,32,True,1
ACAAGATCTTTCGT,32,True,1
TGTTATTGTAAATG,32,True,1
CTTTTCGGCCTGAT,32,True,1
CCACGAAAGTTAAA,32,True,1
CAACCAGGGTATCC,32,True,1
TCTCCACCCGGAAA,32,True,1
GATGTCCATCCTGG,32,True,1
TGTTAACTCATAGA,32,True,1
CTCATAAAGTGCGC,32,True,1
AAACGAATGTTCAT,32,True,1
TAGGACGCATAAGA,32,True,1
CAACATATTAATGA,32,True,1
AGCAGTATAATATG,32,True,1
TGCCCTAGTGGACC,32,True,1
GCCTAACCGCGACG,32,True,1
TACAGTTGAATAAA,32,True,1
TGCTGATGAATGGC,32,True,1
CACCTGTGGTATCC,32,True,1
CCAGCTTCCATTGC,32,True,1
TCAAATCTCAAACG,32,True,1
CTATGTCCAAGTGA,32,True,1
ATGTCTATGTGCTA,32,True,1
TTGAAGGTAGATTA,32,True,1
CAATAGCTAAGACA,32,True,1
TCGCCCTTACCGGC,32,True,1
TGTCGTAATACATC,31,True,1
TAAGTATTATTACA,31,True,1
TCAGTTACCGGAGT,31,True,1
CAGAGTTTCCGACT,31,True,1
TATTGAGGTAACAT,31,True,1
CCCCCACACAGCGA,31,True,1
TTCGTATCGCCACC,31,True,1
TCAGAGAGTACTGT,31,True,1
CAGCTTAGCCACCG,31,True,1
CCTAGAAAAAGGCA,31,True,1
TCACGAAATGACAT,31,True,1
TTAACAGGCACAAT,31,True,1
CAACCAAAACACGT,31,True,1
AAGACGCGTGCACG,31,True,1
CGTGAAGCCCTGGG,31,True,1
GAATCCTACGATAT,31,True,1
TCTATATTTAGACG,31,True,1
CCTCACCCATTAAC,31,True,1
TATCCGGAAACGTA,31,True,1
ACCCGAAAATTCAT,31,True,1
TTTTACTGAACACG,31,True,1
GCAGCAGTGCCTCC,31,True,1
TTTTCCACAAATCT,31,True,1
TAGTCACGTGCAAA,31,True,1
GAATATTTGTGCGA,31,True,1
CCTGGGATATGAGT,31,True,1
AGCGACACGATATG,31,True,1
TGAGCTGATCCGTA,31,True,1
AAAGAAACTCAGAT,31,True,1
TACTAATGTCAAGT,31,True,1
GCAGCCTATTAACG,31,True,1
TAGAAGTAAAAACA,31,True,1
TGGAAATCATAGCA,31,True,1
TCGACAGATATGTA,31,True,1
TAGGGCCAGAAGAG,31,True,1
GTGATCATCTGTGC,31,True,1
TCTTCTCCGGTTAG,31,True,1
CTGTTAGAATAACA,31,True,1
GCAAAGAGATATCA,31,True,1
CCCTACGCCCTACG,31,True,1
CGGCTAGAACAAGG,31,True,1
GTCCAGCTAGCAAG,31,True,1
TTTGCTGAAAGCAA,31,True,1
AATCACCTACAAGA,31,True,1
TTCGTAACTGCACA,31,True,1
ATCGGACCGTGGTC,31,True,1
GGGTATAGGCCGTT,31,True,1
CCACAACCTTCAAT,31,True,1
GGGAAACCGGAGTA,31,True,1
ACAGGAGATTAACT,31,True,1
GCACATATGGTCAC,31,True,1
GGTGGCAGAACTTC,31,True,1
TTATTACCCATTTC,31,True,1
CCTGCTACATTTAG,31,True,1
CACGTTGGTTGTTC,31,True,1
AATACGAGTATGTC,31,True,1
CCCTTGCTAAGGAT,31,True,1
AGCCTGGGGGGTAA,31,True,1
GTCTCTGCAATTCA,31,True,1
AGCGCATATCAAAA,31,True,1
GGATCATCTTCTTG,31,True,1
GTACTTAGTAATGT,31,True,1
AACATCGCCCCATA,31,True,1
TCCAGAAGCCCCCT,31,True,1
TAACCCATAGCGGA,31,True,1
AATGTTACCTACAT,31,True,1
ACCCGAGCAGAGGT,31,True,1
AGCAATTAGTAAGC,31,True,1
GTTAATATCACTCT,31,True,1
TAGCACCACAATGG,31,True,1
ATAACTCGTGCCCT,31,True,1
AACGACTTCGGCGT,31,True,1
GTAGAGCCCGATAC,31,True,1
CAGACTTTGATTAT,31,True,1
GAACAACAGTTCGA,31,True,1
TTCCCACGTCTCCC,31,True,1
TAACGTGGCAATGC,31,True,1
AGATCTGATGTGAA,31,True,1
GAACATGAGGAGTG,31,True,1
GATCACAAAACTCG,31,True,1
ACCATACTTAGGAT,31,True,1
AAAGCTACGTTATC,31,True,1
GTCCCTTAAAGCTG,31,True,1
CATCAGAGTTTGGC,31,True,1
GTGGACGATTAGGT,31,True,1
ATGGCCTGCTCATA,31,True,1
CTGGTTTCTACATA,31,True,1
CACCCTATCATCAC,31,True,1
TAGACCCATCTGCG,31,True,1
ATGTGAAGCTACAG,31,True,1
CCCAGTCGTCCTCA,31,True,1
CCTGGATATTACTT,31,True,1
ATCTGTCCGCGCCT,31,True,1
AGGGCGATTTGAGT,31,True,1
GCACACTCACTTCA,31,True,1
CACCTACTATACCA,31,True,1
TTGTGGATAATGCG,31,True,1
TAGATTAATGACAA,31,True,1
AAAGACGACAGTTA,31,True,1
CTACCGGACAAAGT,31,True,1
ACAGATCAAACCGC,31,True,1
GTAGAACACGGAAC,31,True,1
AACTGCTTTCATAT,31,True,1
TACCGTTTATTCCC,31,True,1
TAGGACTACTAAAA,31,True,1
GTGCTATTATTGGC,31,True,1
ACCATTCACGGCTC,31,True,1
CAGGAAAAGGTACA,31,True,1
TCGCTCTGGGCGAT,31,True,1
CTCCCATTAAGCCT,31,True,1
TTATGGGTGACACT,31,True,1
TACATCTTGGAATT,31,True,1
CCCTAGATCCAGTG,31,True,1
ATCATACCGAAAGG,31,True,1
ATATGTGGACTGGT,31,True,1
CACTACAGACGACT,31,True,1
ATCGTTTGATTGCG,31,True,1
CTCGTGTGGACAGG,31,True,1
ATATGACTTATGGG,31,True,1
GAGTCCTTGTATCG,31,True,1
TACTCCCTCAATAC,31,True,1
TAGGGTCGGACTAT,31,True,1
TATCTCGTAAGTGT,31,True,1
CACCGAATCTCACG,31,True,1
TAGTAGAGGCAATG,31,True,1
ACACCCTTAAGCGG,31,True,1
CCGGACCCTCCGCA,31,True,1
AAATTAATAGCACT,31,True,1
CGCAAGGAAACAAT,31,True,1
TGGTTGATGTTGAA,31,True,1
ATGTAACGTTCACT,31,True,1
GAACCAAATTGGTA,31,True,1
GTCAGTTGCTATTA,31,True,1
TTTAGCACGCTCCT,31,True,1
GCATTTAATCATAA,31,True,1
TTACACTTTGGGCA,31,True,1
CAATTGATCTCTCT,31,True,1
CAACCCACCTGCGT,31,True,1
TACGCCCACATCGA,31,True,1
TCATACGTGAGTAC,31,True,1
ACATAGGTTGCCTG,31,True,1
CGCGAATACCATCC,31,True,1
CTCTTGCCAAGACT,31,True,1
TGGACATACATCTT,31,True,1
TAATGGAGCTTAGG,31,True,1
CCCAAGAGTTCAAG,31,True,1
GAGATGGATCGACT,31,True,1
TGTCAGTCATCAGG,31,True,1
CTGATCCAATGAGC,31,True,1
AGAAGTACGATGGC,31,True,1
GTCTCTCGATCCCA,31,True,1
CTGTCTAAGGCAGC,31,True,1
TTATAGTGTCTTAG,31,True,1
CATTGCTAGTGTGG,31,True,1
CCACACGACTCCAA,31,True,1
TTGAGTGTTTTATG,31,True,1
GGACCTCTAGTGAA,31,True,1
GATCCTCGTCGGTT,31,True,1
GCCCCCCCCGCACT,31,True,1
TGAGTAGTTCGAAT,31,True,1
TTCTACGTAGCAGG,31,True,1
AGCTTCCTACTAGG,31,True,1
GGACTTTAACGATG,31,True,1
TACATCCATGCGTA,31,True,1
CACTTCATGTTCGC,31,True,1
ATAACCGAGACAAG,31,True,1
TATGAATTCGAAAC,31,True,1
CCTGTAGGATCCTG,31,True,1
CCACAAGTCCATTA,31,True,1
GGATGATCGTGACC,31,True,1
TTAGGTAGTAACTG,31,True,1
CGTGCAGAGTCTGG,31,True,1
CTTCCGAGTAGTAT,31,True,1
TGACCAATGCCCTA,31,True,1
TTGCCGAAGCAGAG,31,True,1
CAAGGGTGCGTTCA,31,True,1
CCACCTCACTGCCG,31,True,1
TCTGATCTGACGAC,31,True,1
GCCTTCACGCGGTC,31,True,1
TATCTTGGAGCATA,31,True,1
CACAAATCCTATAT,31,True,1
GTCAACCCGTCCCT,31,True,1
CAACGATGCCCTAG,31,True,1
TCTCCGCTTGGGAG,31,True,1
GCGCCGGGTCTGCA,31,True,1
TCTGCAATCTTTTG,31,True,1
GTTATGATACTAAC,31,True,1
ACTCAAGCTCTAGA,31,True,1
AGCGTGTGATGACG,31,True,1
GAGATAATTCACGT,31,True,1
GGGGTGGGCCACTG,31,True,1
TGCACATACGGAAT,31,True,1
AATAGGAATGGAAT,31,True,1
TGCGCAAGCGAAGG,31,True,1
ACAGGCGATGGGAC,31,True,1
CACACTCCCCGGTC,31,True,1
TAGGTCCCACGCAA,31,True,1
TAAAGATCAAAACC,31,True,1
TCGCTCAATGACGC,31,True,1
CTACCTAACTTACA,31,True,1
TTCTCCCTCCGGAA,31,True,1
TAGCCCCAGGAACT,31,True,1
TGAATAACTCATAC,31,True,1
CACTCCTGTGTTCG,31,True,1
TCTGGTCCCGTCGA,31,True,1
CTGGAGATGCCTCA,31,True,1
CGAGTTGAGTCCAC,31,True,1
TGGCACCACCGTTA,31,True,1
TGGGGTGATTCCGA,31,True,1
CCGAACCTAAGTAA,31,True,1
GAGCAGAGATGGGA,31,True,1
ATCTTGAGGTACCT,31,True,1
TCACAATGTCCTAA,31,True,1
TTGGCCCGCACCAA,31,True,1
TGACAACCGAATCT,31,True,1
CAACCATACATCGG,31,True,1
ACAACAAGCGAAAG,31,True,1
CTAAACCTGGTGAG,31,True,1
AGCAACGGACGTTA,31,True,1
TTGTACATAACCGA,31,True,1
ACCTTGTTCACCAA,31,True,1
TATAATAACGTGCA,31,True,1
AACAAGTCCATGAT,31,True,1
GAAAGGCTTGTATG,31,True,1
TCGACGCCATCTTG,31,True,1
ATGCCGAACGAATT,31,True,1
CATGCAACTATAGA,31,True,1
TCCAAGTCTCCCTA,31,True,1
TTAACCCTTCTCAA,31,True,1
TTGAATAGTGATAG,31,True,1
CAAGACCCGCGACT,31,True,1
TCTACGGTTAACGG,31,True,1
GTAACGCGCCCGTG,31,True,1
CTGGTTCACGTGGA,31,True,1
TGCCACTAATTACA,31,True,1
ATCCATAAGGGCGT,31,True,1
GATGATGCCATACC,31,True,1
CCCAAGATAACGAC,31,True,1
TGATCTGCCCTATG,31,True,1
TCGACGCAATTTGC,31,True,1
GCCTTTATACTAAC,31,True,1
GATGCTAAGGGCTA,31,True,1
CAATGCCTAGAGTT,31,True,1
CGATCCTCCCGTCA,31,True,1
TGTCCACATTCAGC,31,True,1
AATGCCCTGGTTGC,31,True,1
CACTCTCAAGACTC,31,True,1
TACCAGGTGAGCAG,31,True,1
AAAACATCGCAGTT,31,True,1
TGCTAATAACCTGA,31,True,1
ACCAATAGCGGGTA,31,True,1
TATAATACCATCCG,31,True,1
CGATCCGTAATCAC,31,True,1
TTATATAGACACTT,31,True,1
AGGAAACCAACTGG,31,True,1
GCGCCTATCGGTGA,31,True,1
AAAACGTCTTACGT,31,True,1
AGATAGGATATACA,31,True,1
TTTACCTAAAACAA,31,True,1
GTAAGGATCTACAA,31,True,1
GTCCTCACATGTGC,31,True,1
TGATCATGACCACA,31,True,1
TCTCGTCTGACCCG,31,True,1
CCCGATGTCGTCCC,31,True,1
TCATTAATTCATCA,31,True,1
TTATAATATGCGCG,31,True,1
CTATGAGTGAGCAT,31,True,1
GGTGCTTTGTTCCA,31,True,1
CTATTAGGAATTTC,31,True,1
CATAAATAACTAAA,31,True,1
GGCGTTGGACATCT,31,True,1
CGTGAGTAAGGCAT,31,True,1
CCATCCCAGACATC,31,True,1
TTGCATGATAGGAC,31,True,1
CGGGAGACCCCACT,31,True,1
TGACAAGCGAATGA,31,True,1
ACAGAGAAAATGAG,31,True,1
TGTGAGTCCTTCAC,31,True,1
AGCCCCTCTGGGCG,31,True,1
TTAGCTAACATGTG,31,True,1
TCCTCACCGACGTT,31,True,1
TAAAGCCTTCCCAA,31,True,1
TATGATTATGGGAC,31,True,1
TGCCCAACCTTCAG,31,True,1
TTATCATTAGAAAA,31,True,1
TCGACCCCCCGCAG,31,True,1
CGAGTCTAAGGCCA,31,True,1
TAATCTTCGTTAGG,31,True,1
TACGCGGGGACGTG,31,True,1
CGTGAAGCCTGGCC,31,True,1
TTGCTAATCTATAT,31,True,1
TCCCACCCGACAGA,31,True,1
GTAAGGGCTAATGA,31,True,1
GATCTATATAATTC,31,True,1
TTTTGAATTGTTAA,31,True,1
AAGATCCTAACCTC,31,True,1
CTCATTCCTAGAAC,31,True,1
TTATCCGATCTCTC,31,True,1
TAATAGTATGTAAC,31,True,1
TGATGACCAGCCAC,31,True,1
CCACACTCCCCAGC,31,True,1
AGCCACTAGTACAT,31,True,1
TAGCACTGTACAAG,31,True,1
ATGAATCCCAAGGA,31,True,1
AAAGTCCGTAAGAA,31,True,1
TTAGAACAAGATAG,31,True,1
AAGGAGAGATAGGC,31,True,1
TGGACCAAGTCACG,31,True,1
AGTCAACTAACACA,31,True,1
CAAGGAATATAGGT,31,True,1
CCTGACACCATTGG,31,True,1
CAACCAGGTAGGCC,31,True,1
TTTTAAACGTCCAT,31,True,1
CGAATATAGCCTGC,31,True,1
GCCCTCTTCTACGC,31,True,1
TACCCGACCGCCGC,31,True,1
CGGATTGGATAAAC,31,True,1
GCATGAAATTCCTT,31,True,1
CTATTCGCAAATTG,31,True,1
GGACTCTTATAAAA,31,True,1
AAGTACAGGAACTG,31,True,1
AATGCCTTTTATAC,31,True,1
GGATGTTTCACAGG,31,True,1
TATACTGCCGCTAT,31,True,1
TTGTTGATGTATTG,31,True,1
AAGTAAAAGTACGT,31,True,1
AGTAGTGAGTTCGT,31,True,1
CATGCCGTCACCTA,31,True,1
TTTTGTATGGCAAG,31,True,1
TATGAAGATTCTAA,31,True,1
CGATTAAAAGACGC,31,True,1
TGAAGGTCCTACGG,31,True,1
TAGTCAACAGGCAT,31,True,1
ATAGCATTCTTATT,31,True,1
GTAATGTTTCAGGA,31,True,1
CCCGAGGCCTGGGG,31,True,1
TACAAGGAAGTCAT,31,True,1
TGATCATGTATACA,31,True,1
CAACTAACACGTGA,31,True,1
TAGATGTTCGAGTT,31,True,1
TAAATTCGGCAATG,31,True,1
CGTTCGAATACTTT,31,True,1
CTACCTTCGACCCT,31,True,1
ACCCCCAACTAGAC,31,True,1
ATAGTAAAAGTCTT,31,True,1
TTTTGATTGTGAGC,31,True,1
TAACCATGCAAATA,31,True,1
TCCTACAAAGAGTC,31,True,1
TTGCTTGAAATCCA,31,True,1
GCCCGTGGTAAAAC,31,True,1
TTTACATCAGTATT,31,True,1
TAACCTTTAAATGC,31,True,1
ACCCTCGCCTCCCA,31,True,1
CGCTCACCTGAGCT,31,True,1
CGTCTCAGGCCGCG,31,True,1
ATCGTCTCACTCTT,31,True,1
TTCACACAACCCTA,31,True,1
GTGCCTTACGACGA,31,True,1
TTGCACTATCAAAT,31,True,1
TATAGAGATACACT,31,True,1
GCAGACAGCCTCGG,31,True,1
TAGAAGTTTTAGAT,31,True,1
TAACAATAGTGCAG,31,True,1
ATACGTCGAAACCG,31,True,1
AAGGTTGCAGGGAA,31,True,1
TTGAGCTCAAGGTA,31,True,1
GCCCTTTTACTTCG,31,True,1
GAAGGCATTCGTTT,31,True,1
CATTCGATACTCAG,31,True,1
TAACCTGACAGGAA,31,True,1
TTAATCTCGACGGT,31,True,1
TGCTCTCCACCCCA,31,True,1
TGTAACTAGTTGTG,31,True,1
TGACAGCTGGTAAG,31,True,1
GAAAGGTACATTGT,31,True,1
ATAACTGATCTTAT,31,True,1
GCCGCAGCGCATCG,31,True,1
ATTCCTTATTCAAA,31,True,1
TGGAACCAGCGGAA,31,True,1
CGTAAGATATATAC,31,True,1
TAGCGCGCCCACGA,31,True,1
CTATGATGGAAGAA,31,True,1
TATGCTTGATATCG,31,True,1
CCCGCCTTCTTTAT,31,True,1
TGAAGCACGGATGC,31,True,1
CCCGAAGTTATCGA,31,True,1
AGCCCTCAAATACT,31,True,1
ATCACCGAATCGTA,31,True,1
TCCTAGGAGTGGAC,31,True,1
TGCCTCCACCCACT,31,True,1
TTCTCAAATCTCGC,31,True,1
CGAACCAATTGCCT,31,True,1
GTATGCGAAGAACA,31,True,1
CCAGAACGGGTCGA,31,True,1
CCCGTACACCGGCC,31,True,1
CTTATATTACCTTT,31,True,1
TAGCTCTTTTTGTA,31,True,1
TCAGATGCTATACG,31,True,1
TACGCGCTCAACTC,31,True,1
TGAACTCCAAGAAA,31,True,1
TCGTCAAACCTGTA,31,True,1
GTATCACCAATTTT,31,True,1
GAGACCTTAATACT,31,True,1
AAGGATGTGGGTTT,31,True,1
ATATCTCGAGCCAT,31,True,1
TGCAATCCTTCGGG,31,True,1
CCCCTCGGTCTTCC,31,True,1
TCTGTAGGACTAGG,31,True,1
ACATCTGATAAAAT,31,True,1
AAGCACCCGTGGCT,31,True,1
TTAAACAGATCCAG,31,True,1
TTACCCAAGCACTT,31,True,1
ACATCGTGCCAGGA,31,True,1
ATTTCACTCCCCTT,31,True,1
CGACGAAAGGCTGA,31,True,1
AAGACAGTAGATAA,31,True,1
GAGCGTACTCCCCA,31,True,1
TGACTTTGTCTCAT,31,True,1
ACACCGGAAGAGTA,31,True,1
GGCTGATCTTAGTT,31,True,1
TAGTTCCCAGAGCT,31,True,1
GTCGATAACTTTAA,31,True,1
GGGTATGAGGCATG,31,True,1
CAATATTCGTCCTG,31,True,1
CTATCGTACCTCGT,31,True,1
CTATCGTTGCAGTC,31,True,1
CACTAGATTTGTTT,31,True,1
TCGATCTCTACTAA,31,True,1
GGATCCATGGCGTA,31,True,1
CCTGTCGCCTAACC,31,True,1
TCGGACTACCAATG,31,True,1
CTACCTGATAGAAT,31,True,1
TATCCTATGATAGT,31,True,1
ATGCTACGATCCTC,31,True,1
AGGTCAACTGTGAG,31,True,1
TTCATTGAAACATG,31,True,1
CTTAGGCCGCCGTG,31,True,1
CGAACATTTCACTA,31,True,1
CTGAACAACTTTAC,31,True,1
TTGGAGTCATTCAT,31,True,1
TGCACGCTGACGAC,31,True,1
TCATAAAATAATAG,31,True,1
ACGTTAAAAAAGGA,31,True,1
TCTCACTTCATATA,31,True,1
TACAGAGACACACG,31,True,1
TCACTTGATAGACC,31,True,1
CCACCCCCCCAACG,31,True,1
TGCATCTAATAAGC,31,True,1
TTGAGCCTATTCAA,31,True,1
GGTCAGCTGTTTTA,31,True,1
TAATCTTGAACTTA,31,True,1
TCATCGGCCTATCC,31,True,1
TACCATGCGTATTG,31,True,1
GACACAACGTCACC,31,True,1
TAACAACAATATGA,31,True,1
TTAGGACTTCGTAA,31,True,1
GTTCCGGGTGCCCT,31,True,1
AGGATGCCACCTAA,31,True,1
GGTCAAGCAGATAA,31,True,1
TACCCTCACACAAT,31,True,1
TCTACGCCCTACCC,31,True,1
GCATGCCAAATTTT,31,True,1
CAAGGACCTGTTCT,31,True,1
TCACTAGATCAGAC,31,True,1
GTCACGTAGAACTG,31,True,1
CTACCTTGTATTAC,31,True,1
TATTTGGAGAATCT,31,True,1
ACAGAAAGCGAGTA,31,True,1
GCAGATCTTGTTTC,31,True,1
CCTGTCCTCATGCT,31,True,1
AGGGATGGGCGACG,31,True,1
TCAGATCGCGGCCA,31,True,1
GATCCCTCAAAGCC,31,True,1
CGACGCCAGTCTGA,31,True,1
GATCAATCGAGCGT,31,True,1
TCCCCGAGTCGCCA,31,True,1
CTTTAGGTACCAAC,31,True,1
TCGGCTACCGCTCA,31,True,1
TGAAAGCTTTAGCC,31,True,1
TTATACCTGCACGG,31,True,1
ACACGGAGAGAGTT,31,True,1
CGAGTTAATAACCT,31,True,1
TGACCATAGATGCC,31,True,1
TGATAGATAGTATT,31,True,1
CAGAGACTTTTAAC,31,True,1
ATAGGGCCGCTCAT,31,True,1
TCCTCGGCCTCCCC,31,True,1
TTCCTCTCAAGAAA,31,True,1
TTAATAAGATAAAG,31,True,1
TCGGCTTTATCTCT,31,True,1
CAAAGTCCCGATAT,31,True,1
TCTCAAATTATGAA,31,True,1
GTAAATGAATTAGC,31,True,1
CTTGCTCTACACGC,31,True,1
AAGTAGGCATTCCT,31,True,1
TAGAGTTACCTCAG,31,True,1
GATTTGTTAATACA,31,True,1
CACCCATAACGTTT,31,True,1
GTGCCGAAAAACTA,31,True,1
GCAGAGACTTTCAT,31,True,1
TGTTCGTACACTTC,31,True,1
TACGTGCTAAAACA,31,True,1
ATGGGACCACCTCA,31,True,1
GAACTGTAATTGAA,31,True,1
TAGGACCGCTCTGA,31,True,1
TGAATTATAGTCCC,31,True,1
GTGTCGCCTCGCCC,31,True,1
ATAACTAATGTTGT,31,True,1
TGCTCGTAAAGGAG,31,True,1
ACCCTGACCAAAGG,31,True,1
TTCTAAAGACCGGC,31,True,1
TTCCCTCAGATGTA,31,True,1
TACCGGTTTCTGAC,31,True,1
AGATTAACAGTCAG,31,True,1
TTCCTTCCCTGCCG,31,True,1
GTTACTTTATCGCC,31,True,1
TTGGCCCCCAGACA,31,True,1
CCATGAAAGACCAC,31,True,1
TTAAAACATTTGGA,31,True,1
TTCGCGGCATTTTG,31,True,1
ATACTAGGCCAGTT,30,True,1
GCGATAGAATGTCC,30,True,1
ATAACCCTGGCTAA,30,True,1
AAGACGCAGCGAAA,30,True,1
TGGCGTCTGCGAAT,30,True,1
AGAGAGAAGAGTTA,30,True,1
GCCACGTATTTATA,30,True,1
CATCCTCTTATACC,30,True,1
TCTATGCTGCATGA,30,True,1
GTACAAGATCTAAC,30,True,1
TGGACGACACGCTC,30,True,1
GACGGCATAACCGT,30,True,1
GCCAAGCTTAGGTA,30,True,1
AGATCTGTATCTAC,30,True,1
CCTCCTCCTACTGG,30,True,1
ACCCAAATATTACG,30,True,1
CCCACGGATCACTA,30,True,1
TCTATATTCCACCA,30,True,1
TCCGCAAAATTATT,30,True,1
TCATCCTCAAAATT,30,True,1
ATTATCTCGTTTCC,30,True,1
TCATTCGATGGCTT,30,True,1
TGTTGAATTCAGAT,30,True,1
GCATTAACATTGTC,30,True,1
TTATATGTCGGACT,30,True,1
GCACGTTTCCTTGA,30,True,1
TCTATCCAATCCCG,30,True,1
ACATGCACAAAACT,30,True,1
CCCCTTTGTTGTGC,30,True,1
TCCGCGTCGAATGC,30,True,1
GATAGAGGCTCCTT,30,True,1
ATCAAGTCCGCGTT,30,True,1
TAATCTGTTTCGAA,30,True,1
ATGCCCTTGGAGCC,30,True,1
TATTGTTATTCCAT,30,True,1
CCCACAAGCTTAGT,30,True,1
AAACGACTATATGG,30,True,1
CGCTATATGTACTT,30,True,1
TAGGCAATTCCCCG,30,True,1
TTACGTGAAGCTTC,30,True,1
TATCCAGTGTTCTC,30,True,1
TGCCATTAAAACGC,30,True,1
CTCCGTGCTGCGAA,30,True,1
TGGAGATATAGTGG,30,True,1
GCATCCGGATTTTA,30,True,1
GGTCTTGAGGAAAA,30,True,1
ATAACAGATTAAGT,30,True,1
TTGTCCGTCTTGTT,30,True,1
GGATTACAATAGCA,30,True,1
ACAAGCAACAGGAA,30,True,1
TTACATAACTATGG,30,True,1
ACCAAGACGCTATG,30,True,1
TCAGCCAGCTGCCA,30,True,1
AGACTGGAGCCATA,30,True,1
TTAGCATCTAAATT,30,True,1
CCCATGAGCCTTCC,30,True,1
CCAGTGCATTCTGG,30,True,1
TAGTATCTAGATTG,30,True,1
TGTTTCGGCGACTG,30,True,1
CGATCTATAGTCAT,30,True,1
CCACAAAGCTTCAT,30,True,1
CTTTTCGTAAAAGA,30,True,1
AGTCTAAACTCTAC,30,True,1
ACGAAACAACTTGG,30,True,1
TGCAGTTACGTACA,30,True,1
TGTCCTATGCTCCT,30,True,1
AGGAACCCTACAAC,30,True,1
TAAGAACGGCAAGA,30,True,1
TGCGACGCTGGCCT,30,True,1
ACCACCCTCGGACT,30,True,1
CCACCTCCTCCACT,30,True,1
TCTCTCCGCTCAAA,30,True,1
GGGAAACATAATTG,30,True,1
CCCACTGTGTTTCG,30,True,1
GATCACTACTTTTA,30,True,1
GTAGACTGCCTCCT,30,True,1
TAAAAAAGTATATT,30,True,1
AACGTGGTTTGAAA,30,True,1
ATGAGAACTACTCG,30,True,1
CTACACATCCGGTG,30,True,1
ACACATTAAGTGAC,30,True,1
TTAGATGACGAACT,30,True,1
GAGCATTTGGAGAC,30,True,1
TCGCCTAGCTTCCC,30,True,1
ATAATGATTTGAAA,30,True,1
ATTCGCCATACATG,30,True,1
CAAAACTCCAAGTA,30,True,1
GGACCTCACTTGCT,30,True,1
GACCCCACCCTGGT,30,True,1
TACGTTTAGTGTGC,30,True,1
ACTACCTCGCGCTA,30,True,1
CTCGGACTAACCAG,30,True,1
AGTTGTGCTAGAGA,30,True,1
TGACCAACTTACTT,30,True,1
TCTCTCACAGCCGT,30,True,1
CAGGGTCCCCCCCC,30,True,1
TAACGATAACATAC,30,True,1
TTCATCTAAAGGCT,30,True,1
TACCTATGTATACT,30,True,1
AACGAGAGTCTTCA,30,True,1
TTGCCCTTATCTTT,30,True,1
TCCTGATTTCCAGA,30,True,1
TTAGCCCGCCGTTT,30,True,1
GTGAAGCTTAAACT,30,True,1
TTGCGAGACAAATC,30,True,1
GTGATGGCTACGTG,30,True,1
ATGGACGTGTACTG,30,True,1
TAAATCGTGTCTCT,30,True,1
CTGCCCATTACTGC,30,True,1
CAATCGATCGACGA,30,True,1
GCACGTCGGCGAAG,30,True,1
GGCAACCCTCTACT,30,True,1
TTGGCGACACTGGC,30,True,1
AAGACAGCGACATG,30,True,1
GTAGGCCAATTCAA,30,True,1
TGAGAAGAGTTCCC,30,True,1
CAAGCCCACGGCGA,30,True,1
TAAATAGGGCTCAA,30,True,1
TACCATTTCTGGGG,30,True,1
ACAAGGGAGTCGAA,30,True,1
TACTGTGCAAAGAA,30,True,1
GCCTAGACGTTCTT,30,True,1
TACGAATGCGGACC,30,True,1
TTCGCAATGTAAGA,30,True,1
CAGCACTAGTTGGC,30,True,1
TATCGATTTAAAAT,30,True,1
TTGCACAAATGGCA,30,True,1
ACGATTGTCAAGTT,30,True,1
TCATCCTGATACTA,30,True,1
AGTCAGGAATGATG,30,True,1
ATACGCTTATTAAC,30,True,1
TACTAGATGCCCTC,30,True,1
ACTCCTCGGAGTTT,30,True,1
CGGAAGCCTTCAAT,30,True,1
TCGAGACACTTTAT,30,True,1
ATATCTAGTCGGCA,30,True,1
CTTTACCCCGTGTC,30,True,1
CAGATCTGACGATT,30,True,1
CTCCTAACATTCCG,30,True,1
ATAATTGTCAACCT,30,True,1
TGCTTGTAGTTTCC,30,True,1
CGACGCTCTGCCTC,30,True,1
CTAACACTGAACAG,30,True,1
CCGAAGGAATCGGC,30,True,1
GAGCCTTGTCTAGT,30,True,1
TACGCCTTTGAGCA,30,True,1
GGAGTCTCCTCCGA,30,True,1
ATAGTGCATAATAT,30,True,1
GATCCATGAAACCT,30,True,1
CCACAACCAAATTC,30,True,1
TTAGGACAACCGAT,30,True,1
TCTTTAAATCTATC,30,True,1
AACGGCATATCCTG,30,True,1
TGGATTTCGGAATG,30,True,1
TACAGAGGACCGGT,30,True,1
GGTTACTTTCTTTA,30,True,1
CAGATGCTGGCATT,30,True,1
CAACCATGAGCTAT,30,True,1
TAATCTTGGCCCGA,30,True,1
CCGCCGCGCCCCTA,30,True,1
TGCATGCTCCACCA,30,True,1
TAAGGTAGGTTCAG,30,True,1
AGGGGTACAGCGGG,30,True,1
CAGCATTGATCCAC,30,True,1
TTGACGGAGCGTAG,30,True,1
ACTTCTCTACGGTC,30,True,1
TTACAGTTTGCCTT,30,True,1
CGGTACTCGCGTTA,30,True,1
TCTCCTATACCAAC,30,True,1
GTTTAGGGGCTAGC,30,True,1
TCGGAGCTGTATAC,30,True,1
CCCACTCGTAATGG,30,True,1
GCCTCCACTTGCGG,30,True,1
TCCATGTAAGCTAA,30,True,1
CGGCGTCCGACCGT,30,True,1
TTATGCTAATAAGA,30,True,1
CCTTAGCCCACACG,30,True,1
CACCCACTTTCGTT,30,True,1
TTCATGTGGTAATA,30,True,1
TTGAAGCTAGTGAC,30,True,1
CCTTCTGCTTTCTT,30,True,1
GTTTCGTAAACACT,30,True,1
GTGGTACATGTTTA,30,True,1
CCAGCTATTGAAAC,30,True,1
CTAGTGAGTAGCGT,30,True,1
TCCCTACGGAGCAA,30,True,1
GTGACAAATTAACA,30,True,1
AATAGATCTATGGA,30,True,1
CTCGGATATGTCCT,30,True,1
TCAGGTATTAAATG,30,True,1
TCTTAACTTCGCAT,30,True,1
TTGCCACGAGATTC,30,True,1
CATCTAGATAGTAA,30,True,1
GCCCCCGTAACCTT,30,True,1
TGAGACCATTGCCT,30,True,1
AATGGCTACTCCAA,30,True,1
CCTAACGTTAATAT,30,True,1
TATTATCTGATCAT,30,True,1
CCAACCTCACCTAG,30,True,1
ACACAATCCCATCT,30,True,1
TAATCGGGCTCCCG,30,True,1
CCCGCAGGGACAAT,30,True,1
TGAACGCGATGATT,30,True,1
TCTCATCTGATTCG,30,True,1
TATTACGTGTTCCC,30,True,1
GCAGTCTCTCTTCG,30,True,1
GGGGTTCTCGAAAA,30,True,1
AGAAACTGTTTCAG,30,True,1
CAGACATATCTCTC,30,True,1
TGCTTTTAATAGAG,30,True,1
GACAAGGATTCTCA,30,True,1
CTACCACTAATCAA,30,True,1
ATAGAATTCATCGT,30,True,1
GCATGATGAAACTT,30,True,1
GTATAGTGTTTGTG,30,True,1
TTCTCAACACGGAA,30,True,1
CCAGGCCAATACAC,30,True,1
AAGTTCAGTTACGG,30,True,1
CGGCCGCTCATGTA,30,True,1
TTAGGAGAGATGTC,30,True,1
CGTTTGTATAAAGG,30,True,1
TTATATCCCACATG,30,True,1
TAGAGCTATGTTTG,30,True,1
TTAGATTTAGAACC,30,True,1
CAGGGCCTGAAGCT,30,True,1
TTAGGACCCAGGAA,30,True,1
GTCTAACAAACTTA,30,True,1
TCCCCAACCGTGGT,30,True,1
CCGAGACAATTCCC,30,True,1
GGACGTCGTTCTTC,30,True,1
CCATGTCATCAGGA,30,True,1
ATATAGATATCTGA,30,True,1
ACCCTACCGCCTCC,30,True,1
GAGTGATGTAAATA,30,True,1
TAACTGGTAAATTT,30,True,1
GCAGTGTCCATGAT,30,True,1
CAATGCATGTTCGA,30,True,1
TCGGACTCTTTGCC,30,True,1
CGCCTTCGAGAAAC,30,True,1
TTACGGATAACGTT,30,True,1
TTTGCCATGTACAT,30,True,1
GGAGTCCAATCCAA,30,True,1
TTCCTGCCATGGGC,30,True,1
CCGGCTGCCTCCCC,30,True,1
ATCAGTTCGTGCTG,30,True,1
GATGGAGCGTCTGA,30,True,1
CGCGCCCTCGCTGA,30,True,1
GTTGTTGTTTTCGG,30,True,1
GATCACTAGTAAAT,30,True,1
CTGCTAAGTTCCTC,30,True,1
AGAAGTCACCCTGT,30,True,1
GGGACAAGGTTAAA,30,True,1
TTCATCAATTCGAC,30,True,1
TACTAATTCAGTCT,30,True,1
CCCCCCAAGTACAG,30,True,1
ATATCAATGCGTGG,30,True,1
TTAACCCAACCCGA,30,True,1
TAATAACAATACCC,30,True,1
GCCTTCGCTACCAG,30,True,1
CACTTTCCGATTAC,30,True,1
AACACCTCTAATTA,30,True,1
CGGCCTGTCCACGG,30,True,1
TACACTCAAAACCT,30,True,1
TCATGGACGTTATT,30,True,1
TGGCTTTATGCAAT,30,True,1
CGAAGTAAATCATA,30,True,1
CGACCTTCGGATCT,30,True,1
GGGGAACAGAAAAC,30,True,1
GCGGATGTAAACTA,30,True,1
AGGAATTGATTAGT,30,True,1
ACCAAACTTCAACT,30,True,1
AGCGATTAGTTATA,30,True,1
TGCCACGAAGTTTT,30,True,1
CCGTTTCCAGCATG,30,True,1
TACACAATGTCTAA,30,True,1
TCCCCACCCGACGT,30,True,1
TTGACAAACGTCCT,30,True,1
CTTAAACACTATAT,30,True,1
TGCGTGTTACAAAC,30,True,1
GATCTTGTGAAACG,30,True,1
TCCAACCATTGGCT,30,True,1
ATTTGGCCCAGACA,30,True,1
CACCTCCCCCCACA,30,True,1
CCCCAAATCGACCA,30,True,1
CTCTCCTTAGTAAC,30,True,1
TTAACGCGTTTATT,30,True,1
CATAACTAATGGAA,30,True,1
TAGAGCCAATGCAG,30,True,1
TCAAAGTACTGAAC,30,True,1
GACCTCAGATAACT,30,True,1
GTGGGAAACTAGAT,30,True,1
TCACAAATGAGAGC,30,True,1
CTAAGGTACGCGAT,30,True,1
CATCTAAAACCCAA,30,True,1
GATAAACTCATGGG,30,True,1
TCCGCGCTCTTATT,30,True,1
AGTTCACCGTATAT,30,True,1
TAGATATGAAAACT,30,True,1
GGTCTCTGATGCAT,30,True,1
TTCCATCCAGTTAC,30,True,1
CTGATGGGCCATAC,30,True,1
TATTAACCCGAGAA,30,True,1
TGCCCTGCCAAGGA,30,True,1
TTTAATGTGTTAGT,30,True,1
TGACAACAATATTA,30,True,1
TAGTTCCGAAAAAC,30,True,1
ACCCGTTAATCTTA,30,True,1
TGATATTAAAGCGT,30,True,1
CAACCCGCTCATTC,30,True,1
CTTCTGGTTGTCAT,30,True,1
TTTGTCTGATAGAG,30,True,1
ACATCAAAGTGCTT,30,True,1
AACTAGTAAAAACT,30,True,1
ATGACCAATATATC,30,True,1
GGGTAGCACGTGGT,30,True,1
AAACGTGCTCCAAC,30,True,1
CGACGACCACCTTC,30,True,1
TATTGAAGTATAGC,30,True,1
TTGCGGCAGACCCC,30,True,1
TTCCTTCACACCAA,30,True,1
ACAAAACAACTACG,30,True,1
TTTTCAACATTCCA,30,True,1
GGAGGACAAATACG,30,True,1
ATAAGAGACGTGCG,30,True,1
GATCACCCGTCCAA,30,True,1
TTGTCAAAAGGTCC,30,True,1
AGATAAGAACGCAC,30,True,1
ATATTACGTAAGCG,30,True,1
CTCAGGCAGTAATA,30,True,1
TCGGAATTTGTACA,30,True,1
TTCGACATGGCATA,30,True,1
CTCTAACCTCTAGC,30,True,1
TCTTATCGTTTTTT,30,True,1
CATCATCCATAATG,30,True,1
TATCGTCCCCCTGT,30,True,1
TTGAGGATAAGATC,30,True,1
TAAACTTAAAATTA,30,True,1
TACAGCTTGGGTCG,30,True,1
CAAAGTAAGAAGAT,30,True,1
ATAGTGCTTAAACC,30,True,1
GCGGTAAAGGGTTT,30,True,1
CCCTCATCCTCTCG,30,True,1
TAAACCTTCCACAC,30,True,1
TCCATCACTCGACA,30,True,1
TGGTATCATTAATT,30,True,1
TCATAGTTCGTCGA,30,True,1
AGTATCGTCGACCC,30,True,1
TTGTTGGTTAAGCA,30,True,1
CCTCCTGCCGTTCA,30,True,1
GTATCGAAGGTGTT,30,True,1
GAGCCTTCCATACC,30,True,1
TTGACTGGAATTGA,30,True,1
TGCCACCGCGTAAG,30,True,1
GTTGGATTGTCGTA,30,True,1
TGAGTGGTTTAGAG,30,True,1
TATTTTTGTCAAGT,30,True,1
TGGGGTCTGACCTG,30,True,1
GCTTCCAGTAGTCC,30,True,1
GAACTATCTACAAA,30,True,1
ATGGTAGCATGAGA,30,True,1
CTCGTTCTCATTTG,30,True,1
TACTAACCATTCGC,30,True,1
TACACAAATTCGGC,30,True,1
TTGGCTGCGATACG,30,True,1
TCACATTGTAGAGG,30,True,1
TGCAAGAAGCCAGA,30,True,1
GTAAAACAGTATCA,30,True,1
TACGAAGGCTACGC,30,True,1
CCCATTTCTTAAGT,30,True,1
AGCGAGACCAGAAG,30,True,1
TGGTTCAATGTTTC,30,True,1
CAGATCATATCGCA,30,True,1
ATGTCAGCCTTCAC,30,True,1
CGAGCTGTTAAGTA,30,True,1
TATTCAGCCTTCAA,30,True,1
ATCCACGTTAGGCC,30,True,1
CTATACTAGACTGA,30,True,1
GCACGATGCTACAC,30,True,1
TTCCAACTTGTCTA,30,True,1
TGACGGGTGTTGCG,30,True,1
CCGCCCTCCCTCGT,30,True,1
GCCCGTCCCTGGCA,30,True,1
TCATCTTGAAATCT,30,True,1
CCCCCCGACACCCA,30,True,1
AGGCTTGGAACCAT,30,True,1
GAATAATAGTTATG,30,True,1
ATAGCGGGATTCAG,30,True,1
ACCTCGGACGCCCC,30,True,1
GCAACACCTTGCGA,30,True,1
CTTCCCGATATGGC,30,True,1
TTGTATAGTTCACT,30,True,1
TCAGACCTATACGT,30,True,1
TTATCGTCTTTGGC,30,True,1
CTATGATCTCTGTG,30,True,1
TTATTGCGTTCCCG,30,True,1
TATTACTAGTCCAA,30,True,1
GGATCAAGTACTGG,30,True,1
CATGACGCCTACTT,30,True,1
AAGCAATTCAGAAT,30,True,1
TGAGCCCCAATTTT,30,True,1
TAATGGGCTGGTCG,30,True,1
TGCATATGTATATG,30,True,1
TCCAAATTAGATGA,30,True,1
CTAAATCTCGCGAC,30,True,1
ATGAACATCAGGCA,30,True,1
ATCGTGAGCTTATC,30,True,1
TGACCTCAGACGAT,30,True,1
CTGGTACAGGCATA,30,True,1
TTACTGCGATAACA,30,True,1
GCTCCGAATATTAG,30,True,1
CTTATCTGGGCTAA,30,True,1
AAGATAAGCTACTA,30,True,1
TTTCGATTGTGGGA,30,True,1
CGATGAAAACGCTA,30,True,1
TCCGGATACATTGC,30,True,1
ATCGCATAGCCCCG,30,True,1
GCAAACACTAAAGA,30,True,1
TGATAGACGCACCG,30,True,1
TGCGCTTCGGATCC,30,True,1
TGCATTTACTGAAC,30,True,1
CTCAACAAGTCCGC,30,True,1
TATACGCTTATCAT,30,True,1
TACCGTCCCAATCC,30,True,1
CTCGATCCTATTAT,30,True,1
CCCGTCGTCGGGGC,30,True,1
AGCATGGAAATGAT,30,True,1
GCACCCTCGCGATT,30,True,1
GAGCATGACTGGCG,30,True,1
ATCTCAATCCAATA,30,True,1
GCATGAATCTAATA,30,True,1
CTCAACTCCCGGCC,30,True,1
CCAATTATGCTGTA,30,True,1
TCGGACTCTAATAT,30,True,1
TCGGCAGTCACTCC,30,True,1
TCTATTGTGTGGCT,30,True,1
CTCGTCTTAGTCTC,30,True,1
ATACTAAGAAAAAC,30,True,1
AACCTTAGCGTCAT,30,True,1
TATCTTAGATATTA,30,True,1
GTCAAGGATACATA,30,True,1
TAAAAGAATAAGTC,30,True,1
TATGTATTCTATCT,30,True,1
TGTACTTCCAGCAG,30,True,1
TTTAAGCTAGTGTA,30,True,1
GATGCATAAAAAAT,30,True,1
TACGCACTAAACGT,30,True,1
CTATAATTAGACGT,30,True,1
TAAAAACCCTTGGT,30,True,1
CTGGTTTACTTGTA,30,True,1
GACTCTCTTTACGT,30,True,1
TGAGACATAAGTTA,30,True,1
GCCACGATTCCGTC,30,True,1
TCCCACCCGGACCG,30,True,1
TATCCTGTACCAAT,30,True,1
GTGCATAGGTGCTA,30,True,1
CTAGATTCCACCGG,30,True,1
TTGTTTATCACATA,30,True,1
TACCTTTCAAACAC,30,True,1
TATGTTATTTATTG,30,True,1
GATGCCCTAACGTA,30,True,1
ATACAGATCCTGAG,30,True,1
ATGCCTACAGTAAC,30,True,1
TCGCTGGGTCAACA,30,True,1
GTGTGCCTAGCCCC,30,True,1
TAGTCTCGTGGTTC,30,True,1
ATCGTGTCGAATTA,30,True,1
AGATTGGCCTACAA,30,True,1
CCGGCTCCAGAGGA,30,True,1
CCAGCGTCCCCACA,30,True,1
GATCGCTTATGAAA,30,True,1
TGATGATTTAAAAT,30,True,1
TTATACTGATAAAT,30,True,1
TGCATTCTTTACAA,30,True,1
TTAATATAAAATCA,30,True,1
TCCCCCGCCGTTTG,30,True,1
TTACAGGTGAAATG,30,True,1
CCATGCTCAAGCGT,30,True,1
TTTGCAAACGTTGT,30,True,1
ATACAGACAACGGA,30,True,1
CCTCATCAAGCTGA,30,True,1
TCCTTATACGGCCA,30,True,1
ATAGGTACACTCAT,30,True,1
TGGATTGAGGTATT,30,True,1
TCACTGTGATGTGG,30,True,1
TTGATCTTCGACGT,30,True,1
TCGGTCACTCTTAC,30,True,1
TTTCACCGACGCTT,30,True,1
CTACTGAGGATCCT,30,True,1
TTGGATTTTTTTTC,30,True,1
CTAGACGCATTAGC,30,True,1
TCCACACAGGTCCA,30,True,1
TTTGTAACGTTTCT,30,True,1
ATCCCAGTGGTCCT,30,True,1
ACAAACCTTACCAG,30,True,1
TTGACCACAGCTGG,30,True,1
ACCTTGAATTTGGA,30,True,1
CATTCCAGCTCTAC,30,True,1
TCTCATAACATCGT,30,True,1
ACCAGCAAGTAGCA,30,True,1
CCCCATAGGTTGTT,30,True,1
TACGTCTAAACACA,30,True,1
TCAATACTACCTGA,30,True,1
CTCCAACTAGAGAT,30,True,1
TACCTAAATCGCGG,30,True,1
CCATACGTGCTACA,30,True,1
AAACGCATATCTGG,30,True,1
CAATCACCCGGCCG,30,True,1
AGAATGATTATGTA,30,True,1
GAATCGAGTATGCG,30,True,1
TACAAAGGTGAGTT,30,True,1
ACAAAGTCATTCTA,30,True,1
GCCGCTATATTTCA,30,True,1
CGACAATTGCCCAC,30,True,1
TACCACAAACTCTT,30,True,1
AATGTCCTAGCCCA,30,True,1
ATTACCCTGCTGGC,30,True,1
TTCTAATCGTTGCG,29,True,1
GACTACATGCGAAC,29,True,1
ATTAACCACCGCAT,29,True,1
TGAATGACGTCTTA,29,True,1
TCATTACCACAGTA,29,True,1
GGGTTGGTGCGGCC,29,True,1
TTGACCTGATAGCC,29,True,1
TCACCCGAATCAAA,29,True,1
ACCGAAACTGATTT,29,True,1
TGAACCTAAGTTTT,29,True,1
GCAATAGTATTTTG,29,True,1
CATATCTTTGCTTT,29,True,1
TAGAAGGCTGTACG,29,True,1
CTAACACTTGCTAA,29,True,1
TTATGTGAGAGAAA,29,True,1
GGGTTCTCACACTT,29,True,1
GTGAGAGTTCCATG,29,True,1
TAACTAGATATCAC,29,True,1
AGCAATCTTGATAC,29,True,1
AACTCGCGGGAACC,29,True,1
TGCTTTACGGGCAG,29,True,1
TCCAAACGCCGCAT,29,True,1
GATTACGTTCCTGA,29,True,1
TACGCTCTCCTGAA,29,True,1
TGCCGTCGAGCCTA,29,True,1
AGACAGAACGGGTC,29,True,1
ATCGGAGTAATCTT,29,True,1
TGGTTTAATGGTAC,29,True,1
GACAATCCATTCAT,29,True,1
TCGACATAGACAAA,29,True,1
TACTTTTAACGACA,29,True,1
GGAGGGAATTAATA,29,True,1
TCATGATCAGGCTT,29,True,1
TGGCATCCGAGCTG,29,True,1
TAGTTAGTCCAGTA,29,True,1
TTGCCTCCAATCCG,29,True,1
TAGATTAATAGAAT,29,True,1
CGATTTCCTGCTCA,29,True,1
CAAGTAGATTTTCG,29,True,1
TAGCCGGCCCCGAC,29,True,1
TTCGAAGGGTGTGA,29,True,1
ATAGAACGCGCAAG,29,True,1
TATGCACGGTCAAA,29,True,1
TCCTCATAACCCTT,29,True,1
GAACCCCACCGCTT,29,True,1
CGGAGTCCCGCGTC,29,True,1
TCTCCGCCAACCTT,29,True,1
TATTTAGATAATCA,29,True,1
CGGTCGTCTATTCG,29,True,1
CTGAATGAAAAACC,29,True,1
ACAATCTCCGCAGT,29,True,1
TCCTTAAGATTCAT,29,True,1
TAGATTCAGATCTA,29,True,1
AAGTTTGAGCCACG,29,True,1
TGCCGACATTACCC,29,True,1
CGAATCCTTTTGCC,29,True,1
CTACCAGTATGTGC,29,True,1
CCACACTATAGGCC,29,True,1
CTGGACTTCGGGCC,29,True,1
GTACTTTTTATTCA,29,True,1
GTACTATTTGTTCA,29,True,1
AGGGGCATTTCAGA,29,True,1
TCCCCAACACCCGG,29,True,1
GAAGTAACGGATTG,29,True,1
TATATGCAGACTAC,29,True,1
TTTAGTGCTACAGT,29,True,1
GGGGTGACTTATTT,29,True,1
TGCCTAATAAGCCT,29,True,1
AACCCTTTGTAAGC,29,True,1
AATTAAGGTGGAAA,29,True,1
TATAAAAGCTGGAT,29,True,1
GCATCTATTGCCCT,29,True,1
CCCTCCTTCTAGTG,29,True,1
CACACCGATGTACG,29,True,1
TGTCCAAACCGAAA,29,True,1
CAGACAGCAACAAC,29,True,1
GTGTCTTTACTACT,29,True,1
ATGACGAGCCCTCC,29,True,1
CACAGGCCTGTGAC,29,True,1
CAACGCTAGCGAAG,29,True,1
TGGCTATATAAGAT,29,True,1
TCTATTAGTTAGTA,29,True,1
CACCCTCTCGCTAG,29,True,1
TAGTAATTCTTGTA,29,True,1
ACCGTTAGCGAGGG,29,True,1
ACAAAGCACGTAGA,29,True,1
TAGGCGCCGCATGC,29,True,1
CTACCACTTTAAAG,29,True,1
CAACAAAATGGCGA,29,True,1
TCCTCTCGTCATAT,29,True,1
TAACGTTGTCTCAT,29,True,1
TTGACTTCAACAGT,29,True,1
GACACGAGCTTCCG,29,True,1
TGCTTACTTTTGAT,29,True,1
GTACTGTTAAACAC,29,True,1
GATTCGTCGATTTC,29,True,1
CTTCGCACCGATTG,29,True,1
TGTACCGCACTATG,29,True,1
TATCACTGGGTACT,29,True,1
AGGTGCTCATTAGA,29,True,1
CCATAGGGGTACAA,29,True,1
CTGGAAAACTCTTA,29,True,1
CATTCTGGTCCTCA,29,True,1
TAAGCAGCCTCAAC,29,True,1
ACTAGTTCACATCT,29,True,1
TACGTATATCATGA,29,True,1
GATTCACCCATCAG,29,True,1
ACCATTGCCTGGAT,29,True,1
TGTAATTTCTACTA,29,True,1
TCAATGAGGAGTGT,29,True,1
GTGGTAAGTATCTT,29,True,1
CAGGTATGATCGCC,29,True,1
TATAACAAGCGTTC,29,True,1
AAGGGACGGAACTT,29,True,1
CGATTAGATGAGAA,29,True,1
GATGCGAACAGTCC,29,True,1
GTTTGTCAGCGCCC,29,True,1
TTCCCAGAAGAACC,29,True,1
CTGGTAAGCCCGAT,29,True,1
CATAAGACCGTAGA,29,True,1
TCCTCTCTGCGTAG,29,True,1
TACTACAATACTCA,29,True,1
CCATCAAACCCTAT,29,True,1
TGCACAATTAGTAA,29,True,1
AGGGACGCAAAGAA,29,True,1
CCGCCATCGGCGCC,29,True,1
TTGCAGAACTGAAT,29,True,1
TAACCTTGGCGACT,29,True,1
CGATCAACTAACAC,29,True,1
AACCTCTGAATCGT,29,True,1
ATGAAACCGTTACC,29,True,1
CAGATGTGATATAC,29,True,1
TGTCTTACTTATGC,29,True,1
TGCAATTGTTCTTC,29,True,1
TCCGCGCTGGACTA,29,True,1
CTTTATCATATGTC,29,True,1
AGCGTTTACTGCAC,29,True,1
GTCGCCAATTTCTC,29,True,1
TACCGAATCAAGAC,29,True,1
TGCTTCTGTCAGCA,29,True,1
AGCAGTACATTCAA,29,True,1
TTAACGTAGGTTGA,29,True,1
CCAACGTAATCAGC,29,True,1
TATTCCGCGACGCA,29,True,1
GTAGTCCCATCTAC,29,True,1
AGGATGGCTGGCTC,29,True,1
GTACTTTATGTTCA,29,True,1
TTTCTGCTGTTTAG,29,True,1
CCGCGACAATGATT,29,True,1
TAATAATAACGAGC,29,True,1
TTGTACTAAACCTA,29,True,1
TTAACATAATGTTT,29,True,1
CTCCCACTGTCATT,29,True,1
TAGCCAACTTTGCT,29,True,1
TTATTGCTGGTCGA,29,True,1
TAGTTAGATTAAGA,29,True,1
CCAAATCCCTCGAA,29,True,1
TGTGAGTACTTCAT,29,True,1
CACAACGATCGAGA,29,True,1
CCTCCCCCGACCGA,29,True,1
TCTCGCGCCCGTCC,29,True,1
TTCTTGCAGGACCT,29,True,1
ATTGTGTTAAATGT,29,True,1
TACTGGTTACCGGT,29,True,1
TACGATCTTTACTG,29,True,1
TGCACACATGATCG,29,True,1
CCTAAGTTGGAGCC,29,True,1
GACAAACGGGTCAG,29,True,1
CGACAAAAGAGGCT,29,True,1
ACACCGCTTGTATT,29,True,1
AGAAGAACATCTAT,29,True,1
GAAGCCCGATAATG,29,True,1
TAAGTCTCCTGGCG,29,True,1
GCAACACTCCTTAA,29,True,1
ATCCCAACTCATCC,29,True,1
TTGAGTTTTAGAAA,29,True,1
TCGGATGAGTCAGC,29,True,1
CTATATAATTCTGC,29,True,1
CGATCATATGCGAC,29,True,1
TAATACATCGGTAT,29,True,1
ATGACGTGACGCCA,29,True,1
TCACAGTAATTGAA,29,True,1
TGCCCAGTTGGCCG,29,True,1
TAACTCCAATAAAG,29,True,1
GCACGATATACAGC,29,True,1
TTAATGAACAAATG,29,True,1
GTGAACCATGTACT,29,True,1
ATCACAGATTTTAT,29,True,1
TGCGGTTATAATAC,29,True,1
CCCGTATTGCAATA,29,True,1
TTGGGACGGTACCC,29,True,1
TCCCAAATACGATC,29,True,1
CTGTCAGCGGGGTT,29,True,1
ATAAGTGCTGAAGT,29,True,1
TTGATGCTAACCCG,29,True,1
TAGGTTCGGCCTGA,29,True,1
GTGATTTCCATATA,29,True,1
TCTCAGGTGTTGGT,29,True,1
GAACTCTTGATTCT,29,True,1
TAACATCTAGCCTT,29,True,1
CTCGCGCTGGTTCT,29,True,1
CAGGACTCCCTCGT,29,True,1
TACCCGTCTCACTT,29,True,1
ATAGCCTATGCGTA,29,True,1
CATTGCATGGTACC,29,True,1
TAATATGGACTAGC,29,True,1
TGATTCATCTTGGT,29,True,1
ACACCTTTCAGGCT,29,True,1
AATAGTAATCCGAG,29,True,1
CAATGGAGATATAA,29,True,1
CCAGATTTGGCTAT,29,True,1
GCCCCCAAACCGGC,29,True,1
CGATTTCTCTTGAC,29,True,1
TAAACTGCTTACGT,29,True,1
CCTTCAGTGACTGT,29,True,1
TTAAATCGTCGGTC,29,True,1
TACTTAACGCTGAT,29,True,1
ATACATCGATACAC,29,True,1
ATCACCTCAGACTA,29,True,1
ATGACGTTTCTTGT,29,True,1
TTGGGCACTATCCT,29,True,1
TTTCCTGTACACCG,29,True,1
AACCCGAATCACAG,29,True,1
CCCCGTTACAACCA,29,True,1
GTAAGTATGAGTTG,29,True,1
TAGAAGCACGAGCA,29,True,1
TTGTGTCGCGTTGA,29,True,1
CCCTCGGGGGGACG,29,True,1
AGACGTAGTGAGCA,29,True,1
AGCCTACAAATATG,29,True,1
GATGCAACTTGTAC,29,True,1
GCTAAACTACAAAT,29,True,1
CGGCAGTATAAGCA,29,True,1
AACCTAATCTCTTA,29,True,1
GTATACCTGGAAGA,29,True,1
GAGTGAATCAAGGT,29,True,1
TTAGTGCCACGGAA,29,True,1
TAAGACGAATAAAC,29,True,1
TTTGATCTATTTCA,29,True,1
CAGTACCAATGCGT,29,True,1
GCCTTTTTCATCGT,29,True,1
CTAACGATTATGAA,29,True,1
CAAGCATTAGGCGG,29,True,1
ACAATACTCCAACT,29,True,1
CCACAGTGAGGATA,29,True,1
GTGGTCAAGGCTCG,29,True,1
CGATGCGTCACCCG,29,True,1
GTCCGACTCCTAAG,29,True,1
CAGCCCACATCAGA,29,True,1
GCGTGACTCATCTC,29,True,1
ACATGCAGGTGTTT,29,True,1
TAGGGAAACAATGA,29,True,1
AGTCTACTGATGCC,29,True,1
TAAAAACACCAAGA,29,True,1
CCCTCTGCCACGAC,29,True,1
GCGACCGTGCTAAG,29,True,1
TGGAATGTACGTAG,29,True,1
TGAACGTGATAGTA,29,True,1
TGAATACCAGGCCC,29,True,1
GGTGATGAGCGGGC,29,True,1
TCCTCTAGAAGGTA,29,True,1
CCATATCCACTCCC,29,True,1
GCCATAATTTGATC,29,True,1
GCTCTTTTACATAC,29,True,1
TATGATTGTATATA,29,True,1
TCGAACGTACTCCG,29,True,1
ACCCACATCACTAC,29,True,1
AAACTACAAGAAAT,29,True,1
ATATGAATATTACG,29,True,1
CCTCTCTGTTCGAA,29,True,1
TATACGGATACCAT,29,True,1
AAGACGCGACTTCA,29,True,1
TAACGCACATAATG,29,True,1
ACTATGACACTATG,29,True,1
ATATTACCCACTGG,29,True,1
ATGTTTCATTTATC,29,True,1
TTGCCGTGGAATGT,29,True,1
CTCCCACGCACCCC,29,True,1
GCACCATACTTATC,29,True,1
TGCCGGATACAAGC,29,True,1
TCGATGCTCCCATT,29,True,1
CCAGGCAGTATGTT,29,True,1
GCCCTCGCTCTATA,29,True,1
AAAAGACTATAGAT,29,True,1
TCTTTAACAGGAAC,29,True,1
TGGAACAAGCGACC,29,True,1
CGACTCATTCGCCT,29,True,1
ACATCTTCTGTGGT,29,True,1
CTCAGATTAGCATA,29,True,1
GCTCCCCTCGGGTG,29,True,1
AAGATGCTTCCGCC,29,True,1
TAACATAGCAAGCT,29,True,1
GGCGGGTGCATTTT,29,True,1
CTTAACCTTCTCCG,29,True,1
GGTGTCCTCATATA,29,True,1
AATACGCATTATGT,29,True,1
GTGACTGTAGAAAA,29,True,1
TACACTTATGTCAG,29,True,1
TTCTAGCTTTTTTG,29,True,1
ATAGTCGTTATATA,29,True,1
CTCTACAAATGCGT,29,True,1
ATACCACCGGCAAT,29,True,1
CATGACAATTTCCG,29,True,1
TGAGTGTGCAGTTC,29,True,1
AGGCACGACTGGTC,29,True,1
TGGACGGTTAGCAG,29,True,1
TTAACTCATGATGC,29,True,1
TTCTCAACTTAAAG,29,True,1
TCCAAAACGCAAAA,29,True,1
TGGGCGGGAGCAGC,29,True,1
GACACATCGTGCCG,29,True,1
TGATCGAGACGTAT,29,True,1
GTACTCCTCAGGGC,29,True,1
CTTGCTTAAGATGT,29,True,1
ATCTCTTACAGGAA,29,True,1
TTATTGGATGTTGA,29,True,1
CTCCAGTGTTCTTG,29,True,1
CTGCCTCGCCGTTC,29,True,1
TGTTCTTATGAAAT,29,True,1
CCACTGCTCCTAGA,29,True,1
ATCGCGGATCTTGA,29,True,1
TATTTGACTAGTTA,29,True,1
TGATCGAGCTATGT,29,True,1
TCTATCGAAAAAAT,29,True,1
TATGTGAGCGAGCA,29,True,1
CCATATAGGACCAA,29,True,1
CTGCTAAGTGTACT,29,True,1
CGAGGGGGCAGGGG,29,True,1
TACACACCCCTGCC,29,True,1
GTTAATGAGAGTTT,29,True,1
CTAACACTATACTT,29,True,1
TTATTAAAACTAAC,29,True,1
TAACCACACCTGCC,29,True,1
GGCACCGGTCTGTC,29,True,1
AGAAGAAAAAGATG,29,True,1
GTCACACCACCACG,29,True,1
GTTTCTAGCGAACC,29,True,1
CTATTGCTATAGAG,29,True,1
TTGACAAAGGGGCC,29,True,1
GGATGGCCCAAATT,29,True,1
TACATACGCGCCTA,29,True,1
CTGTGTCATAACAC,29,True,1
TCATATGAGACGAG,29,True,1
TCTGGGGCGACCGC,29,True,1
ATGTCTTAGACTAA,29,True,1
GAGCTGAGGATATA,29,True,1
TCGAAGCGGTCTCT,29,True,1
AACTTGTATAACAG,29,True,1
CATGGCTGGAACAA,29,True,1
TATCGACGACGCTG,29,True,1
TATTCTAGGTGAGT,29,True,1
TATTTGGATCTACA,29,True,1
GAGTCCATCGTATA,29,True,1
TAACGCTTAACCGT,29,True,1
TAGTCTAGAGAATA,29,True,1
CCCGGACAGCAGAA,29,True,1
TCTACCTGCCCCGC,29,True,1
TGAGTTAATACACT,29,True,1
CTTTCATCCCCAAT,29,True,1
AGACATCAGTTTCA,29,True,1
ATACACCCAGTTTC,29,True,1
TCTCCCGTGGCTAC,29,True,1
TAATCAATTGTTTA,29,True,1
TTTGGAACTTAAAT,29,True,1
CTGGGGTGTTCTCC,29,True,1
CTCCCGTGAAAACC,29,True,1
TTGCTACAGAAGCT,29,True,1
TGGTGACACGTATA,29,True,1
CCCAAGCTGGCGCT,29,True,1
TAACGATGTACATA,29,True,1
GATACAGTCCGGGT,29,True,1
CCATGCGCTAGCAC,29,True,1
CTACTGCGAATATA,29,True,1
TAGTCACATTACGC,29,True,1
CGCCCCGCATCTCC,29,True,1
TAATCTCTGTCATT,29,True,1
TAATTCCGCCTTAA,29,True,1
AAACTCTCACGAAA,29,True,1
GGTACTCCATACAC,29,True,1
GCATCGATAGAAGA,29,True,1
CTTTCCCACGTAGC,29,True,1
ATAGATACATTGAT,29,True,1
AGAGTCCACCCGAT,29,True,1
TACACCAAGCGCTT,29,True,1
TGGGTGCTGCTGCC,29,True,1
TTACTAAGTTGTGC,29,True,1
AACGTTGTCACATC,29,True,1
CCCAAATTGCGTTC,29,True,1
ATATGGTAATCTGG,29,True,1
TAAAGCTCTTATGA,29,True,1
TCAGAAAAGTACTT,29,True,1
GCACTTTTTATTGG,29,True,1
CCCTGGCCCGGTTG,29,True,1
TACGTAAAGATAAA,29,True,1
TTGTAAGTAAATTT,29,True,1
TCACTGCCTCTGCG,29,True,1
CACATGATTCCTAC,29,True,1
CCTTGCGTTCTGGT,29,True,1
ATACGTTAAAGTTT,29,True,1
GCAAGCGGTCTTGT,29,True,1
TTGATTTGTGTAAC,29,True,1
AGGATCACACCCAT,29,True,1
CACCCTTCGATCTA,29,True,1
TATCAAGTCAGGGC,29,True,1
TCCATCAAATGACG,29,True,1
CACATCTCTGGTAT,29,True,1
CCAGGATTGCTTTG,29,True,1
AATTGCCTTGATGT,29,True,1
CCTCTATGAAACCA,29,True,1
TAACAACTAGTAAG,29,True,1
GTATCTGCTCATGT,29,True,1
AGTTACGAATAAAT,29,True,1
TAATAGACAAGTAC,29,True,1
ACGGTGAACGCTCA,29,True,1
TTAACCTCATAGTC,29,True,1
ACCATTAGTAAGAC,29,True,1
TAGCAAAGCGATCA,29,True,1
CAACAAACCGGCAG,29,True,1
TTATGGAGAAAAGT,29,True,1
CAGGGCGGCGTTTT,29,True,1
GGAATCCTAGCGTG,29,True,1
TACAATGTGCTTAC,29,True,1
TGCATCGCGCGAAT,29,True,1
CTCCTCTCTCCCGC,29,True,1
GCCCTGCTCATGTC,29,True,1
TCTCCCATACCAAT,29,True,1
CTAGCGATATTGTA,29,True,1
GTGCTCTTAGGTTA,29,True,1
AGGCAATGACAATC,29,True,1
TCATACTGCATGTG,29,True,1
CCCATTCTGATTCA,29,True,1
TAATGACCTGCGTC,29,True,1
AATCGACCGGCTGT,29,True,1
CTGGACCATCTGTT,29,True,1
CTAACCAAGCCAGT,29,True,1
CAGACTACGATACC,29,True,1
GCACAATGCCAAAC,29,True,1
GCAAAGGCGTATCA,29,True,1
CTGACCGCTAAGGA,29,True,1
CCCACTATAAGTTA,29,True,1
CTCCAGGCGTTTTG,29,True,1
TGTGGGTCCCGTTG,29,True,1
TATCCACAAATAGC,29,True,1
ATGGACAATCGGGT,29,True,1
TACAGTTCAGCCCT,29,True,1
CCTCTCTCCGCTCC,29,True,1
ACAAGACAATGAGA,29,True,1
GACCAGTTAACAGC,29,True,1
CGCATGTGTTGATT,29,True,1
ACCAAGTTCACAGA,29,True,1
TGTTAACTGTGGCT,29,True,1
TACTCCGGAAAAGT,29,True,1
ATACTCTAAACCTA,29,True,1
AAGCCCCTCTGTCT,29,True,1
CAAGGGCGTACTTG,29,True,1
TAATCTCTGACGAT,29,True,1
TCAACAAGTAATCA,29,True,1
CTACACTTACGCAT,29,True,1
ATTGACCTCGTTCC,29,True,1
TCCCCGAATACGAT,29,True,1
TCCGAGCAAGTAAC,29,True,1
CGCCCCACTCCCTC,29,True,1
TGGACGCGTAGAAC,29,True,1
CCAGACGCGGTTGT,29,True,1
CCTACTAACATGTC,29,True,1
TGGAACGACTAGAG,29,True,1
CTCAGTCAAAGGTC,29,True,1
GTTCTCCTGGTAAT,29,True,1
GTGACAAGGCTTGA,29,True,1
TATGAACAGAGTGA,29,True,1
CCATTGGAGAACCT,29,True,1
GATCCCCCCCTATC,29,True,1
TTGGTCATCCCATT,29,True,1
TTGGAATTCTTACC,29,True,1
GTATGTTATCCGCA,29,True,1
TGCGGTCTGATGAT,29,True,1
TAGTAGACGCTCCT,29,True,1
TAAGTAATAATGGA,29,True,1
GGCCTTCAGGCCGG,29,True,1
TCACGATTCAGAGG,29,True,1
TCCCATTCAAATTA,29,True,1
CGTTAACCGAGATT,29,True,1
CATCACCATCGCGT,29,True,1
TTAATGGAGGTAAG,29,True,1
TACTTCGATCACTT,29,True,1
GGGCGAAATTATTC,29,True,1
CAGGACCGCAATCA,29,True,1
CCCCGGTCCCTGAC,29,True,1
TACCGGCCTCTGCG,29,True,1
CCACTATTGAACCA,29,True,1
AGGTCAGGAACCCT,29,True,1
GGGGTCTACAAATT,29,True,1
ATCCATGGCGCATC,29,True,1
GCATCTTGCTCGAA,29,True,1
TACACCTCCGTGAA,29,True,1
TATATTATGCAAGG,29,True,1
TCCGTGAGCGCTCA,29,True,1
GGATTGCTCCGATC,29,True,1
CATCACACCCTGCC,29,True,1
GACATTCTTTGATA,29,True,1
CGACTTGTAGCCAT,29,True,1
ACAGCATGGTAGGC,29,True,1
TTGTAAATTGTCAG,29,True,1
ATACTGTGACCACA,29,True,1
ATAGCCCACGTTCT,29,True,1
TAGGTAAATAATTT,29,True,1
TTAGACGTAGCTGG,29,True,1
AGTCATACGCCCGC,29,True,1
ACTCCAATTAGGCT,29,True,1
GTGGAACCACTAGT,29,True,1
TTGAACGTCTAATG,29,True,1
CTCGGGACTACGGC,29,True,1
TCTAGTGTCTGCTA,29,True,1
TAGCCTGATGATCT,29,True,1
CCTGCTTCTACATA,29,True,1
TAGCCGGCCTGATC,29,True,1
GCCCCCACTGATGC,29,True,1
CTTTACAGGCATTT,29,True,1
ACACATGTAGTACA,29,True,1
ATGGGAGGCAACCA,29,True,1
TTGCTCCGTAACTT,29,True,1
TCGACCTTGACAAG,29,True,1
GCGTGACTACAATA,29,True,1
CTTGCGTGGATCCC,29,True,1
CATGCGTCTATAGG,29,True,1
AAACTTATCTAGTC,29,True,1
ATTGATCTCCTCCG,29,True,1
TTACGCATTAAACT,29,True,1
AAATGTAGACCTTG,29,True,1
TACTATCTCTTGTT,29,True,1
GCGCAATGCCCCGG,29,True,1
CAGCTTCCCGGCTT,29,True,1
CAAAGGCTATTGTT,29,True,1
CGCGGTAATTGTGG,29,True,1
CTGCATCCTGTAGT,29,True,1
CGCGGGATAAAACG,28,True,1
ATTAGAACTAGTTA,28,True,1
ATACAGGCTCGTTG,28,True,1
CCCTCCAAAAAGGG,28,True,1
GTATGCAATAATAT,28,True,1
TCTGTATGTCCGCT,28,True,1
GATCAAGCGTTACT,28,True,1
AGGAACGTACTACT,28,True,1
ATCGAGTGAACGGC,28,True,1
ATGGCGCCTGCTCA,28,True,1
CTATCTAATCACGG,28,True,1
ACGAGACCCAGTAT,28,True,1
TACGGTTATATTTA,28,True,1
AGACCAGTTTTGAT,28,True,1
TTACAATAGACTCT,28,True,1
CTGCGCCCTACACA,28,True,1
GATCGAGTAATATT,28,True,1
TAACATGCTCAACC,28,True,1
ATACCCCGGAATCC,28,True,1
TATGCTTCTTCGCG,28,True,1
AGAATGGTCCAACG,28,True,1
CCGACTCAGAGTAT,28,True,1
CGTATAACAACGTG,28,True,1
GATCCGGTTTTCGC,28,True,1
TAACGCACCTATCC,28,True,1
TCTGGTTATCCCAG,28,True,1
CGTTATCCAGAGAT,28,True,1
AAGGATTGGCCCTG,28,True,1
GGACACCGTGCTCA,28,True,1
TCAACAGAATTCGA,28,True,1
TCAACAGATCGGAA,28,True,1
TCATGAATATTTTC,28,True,1
CGACCTTCTTCGTC,28,True,1
CCCGGCCGAAGTTT,28,True,1
GGGTGGACGCGACT,28,True,1
CCATGCAACAGTTC,28,True,1
GACCTGCGTGAGCT,28,True,1
ATAAGCGTCTTTTT,28,True,1
TTGTAAGGATCCAC,28,True,1
GTCCTAACACCTGT,28,True,1
CTAGGAACTTGGGT,28,True,1
ACCTATCCGGTATA,28,True,1
TGCCAACTATTACA,28,True,1
TGCCCAGGAGTAAA,28,True,1
CTGCCCTCGCAACA,28,True,1
TGTTCCGTTGCCTA,28,True,1
CCAGTTCTGAATTA,28,True,1
GATTGACGTTAGCT,28,True,1
GTAGAGAATACTCT,28,True,1
TACACGGGAGTGAA,28,True,1
TCTCAGGTTAATAA,28,True,1
TCACAGTATCCTAG,28,True,1
CAACCTCGATCACT,28,True,1
TAGTTAGCCCCCCA,28,True,1
CATAAGACATTTGG,28,True,1
CTACTCGTAGTTCT,28,True,1
TTCAAACCTAGATC,28,True,1
TCCCGGCTACGGCC,28,True,1
GTTGGGTACAAAAT,28,True,1
TACAGATGCACGCA,28,True,1
CGATCTCGCCCCAT,28,True,1
TTTGTCACCTAAAC,28,True,1
TGAGCCTTCCATAG,28,True,1
CTGGAACCTAGCCG,28,True,1
CATTCAAATAACCC,28,True,1
GCCTCTAAGGTGAT,28,True,1
TTACGCACTTTTGA,28,True,1
ATCCCCGGGTGCTG,28,True,1
TACCATCGAGGATA,28,True,1
CTAACTTCAAATTT,28,True,1
TTAGCCCGTCCAAT,28,True,1
GACCTCCGGAAGAA,28,True,1
TGCGCATATCCCAG,28,True,1
CTGTATTTGCCAGA,28,True,1
ACCTCTTCTTACGA,28,True,1
CTGCGCTGAGGGGC,28,True,1
TAGGTGTCGTGCAA,28,True,1
ACATCCAGATTGTC,28,True,1
GTGAAAATGCGGGA,28,True,1
CCACAAACGGTGTT,28,True,1
CCACCTAAAACACT,28,True,1
ACTGACTTATTAAA,28,True,1
TGTTCCTTGAAGGT,28,True,1
AATCGGGTCCTATA,28,True,1
TTACAAAGGTTTAC,28,True,1
TGGCCGATCATTTT,28,True,1
TAACGATTGCTCAT,28,True,1
TATCTGGCAACTAA,28,True,1
TGCCCGCACTACGT,28,True,1
ACACCCTCAAGTGG,28,True,1
TTGTGTTCCGAACA,28,True,1
CTAAACCCGAAAGA,28,True,1
GGGACGGAAACAAT,28,True,1
CCTCTCTTTACATT,28,True,1
TTCGCCTTGCTGAG,28,True,1
TACCTTCAGATCTC,28,True,1
TAATACTAAGACAT,28,True,1
TATGCCACTAAGTA,28,True,1
TTATCTGATCGAGT,28,True,1
GCACACATGGTATA,28,True,1
TAGCCCCGGACCCC,28,True,1
CATCTCATATTGCC,28,True,1
GACCGTAATCCAAT,28,True,1
TGACTGAGCGGGAC,28,True,1
CCCCCACTGGTTTC,28,True,1
TGGCCAACTCCCGG,28,True,1
TACCTAAGTGGCCA,28,True,1
GGGATAGAAAAAAT,28,True,1
GCAATACATCGGAA,28,True,1
CACAGAGATTATGA,28,True,1
GCCCCGTGGATGCA,28,True,1
TCCATACATAAGAC,28,True,1
GTATCATAAATGAC,28,True,1
CATTCAATTGCAAT,28,True,1
GTTCCAAACCTCAG,28,True,1
GTGAACACACACCT,28,True,1
TATGGCGTGCATTA,28,True,1
GTAGTCAACGGAAC,28,True,1
GTATCACTCTTTTT,28,True,1
TGCTAGGAATGTAT,28,True,1
TCTACTCGTACGTT,28,True,1
TTAGTCACTTTTAC,28,True,1
TTTGCCTATATGCT,28,True,1
TATTCAGCTGGAGT,28,True,1
TGAGCCCATTGCCG,28,True,1
TCAGTTCCAGGTCC,28,True,1
GCCCTTCCTAGGTG,28,True,1
TTGGCCTCCAGTTA,28,True,1
ATTCTACAAACCAA,28,True,1
ACTCACCCAGGAGC,28,True,1
CACCCGTTAAATTT,28,True,1
ACACCATAAAAAAG,28,True,1
TAATCGGGGCTCTA,28,True,1
TACATGATTCACCT,28,True,1
CTTAAAGCACTTGC,28,True,1
AAAGCTCTGGTCAC,28,True,1
CCAATGGCCCCTGA,28,True,1
ATCAAGCCGAACCA,28,True,1
CCAAACATAAGGAA,28,True,1
TATTCTCCCATTTA,28,True,1
AGCAAGCGCCACTT,28,True,1
AGCGGGACCAACTA,28,True,1
TTCTGTTTGGCAGT,28,True,1
TATGTCGGCGCGAT,28,True,1
TAGCCTGGATACCG,28,True,1
ATACAGCTGGTACC,28,True,1
TCAGAACACGGTCA,28,True,1
CACCATAAGTACTG,28,True,1
CATAGACGTTACAA,28,True,1
TGTGAATATAACGA,28,True,1
TCTCTGCTGCGAGA,28,True,1
ATTCTACCCAGCCG,28,True,1
GGAGACAGTCAGGC,28,True,1
TAGACTCTACCAAG,28,True,1
TCTATGAAGTTCAG,28,True,1
ATCGTTTGTACGTT,28,True,1
TGTTAGATACCCCT,28,True,1
TTGCCACAACTTAA,28,True,1
TCTGTATACGCATA,28,True,1
TGCATACCAAACAT,28,True,1
GTTGTTGTCTTTGC,28,True,1
TTACGCAAGCATCA,28,True,1
AATCTTTAGGCCCG,28,True,1
TCTTACATAATCTA,28,True,1
TGACCTTCTACCAT,28,True,1
GGTGTTGTCATGAG,28,True,1
TATTTCAACAAAAA,28,True,1
AGAGTTAGAACCTT,28,True,1
GGACTGGCAAGCAC,28,True,1
TGAATCCCACAAAA,28,True,1
GCCCCCCTGCCCAT,28,True,1
TACTAGGTTCGACA,28,True,1
TTGAACCTTAATGC,28,True,1
ATCCCAAGTCCCGC,28,True,1
GGAACCGAAGAGTT,28,True,1
ATTATTAAAGTAGA,28,True,1
TAGAATAGGCGTCA,28,True,1
CCCCATCGTCGTTA,28,True,1
AGCCTTAATGCCAT,28,True,1
ATAGCTTTAACCGC,28,True,1
GCATGTACCTGAAC,28,True,1
CACTCACTTCTAGT,28,True,1
ACAGTACTTCTATC,28,True,1
TAATCAATAACAGT,28,True,1
TAATCATTAGAATG,28,True,1
ACAATTGTGCTCGC,28,True,1
TTCTCATCTGACGA,28,True,1
AGCACTGGCTTTCA,28,True,1
TCATCTACGATATG,28,True,1
CCCCACTCCGCCCC,28,True,1
TAGAAGGACCGTAT,28,True,1
TACCAAAAGCATCG,28,True,1
TACTACGAATGAGT,28,True,1
CACCCTACACCACT,28,True,1
ATCGCCTCGGGAAA,28,True,1
ATAGGAAATATTTG,28,True,1
CAAGCTGATGCCTG,28,True,1
TAGTAGCTAGAATT,28,True,1
TATAGCCCGCCCCT,28,True,1
TATCGATTTTACGT,28,True,1
CGGTTCACGATGCG,28,True,1
GACCTATTGTTTTC,28,True,1
TAGACCCTCCATAC,28,True,1
ACCCCCTCCACCCG,28,True,1
TCGAAGACACCACC,28,True,1
CGACCAACCATGCG,28,True,1
TCTCCTTTACCTAC,28,True,1
AGTCGCGTAAGTAT,28,True,1
TAGGAGCTCACTAA,28,True,1
TGTACAACTACCCA,28,True,1
TCTGCTATAGACCG,28,True,1
AAGACCTTCATCCT,28,True,1
TCGGGCGATACGGA,28,True,1
TAACCGGAGTTCAT,28,True,1
TCACATTGATATCG,28,True,1
GTCGGACTAGAGCC,28,True,1
TGCACGAACGACAT,28,True,1
TCATTTAAAACCCC,28,True,1
TATATGATTGATAG,28,True,1
CCCTAAGTAGTAAC,28,True,1
ACAGGATCGGTTAC,28,True,1
AGCAGTATGTACTT,28,True,1
AGCATACACCTCAG,28,True,1
GCCACCAGTCTGCA,28,True,1
AGACAATATTTACG,28,True,1
CGAACCCGCTTTTT,28,True,1
TAACTGGACGCAAT,28,True,1
TTGACGATTTCTAG,28,True,1
ATAATCTCAAAAGC,28,True,1
CATTGTGGTAGCAG,28,True,1
TATCTGAGTAGGCA,28,True,1
TCCTTTCCAAGATT,28,True,1
TATTATCAAGTATT,28,True,1
GGCCTTAAAAGGAG,28,True,1
AGACTATCCTTCAA,28,True,1
ATACACGATGGCAG,28,True,1
CAACTACCGTTGTC,28,True,1
TGTAGATTATCTAG,28,True,1
TTATATGTAAGCTC,28,True,1
TAGAGCTTTTCTCT,28,True,1
GGGCCATTAATTTG,28,True,1
ATATTACATACGCA,28,True,1
TAAGTTTAAATCAG,28,True,1
ACAAATTCAAATAA,28,True,1
TAACATATCTTCCA,28,True,1
ATAACGTATCTCCC,28,True,1
AGCATGGTCCGCGT,28,True,1
CAGCTATAGGAACC,28,True,1
GGATCCATAGAGAA,28,True,1
GGGCCAGACTGCAC,28,True,1
TCTGAAAAACAAGC,28,True,1
CTAGTTGATTTGCC,28,True,1
TACGAAATTAGGAG,28,True,1
ATGACAGACGCCAT,28,True,1
CTAGACGTGTGATG,28,True,1
GTAGGTCAATAAAG,28,True,1
TAAGACGGGTAGAT,28,True,1
AGGATCCGCATATG,28,True,1
ACCTCTGAACTTGT,28,True,1
TGATCTACGCCTCC,28,True,1
TATCACGTAAAATG,28,True,1
ATAAAAGGAATTTC,28,True,1
ATGATTGAAGACAA,28,True,1
TCTATTAAACAAGC,28,True,1
TTCAGCCTCAAATA,28,True,1
TATGGAGTGATTTC,28,True,1
TCACCAATTGATCT,28,True,1
GATCTATTCATACC,28,True,1
TGTATTGATGGCTG,28,True,1
TATCATCTGTTAAG,28,True,1
ACTCGCGGGACCAA,28,True,1
AGTCTGATTAAACT,28,True,1
CCCCTCCTCATCGA,28,True,1
AATGGATTTGGGTT,28,True,1
ATGCTTAGCGATCT,28,True,1
TTAAAGCACCGATT,28,True,1
AGAGATCTGTGTGT,28,True,1
TGACCCCTTTTAAT,28,True,1
GTAAACTAATCACC,28,True,1
GCCGAAGTACGTTT,28,True,1
TACGCGGACTTGCG,28,True,1
AGATCGTAACCATC,28,True,1
AGCTTCATGAAGAC,28,True,1
CACGTATCGATAGG,28,True,1
TATTTTACTTGAGT,28,True,1
TTGACCATGAAGTG,28,True,1
TCTCATCCCCTCTG,28,True,1
ACATGCAGTGACTT,28,True,1
TTTGCATAAGTTCA,28,True,1
CAATGCTATCTAGC,28,True,1
CTACCCACGGAGAC,28,True,1
TCTGTATAACAACA,28,True,1
TTACCCCCTTGCGA,28,True,1
GCATCCACGCTCCG,28,True,1
CCGACTCCACATCG,28,True,1
CCGCCATCATACGC,28,True,1
TGTGTCTCTTAAAC,28,True,1
GGATGAGATTTCCG,28,True,1
CCCCTACCTCCTGA,28,True,1
TAAACTTACAAATT,28,True,1
TCCAAAACTCTGAT,28,True,1
GCATCCACAACTCC,28,True,1
TCGTCTCGACCACT,28,True,1
GTCTCATTGAAGGT,28,True,1
ACAACCGTAAATCG,28,True,1
GCCGGTGACGAGAG,28,True,1
ACCAGCTTCACCGC,28,True,1
AATGGGCGCCTCTC,28,True,1
TAAGGTAGAGTCAC,28,True,1
CACGGAGCAACATG,28,True,1
TTCTTCAGATTACT,28,True,1
CTCCTTACGTCATA,28,True,1
CAAATGTGTTCCTG,28,True,1
TCTCCATTAACCAA,28,True,1
CCATCCTACCTTTC,28,True,1
GTGGCTAAAGAAAG,28,True,1
CTGAGTTTCGCATG,28,True,1
CCATACCACGAGCG,28,True,1
TTAACATCGGCGTT,28,True,1
TTCCCAGCTACGCG,28,True,1
CCACCGTTGTTATA,28,True,1
CATTCCCCCCCCGA,28,True,1
TACTCGTAGACAAT,28,True,1
GCACGATCTGCAAT,28,True,1
CTAAAGCAGTGTCA,28,True,1
GTAACATAGATCCT,28,True,1
ACATTGTGGTAGAC,28,True,1
TAGAGAATCGCTAA,28,True,1
CCGCGACGTCCTAT,28,True,1
TGCACCATAACTCT,28,True,1
TCATTCCGAAGAAT,28,True,1
CACTGAAGCCAGAA,28,True,1
GAAACGACATAAAC,28,True,1
CGATCAGGAAATTA,28,True,1
GGAGTATTCTTATT,28,True,1
TTTACTTGGCTATA,28,True,1
AATCGCAACGTAAT,28,True,1
TTTACGGAATGCAT,28,True,1
TTAGTGTGATGATG,28,True,1
CTATTAGTCAGAGT,28,True,1
TTTTATGCGCTTAA,28,True,1
TTAAGCAATCTCTT,28,True,1
TTGCGAATATAATC,28,True,1
GGCGAGGCTTCATT,28,True,1
ATGGGCCATTCGAA,28,True,1
GCACAGCTTCACGT,28,True,1
TACACGCGGGCTTT,28,True,1
CAGTGAGAAGCACA,28,True,1
CCTCCTCTTACATA,28,True,1
CTCTACCTTTGATA,28,True,1
TCCCACGTCCATTT,28,True,1
TGCCCAGATGTAGT,28,True,1
GTTCACCTCTATGG,28,True,1
ACAAATCTGCATAT,28,True,1
AATGTTGATAATTT,28,True,1
GCACTAAAAGGCTT,28,True,1
TCTAAGATGGGGAG,28,True,1
TATATTGATCGATT,28,True,1
GTATGAGTATAATA,28,True,1
TCCCCGACACACAC,28,True,1
GCATTTATTTGGTG,28,True,1
AGGAAGTCTTCCAA,28,True,1
CCCCCACTAAGTGG,28,True,1
TCATTCGTTGCTGG,28,True,1
GCCGTTTTCTTACC,28,True,1
CTCAGGCGTTTATG,28,True,1
AATTACGTCAAGGC,28,True,1
GGATAGATTATTAA,28,True,1
TGGTCTACGGGAAC,28,True,1
TAATCACGAGACAT,28,True,1
CGTGAGTTATCCAT,28,True,1
GCAAGCCAGTACTC,28,True,1
TAGTTAATTATCAA,28,True,1
CCATCGTGATCGGG,28,True,1
TCACAGGACCGTCA,28,True,1
ATCGCTTTCCGTTG,28,True,1
TACTATCTTAGCCC,28,True,1
TACCGAAAACCTGA,28,True,1
TGTTTATGACCCGT,28,True,1
GCCTGCGAATGCGG,28,True,1
GCTAATGAGAAATA,28,True,1
AACGGGCTTTCAAT,28,True,1
CCGCACGCGCGGCG,28,True,1
CACACAACTCCCGA,28,True,1
AAGGCATACTATTA,28,True,1
TCTTTGCCCTTCAA,28,True,1
CACCACCGCCTATC,28,True,1
TTCACCACCTGTTA,28,True,1
CGTTTGCTGCGAAC,28,True,1
CAAGGTATGGTATC,28,True,1
TTTGAGCCCACGTT,28,True,1
TTATCAGTTCTGGT,28,True,1
TCTCCAAAGAATCA,28,True,1
AACGTTACAACTAA,28,True,1
ACAGCTTGGTATCG,28,True,1
CCTTAAAGCTCATG,28,True,1
CGAACAAGTTTTTT,28,True,1
TCACCTACGGTAGC,28,True,1
CGATCCTTTCCGCT,28,True,1
GTAATCCTAGACCC,28,True,1
AGAACACCTCAGTT,28,True,1
TGTGAACGATATTG,28,True,1
TTCTCGATGTGCCG,28,True,1
TCCACCGTTCTTCG,28,True,1
TATCTAGGTATACC,28,True,1
CCAGATGGGAAATT,28,True,1
GTACCCTCCACAGC,28,True,1
TGGACATGAGTCGA,28,True,1
AGACACGTCCTATA,28,True,1
GCACAGAGCAGTTA,28,True,1
TAAGCCCAACAGCA,28,True,1
CCCGCTCTCGTAAG,28,True,1
TGCCCCGTCGCACG,28,True,1
CGCCCATAAATCAA,28,True,1
CAATACTATGATCA,28,True,1
ACCTACGCTAAGTA,28,True,1
TTTGTACCAAAGAC,28,True,1
TGTCGACCGCACCA,28,True,1
ACACCGCTGCCTCG,28,True,1
GGCAATACTTTCAG,28,True,1
TCTCCCTCAATAAA,28,True,1
GTCCGCACTTACTT,28,True,1
CAAGAAGTCAACGC,28,True,1
TTGTATCTCATACA,28,True,1
CTCTTCTTACTTAT,28,True,1
GCCGCCTTCGCCTT,28,True,1
TAGACACATCAATT,28,True,1
TCCTTGGCCAACGA,28,True,1
TCTCTTCGCATGCT,28,True,1
AACAAGGTCCGTGA,28,True,1
TGTGATTCGCAAGG,28,True,1
ACCTGAGACGATTC,28,True,1
CCAAAGGCCCCCAC,28,True,1
GTCATGGGCTGCTG,28,True,1
CGCGCAGATTCGAG,28,True,1
ATGGCTATTTGCCA,28,True,1
TCGCTGGTTTAAAT,28,True,1
AGAGACCGTGGACG,28,True,1
GTATAACTATTCCG,28,True,1
TATAGAAACTTCGC,28,True,1
TCATGCAACAATAC,28,True,1
ATGCCTGTTCTGTC,28,True,1
TTGGCATAACAAAT,28,True,1
TAACTAAAAGGGCA,28,True,1
TATTCTAACTCAAA,28,True,1
TGTGGACAACGGAC,28,True,1
ATCACGCCTCAGAT,28,True,1
TTAAACACAAGTCC,28,True,1
GCCTCCTGGACCGC,28,True,1
GCAGACATTGATCC,28,True,1
TAATAACATGCAAC,28,True,1
AAAGGCAACCTGAT,28,True,1
CCAATTGATTAACA,28,True,1
AAAAGTTCCGGCAG,28,True,1
TAGAAGACTACTGC,28,True,1
TTCCCACGAGTATG,28,True,1
ACCCCTTACGGGAG,28,True,1
GCAGTAGACGGCCA,28,True,1
GATCTTCTTGCTCA,28,True,1
GTTGCTCCAAAAGA,28,True,1
CGACCTGCCCTGAG,28,True,1
ATTGTGCGAATCTA,28,True,1
TTGCTAGGTATGCA,28,True,1
CCAAACCTATTATT,28,True,1
CACCCTTGTCTCAC,28,True,1
TGCAGAAATCGAAG,28,True,1
ACAACATATCACAG,28,True,1
TAGATTGTAAGCAA,28,True,1
ATGAAATCTAACAC,28,True,1
GTGCCACGCACGGT,28,True,1
ATGCTTCGTCCCTT,28,True,1
GATCCGGCATTTGA,28,True,1
AGAGCGTCTAAAAT,28,True,1
AGGGTAACCATCCA,28,True,1
GATACCAGGCCTGA,28,True,1
CTATTGATAATGAG,28,True,1
TAATGATAATTTGG,28,True,1
TTGAGATCAATGGT,28,True,1
TGAAGCACTTAACT,28,True,1
CCCTTCAAAAACCT,28,True,1
TTTCCTGCGGATCG,28,True,1
TACGGGATTAACCA,28,True,1
CGATTACGTTGTTG,28,True,1
CTCTAGGATCAAGT,28,True,1
ATGCCTCTATGAGA,28,True,1
GTCCATGCCCGCAT,28,True,1
GATCGAGAAGTATG,28,True,1
GACGATCCAAAGCC,28,True,1
CGAGTTCGGCCAGG,28,True,1
TATAGCCTTACTGT,28,True,1
CATCTTGTCACCTA,28,True,1
CTTCTACCCTCTAC,28,True,1
GTTTCTCAAATAGT,28,True,1
CGACGCTTTCATCG,28,True,1
CGAGAAGTTGCGTG,28,True,1
AGAATCTCGCAGTG,28,True,1
TAAAGCGATTACCG,28,True,1
CTCGCGGGTAAATT,28,True,1
CTGCCAATTAAAGG,28,True,1
AGACCTTGCCTGAG,28,True,1
TCATTGAGTTACAA,28,True,1
TCAGAAACGCTCTT,28,True,1
CGTGGAAGAAGTTA,28,True,1
TATCAAACGATTAG,28,True,1
TTCCGTATTGATAA,28,True,1
TAAGTCAAGTCACT,28,True,1
TGGACCCACGCTGT,28,True,1
AGACTTCTACCGGG,28,True,1
CAGACGCAGAGAAG,28,True,1
CCCCGATTCCGCGT,28,True,1
GTACAGTCAAACGT,28,True,1
TATATTATGGCTTA,28,True,1
CGCAATCCCTTAAT,28,True,1
AGAGAAGGCGGACT,28,True,1
TGAACTCTGATATT,28,True,1
CCAGAGACTGCTTA,28,True,1
CTGCCCTTAATTAC,28,True,1
CTCCCCACGCCTGC,28,True,1
AACAAGTAAAGAGA,28,True,1
TTGAAACACCCCGT,28,True,1
GCGATTGTTTTAAT,28,True,1
GTGGCCTTCCGCCC,28,True,1
TCTGACACTCTTTA,28,True,1
TAAGCATATGGCTG,28,True,1
TGTAGCTCACAAGG,28,True,1
TCCCCAAAGAATTT,28,True,1
TTGGATCGAGTTAA,28,True,1
GTAACTGTTTGCAC,28,True,1
TATCTATGTTGAAG,28,True,1
CATTGTCGGTAGCA,28,True,1
TATCATCCCCAGTT,28,True,1
CGAAACCACAGTTC,28,True,1
TGGACACCAACTAA,28,True,1
TCCACACCGGCATG,28,True,1
CATCTCATCCTAAG,28,True,1
TAAACGACGACCGT,28,True,1
CCCTAGTGTGACTA,28,True,1
CCATTCTCGCACCT,28,True,1
AAGGAGGGTGGTTA,28,True,1
TACATTCACCAGGA,28,True,1
TACGCCAAGTTCCA,28,True,1
CATATCAGCCCGTG,28,True,1
CTTTAATGTTTGTT,28,True,1
TGTTACGCAGAGAG,28,True,1
CCACTACCAGTATA,28,True,1
TTCCCTATCAGCAC,28,True,1
TCGAGTCTTAGACC,28,True,1
TCGTTAAAATAACG,28,True,1
GCAAGATTAATCAG,28,True,1
TGGAACTCCTTCCA,28,True,1
CCCCGGCCTCGGGC,28,True,1
TTCCAATTGTTCTC,28,True,1
GTATGGTGCCTCCC,28,True,1
TGATAACATGCGCT,28,True,1
AGCAGTGTTCGGGG,28,True,1
GCATTACAAAAACG,28,True,1
GTGTTAGAGATCGT,28,True,1
TGGTGTCCGAGACC,28,True,1
GTGGAAATTGAGTC,28,True,1
CGGAACTCCGGACA,28,True,1
GACCCACCCGTATT,28,True,1
TAATCGGTCGCAGT,28,True,1
GCAAATTACCAATG,28,True,1
AGCGGATGGTAGAT,28,True,1
TGCCTAATGGACTT,28,True,1
GCATAATCGAAAGC,28,True,1
AGAAGAAGCCAGCC,28,True,1
TTGGTTACTAGGCC,28,True,1
TAACGTTCAGGTTT,28,True,1
ATGATAAACTGATG,28,True,1
TTCGACTACAATAT,28,True,1
GGTATTTTTGAGAC,28,True,1
TAATCCTAGATGGT,28,True,1
GTTAAGCGAGGACC,28,True,1
GTGCTTATGAGGGG,28,True,1
TCACTTTGTTTGTC,28,True,1
TACTGTTTATTTGT,28,True,1
TAAAGACAGGCCAT,28,True,1
TTTAACCAGATTAG,28,True,1
ATCCGCTCTGGGAG,28,True,1
GCACATATCTCTTA,28,True,1
CTACTTCACTCTTG,28,True,1
TTGCTCTAATCATA,28,True,1
TCTATTGCATACTA,28,True,1
CGCCCCTAGTGTCA,28,True,1
TGCAAGCAAGTGCC,28,True,1
TTATCCAGCCGAAG,28,True,1
GAATATGAATGCAT,28,True,1
GCTCCGGGCCTGCT,28,True,1
CGACTGGGGTATCC,28,True,1
CTATTTATAGCGGG,28,True,1
TATCGAATCATGCA,27,True,1
GCATACCCGCAAGT,27,True,1
TCTGTCCCTCTCGT,27,True,1
TTATACATAGAGTT,27,True,1
TAATCCACGAACGG,27,True,1
CCCGGGCCGCGCAC,27,True,1
TGTAGGTATGCAAT,27,True,1
TCACTTTGACTACA,27,True,1
CTCAGTAGTAATAG,27,True,1
TGAGCGTAGTTCTT,27,True,1
TTTTAGTTTGTTCT,27,True,1
TTTATTCTCCTGAA,27,True,1
GTTCGACACCATGC,27,True,1
TCATTCATACATTC,27,True,1
TCTCCCTACCTACC,27,True,1
CCCTTTAGGCTGCT,27,True,1
TCTGCCACCCCCGC,27,True,1
TATGGTATGGTGGC,27,True,1
TCATAAAATCAGGG,27,True,1
TGTTCTAAAAGCGT,27,True,1
ACCCTTTCGGGCTG,27,True,1
TCTAATTCCTATCT,27,True,1
ACCAACTATGTACT,27,True,1
GTGCTATTACTTAT,27,True,1
TAATCCTTTCCGCT,27,True,1
GAGGAATAGATCCA,27,True,1
TCACTAATCATTGG,27,True,1
GTAATTAATGACCA,27,True,1
TCCCTAAGTCGACA,27,True,1
CCCGTCAGCCGCGT,27,True,1
CAATGGCTTGACAC,27,True,1
AGCACATAAATAGT,27,True,1
AAGATAATAATACA,27,True,1
CCCAGTCGTTTTAA,27,True,1
TAAACGGCACACAT,27,True,1
TGTACACGCATTTA,27,True,1
GCCATATTGGGCAC,27,True,1
GACAGGTAGCGTTT,27,True,1
GAAAGGCTAGTATC,27,True,1
GTATTATTAGTGAT,27,True,1
TTGCCTTTTTATAC,27,True,1
TCCACATACCTTCC,27,True,1
AGTAGCTTGGTTCC,27,True,1
GGATCTAATTAGTT,27,True,1
CCCTTCCCCCATAT,27,True,1
CCCGTTCTACTTTC,27,True,1
TAAGAATATCCCAC,27,True,1
TTAGCAGAGCCACA,27,True,1
CGACCATACCTCCC,27,True,1
TATCAAATAACCCG,27,True,1
GCCTTTTCTGCTAT,27,True,1
TTTGAGAAGTCATT,27,True,1
TGCCACGATCACCC,27,True,1
GCATGAGTCAAATG,27,True,1
GTAAGGCAATTATC,27,True,1
TACTCTCCCTTTAG,27,True,1
CGGCAAACGGGTAA,27,True,1
ACTGCATGTTAATT,27,True,1
TGCTTTTTGTCGGA,27,True,1
GCAATAATATAACC,27,True,1
TACACCTTTTAACC,27,True,1
ACGTCTCTTGAGGT,27,True,1
GAAACCCTTAAGTT,27,True,1
CCATGCCCGTCTAG,27,True,1
ACACCCGTGCAAAT,27,True,1
TTGATTATTCACAG,27,True,1
TTGAATTAGAAACA,27,True,1
GACCACGCCGAATG,27,True,1
ATATAATCCGAGAC,27,True,1
ATAAGAGATCATGG,27,True,1
GCCTGAAACCCATC,27,True,1
AGGACGTAGACCAA,27,True,1
AAGGAGTTTATCCT,27,True,1
TGCAGCCAAAGGAG,27,True,1
AAGATAATCATTTA,27,True,1
CCACAGGTCCACAA,27,True,1
CATCCTTATCTAAT,27,True,1
TTCTCTCCTATTTC,27,True,1
TTCGGACAGTGAAT,27,True,1
TTTCGTTTGTAAAA,27,True,1
TTGACGCGCCTAGA,27,True,1
TCCCGACTGCGGCA,27,True,1
CCAATCAGCATGAC,27,True,1
CCTGGTCTAGTAAT,27,True,1
TAGTACTTGGCAAC,27,True,1
GGTATTCTACGTAT,27,True,1
GGTAACGTCTTGAT,27,True,1
TCCCGTCTCTCGTA,27,True,1
TAACTATGTGCATA,27,True,1
GCCGACTCAACTGA,27,True,1
TTGATACGGGATAC,27,True,1
CCATTCCCGCAGAC,27,True,1
CCGATATCTTCATC,27,True,1
AGCGGTGTTATTAA,27,True,1
GTGTGTCTGACCTT,27,True,1
ATAATACTGCTCGC,27,True,1
CTGATTGGTGAGAA,27,True,1
GCCGACTCCGTCTG,27,True,1
AACCAATTACTGTA,27,True,1
GACCCTCTGGAGCT,27,True,1
ACGCTATAATCACC,27,True,1
TATTAGATTCAGTT,27,True,1
CTCCACGATGCGTT,27,True,1
AAGTAGCACAAATT,27,True,1
TATAACCTCATCGA,27,True,1
CTATACTTTATCAG,27,True,1
TGGGATAGCCAGGG,27,True,1
AAGCTACTTCATGA,27,True,1
TCGGTGTACTGATA,27,True,1
GGCGAAGCCTTGCT,27,True,1
GCGGGCGAGATTTT,27,True,1
AACACAAGAGAGTG,27,True,1
TGCAGGGGACAGAT,27,True,1
TTGACTTGCCCATC,27,True,1
TATACCCGCTCTGA,27,True,1
CCCCGGCACCCGGT,27,True,1
CAACTATACATACC,27,True,1
CGCCTCTGGCGTGC,27,True,1
CCCAAGGTGCATTT,27,True,1
TACCACGACAGATA,27,True,1
CTCACTGCCCATGC,27,True,1
CACCGGGATGTACT,27,True,1
CTCCCCGATAGCAT,27,True,1
GTCCATTCATTTGA,27,True,1
GCATATAACGTAGT,27,True,1
TGCCTGTAAAACTA,27,True,1
TAACCGCTGGAAAA,27,True,1
CTGCATACAGTTGC,27,True,1
GAGGTAAATAAACT,27,True,1
TATCGAATGCTGTC,27,True,1
TTCCACAGTGATGA,27,True,1
CGAAAGGAGGTCGC,27,True,1
TATACGACAAAAGG,27,True,1
CTGGTGAAAGCGAA,27,True,1
CTACCCCCAAAACT,27,True,1
ATGCTTCGTTGAAA,27,True,1
TTACTGGCCGGGTT,27,True,1
GAACTCAGCACGAC,27,True,1
AGCAGTCGGAAGCG,27,True,1
CCACTTAAGCCTTT,27,True,1
TGTAAAGTTTTTTA,27,True,1
GAGTTTTGTTATTT,27,True,1
CCGACGAACAACAT,27,True,1
TGGGCTGTTTATTT,27,True,1
ACTGAATTCCGGTC,27,True,1
CTATCGGTCAGAAT,27,True,1
TCATGTTGATGTAC,27,True,1
GGGGATACAAGTTT,27,True,1
TCTGTGAACCTTAG,27,True,1
ACGATATAAGACCA,27,True,1
TAGTATATTATAAT,27,True,1
CCACCGAGTTTTGG,27,True,1
TGTCAGATTCGCGA,27,True,1
ATACCCCTTGTATG,27,True,1
AGATCTGCATACAG,27,True,1
TACTAGGCATTTTT,27,True,1
CATGAAACAGTCGT,27,True,1
TGTGCGCGCCAATT,27,True,1
TACAAGAGTCTGAG,27,True,1
GCACTGAGCACCTA,27,True,1
CCTACACACACAAT,27,True,1
TCATGGGGGATAGT,27,True,1
TGCCAGACCCTGTC,27,True,1
CGTCTGCTCTTATA,27,True,1
TGAAATGACTATCT,27,True,1
AAGTCGATTGAAAG,27,True,1
TGCACTTGTTGCCG,27,True,1
CGCCTCGACGACCA,27,True,1
TAGGTCGTTGAGTC,27,True,1
ATACACGCCCCTAC,27,True,1
CAACGGCCTCCGCG,27,True,1
ACGAGAACTAGCAG,27,True,1
TCTCCCCAAGGCGC,27,True,1
TGACATTGATAATC,27,True,1
CTCATTGTACAGGA,27,True,1
CTACGCTATCACCA,27,True,1
TAAAGTCTTTACAT,27,True,1
CAATATCTAATAAG,27,True,1
TACTCTAATTTCGT,27,True,1
TAACCTCCAGGGCT,27,True,1
CTGACCCCCTCGAC,27,True,1
ACCCGAGTGGCCAC,27,True,1
ACGATTCAGGTGAT,27,True,1
TAGGACTTGTGTTA,27,True,1
TAATAACAGCTAAT,27,True,1
TATAGAAGCCAACT,27,True,1
TGACGAGAATTGTC,27,True,1
ATCAGCTTAACGGG,27,True,1
ACGATAGAGGCTTT,27,True,1
TATCGCCCGGGTTT,27,True,1
TCACCCAACACGAG,27,True,1
TCTGTTTATGTACA,27,True,1
AACCACGGTTCCAG,27,True,1
ACAATAGGTCTCTC,27,True,1
CTTGACTAAAAAAC,27,True,1
TGACTAAATAATTA,27,True,1
TCCGCCCCCCTCCC,27,True,1
ACATAACTACTGTT,27,True,1
GTTCCCAAATGACC,27,True,1
TATTAGTAGCATTG,27,True,1
GGCAGTCTAGAATG,27,True,1
TGAACTACACAATA,27,True,1
AATAACGCTACTTT,27,True,1
CGGTGGTAGCCTAA,27,True,1
TATGATCTTTTGAA,27,True,1
ATTAAGCGGATTCC,27,True,1
TGGGATAGATAGAT,27,True,1
TCCTTCTTCGAGTA,27,True,1
TAGGTCTGGTACTT,27,True,1
GCTCCGGCAGATTA,27,True,1
CGATCGGCTTGTTA,27,True,1
AACCTGTCCAAAGG,27,True,1
TGGTATAGGATCTG,27,True,1
TTACAATACACAGT,27,True,1
CCAGGATTGGATCA,27,True,1
GCACTGATTCGGAC,27,True,1
CGACGCTACGGGCA,27,True,1
CTACTTGTCTCCGA,27,True,1
GACCATTCCACCAA,27,True,1
CTGCCAATAACTGC,27,True,1
CTTCCAAATTGGAA,27,True,1
AGAGGTCCGTCTAT,27,True,1
CAGTCCGAGTGGCA,27,True,1
GAGAAGTAGACGAA,27,True,1
AGTTTGGTAAGCCG,27,True,1
TCGACAGTCTCCCG,27,True,1
ATTCCTTCTGCCAC,27,True,1
CCACCCAGCTAGAA,27,True,1
CGGACACGGACATG,27,True,1
TAATTATTAGGTAC,27,True,1
ACATATCTGAGAAG,27,True,1
ACAAAGCCCTAGGG,27,True,1
TGACTGGAAGACAT,27,True,1
ACAAAGTTTATACT,27,True,1
AAGGCCAAGGATTT,27,True,1
TACCGCTTCAGAGT,27,True,1
ACCTCTAACGAGCA,27,True,1
TGAGGTCCATGACC,27,True,1
ATAGTAAATAATGT,27,True,1
CTATCAACGATATA,27,True,1
GCGAATCTCGTCCG,27,True,1
ATAAATAGAGGTTC,27,True,1
CCATCTGATTCTAG,27,True,1
CAAGAGAACAATGA,27,True,1
CCCGTGACAGTCAC,27,True,1
AATAGTTCTATTAC,27,True,1
CGATATGTCAAGGT,27,True,1
TTGCTATGATATTC,27,True,1
GAACATCTTATCAG,27,True,1
AAAGGATGTGAATT,27,True,1
CAATCTGCTTTGGA,27,True,1
GCAAAAACCCGCGT,27,True,1
TAATCGTTGCTAAG,27,True,1
CATGCTTAGGCAAT,27,True,1
TCGACTGTGATGTC,27,True,1
GGACTTTATAACAT,27,True,1
ACACTAACCCAACC,27,True,1
CACTACACTAGAGC,27,True,1
TGCTCCCTGACCCT,27,True,1
ATGTTCGAGCTATC,27,True,1
TCCCAGTTGTCGGG,27,True,1
AGGGAACAAAGCCC,27,True,1
CCCCCCCCGGTAGC,27,True,1
ATATGGTCATTTCG,27,True,1
ATACATCCATCTAA,27,True,1
TGATTCGGTTGAGT,27,True,1
TCAAGAGTTTTAAT,27,True,1
TTGGGATCTAAACC,27,True,1
CATTATACTCGACC,27,True,1
TATGTTGTAGGACC,27,True,1
TACCTCATATGGCA,27,True,1
CTCCCGGCTAGTCC,27,True,1
AGGAACATCGTCTA,27,True,1
GTCCAATGGCCGAC,27,True,1
CATGTAGTTGTAGA,27,True,1
AGGCCTCTCTGCAT,27,True,1
TCGACAGTAATAAA,27,True,1
TGCGATGGTCACTC,27,True,1
TGGGACTGGCTGCG,27,True,1
TCCATCATCTTTCG,27,True,1
TACCTACCAGTCCT,27,True,1
CTCGCGAGCTAAAA,27,True,1
TGGTCAATTGAACA,27,True,1
CTACTCTCAGAGAA,27,True,1
GGACTGACCTCTAG,27,True,1
GGTTCCCTGAGGAA,27,True,1
GATTCAAAAATGTA,27,True,1
ATGTATCTATTTAC,27,True,1
GACCAAATGACTCT,27,True,1
CCGCTTCGGTTGGT,27,True,1
TTGTCCGGAGCCAT,27,True,1
ATGAACACGATCAT,27,True,1
TAACGATAGGACCA,27,True,1
CATAAGGGTCCTAC,27,True,1
GCACCTAAAGCCGA,27,True,1
AGATGAACAACATT,27,True,1
TGCTCTCTCCCACT,27,True,1
GCATGTCAGTTCCA,27,True,1
CCAGCCAACCAATC,27,True,1
TGTGAATCGTTTGT,27,True,1
TCTCTTTAACAGAG,27,True,1
TCCACATAGCTTTG,27,True,1
GTAACATTTTTCAA,27,True,1
TGATAAAATCCTTA,27,True,1
CAATCATACGGAGA,27,True,1
TCCCAAGGTACACT,27,True,1
TATATACCGGATTT,27,True,1
TACAAATCTTGCAG,27,True,1
CTGCATTCGCGTCG,27,True,1
GGGTCACTATAGAC,27,True,1
ATATAGATAAAACG,27,True,1
GGGTCCAACAAAAC,27,True,1
ATCTTTCTTAAGTT,27,True,1
TCCATCGCCATAAG,27,True,1
CTGATTCTATCCAG,27,True,1
TTCATACGTCACCG,27,True,1
TCTACGCTAAGACG,27,True,1
AAGTTAACGGGACC,27,True,1
TGGTGCGAATGCAC,27,True,1
ATGGATGTTCAAAA,27,True,1
ATCTCAAATCATCA,27,True,1
GACCGTTAGAAGGT,27,True,1
AGATGTAGGACTCT,27,True,1
AAGCTATTTTATGA,27,True,1
TCCAAAGATGATTT,27,True,1
TCGGATCTTTATGG,27,True,1
TCGAATACTTTTTA,27,True,1
CGATGGATCGTCAA,27,True,1
GAGGCTCGTTGCCT,27,True,1
TCACAGTTTAAGGC,27,True,1
TTATATTGCATTTT,27,True,1
CGATGATAGGGTCT,27,True,1
CCCACACGCACCCG,27,True,1
GATGATCGCCCCTT,27,True,1
CGAGGCCCCGGACT,27,True,1
TCGCTTGTATCGGA,27,True,1
GAGGGAAAAACGAC,27,True,1
TATAAAGACTACAC,27,True,1
TGTTATTCGTATAA,27,True,1
AACGAAGGTTACGG,27,True,1
ATGTTGCGTTAAAA,27,True,1
ATATTAAATGTCCT,27,True,1
TTGGATGACAAGGC,27,True,1
AATTAAAGCATGGT,27,True,1
TTACTCAGTCGCCT,27,True,1
CTCTTTCTCATCTG,27,True,1
ATGCCCAATGCAGG,27,True,1
TACTAGTGCCTTAT,27,True,1
TGTTGTCAGTGGCA,27,True,1
TCACTATAAGATTA,27,True,1
AACAGTGTCGCACG,27,True,1
CACTTTGACTAATT,27,True,1
AGGGCGCGGTTCAG,27,True,1
TCTGAGACTCTTAA,27,True,1
CGGCCCAAAGGCCC,27,True,1
TGTTGTCCCTGCGT,27,True,1
AGGAGTAGAGCTGC,27,True,1
TAAGGAAAAAGTTT,27,True,1
TACTATTACCTCCA,27,True,1
ATAGAAGCGGATTC,27,True,1
CTTCCTCCACTCCT,27,True,1
CTCTCCGTTCAATG,27,True,1
TGATCCGAAGTAAT,27,True,1
TTGAGTATACATAT,27,True,1
GCCTATCACAAGTT,27,True,1
TAGTAAGAGACTGC,27,True,1
ATCGTATTCTCTTT,27,True,1
CAGTGAGCTCACCC,27,True,1
TACAACCTCTCGCC,27,True,1
CCACGTGACTCAGC,27,True,1
ACCATAAGTATTTG,27,True,1
TACATTGGATCGGT,27,True,1
TCATAGATACGGTC,27,True,1
TGTTGCATAGGCTA,27,True,1
TATGAGTCGAAATA,27,True,1
TGTCAAACTCAAAT,27,True,1
CCTTCACCGGTGCA,27,True,1
TCATGGTAAAGCGA,27,True,1
GCCCTATTTTTCAA,27,True,1
TACAACCCACGATA,27,True,1
ATTGCGTTTAAGTC,27,True,1
ACTACTAAGTCATC,27,True,1
TACCCAGGCGGGGG,27,True,1
GATCTCTATCACTA,27,True,1
GAACCCAGAACGAG,27,True,1
TGTTTGATTGATAT,27,True,1
TGACTTTACTTAAG,27,True,1
GAATCACAATTAGG,27,True,1
TTGCACGAGGATAG,27,True,1
TCTTAGACAGACTA,27,True,1
GAACTGGTACGAGG,27,True,1
CATCAACTAGTTAT,27,True,1
CCTATGAATAGATC,27,True,1
TTAGCTGCATGGGT,27,True,1
TTATTAATAGTGGA,27,True,1
TACATAATTATATT,27,True,1
TACCATCAGCGGCA,27,True,1
CCGCCTTTACCCCT,27,True,1
CTCTCCTACATAGG,27,True,1
TGGATACTCGGCAC,27,True,1
TGACTCCCTGTCAA,27,True,1
TCCTATCTGCGAAA,27,True,1
CAAGTCAATGCACT,27,True,1
AAACCCCCAGACGT,27,True,1
AGTTCTTACTTAAT,27,True,1
CTGGGTTCTGGGCC,27,True,1
GAGGATATCGATTC,27,True,1
TACAGAACCTGTAC,27,True,1
CTCTTATTTAATCC,27,True,1
GCCCCCTCGTCCCT,27,True,1
AGACCATAGCGGGA,27,True,1
CTCTTCAGGGCTAA,27,True,1
TCTATTCCCCACGA,27,True,1
TGCACGAACACATG,27,True,1
TTCCTTAGTTTTAT,27,True,1
AGTGCAATAATATC,27,True,1
GTTGTGGGTTAAAT,27,True,1
GCACGGGTATGGTC,27,True,1
TGCCAGCCTCTGGC,27,True,1
AGTGTGAAACCTTT,27,True,1
TGCTCGTTATATGC,27,True,1
TGCTCGCCGACGCG,27,True,1
TATGTAGGACCTCT,27,True,1
CACAGCTGAAAAGA,27,True,1
GGAGGTTGCCCCAA,27,True,1
TTTGTTGATAATTC,27,True,1
GCAGTCCACGTATG,27,True,1
TAAACCGGAGACCC,27,True,1
GTATATCCTCCACA,27,True,1
ACCCAGGTTGATCG,27,True,1
ACAGACTCGAATGG,27,True,1
GGGATCGAGTAATG,27,True,1
TCCCCCAGGGAATA,27,True,1
TCCGGCGATCAATT,27,True,1
GTCACTCTATTCGG,27,True,1
GCAACTGATTTGCA,27,True,1
CACTTCACAGTCTT,27,True,1
TCGAAGCGCAAAGT,27,True,1
TTTCAAGATTAGAC,27,True,1
TTCACACTCGTAGA,27,True,1
GTGACCAAACATGA,27,True,1
TGGCTTCTAACACG,27,True,1
CCTAATTAGCTTCC,27,True,1
CTCTCCCCACGTAA,27,True,1
CTGAATGCCTTCTG,27,True,1
CATCAATACTTATA,27,True,1
ATTCAGCATACGGA,27,True,1
AGGAATGGGTTCCG,27,True,1
TATCTTACTGATCG,27,True,1
ATCGTTGCCCGAGC,27,True,1
ACTCTAGGTTTTGA,27,True,1
TCAGTTGGTTAATA,27,True,1
GTAAAGCCAAATAC,27,True,1
AACATAATTTGTAT,27,True,1
TTACGTATTTTTAA,27,True,1
AGCTTAGCTCCGCC,27,True,1
TTGCAGTCCGCCGC,27,True,1
GGCGAGAATGGGTC,27,True,1
CGCGAGCCTACAAG,27,True,1
AGCCCGAGAGGTTA,27,True,1
TATATCGTTACATA,27,True,1
CTCATCCCTATCAC,27,True,1
CTTCCCCCAGCAGT,27,True,1
TAGCCGGCTTATAT,27,True,1
TTTAACTAGTGCCT,27,True,1
TACCAACATATAGT,27,True,1
CTATGGGTATATTA,27,True,1
GTGCCATCACAAAG,27,True,1
TAAAACTACCCTAA,27,True,1
CCTCGTCCTCTTGA,27,True,1
AGAATGAGTAATTT,27,True,1
ACATTAACAGCGCA,27,True,1
ACCATTTTCAGTGA,27,True,1
GATCCGCTAAAGAC,27,True,1
TCATTATGGAGCAA,27,True,1
TCGTTGATTTAAAT,27,True,1
AACATAACTCTCCC,27,True,1
GACACACGCAAAAT,27,True,1
GCAACGCGACGACC,27,True,1
TAGCCAAGGATGGG,27,True,1
TAGGTGTCATTAAG,27,True,1
CTGACGACGATGAG,27,True,1
TGTACTTCTTCCCC,27,True,1
TACAATAATCAAAT,27,True,1
TAAGAAGTACATCC,27,True,1
AAAACTGTATGATA,27,True,1
TTCCTTATTAACGC,27,True,1
TGAGCATTATACGA,27,True,1
CGACAGACTGACTT,27,True,1
TACGACAGACAGGT,27,True,1
AACCTAACGCGAAC,27,True,1
TGGTTCAGTAGGGT,27,True,1
TATGACTAAATGTA,27,True,1
TCACTTCTAGATTC,27,True,1
TAGACAAGCAGGGG,27,True,1
TGTGTAACCCCATT,27,True,1
TGCCACTGTCACCC,27,True,1
TGAGTAGTAGCGCC,27,True,1
TCCCGAATGACACA,27,True,1
CATGGGTATAACTT,27,True,1
CGACCCATCACAAA,27,True,1
GCCCTAAGTTAGGA,27,True,1
TATCCCATGTCAGG,27,True,1
CTATAACAAATTTT,27,True,1
TCAACTTGCGTCTT,27,True,1
CAGTCGGGATCGCC,27,True,1
GTGCAGTAGTGTGA,27,True,1
GTGGGCGGTTGCGA,27,True,1
GACGTATGGAAGCA,27,True,1
CGAAGCATAGCGTT,27,True,1
CAGGACAATAAGAG,27,True,1
CCTCCAAATCCTCA,27,True,1
TGGTTTGTTATTCT,27,True,1
CGATCCTAGCGACT,27,True,1
TGATGATAGCTCCT,27,True,1
GTAAGCGAACGATA,27,True,1
GGTGTATTACGAAG,27,True,1
AATACCCGTTGGAA,27,True,1
GCGATAATCCCTCG,27,True,1
CATTACATACTCCC,27,True,1
GGTTGGAGGTGTAC,27,True,1
TCTCGTGCTCATAC,27,True,1
TTCTCTTAAAATTC,27,True,1
GCCTCCCTGGACTC,27,True,1
TGGAAGGATAAGGA,27,True,1
TACAATTACTTGAA,27,True,1
TAATAAAATCAATT,27,True,1
ACGGTCAACGCCCC,27,True,1
GTATCGCGATAGTT,27,True,1
TATTGGACATAAGT,27,True,1
TTATCTCTTGATAT,27,True,1
GAGGCAGCGATCCT,27,True,1
TAGGTTCATTGCTT,27,True,1
CCGCGCTTTGACTC,27,True,1
AATGCCCGCTGTAA,27,True,1
TCAGTAGTCCATAG,27,True,1
CGAATTACACTTCT,27,True,1
CTAAGGATCCATGA,27,True,1
TAAATAGTGTACAA,27,True,1
TACCCATATCCTTA,27,True,1
ACACCATATCCTTA,27,True,1
TCTCCGCTCTCCCG,27,True,1
CAACACGCCCACGC,27,True,1
TGGCACTACTATAA,27,True,1
CCGGCACCATTCTA,27,True,1
CTTCTCAATCCAGC,27,True,1
CTAACACATGGTGA,27,True,1
CTTGAACCTAGGAG,27,True,1
CACGCGTATCGAAA,27,True,1
TATTAGGATATCAG,27,True,1
AAAGGAAGATAAAT,27,True,1
ATAACTCCTCCATC,27,True,1
TTATCTTGCCGACT,27,True,1
GGTAGTTATAATGC,27,True,1
GTATTCATATGATT,27,True,1
AGGGCAAGCCACCT,27,True,1
TGCACTCTAATAAC,27,True,1
CACGCCAGCCAAGA,27,True,1
TAAATTATTTCGGA,27,True,1
AAAGTCTTAAAACT,27,True,1
TGCTCTTCATGACC,27,True,1
TGCTAATTCAGAAC,27,True,1
CATAATGAAGCAAA,27,True,1
TGGGCTCGTATACA,27,True,1
AATACGTTTAAGGC,27,True,1
GGACAACCCGCGCG,27,True,1
TTCATATTTCTTAT,27,True,1
TACATTATAAATAG,27,True,1
AGTACTGAGAGTAG,27,True,1
TGGGTCATAAATGG,27,True,1
CCACCTCACCATTA,27,True,1
ATGGGTTGTCCAAT,27,True,1
AGCCCTTACGACGC,27,True,1
CCACGCCATCGGCC,27,True,1
TACACTTGACCCTT,27,True,1
CCCCTCCCCAAGAG,27,True,1
TCATTCCATAACAA,27,True,1
TAGATGATAAACAA,27,True,1
ATAATATGGTATCC,27,True,1
ATGGGAGTCTGGTA,27,True,1
TACGATCCAGTGAC,27,True,1
TGCAAAGAAACATA,27,True,1
ATAAAAAACACGGT,27,True,1
AGAGGACGTCATGG,27,True,1
GCCAACCAAGTTAG,27,True,1
AAGACTAAAAACAA,27,True,1
AAGGAAGAGGGTGT,27,True,1
CACTCTACAGCAGC,27,True,1
CTACCAGCGTCTGT,27,True,1
TCTCCGGACCCCGT,27,True,1
AAAGCAACTGTCCG,27,True,1
CTTCTTGCAGACAA,27,True,1
TTTGTTCATAAGAT,27,True,1
CCAGGAACTCGTAA,27,True,1
TCAATTATTAGTGA,27,True,1
CATCTTCCAACATC,27,True,1
ATTGATGACTTGAG,27,True,1
ATGTGACGAGGGTA,27,True,1
ACCCATCTGAGTGC,27,True,1
TGCAAAACCAGAAA,27,True,1
TCCGGAAGCATCAC,27,True,1
CCACACGTTTACTA,27,True,1
CTAGTATCGACTAA,27,True,1
TCTTTAAGAGCAAT,27,True,1
CGAGATTCAGAAGC,27,True,1
CCCCCCCCACCATC,26,True,1
TACCTCGTCCACGC,26,True,1
AACATCCACGATCC,26,True,1
AACCGTAGACGGTT,26,True,1
CCACCTCCTTACAC,26,True,1
TAGATAGCGCCATT,26,True,1
TTGGACAAAGAGTT,26,True,1
TGTTAAAATGACCC,26,True,1
ATGGATCCCGTATA,26,True,1
TGTTCGATTGTACG,26,True,1
ATGAAGTCCCACCG,26,True,1
TTACCGACGCAGAT,26,True,1
TCATGTGTATAACG,26,True,1
TACATGAACGAAAG,26,True,1
CACCGACGGTCAAT,26,True,1
TCCATTAAGATACG,26,True,1
CCACCCGCCGAAAC,26,True,1
CTGTGCCGAACTGC,26,True,1
CGACTATTAAATAT,26,True,1
AGAACACCTCGCCC,26,True,1
AGAAACATAGGTTT,26,True,1
AACAAATATTTGTG,26,True,1
AATGCGCTTCGAAA,26,True,1
GATGTTAAGATCAC,26,True,1
CTACAAACGGCCTC,26,True,1
TACCAGAGGGTTTA,26,True,1
TAATCCCTCACACC,26,True,1
AGGAAGAAGGAATT,26,True,1
ACCAGTAGCCCAGT,26,True,1
TGACCTGTTATTCA,26,True,1
TATGGGTACTCGGA,26,True,1
ACAGCTAGTACAAA,26,True,1
TATCTGTGTTAGAG,26,True,1
TAATAATTTCTTTG,26,True,1
TCCTTCTTATTAGT,26,True,1
TATATGAGCGTGAC,26,True,1
CCCACCACTAAGGG,26,True,1
CAAGACAACTTAAA,26,True,1
TATAGCTCACACCA,26,True,1
CCTCGTCCCTCATC,26,True,1
TATCTCAATATATC,26,True,1
TGTTAAGGGATCTC,26,True,1
TTCAAGACCTCATT,26,True,1
TGTTTTATAGTACC,26,True,1
TCAGATTGTCCATT,26,True,1
CGCTAATCCAGCGC,26,True,1
GACTGAACAAGACT,26,True,1
ATTGCTGGGTCTTA,26,True,1
TGTTAACCTATGAT,26,True,1
GAGACGGTACCCCT,26,True,1
TTTCCTAGGCCTTT,26,True,1
TGCCAACAATGCTG,26,True,1
TTACTGGTAAATTA,26,True,1
AGACCCGCATCTGT,26,True,1
TATGCAGGCATTCC,26,True,1
TCAGAGAATCGCTT,26,True,1
ATACAGATTATACA,26,True,1
ATAACTTTCTCAAA,26,True,1
CCCCTGTTCTCTGC,26,True,1
AGAAAGGCTCGATC,26,True,1
TTACGCACTGCCAC,26,True,1
CACCAATAACAGGT,26,True,1
TATCCGCACGCTCG,26,True,1
TTCAGCGCTCTCCC,26,True,1
GCAAGGTCGATAAC,26,True,1
ACAGAGATTCTTGT,26,True,1
AGACTGCCCGTCAA,26,True,1
TACGCCCTTCAACG,26,True,1
AATCTCTGTCAATT,26,True,1
TCTTCAAACACACC,26,True,1
TACAAACAACCGAA,26,True,1
TGATATGGGAGAAA,26,True,1
CTTTGAACTTAACG,26,True,1
CCCGCATGATACCC,26,True,1
GTGGACTCGTTCAT,26,True,1
GGATTAACTTAGAA,26,True,1
GGATCCTTAGGGTG,26,True,1
TGTGCAACTTAAAT,26,True,1
CCACTACTGGCCCT,26,True,1
ACAAGTGAGGCTAA,26,True,1
CCAACCCTCAGTTA,26,True,1
AACCATCTTGTTTT,26,True,1
TCCACCAAACTACT,26,True,1
ACTTTAGGCTAGCC,26,True,1
CAACAGATGTCAAA,26,True,1
TGAAGAGAGGTATT,26,True,1
CTAGTTTTTTCTAT,26,True,1
TTAGAAAATACATG,26,True,1
TTCTCACTAAGGCG,26,True,1
TGATGATTATGGGG,26,True,1
TGAGGACTTTGGAA,26,True,1
TAGGTACCGGGGCA,26,True,1
TGGGACGCTTGACG,26,True,1
CATAGTTCTACAGG,26,True,1
AAGAAACTTTTTTT,26,True,1
ACAAACATTAATAA,26,True,1
AATGACTGTTATTA,26,True,1
GTAATGGATGGCAA,26,True,1
CATCTTGTTATGTG,26,True,1
CATGGTTTATTAGA,26,True,1
CTGCCCGTTTTGTA,26,True,1
GCAACATGAAACTT,26,True,1
TGAAACGTAGACTG,26,True,1
CTTGTCACTACTTC,26,True,1
TGTATTCGCTGCGC,26,True,1
GCACATCTTAGCGA,26,True,1
AACCTAAAAAGTTC,26,True,1
CTTCCGCGGCGCAA,26,True,1
TACAAGCCCGCGAC,26,True,1
TCACTGCGTATAAG,26,True,1
TCCTCTTAGCATTA,26,True,1
TAGCGAAGCCTTAA,26,True,1
TATTGCTGTAAAAT,26,True,1
TAACAGCCACCGGT,26,True,1
ATACCGACCGACAT,26,True,1
CCAATCCCTTGCCG,26,True,1
CTCAATCGCGTCGA,26,True,1
CATAGTTGTGAATA,26,True,1
GGAGGTAATCGGCC,26,True,1
CCAATCCGTGTATG,26,True,1
AACAGAAATATAAC,26,True,1
ACGCTTGCAGTGTA,26,True,1
CAGAGGCGAGTACT,26,True,1
TTGTTCCGCAATCA,26,True,1
CAATTGCTAATGCT,26,True,1
TATGCCATCTGGCC,26,True,1
GTAGGATACCGTCA,26,True,1
CACCGAAAGCGGCG,26,True,1
TGCAACCGGAGCTC,26,True,1
TACCAGGAGGGTCC,26,True,1
CTAAGGGATGAGTA,26,True,1
ACCAAGAACACTAA,26,True,1
CTAGACCGCATTTG,26,True,1
TTACAATTCTACAA,26,True,1
GGGAACCAGCCTAT,26,True,1
TCTTCTCCTTCTTC,26,True,1
CCTGGTCTTGAAAG,26,True,1
GAGCGAGAAACTGC,26,True,1
TCATACAATACCTC,26,True,1
TAACTACCGGCGGA,26,True,1
TTATGTCTCGTTCA,26,True,1
TTTTACGCCCGGCC,26,True,1
TGGCCGTCTATATA,26,True,1
TTATACTCTTGTTC,26,True,1
TGACATAATCAGAG,26,True,1
TGAGTCGATGTAAT,26,True,1
ACCTCACATACTTT,26,True,1
CGATCTTTAATCCC,26,True,1
CGATATTGACTGAC,26,True,1
TGATCCGCCGCGAA,26,True,1
TCCAGTTTTATAAA,26,True,1
TAGACTAAGTCCAT,26,True,1
GCCAAGTTGTCATA,26,True,1
TCCTATGCATATCC,26,True,1
GGTAAATACACAAA,26,True,1
ACCGCCGTAGACTG,26,True,1
CATAAGAGATTAGT,26,True,1
GAAGTGTCTGTGGG,26,True,1
GTAATCCGAGGATA,26,True,1
CCCCAAAGAAAGAT,26,True,1
CCCTACACGCACCC,26,True,1
TGGACATTGTGACG,26,True,1
TCCCATAATCAATC,26,True,1
CATGCTAATAGTCT,26,True,1
GGCCTACTGGGTGC,26,True,1
ATGGCGCTACTTTC,26,True,1
GAGATATTAAACAG,26,True,1
GGTCTACGATCAGA,26,True,1
TGTATCTAAGTAAA,26,True,1
GAAGACTACACACT,26,True,1
TTCGAAGCATATTG,26,True,1
AGTGATCCTTCATT,26,True,1
ATATAGAGTCCGTT,26,True,1
CTGAACCCTCCTAG,26,True,1
GTCAGGAGGGAAGG,26,True,1
TCACCCTTATAGAG,26,True,1
GTAACATCGCACCT,26,True,1
GACGTTCCCATGAT,26,True,1
TTAACATCAGGTAC,26,True,1
ATGCTAGGCACAGC,26,True,1
GACCTGTAAGATAT,26,True,1
TTCGTTTATATATT,26,True,1
CGCTCCGCCAAGTC,26,True,1
TCAGGATGCGAGAC,26,True,1
TTCCCCGTGTCCCA,26,True,1
TTCTAGGTGACTAT,26,True,1
TACTGGCATGTACA,26,True,1
ATACACTAGTAACA,26,True,1
CATCAGGACCAAAG,26,True,1
CGCCCTATCTTGGC,26,True,1
TTCAATGCAAGCTT,26,True,1
TTATAGGGTCGGTT,26,True,1
ACAATAATCATTGC,26,True,1
TTTCCAACGGTTGA,26,True,1
TAATACTTGTATCT,26,True,1
TATACTCAAATAAG,26,True,1
CTGTCGGAGAAAAT,26,True,1
GTACTCTAAACATC,26,True,1
TCATGACTCTTAAT,26,True,1
ATGACACAAAGCCC,26,True,1
TTAAGCAATAGCAC,26,True,1
CACCCTTCAGGCGT,26,True,1
CTAACGCAAGCATT,26,True,1
TATAACAATTAATG,26,True,1
GTTGAGACAAGCCG,26,True,1
TAGTCGATGTCCAA,26,True,1
AGATCTGCAATACA,26,True,1
CGGGTGGTTTAAAA,26,True,1
TAACCACGGTGTAC,26,True,1
CCATGATCTTACCT,26,True,1
CAACTAGCCCTCAT,26,True,1
TCGCCTCTCGACCC,26,True,1
CTCGACGACTAACC,26,True,1
TTTACCGATACCCG,26,True,1
TGGGTTCCTCCCTT,26,True,1
TTATTGTTGGGCTG,26,True,1
TTCGCCGGAGCATT,26,True,1
GCACGCATAGAGAC,26,True,1
ATAGGCTCAAGTCA,26,True,1
TTCAAATATACTCC,26,True,1
GCATGATTTGGAAG,26,True,1
ACATTCTTAATATA,26,True,1
GGGTCGGATTTTGT,26,True,1
TTGGACAACGTTAA,26,True,1
TATAGGCCTTGCCG,26,True,1
TGAATTATGCAGTG,26,True,1
ACAGGCAAGTGCCC,26,True,1
CCATCGTCCATCCC,26,True,1
GTCGCATCCCCCTA,26,True,1
TTCGACGTGGCCCC,26,True,1
TTGCAGCAAAGTCA,26,True,1
GCCTTAACTTGGAT,26,True,1
GCATAAGACGTGCA,26,True,1
AATTGAAACGCATC,26,True,1
CCGGATCATTTACC,26,True,1
GCAATCATGTACTG,26,True,1
AAGCGATTGGGACC,26,True,1
AGGTGCCACCGCGC,26,True,1
AACGAAGGCCACCA,26,True,1
AATCATATTGATAT,26,True,1
TACAGACAAAAGAG,26,True,1
GTATGAATGACGGG,26,True,1
GATTCTAATGTGCG,26,True,1
TGGGAATAAAAGCG,26,True,1
TGGTCCGTATCTCC,26,True,1
ATACAAGCATACAT,26,True,1
TTGCTACTGACGAC,26,True,1
TACAGACGGTTGGT,26,True,1
GAGCATACTAGACT,26,True,1
CGATCACCAGATCC,26,True,1
TAATAGCGCTGGCC,26,True,1
TAATCTTTTAGCTC,26,True,1
GATCTTGCCGCAGG,26,True,1
CTCACCATCTAATC,26,True,1
TGCTAGTTTCTAAT,26,True,1
TGATGTTCCCAAAC,26,True,1
GTCGTGAACACTCC,26,True,1
TGCCCAGAGAATCA,26,True,1
TGAGAGGATACTCA,26,True,1
GCGCTACCTCCGTG,26,True,1
CTGGAAATTCGAAT,26,True,1
CTACCCCTTGTAAA,26,True,1
CCCTCGAAACGTGA,26,True,1
CAAAAGGTACAAAG,26,True,1
AGGGACGCATGCCA,26,True,1
ATCCTTGAATAAGA,26,True,1
AATAATATTTGCGG,26,True,1
AACGCCAAACAATG,26,True,1
TCATCTATTCAATC,26,True,1
TTAGCAGCGCTAGT,26,True,1
ACCCCTTACTCGCC,26,True,1
CTGGTGCATAGAGA,26,True,1
TTCCTCCCGGCCCC,26,True,1
TATTTATAAACCAA,26,True,1
CTATTCCTGTCATT,26,True,1
ATTTACGGCCTCAA,26,True,1
CCCGCTTTCGATGA,26,True,1
CACGTTTAGCTTAT,26,True,1
GCACTTGTATCTAT,26,True,1
TCAACTGAAAAACG,26,True,1
TAATCCATTACTAT,26,True,1
TAACCACTACCAGG,26,True,1
ATGACGAAAACGGG,26,True,1
CGAAGGCATACGTC,26,True,1
AGTCTAGTTCTAGA,26,True,1
TAAATTTCAACTTA,26,True,1
CCCGTGGCTTACCA,26,True,1
GGACACATCGGCCG,26,True,1
GATCGACTTTCCCG,26,True,1
TGGCCGACGTACAG,26,True,1
ATGTGGACTACTTT,26,True,1
TTGAAGGAATGGAT,26,True,1
CAACGGCCGTTCTG,26,True,1
TGAGCTGTATCCCT,26,True,1
GCACAGCCGAGGAG,26,True,1
TATCCAATATGTCA,26,True,1
CGACCATCGATACG,26,True,1
TGTGCAGGTGGGTT,26,True,1
CAGAAAGGTAACCG,26,True,1
CCGCCCCTCAACCC,26,True,1
GCCCTACCACTATC,26,True,1
CCTCACATGACCTA,26,True,1
CCCTGAGCATCACC,26,True,1
TGGAAAGCTTATAA,26,True,1
TGCAATGCAATACA,26,True,1
AGGAAAGCGGGGCT,26,True,1
GTTTTTACGCCATA,26,True,1
CGACGCACGACTTA,26,True,1
ACTAATCAGACGGA,26,True,1
CCATAAGCGCTATC,26,True,1
TCCGTATTTGCGGA,26,True,1
ATATGCTGTTTGCA,26,True,1
TGTATTGGGGTGTC,26,True,1
TCACGCAACATTGC,26,True,1
CTGTTCCTGATTTA,26,True,1
CGTCCCGCCATGTT,26,True,1
GTATCACCGCCGCG,26,True,1
TAGCTGATGCCGCT,26,True,1
TATCTTGCATACGC,26,True,1
TGGCCGCCAACGTT,26,True,1
TACTTTAGTGAGTC,26,True,1
GTAGATTCATAATA,26,True,1
TCATTCGAAATAAT,26,True,1
TGTTCCTATAGAAC,26,True,1
TTATAAGTATAGGT,26,True,1
TGCATGAATTCTAT,26,True,1
GTCCGATTTTCGAG,26,True,1
CACATGGCTTTGAA,26,True,1
CCTCCGCACCTACC,26,True,1
CTATTCGTTATAAC,26,True,1
TCCAAAGAGTCGCG,26,True,1
GCCACCTTCCAGCC,26,True,1
GGCATCATTAGAGC,26,True,1
ACACCGAGCCCCCG,26,True,1
CTAGACCCCATTGA,26,True,1
TCGACAACATACTG,26,True,1
GAAGAAGCAATGTA,26,True,1
CCCGCCCGGGGGCT,26,True,1
GACATGGAATCAGC,26,True,1
TTCGGCGCCTGATT,26,True,1
ATCATACGAGTAGC,26,True,1
CTGTAATTGGGTAA,26,True,1
CAACGAAGGCGTGT,26,True,1
AGGTATATTAACAA,26,True,1
CAAAGATGGTTTAC,26,True,1
TAAATATTGCAACA,26,True,1
CCCAACCTGGCGTT,26,True,1
ATATCCCGAGTCGA,26,True,1
TCTCCCAAAATGTT,26,True,1
TCCTAATGAATACC,26,True,1
AGTGAGACAGCCGA,26,True,1
TTGTAATCAAAAAT,26,True,1
CCTCGCCCTGCCGC,26,True,1
CATTATCCGATGCC,26,True,1
TCTTGAACTGGACT,26,True,1
GTGCCTAAGATAGG,26,True,1
CTAACTCATTCGTG,26,True,1
GTGAGATGTTCCCT,26,True,1
CGACTATCTCTTCC,26,True,1
TCGAAGCTGCACGA,26,True,1
TACACAGGAAGGCA,26,True,1
CCACACGGCTAGTC,26,True,1
GTATAACTATATTC,26,True,1
TGCCGATAATTTCA,26,True,1
AGATTCTAGTTCTA,26,True,1
TACCATCGCTCAGC,26,True,1
TGGACTAAGCGCAA,26,True,1
TTGTAGTATGTGAC,26,True,1
ACAACATTTATGTG,26,True,1
ACGAGGCCTGCCAG,26,True,1
TTCCACATATAAAT,26,True,1
ATTTGCACCTATCC,26,True,1
TACCAGACCAGACT,26,True,1
ATCGATCCACACCA,26,True,1
CGGAATCCAGGCAG,26,True,1
TGCTACGATCCCAG,26,True,1
CTAGCTGATTCGAC,26,True,1
CATCTTCAATGAAC,26,True,1
CCGTTAGTAGCAGG,26,True,1
AAAGCTTGTCCAGT,26,True,1
AGTGCGATTTCAGT,26,True,1
ACAAGCGATTCCAA,26,True,1
GTACATCCGCGCTT,26,True,1
TTGCCATACTCTAA,26,True,1
CCCATAATGTCCTC,26,True,1
AAGGACACGAACAA,26,True,1
CTCATGAGATTGGC,26,True,1
CCCGTTAATAATCG,26,True,1
TTTTGAACCGGCTC,26,True,1
GATCTAATCCTGTA,26,True,1
CATTGGAAGAGCTA,26,True,1
TGGTCATAAAATCA,26,True,1
ATACGTTTGGTGCT,26,True,1
ATTCCTTTAATACT,26,True,1
AGATCGAAAGTTTA,26,True,1
ATTGAATTGTTCTG,26,True,1
AGATGGCCCTCAAT,26,True,1
CCTTTAAATCTTAC,26,True,1
CCCTGACTTCTACC,26,True,1
CCCATCCTTGCATC,26,True,1
TAAATAGGGGAGTG,26,True,1
CAGGGCAGTCACCT,26,True,1
GTACATGCGGTCGG,26,True,1
TGTCATTGAGTAAA,26,True,1
CACAATCTTGTACA,26,True,1
CTCCCTACTGCATT,26,True,1
TACTCCTTCATACT,26,True,1
AATGATTGCCTCTA,26,True,1
TCTCTATAGCTCAA,26,True,1
CCATTCGCTCGGGT,26,True,1
TGACTTATCCTTTT,26,True,1
TACACTAGGGATAA,26,True,1
TAAGTAGCTTTTAG,26,True,1
GTGAAAATGCTGCG,26,True,1
AGAAGGATTGTACA,26,True,1
TCTGTTGATCAACA,26,True,1
TCCCATTCAATTCC,26,True,1
GGTAAGGTAGACAA,26,True,1
TTGGATCTCTTCTG,26,True,1
TTTGAACTATCCCT,26,True,1
CAGCTACCCATTCA,26,True,1
CACAAACAACACTT,26,True,1
GAATCGGCAGTAAA,26,True,1
CTATGGGAAAAAGT,26,True,1
TGACCTCAGAAATT,26,True,1
GCAACACATAACTG,26,True,1
GCCACTAGCGAATA,26,True,1
GTAAATAAGATCCT,26,True,1
TGCAACAGGTGTTC,26,True,1
GAATCTGAATTCAA,26,True,1
TGAATATTGATCAC,26,True,1
TAAACAAAATCATT,26,True,1
AAAATACACTTTCC,26,True,1
TACTTACTGATCTC,26,True,1
CCAGGTGCTACTCC,26,True,1
CCACTGCGCCCTGG,26,True,1
TCCAGCATGCGAAA,26,True,1
TATGTTGATGACTT,26,True,1
ATAAACATTAGAAG,26,True,1
AGACGGAGAAACCT,26,True,1
TTATGAAATAATGT,26,True,1
GTCGCGATGTTACT,26,True,1
ACAAATGATTTATT,26,True,1
TGACTACTTGACCA,26,True,1
GGGATCGGCGTCTA,26,True,1
TGTAGGACAGATGT,26,True,1
CAACAACCATATGC,26,True,1
CCACGGGGCACCTA,26,True,1
CTCCACCTCGACCT,26,True,1
TAAGTGTAATTGGT,26,True,1
CATACTATGTAGGA,26,True,1
TCAGCTCCTACGCG,26,True,1
TGTTTCGAAATAAT,26,True,1
TGCTTCCCTACAGC,26,True,1
AGATACACGCCTGA,26,True,1
GTGCCTTGCACGCT,26,True,1
ATGTATCCCAGGCC,26,True,1
TACGTTAGAGTGAT,26,True,1
GGTTGTCCGCGTGC,26,True,1
TGCATGCGTGCATG,26,True,1
CATTCAGATTGTTT,26,True,1
GTCAAAGAACCTGT,26,True,1
TAGCGAAAGTTCAA,26,True,1
TAACGCCTGTCTCA,26,True,1
TGTGCGCGCAAACG,26,True,1
CACGAATGCCACGC,26,True,1
GGCATTCTCAGACC,26,True,1
TAAATACGTTAGAC,26,True,1
CAGACGGGCTTACA,26,True,1
TAGCCCTTGGCGTA,26,True,1
CATCTGTGGGGTGT,26,True,1
TGTGACCCCACGGG,26,True,1
TGTTCTCATTAATA,26,True,1
TACTCTTTTGATCG,26,True,1
CAGCCCTGGGGAGG,26,True,1
GACGCAGAGTCGCT,26,True,1
TTGCCAGGCTACTG,26,True,1
CCAAACTGCAGACT,26,True,1
CACAAACTTAACTC,26,True,1
TAAGTATCAGTGGC,26,True,1
TGCGAACTCCACTC,26,True,1
GCCGACAAACCAGT,26,True,1
TCGATCTAGGGCAG,26,True,1
GAGCAGCCTTGCTT,26,True,1
CTTTCAGTCACTCA,26,True,1
GCGCACCATGTGTA,26,True,1
TAATCACACCGTTG,26,True,1
TTAGGTCGCAGCGA,26,True,1
CCTACCGCGACGGG,26,True,1
CATGATATGTGAAT,26,True,1
CTGACTTGGACACG,26,True,1
GTGGACCTATATAT,26,True,1
AATGTAATAGACGT,26,True,1
TAAAATGTTGTGAA,26,True,1
TCACAAAAATACTT,26,True,1
TTATACAATGTACA,26,True,1
TAGACCTTCTTCGG,26,True,1
TTATGAAATCAGTG,26,True,1
TCTGTATGTTCCAG,26,True,1
TCATACAGTAAACA,26,True,1
TCCCTGGAAAGTAA,26,True,1
CGACTGTCCGGAGC,26,True,1
TTCTTGTCCATCCA,26,True,1
AAGATCAAAAAATT,26,True,1
AGGGAGCAATGGAC,26,True,1
ACCACAGGCTTACT,26,True,1
CTGCCCACGAGCAG,26,True,1
TATAACGCGAAGTA,26,True,1
CCCGTTAGAATCGA,26,True,1
AGGCCTAATAAATG,26,True,1
CGACGGCAGCAACC,26,True,1
GTACAAATAGTTTA,26,True,1
TTATTAGTAATCTC,26,True,1
CGATGAAGGCAGGT,26,True,1
CGTTCCTAGGAAAT,26,True,1
ACGACTTGTCCGCA,26,True,1
TGAATGCATAAAAC,26,True,1
CCCCATCCGTAGTT,26,True,1
AGAAGCGACTCGAT,26,True,1
TACCTGCCTTAGGA,26,True,1
CCCTGCCCTACCCC,26,True,1
GTTATCGTACGCTA,26,True,1
TAATGATCTATACG,26,True,1
TCCGTCCATCTATG,26,True,1
CAAACGAACATAGG,26,True,1
ACTTGCTGGCCCGG,26,True,1
ATGGAATAGCATAA,26,True,1
TTCCTCTGAATGAG,26,True,1
CGAGACGAACGGCA,26,True,1
GCTAGAGAGTATAT,26,True,1
TGGAACCACATCGT,26,True,1
CTGGTTCTATTCCG,26,True,1
GCGAGATCCCCTAT,26,True,1
AGACTGACCATTCG,26,True,1
CTAAATCTTGAGTT,26,True,1
CTGATATTCCTAAT,26,True,1
TTGAACATCCCCCA,26,True,1
TGCCGTGCCGCTAT,26,True,1
AAAACCATGAGGGT,26,True,1
GCTCCTACGCCCAC,26,True,1
CACGACCATTAATC,26,True,1
CTCCGGTCCACCAT,26,True,1
GGCAAAGTTTGAGA,26,True,1
CGATCCGCTTATAC,26,True,1
CGCCACCTGCGGAA,26,True,1
TGACTAAATTATAT,26,True,1
GCGACACTTTAGTG,26,True,1
CTTTCTCCGTCCGC,26,True,1
TGTGAGCGAACTGT,26,True,1
TCATAGACTGAGCC,26,True,1
AGGCTGGAGGTCGG,26,True,1
CTATGTCATAACAA,26,True,1
GACTACGTTTCCTT,26,True,1
CTTGCCCGCTATTA,26,True,1
TGCTCGCCCTCCTC,26,True,1
GTGCTTTAACAGTC,26,True,1
TAAGGCCGTCTCCC,26,True,1
TTACATTTTACGCT,26,True,1
AGCAGATACGACGA,26,True,1
CTGCCATAACACAG,26,True,1
CATGGGCGTATAAC,26,True,1
AAGGTCTTATCCGA,26,True,1
TTAGCCTTACCTAG,26,True,1
TTCCCGCGTACTAG,26,True,1
CAAGCCGCACACGA,26,True,1
TCTGAATTTGCCGA,26,True,1
CCGTAGAACAGGAT,26,True,1
TACATATTCCACCT,26,True,1
TAACATCGTCCTCT,26,True,1
TGCCATGGGTAAAA,26,True,1
CAACATGCTATGTA,26,True,1
CTACCATCCCCTGC,26,True,1
GCCGGTCTGGTACT,26,True,1
TCTCCTGGAAATCT,26,True,1
AACCAGGCACCTGA,26,True,1
CCCCCACCGCCGGA,26,True,1
CCAAGATTAGTATT,26,True,1
AAGGGTCAAAACGA,26,True,1
TTTCGTGTTGCTTT,26,True,1
AGAAACCTGTTGCC,26,True,1
CATACTATCGTGTC,26,True,1
CCAGGCTGTGGCAT,26,True,1
TTACATTCTAAAGG,26,True,1
TTCATAGACGTCTT,26,True,1
ATAGACACGAGCCG,26,True,1
CTACAGGTTCACTC,26,True,1
TGCTAATCCAGCGG,26,True,1
CAATAAAGTAACTA,26,True,1
TTCACCATTCTCTG,26,True,1
TAACTGGAACCTCG,26,True,1
CTGTCTATTGCATG,26,True,1
CTAATAGAGTGTCA,26,True,1
CGTAAGTCGAATTT,26,True,1
TACTCGTCCATCTG,26,True,1
GTTTGATACCCCTT,26,True,1
TATCATGTATCAAA,26,True,1
ATAAAGTAGTCTGG,26,True,1
TGGGATGTACATAT,26,True,1
GAGGCACCTGGATT,26,True,1
TGTAGCAATAGACA,26,True,1
TTCGATTCCGGCAG,26,True,1
TTGGTGACTCTCCC,26,True,1
TCCGTCAACCAATT,26,True,1
CTCTAAATCATGGA,26,True,1
TCACTATGATAGTG,26,True,1
ATTACTCCTACAGC,26,True,1
ATAATCCACCGTAT,26,True,1
GTGCTGTGGCGATG,26,True,1
GTCATCGGGAGTCC,26,True,1
TTTGAAGTGGTGTC,26,True,1
TGTCTAAACCTCAT,26,True,1
TAGCGAATGTTCAA,26,True,1
CCAGCCCACAGGAC,26,True,1
CTGCGGTCGTAACC,26,True,1
TGATCGGACACGTC,26,True,1
TCCAATACATACAT,26,True,1
ATAACTTAGAGCCA,26,True,1
TTGCTCTTCAAAAC,26,True,1
ATACTATCGACAGA,26,True,1
CGACACTATTTAAC,26,True,1
TATCTCCTTTATAA,26,True,1
TGATGGCGCATACT,26,True,1
AAGCACATGAAGTC,26,True,1
CATAAACTCCCCAT,26,True,1
AATGATTAACTGAG,26,True,1
CTTCACTTGTCCTT,26,True,1
CTCATGATTTTCAC,26,True,1
GTCCCGTGATCCTA,26,True,1
CCCCCAACCGGGCC,26,True,1
TACTACCCTTTGAG,26,True,1
TCGCGAAGCACGTC,26,True,1
GTGAACTTCTCCCG,26,True,1
TGCTAACTTACACA,26,True,1
TAAAATGCGTGAGA,26,True,1
GTAACGAACAACGA,26,True,1
CTCGTGCATTGATA,26,True,1
TCGTTTGCTTGATC,26,True,1
AATCTATGACGGTA,26,True,1
CCCTGCGGTATGAA,26,True,1
AGTCGATGCTAAAC,26,True,1
CACATGCCGCCAAT,26,True,1
CAAGGAGTAACAGT,26,True,1
CAGAACTATGCCAT,26,True,1
GCTAAGCCGAGTAG,25,True,1
TCTTTATGTCCGGT,25,True,1
TCGTGCTGTCTACG,25,True,1
AGTAATCTATGAGA,25,True,1
TCCATAACTCCAGC,25,True,1
TCAAAGCTGCGTAT,25,True,1
TCCAGATAATACGA,25,True,1
CCGCCCGCCAGGTA,25,True,1
GCCGCTCAAAGGCT,25,True,1
CGATTATAATTGAA,25,True,1
CTAACGACGTCACT,25,True,1
CAATCTACGGAATT,25,True,1
CTTGTGATAGTCGT,25,True,1
CGACACCGTTCAGG,25,True,1
CAGACCTAATATTA,25,True,1
AAGGTTAAACATAT,25,True,1
GTGTTACTTTAAGG,25,True,1
CTCTACTCTTAATC,25,True,1
CTAAAAGAAACATA,25,True,1
CTATGAATATAGAC,25,True,1
TCTGTGAACATACC,25,True,1
CTACAAACGTTTAC,25,True,1
CGCCTATATAACCT,25,True,1
TAAGTCCCTTTATG,25,True,1
ACAGAATCAACTTC,25,True,1
AATTAAAGTTTTTA,25,True,1
TAAAGACTGAAGCT,25,True,1
CCACCATCCTGGGT,25,True,1
AGGACAAGTGAAAC,25,True,1
AGCAAAACTATGAC,25,True,1
GCCCCTCATCAGTT,25,True,1
TACCATCTTAAATC,25,True,1
CATTGCGTCGTAAA,25,True,1
TCCACGCTTGAAAC,25,True,1
TGTGCCGTAAGAAT,25,True,1
TTACCTTGTCGGAT,25,True,1
TGAGCGCCGGATCC,25,True,1
TCTGTTCAGCTAAG,25,True,1
ATAAATGAACGGAC,25,True,1
TATTAGTTCTTGGG,25,True,1
CACGTACCGAAGTA,25,True,1
ACACGATTCTGTTA,25,True,1
TAACCTTCATAAAA,25,True,1
GCGGTGGAAAAACA,25,True,1
TGATTGTCGTTCTA,25,True,1
TCCCCATGCTATAC,25,True,1
CTCTACGTAATGTG,25,True,1
TTTTGTACTAGCGA,25,True,1
CGCATAAGGTTATT,25,True,1
CTTCTACCCTCACC,25,True,1
AAGGTGATTAAAAT,25,True,1
TTCATTTGCTGCAC,25,True,1
TGAGAGTCTGAGTA,25,True,1
CAAGCCACATCTTC,25,True,1
TCGCTTCCTCTAGA,25,True,1
TCCTTGGAGTAAAC,25,True,1
CCTCTTGAGATAAA,25,True,1
TAAGTAAGAGCGCC,25,True,1
TGAGTTTCATATTG,25,True,1
CACTTATATCTGAT,25,True,1
AGAAAAGCAGCAAC,25,True,1
TCCCTTTGCTAGAC,25,True,1
ACCCTGCCCTCGTA,25,True,1
CCCTATTTATGCTG,25,True,1
GCATTCTATTGTGC,25,True,1
TGGGATCGAAGGCA,25,True,1
AAGCCTTGTGGAGC,25,True,1
ATACAAATGTTTTC,25,True,1
ATGCCCCAAACAGG,25,True,1
TTGACGGGGAAATT,25,True,1
CTCCCAAGTCGTGG,25,True,1
GTGCGTATGGACGG,25,True,1
GAGGTAATTATGTA,25,True,1
TGAACTCTCTCAAT,25,True,1
TATCCCCCATCACC,25,True,1
CAGAGGAGAAACCG,25,True,1
TCCCCTCCACATAG,25,True,1
TGTTCGTTCACCGT,25,True,1
AGTGCTTCTTGATA,25,True,1
ATAGTTGAAGTGTA,25,True,1
ATGACGCCGAAAGG,25,True,1
AAAATCACAGCTAC,25,True,1
CACCTTCCATCAAC,25,True,1
GAAGTAGACAATTA,25,True,1
CGACGATATGACTT,25,True,1
CTCTAAAATCGTAT,25,True,1
AGTTCCCTAGAGAG,25,True,1
CCTCCCGCATCGCG,25,True,1
TTCTACCGTTTAAA,25,True,1
GGCCTAGACACTCC,25,True,1
GAAGGAACAACCCA,25,True,1
TAGACACGTATGTC,25,True,1
CATTCCAAGAACGT,25,True,1
GAGGTCTAGGGACA,25,True,1
AAGTAGTACCTACT,25,True,1
TAATAATTTTAAAA,25,True,1
CACGGATAGCCGCT,25,True,1
TGTGATCCAGATTA,25,True,1
AGCACGCGCCCCGA,25,True,1
AACCCGGGGTATAA,25,True,1
CGTCTCTTGAGGAG,25,True,1
TTGGAGCTTTGATC,25,True,1
TCACCGAGTGCGCA,25,True,1
CAGGTAACGACGTC,25,True,1
CCATCATGTACTCG,25,True,1
GAATGAAACTGTAT,25,True,1
TGAACGATGCCCGG,25,True,1
AAATCATCGTCCAC,25,True,1
GTACTAATTCAGAT,25,True,1
TAGATCATAACAGA,25,True,1
CCCCAATTGCCTTT,25,True,1
CCCCATCCGTTGCC,25,True,1
GGAGATTCTAGGGG,25,True,1
ATGTACCGCCACGT,25,True,1
ATAGTCACCCACCA,25,True,1
CTAAAAACTCATAC,25,True,1
GACTTACTCTCGCC,25,True,1
CCTTTACTTTTGCT,25,True,1
CACGGCAGATTTTC,25,True,1
TATCATAAAAATAC,25,True,1
TTCCCACTGAGCAC,25,True,1
AAGCAATCATTTGC,25,True,1
AAGGGCGTTGTTTG,25,True,1
AGCGATCTTAGGAA,25,True,1
ATACTGTTCTCCCG,25,True,1
CCCCATCTCATGCG,25,True,1
TCATCTGTTGGGGA,25,True,1
TTAGTAAGCACTTA,25,True,1
TATACTTTTCCCGA,25,True,1
TCTGACACTCTGTC,25,True,1
GTTGTGTTCTGAAT,25,True,1
CTTAGCCCCTTTGA,25,True,1
AAGGTCACTACTAT,25,True,1
CCCCTGCAGCCCGT,25,True,1
ATAAAAAGTTTCAA,25,True,1
GCCGCAAAGGTGTT,25,True,1
CAAACTCCCTTAGT,25,True,1
CCATTACCTTTGAC,25,True,1
TTAAATGGTTGACT,25,True,1
GTTAACCTCTTTTA,25,True,1
GACACATTCAGCCT,25,True,1
ACCCAATTCGCCAG,25,True,1
TGATCTTTTAAGGA,25,True,1
TTATGGTTGGATTA,25,True,1
GGACTAGGCCTGGG,25,True,1
GCAACTACTGCCGT,25,True,1
AAGGACATGGCTCA,25,True,1
AGCCGAGACGCGGG,25,True,1
ATTACTGTTTAAGA,25,True,1
TCTCTACGTAATAT,25,True,1
CTGGTAGCTGATGC,25,True,1
GCACCCTGCCTACA,25,True,1
TGTGCACAATCATC,25,True,1
GTCGATAAAGGATG,25,True,1
TTCAACTTTAGCTA,25,True,1
TTATCTATAACACA,25,True,1
CCATAATCGAAAAG,25,True,1
CTCCCTGACGGAAC,25,True,1
AGATATTGCCCTAC,25,True,1
CTGTACGCAGGAGG,25,True,1
CCCGTAAACTGTTA,25,True,1
AACCCGCCCCGAGA,25,True,1
TCAGTATATAGAGA,25,True,1
TTATCGATTTGTGG,25,True,1
TCGCCCCTTCGTCC,25,True,1
CCACTGACCGCAAG,25,True,1
TGTAGCCAATGACG,25,True,1
CTATCTATAAGCTG,25,True,1
CCACGCCCTCCCTG,25,True,1
TCTTATACATTCCC,25,True,1
GCCATTTCATAAGA,25,True,1
AATTGCATAAAAGA,25,True,1
TAAGGAGGTGAAGC,25,True,1
CTTATGGCCGCTCA,25,True,1
TGCCGCATCAGCTT,25,True,1
TTGTGCTATATTCT,25,True,1
GTAAAAAAACCGAC,25,True,1
GGATCACGTATTTT,25,True,1
TTCACGCATTAGTC,25,True,1
TTACCTACAAAAAA,25,True,1
TCGACTCAACCGCG,25,True,1
CTCTGGCGATGTTG,25,True,1
TAGGACCATTCTTT,25,True,1
GTCCGATCCCCAGT,25,True,1
CTACCACCGTCCCT,25,True,1
GTATATCTTAATAA,25,True,1
TACTAAAAGTAAGC,25,True,1
CAACGAGTGTGTAC,25,True,1
TAACCGGCTTTGAC,25,True,1
TGGGTTGGTTGCCA,25,True,1
CTGCACTACTTACC,25,True,1
AACAGGGAGCAAAT,25,True,1
TAATTGTCCTTGGC,25,True,1
CCACCTCCCTGTGT,25,True,1
TAGTCGGGACTTTT,25,True,1
TCACACCCTCCAGT,25,True,1
CACGTATTTATACC,25,True,1
TCAGCCTCTGGATC,25,True,1
CTTATATTCTGACA,25,True,1
TCACCCTGTTAGGG,25,True,1
GTGAAATTCATAGC,25,True,1
TCCGTAATTCCTAA,25,True,1
CTATTGGCTAAAGC,25,True,1
TCCTCCGTTGTAAT,25,True,1
GAGAGCTGTAGAGA,25,True,1
GTATGAGTGGGTAT,25,True,1
TCCGAAATAGTGGG,25,True,1
GAACCAAGCTCTCA,25,True,1
TTGCCCGACACCGC,25,True,1
TCCGCAGCCCGTAC,25,True,1
ACAAGCTTATACAA,25,True,1
TGAAATGATTACAT,25,True,1
TGCTTACAAATATA,25,True,1
CCTATGTTTATCCG,25,True,1
TTACATGGATCGGC,25,True,1
ACCCCCCGGCCTGA,25,True,1
TTATGCTAGGAGTT,25,True,1
GCGGCGAACTGTCA,25,True,1
GGACCTAGAGGCAC,25,True,1
CCGACGGCCTCCAT,25,True,1
CATGCCTAAAGCCG,25,True,1
AACGCCGGCAAAAC,25,True,1
CTATGTGGCAACCG,25,True,1
GTGAATCTTAAATC,25,True,1
GCAAAGCTGATATC,25,True,1
AAACACAACCCTTA,25,True,1
TACCAAGTGAGCGC,25,True,1
TGCAGATAAACTTA,25,True,1
AACGAGATTTTGTG,25,True,1
TCAACAATCTTGTA,25,True,1
ACCGAGGAGCCAGG,25,True,1
TCCACACAGTAGAA,25,True,1
TCAAGCTAGAAAAT,25,True,1
CCACAACTACAGAT,25,True,1
ATATCTATCCAAGC,25,True,1
AACGGGTCTACCCA,25,True,1
TACTCTCGTACACT,25,True,1
AAAGTATTATGGCA,25,True,1
AAGAGCTTTTTGTA,25,True,1
AGAAACGCAATGGA,25,True,1
ATACGCGGTAAGTC,25,True,1
CACCGCTCTGATCA,25,True,1
CTTCAGGTGAGAGA,25,True,1
GAACTGGTTAAGAA,25,True,1
TACCTATACAAATA,25,True,1
GTTAATTGCCCCTT,25,True,1
TTATCTTGGTTGCA,25,True,1
ACATTGAACAAAAT,25,True,1
TATACCGTTCTTAG,25,True,1
CCCTCCCGGTGGTC,25,True,1
AGCAGAATAGTTTC,25,True,1
CCATAACTCAGTAT,25,True,1
TGTATTGTGAAAAC,25,True,1
ATGGTAGGCTGTGA,25,True,1
AAAGTTGAAAACAA,25,True,1
TAAAAGCATTCAGA,25,True,1
TTAGGGCCGCTTCC,25,True,1
AATGGATCACAGAT,25,True,1
TCTGACCACTGCCA,25,True,1
CGCTCCCCACTTAC,25,True,1
TATAACTCAGTAGT,25,True,1
CAATATGAATCACA,25,True,1
TGTAAGCATTTAAA,25,True,1
CTGTTGATCATTAG,25,True,1
TGGAGTTAATGCGA,25,True,1
CCAATATATTTGCC,25,True,1
GTATCATCCAATAC,25,True,1
TATCCTACAGAAGA,25,True,1
CGATCATCAGTAAA,25,True,1
CTAGAAGTGACTGT,25,True,1
ACCCCCGCCACGTG,25,True,1
TCAAGAGAATATAG,25,True,1
ATAATGTCCAACCT,25,True,1
TGCATAATACATTG,25,True,1
TATCAACTTGGTTT,25,True,1
TGCGTACCCTTTGG,25,True,1
ACAATACATAAGGT,25,True,1
TTCCCTAACCCAAG,25,True,1
CTTACTGATGGATT,25,True,1
TTACGGCACTGAAA,25,True,1
GCCGTACCGCGCCC,25,True,1
CCTGGCCCTTACAA,25,True,1
GGCGATGTCAGACG,25,True,1
TATACGAACATTAA,25,True,1
GTATTCATAATACA,25,True,1
CCCGTGTAACTCAG,25,True,1
TAGTTCGGACCGGC,25,True,1
TATGTTAATATTGG,25,True,1
TTGATTAGCGGCCG,25,True,1
ACAACAGGGTGTAT,25,True,1
CTACTCGAAATGCA,25,True,1
TTGGAGTATAAACG,25,True,1
CGTAACGTAGCCCA,25,True,1
GGACTTCATCTAAG,25,True,1
TAACGCTTAAATAA,25,True,1
ATGCCTTCCTTTTC,25,True,1
CGAGAAGTCCCATG,25,True,1
CCATCCGCTGATCC,25,True,1
GGTATCTCGATCAC,25,True,1
CCATTCCCCTCCTG,25,True,1
AGGGTGTACGGCTT,25,True,1
ATAACCATCGCCTG,25,True,1
GTCACGCGTCTGGT,25,True,1
TGATCTACGATATG,25,True,1
GCCCCTCCAGTTAC,25,True,1
CAGTGTGCTTTATT,25,True,1
TCAGTGCTCGTGAT,25,True,1
GTAGTAGTTTGAGA,25,True,1
TTCATGATCACCAT,25,True,1
ACAGCTTAAACACC,25,True,1
CTGTCCCCTCCTCC,25,True,1
TAGTATATGCTTAG,25,True,1
TTGGCGAACGAGGG,25,True,1
GTGTTAACTGAATA,25,True,1
TACGAATGGGTTAG,25,True,1
GTGGAGTTCAACAA,25,True,1
GGTGTCGCCAGCCC,25,True,1
CCTGTTGATCTAGT,25,True,1
GCCTTAAAGCGTTC,25,True,1
CAACGTCAAAATAG,25,True,1
ACCCAGTAGGCCGC,25,True,1
ATGGCCTCAAAATT,25,True,1
CGAATTCAAAAGAT,25,True,1
GCAGAGAAATTTGA,25,True,1
GTCTTTAATGGCAC,25,True,1
CTATGAGAAATAGC,25,True,1
CAGTCAATGTAACT,25,True,1
CGTGACCGATTCAG,25,True,1
TATCAAGGTTACGC,25,True,1
TGCTCGGTATTTGC,25,True,1
AAGCCGGAGTTCTG,25,True,1
TACATGAGAATTCT,25,True,1
GCCGGAAGGGTCAA,25,True,1
TGTCAACGGTCTCT,25,True,1
TGTAAGTCTCAACT,25,True,1
TAGACCCAAGCATA,25,True,1
TCACCGCATCTCAA,25,True,1
TTCCGTAAAATGAC,25,True,1
TGCTCGTATTCATA,25,True,1
TTCGTCTAACCGGG,25,True,1
TGATCACAAATCCT,25,True,1
GTACTCGGGCGTGA,25,True,1
TACGACTGATCTTT,25,True,1
TAAACTTTATGTAG,25,True,1
GACAGTAAATTAAT,25,True,1
TCTGATGAAGATAA,25,True,1
TTTAACAAGGTACA,25,True,1
TACACACCAAGACC,25,True,1
CTTTGTCCCGCCGT,25,True,1
TACAAGTGTGTAAA,25,True,1
TAGAGTTTGGTCAC,25,True,1
AGTTCTGCGCCCCA,25,True,1
TGCACAAACTGTTG,25,True,1
TCTTTAAGGAAGGT,25,True,1
GGCATCGACCCCGG,25,True,1
GGATAGGAGCGACC,25,True,1
TACACGAGTTGACT,25,True,1
TGTCTTCTCTTAGG,25,True,1
ATGACAGCTTCGTC,25,True,1
TTGCGCTGTGTACA,25,True,1
TACAATGAAATACT,25,True,1
TTGGTAGAGAAGTT,25,True,1
GCACCGTTTTCTCA,25,True,1
CTACTTGAGTAGAC,25,True,1
CTCAGCTCATAACA,25,True,1
TAACAATGTTCCGT,25,True,1
TGAGGCTCCCCCTA,25,True,1
TTCAGTTACGCAGC,25,True,1
TTTCACTCTAGACT,25,True,1
CTAAGAATGGTAAA,25,True,1
CCACTCTCTCAGAA,25,True,1
CGTTTTAGGGCCGC,25,True,1
AAGTGCTTTATCAT,25,True,1
TTGGCCGATTGAAA,25,True,1
TTATATATACGCTC,25,True,1
GCCTTTCTTGAGAA,25,True,1
TGGCCTGTGAACCG,25,True,1
CTATTATTTTCACT,25,True,1
TAGAAATGGGTCAC,25,True,1
TATCACTTTGTACG,25,True,1
TCTCCAACTTCTGG,25,True,1
GTCTGAGTGTCAAG,25,True,1
TACCGTATATACTC,25,True,1
GATTAATTGTTCTT,25,True,1
TCTAGCGCCGTCGC,25,True,1
TAACAAAATCGAAG,25,True,1
GTTGCTATCACACA,25,True,1
GTCTCTAAAAGTCT,25,True,1
GTACCCCTTCGATT,25,True,1
TCGATCGTGAGAAC,25,True,1
AACAGAGATGCTTA,25,True,1
TGCATAGCATGAAT,25,True,1
TCGCTCCTAGATGT,25,True,1
GGGCTGTCCGTAAC,25,True,1
CTATACGTAATAGC,25,True,1
TGTACTCTTGTGAT,25,True,1
TTACCCAGGCGCCC,25,True,1
ATTAGGCTCAGTCA,25,True,1
CCTACCCGAGATCT,25,True,1
GCCAATAGATACGG,25,True,1
GAGTCCGTAGAAAG,25,True,1
CCATTTGCTTCTAC,25,True,1
CCAACATCCCTGTT,25,True,1
CCTCCGTGGCTCCC,25,True,1
GATAGTTAACCTGA,25,True,1
TTCAACATACATAA,25,True,1
TTTATATGGTCCGT,25,True,1
TGCGCCGAAGTACA,25,True,1
ACAGCTTAGCGACT,25,True,1
TACGAAACCCATCA,25,True,1
TCGCCATCCAACTC,25,True,1
GCACGCATATGTAC,25,True,1
TTCCACCGGTGGTA,25,True,1
CACAGTGTGAATGA,25,True,1
ATCGCGCTTCGCAA,25,True,1
AAGGATTAATAATT,25,True,1
TAAGGAAGAGCCCT,25,True,1
TGGGCGTTTACAGA,25,True,1
CTTGAAATACTACA,25,True,1
GACTCCTCTTCCAG,25,True,1
GCTGCCCTCATGCG,25,True,1
CAAGGCATGATTCT,25,True,1
GCAAGAAAATGCCC,25,True,1
TCAGCGACGGGAGG,25,True,1
CTGGATTACAAACG,25,True,1
TGACTAACCATTTT,25,True,1
CGTGGAGAAGAATA,25,True,1
CCTCATTAGCTACG,25,True,1
TGGACTTGGTCAAA,25,True,1
TCACCCCCTGCTCA,25,True,1
AGGGCGTGAGCCTA,25,True,1
CTCCCGGAACGCCA,25,True,1
TGCCTATTTAGTGG,25,True,1
ATCTTGGTTAAACA,25,True,1
CCCACCTGCCTGGA,25,True,1
GTATCTTACTTACA,25,True,1
TTGAATAAGAAATA,25,True,1
GAGAATCACTAACT,25,True,1
ATTGGAGATCCCCC,25,True,1
TGATAAACAGAACA,25,True,1
TGCTCGATAAGTTG,25,True,1
TATTCGTCAACGAT,25,True,1
GATTCTTTCCTGAC,25,True,1
GTGATACGCCTTAA,25,True,1
CACAGGTGTAACAT,25,True,1
TTAGAAAGCAATGC,25,True,1
GCACATTCATATTC,25,True,1
TGATCCAATTTTCA,25,True,1
TATTCTGTATATCA,25,True,1
ACTCGCGTGATAAA,25,True,1
TGGAGTGGGCAACC,25,True,1
TACATAAGCTCCTC,25,True,1
CCAACACTGCCATA,25,True,1
TGACCCTCGGCTCC,25,True,1
CTGTACACAATCAT,25,True,1
ATAACCCCAGGCTC,25,True,1
TGGGTGTCACCCCG,25,True,1
TCCCTTCAATAGAT,25,True,1
GGGCTTCATGTATG,25,True,1
CAACATTTGGACTG,25,True,1
TTGAAATCGCGATT,25,True,1
TGGAGACTTCATTC,25,True,1
TGACACACGAACCT,25,True,1
TCCGCTGCGTGTCC,25,True,1
TGTCCGGAGTACCC,25,True,1
GTAAGATTATCAGT,25,True,1
GTCACTACGATATA,25,True,1
CGAACAAAACTGAA,25,True,1
CCATCAGTGGACTG,25,True,1
ACCTTCGAGACCTG,25,True,1
CAGATTAGGGTGGA,25,True,1
TGCGGTTAGCCTTA,25,True,1
CTCCGTAACGAGTC,25,True,1
TGTGACCTAGGCGG,25,True,1
TGACATTAAATCTG,25,True,1
CCACCTCTAACGAC,25,True,1
TGTAACGCGAGAAT,25,True,1
AAAGTTCTCAGACA,25,True,1
CAAGTTGATAACCT,25,True,1
GTGATAGTCTCTGC,25,True,1
CACAGAAGCTTTAA,25,True,1
CTGACCCTGCCAAT,25,True,1
GCACATATCATATT,25,True,1
GAGCCGCCTTTTCT,25,True,1
CAACTCTGCATACC,25,True,1
TCGCACTCTTAGTG,25,True,1
TGGATACCACTCTG,25,True,1
CTTCGCACACACCG,25,True,1
CGGCTGTCGGCCTA,25,True,1
GCATCAAGACATAA,25,True,1
CCCCCCACACGCTT,25,True,1
CATGCTTACACGCT,25,True,1
AGGACTGAGTTTAA,25,True,1
TGCGATTTAACCGC,25,True,1
ACCCTCCCATCCGG,25,True,1
CCACCGCTCCTACA,25,True,1
AGGTTGGTCATATA,25,True,1
CTTTTAATTCACAG,25,True,1
GAACTTTGGCAGAG,25,True,1
TACTATGATGTGCT,25,True,1
TGAATGATGGGGCC,25,True,1
CAACCGCCCGTCCA,25,True,1
ACAAGACCTATGAT,25,True,1
TAATCGCTTGGATA,25,True,1
TCACAACTGTCACG,25,True,1
AACGTAATTAGTCT,25,True,1
TTGGCTCCCTAGTC,25,True,1
ACCTGAATCTAAGA,25,True,1
GCATCCTTCACATT,25,True,1
GAGGTTGTTTCTTG,25,True,1
TAGCAACCAACTAC,25,True,1
TAGGTTCTCTTGAC,25,True,1
GCACTGTTATCTCG,25,True,1
AATAGTCCAAAATT,25,True,1
ATAGACCAGAACCG,25,True,1
TCTCAGCGAACAAT,25,True,1
TCACACGCTACGGT,25,True,1
GTATGGTTCCCAGA,25,True,1
TAATAATGAGACTA,25,True,1
AGGGCTTAGGTAAT,25,True,1
ATAATAACCGACTT,25,True,1
TTGATGTATCGTAC,25,True,1
GCCCCGCATCGAGC,25,True,1
AAGCTACGCAAGAT,25,True,1
GGTCGTGTCGATGC,25,True,1
CGTTAATCCATCCT,25,True,1
TCCTGTTCGCGGTT,25,True,1
ATCGGTAAAGAAGG,25,True,1
TTCGAAGCCGTACA,25,True,1
TGGTTAACCGTTTG,25,True,1
TGTCAATTGTCAAT,25,True,1
TATACGTGCTTGCT,25,True,1
TAGGTGCCTTTCAT,25,True,1
TTACCAATACTGAG,25,True,1
AGGTAAGTTATGTG,25,True,1
TCCAATCAGGTATA,25,True,1
GTCACCTTGATACC,25,True,1
TTGCGGTCCTATAG,25,True,1
TTATACCCTCCGAG,25,True,1
ATTCACTGTCCGCT,25,True,1
CTCAGGGAGACAAA,25,True,1
CAGACCTCTCTAGC,25,True,1
CCAACACCCCACTG,25,True,1
AAGGGAATTTAGTA,25,True,1
GTGTTTTCATATAA,25,True,1
TCCCAATCTCATGA,25,True,1
ACATAAGTACACGT,25,True,1
TGGCCGCACCTTTT,25,True,1
ATAGATACATGCTC,25,True,1
CCCACAGTAACCGC,25,True,1
CTCCTCCGGCGCCT,25,True,1
CAAACCGTCTAAGA,25,True,1
TGACCACAAGTAGT,25,True,1
AACACCATTCCCTA,25,True,1
ATCTAGTCCTTATT,25,True,1
TGTAATTGTCTATG,25,True,1
CTATGGCATGAAAT,25,True,1
AAGGGCCGAAGCGT,25,True,1
TCAGACCACACCAT,25,True,1
CCAAATCCAGTTTA,25,True,1
CTCTCGATTTCTAA,25,True,1
CCGAGCAGTTGAAG,25,True,1
GGCTAGTTCTACAC,25,True,1
CTGAATCCTCTATC,25,True,1
ATATATTATAATTT,25,True,1
TCGTACAGACACTC,25,True,1
TAGATAGTAAGTGA,25,True,1
TCTCCTTTTCACGT,25,True,1
TGCTCGTAATCCAG,25,True,1
CAACCGTTAACCGC,25,True,1
TTACACTACCGGTT,25,True,1
TGCCAAGACCGACG,25,True,1
AGATGGCGTATAAC,25,True,1
ATTCAGAGTCACAC,25,True,1
CGATTGAAGTACTG,25,True,1
ATGCACATGCCTAT,25,True,1
TACAGAACATATCA,25,True,1
TAGGTCCTTGCACC,25,True,1
AGTCAGCCTTCCTA,25,True,1
AGCAAATTGATAAA,25,True,1
TTAGACTGAGCCAA,25,True,1
TCTTGTTTTCTAAC,25,True,1
CAACGAGTTTTGTT,25,True,1
CTCTGGAACATCTT,25,True,1
ATAGAATTTCTTGA,25,True,1
CTACTGATCATAAC,25,True,1
AGCAAAGCTATGCA,25,True,1
GTGCGACCTGATCC,25,True,1
GAGACCGCATAAGG,25,True,1
GGGGACCGTGACAC,25,True,1
CACGAGCGTCATGC,25,True,1
CATTATGGTGCGCT,25,True,1
GTGATTACATGGTT,25,True,1
TATTAGGTTCAGGC,25,True,1
TCCATATGTCGTCT,25,True,1
ATGAGTCATATTGT,25,True,1
TTAACGTTTGCACA,25,True,1
GATAAACCTTTGTC,25,True,1
CTTCATCATCGAAA,25,True,1
TAATCGCTCATTAT,25,True,1
TCATCCAGAATTGA,25,True,1
TGCCATTGAGCTGG,25,True,1
AGATTGAGCTTCCT,25,True,1
CGGCTGCGCCTTGT,25,True,1
TATCCGGCATCTCC,25,True,1
TAGGCCATAAAGGA,25,True,1
AACGGTGATTACTA,25,True,1
AAATGATTCTCTGC,25,True,1
TAGACATAACCGAG,25,True,1
TTCGTATTCAACGT,25,True,1
TACCCGGACTGGCG,25,True,1
TACAGTAGTTGTAT,25,True,1
CTGTTAAAAGCTTA,25,True,1
ACGGAAGAACTTAT,25,True,1
TACTTGGCCGTCCG,25,True,1
ACACATACGCTCCG,25,True,1
GTTCTGGCAATTCC,25,True,1
TTACCATACTGAGT,25,True,1
AGAACCCACGTTCT,25,True,1
TCACAATGGACCAT,25,True,1
AGTCTCCCTAATGC,25,True,1
GGGGCGGACTTGCG,25,True,1
TTCTACCAGATATC,25,True,1
CGGAGATACGTCTC,25,True,1
GTATATCTATTACG,25,True,1
CGTGAGGAAGACTC,25,True,1
GTACCGAGTGTCCC,25,True,1
TTATAAGGATTTTG,25,True,1
TTATAAAGACGCCA,25,True,1
TGTCCCGTATTAAA,25,True,1
CTCGGCTTAAAGAA,25,True,1
CCATGCGAGCCGTT,25,True,1
TACCTCCCAATCAG,25,True,1
AATAACTACCGAAA,25,True,1
ACTTAAAACTAGAC,25,True,1
TATACGAACTAGCC,25,True,1
GTGGTTGAAAGCTA,25,True,1
CCAGAGCGTCATAC,25,True,1
ACATGGTTCGTACG,25,True,1
TAAGAGATGTATTG,25,True,1
GAGCCACCTGAAAA,25,True,1
AATCGGAATTCGGA,25,True,1
TCACGGCCAGAGCT,25,True,1
CTGGGTAAGAAACA,25,True,1
AGGCTCTAGATTGT,25,True,1
TAATTCGCAGATTA,25,True,1
GGTCTCCCTCCACG,25,True,1
ACCATTTCGAACTC,25,True,1
TGCTGCTAAACGAC,25,True,1
GTACCGCTGTTAGT,25,True,1
TTATGTTACTTGAC,25,True,1
TGATCGTGGCATTC,25,True,1
CTGTTGCCTTCAGC,25,True,1
ATTGGAGGCAGTCT,25,True,1
GTCGTCGAAACCGC,25,True,1
TGTAAGAATAAAGG,25,True,1
TCCACAACAAGGTA,25,True,1
ATAGATGTTTAGAG,25,True,1
TTATCCATGACCCA,25,True,1
CCTTCCGTATCTTG,25,True,1
ACGCACTTCTCTAT,25,True,1
TCGCCCACGAGCCA,25,True,1
TAGCAGCCACATGG,25,True,1
TTGCTGAAAAAAAC,25,True,1
TAGTTTTCGAACAA,24,True,1
TCATACTGACAATT,24,True,1
TTCGACGCGCACGC,24,True,1
GCAATTCACTCCCG,24,True,1
ATAAATTGCTCAAG,24,True,1
ATATACGCTGAATA,24,True,1
CGATAGTTCGGACC,24,True,1
CCCCAAATTTAAGC,24,True,1
ATAGAGTAATTTTT,24,True,1
GGATATATGTGTCA,24,True,1
ATTATATCCCGTTG,24,True,1
TCACGATTGAGCCC,24,True,1
CAAGAGACAAAGGC,24,True,1
CGTACATAATAATG,24,True,1
TTTTAACATTACGA,24,True,1
GCGTGCCCTTTTAC,24,True,1
CCATACAAAGTACG,24,True,1
ACCGAATGTGTATG,24,True,1
GTTACTTTGACTGC,24,True,1
TCCCGGAACGAAGA,24,True,1
TGCACGCAGAACCA,24,True,1
ATATCTCGAGTGGT,24,True,1
TCCATGGAATGGTG,24,True,1
AGATACAGGCACAC,24,True,1
CATTCCGTCGACAG,24,True,1
CTGGCCAGTTCACG,24,True,1
TAAGTCGCTAAAGA,24,True,1
GAACTACTGAACTG,24,True,1
TCCATCCTCGACGT,24,True,1
TTCCCGACATACCC,24,True,1
GACGTAGATTGACG,24,True,1
GGCCTAGCTAAACC,24,True,1
TAGACACTATTTCA,24,True,1
AGAAACAAAGTACG,24,True,1
ACACCAATAGCTAA,24,True,1
TGGACACAAACTCA,24,True,1
ATAACAGTGCGGCG,24,True,1
TTGAACCAATAGGG,24,True,1
TCGCTCTACTTGAA,24,True,1
CAAGATTCAGGACT,24,True,1
AGATTGGTAACGTA,24,True,1
CGGCTCTAGAATTA,24,True,1
TCTTCTATCCAGGC,24,True,1
ACATTATCTTACTT,24,True,1
TCTGACTGCGAAGA,24,True,1
CCGCCTAACACCTC,24,True,1
TGATGGTGACTCAG,24,True,1
GTCACATAGTAATC,24,True,1
TAAACCCCTACCCC,24,True,1
TTCCAGCCGCCACA,24,True,1
GTCCCCCGTCCAGT,24,True,1
TTCTAACATCCGTC,24,True,1
GGTAACTAGAACAC,24,True,1
TACGGTACAGAGGA,24,True,1
GCTATCTACCGGCT,24,True,1
TTAGAGGGCAACGC,24,True,1
CTAATGATATATTC,24,True,1
GGACAGGAATTGTA,24,True,1
TACTCGGTCGTTTC,24,True,1
CACTCCCCCATACC,24,True,1
TCCATTAGTAACTA,24,True,1
CAGGTTTCAATACA,24,True,1
GAGCTTCGGGTACG,24,True,1
TTACTAGACTCGGC,24,True,1
AGCTTTTGACTATA,24,True,1
TAGAACGTTACGTC,24,True,1
CGATCAATAAAGAA,24,True,1
CGACCCACCAGCCC,24,True,1
GTCGTGTCGTGCAA,24,True,1
TGGAACTCTGATTT,24,True,1
TCTGCCCCCGTAAT,24,True,1
TACTCGTTACCCAG,24,True,1
ACAGATTACCGACA,24,True,1
ACGTGCGACGCCTT,24,True,1
TTGGTTGCTTCTTG,24,True,1
CCATCGCAAGTACT,24,True,1
CTTCCACAGCGCTT,24,True,1
TACCATTTCGTGTA,24,True,1
ATGAACCTTGATTG,24,True,1
TGTCATATTTAATC,24,True,1
TATTGCATTAAACA,24,True,1
AATACTCTCAGGTA,24,True,1
ATGCCTCCTATTTC,24,True,1
ATCAAGAGACAACG,24,True,1
TAGCCTGGTACCTC,24,True,1
TCCGGTACCAACAG,24,True,1
ACCAGTGCCGTAAA,24,True,1
TAGTATGGCACCGC,24,True,1
GAGGACATGAAAAA,24,True,1
TAAAGCTAATACCC,24,True,1
ATTCCGGTACTTTT,24,True,1
TTGACTTCAACGCT,24,True,1
CGCAACCTTACAAT,24,True,1
TCTAAATAATGTGC,24,True,1
TGCAGCGGCGCTCT,24,True,1
TGTTCAGTATAACG,24,True,1
TCGGAATCGCTCAC,24,True,1
TGGTTGTCGACCCG,24,True,1
TTCCGAAGCTAGTG,24,True,1
GTAAATGGAGCCCG,24,True,1
TTCAAGCCCACCCA,24,True,1
CATCAATATCGAGC,24,True,1
GTCCTACAAACAAA,24,True,1
TTCGCTCTATCCAG,24,True,1
TTCAAAGCTACGAA,24,True,1
AGGGACTCTTTTCT,24,True,1
CCACTGGTGACGAT,24,True,1
CAATCTATTGTTTG,24,True,1
CCACGCTAATTTTT,24,True,1
ACCCACTTCCAGCG,24,True,1
TACCCTTTACTTAT,24,True,1
TGAGGCTGCCTACT,24,True,1
TGCTACTCGCCAGC,24,True,1
AGCCGGACACGTCA,24,True,1
CTAGAAGAGTATTG,24,True,1
TCCATTCGGTTATT,24,True,1
TGAATAAAGTCAAG,24,True,1
ATCCAACTGCAAAG,24,True,1
TCGCATGTATCATC,24,True,1
GCATCTTTCCAATT,24,True,1
GTCGGTACTCATAA,24,True,1
CTAGGAACAGACAC,24,True,1
TAATAATTGGGGGC,24,True,1
CCATGAATTAGAAT,24,True,1
CTCCTTCACGGGCT,24,True,1
TACAAAACCGGCGA,24,True,1
TGACCACTAGGGAA,24,True,1
TCCCTTAGACCGCA,24,True,1
TGTCCAGACGTTGT,24,True,1
AAGACTTTCCGTAG,24,True,1
TGAACCGATTCAAT,24,True,1
TCCGTCTTTTGACG,24,True,1
AAAAGGACTCAAAT,24,True,1
GCCCCTGCCAACTG,24,True,1
ACCCAGCACGAGCT,24,True,1
TTTAGGAGAGCAAA,24,True,1
TTACTAATACGCCG,24,True,1
GTTCGCTGTCGATT,24,True,1
GAGCCCGTATAAAA,24,True,1
ACTCGTTCTCCTCA,24,True,1
CTGTTACCGGGCAA,24,True,1
TACCCACGTGTATT,24,True,1
TCGTTCTCACTATC,24,True,1
CGTTGGATAATTTG,24,True,1
TTCCCGTATAAGAT,24,True,1
GGTCCCTCGCTGCA,24,True,1
CACCTGAAACTCGC,24,True,1
ATAACCCTTAGTAG,24,True,1
CTCCACTCTTGGCA,24,True,1
ACAGAGTTGTGAAC,24,True,1
TTGAATCGCATCGA,24,True,1
CTACAGTCAAAACT,24,True,1
GTAATAGCTAGAAC,24,True,1
TATTGCCTTCCTAG,24,True,1
TTTGCAGTAAGTGA,24,True,1
GCTAAAGGTGGCAT,24,True,1
CTCATTATCTAAAC,24,True,1
TTCGCCCCCATCGG,24,True,1
TGTCTGTTTCAGGT,24,True,1
ATTACCTTAGTTGT,24,True,1
CAGGATCCAAGAAA,24,True,1
TGTAAACTCTATCT,24,True,1
GTAATACAAGACAA,24,True,1
GAATTAAATTTGGG,24,True,1
CCAGAGAAATTACT,24,True,1
GGAATCCGATTCCG,24,True,1
CTACCCACTCCTCT,24,True,1
TCTTCTTCCAATCA,24,True,1
CTCCCTAAGCGGAT,24,True,1
GAGCCACATCCTGG,24,True,1
CTAGCTTCTGATGT,24,True,1
CAATTCTCGCCTGT,24,True,1
CCCAACGACATTGT,24,True,1
TAGTACAACTCTGT,24,True,1
GGTCTCACACCGAA,24,True,1
TATACAATCTTAGT,24,True,1
TACGGCGGAGATGC,24,True,1
ATGGGGACCTGACA,24,True,1
TAGATTACCCGACC,24,True,1
CTGCCAAAATAACC,24,True,1
CCTCCCACCACTAA,24,True,1
GTAGCGTTCGCCTT,24,True,1
TTATGCATTAATTA,24,True,1
GTAGCACCCGTTCG,24,True,1
TATCCCGCTTTACT,24,True,1
GCGTCCCCAGTACA,24,True,1
TCTATACGGCTCTT,24,True,1
ATGTGGAACCGTAA,24,True,1
TTAGAATTAGCTGC,24,True,1
CTCTCCCCCTGTCA,24,True,1
ACTGTATCACTTGA,24,True,1
AGATAAGGCGGAAG,24,True,1
TTCGGCACACCCGA,24,True,1
TTCGGCAACCTAAG,24,True,1
TGGAGTATTGCACT,24,True,1
TATGAACACGTGGT,24,True,1
GGTTGAGTTTCGCC,24,True,1
TTCCCACCGAGCGA,24,True,1
TGCCCTAAATATGA,24,True,1
TCTTGCCCTTTTGC,24,True,1
GCCCATTCCCCCAA,24,True,1
AACATTAATTTTCA,24,True,1
GGACCGAAAGGCTA,24,True,1
TAAGTGCCAACGCG,24,True,1
GACCGTGTCAATTT,24,True,1
TGGCTGTTAAAAAT,24,True,1
ATACCCCTATCATT,24,True,1
ATACTGCCCTCAGA,24,True,1
TTGGGTTCGGATGT,24,True,1
AGTAAGTCGTGGCG,24,True,1
TGCCCAACGCATTT,24,True,1
TAAACGTGAACATT,24,True,1
TGAATATCATTTTG,24,True,1
TAGGTATAGTTCCA,24,True,1
TAACCTATTTTGTC,24,True,1
TAACCAGATCGGTT,24,True,1
CCTGAACTATATAC,24,True,1
GTATGACCATTATC,24,True,1
TCGGTAAGTTCAGA,24,True,1
CTACTTAATACAGC,24,True,1
TCTTCTATTTGGCG,24,True,1
TCTTAACTTATCTC,24,True,1
GAGAGTCCTTAAAT,24,True,1
TGTAATGGATGACT,24,True,1
GCGGATATACGCTA,24,True,1
CCCGTGACCTATTA,24,True,1
ATTGGTTTTTCGAG,24,True,1
GTTGTGACTCCCGG,24,True,1
TGCTAAATGCCATC,24,True,1
ATGATCCAAATCTT,24,True,1
GCCACGCAGTAAAC,24,True,1
TCAAACTTGGATCG,24,True,1
GTATACATTGTGTA,24,True,1
CCAATATTCTTTGC,24,True,1
CCCGGACCGGGGGC,24,True,1
ATAACCGACCTAAA,24,True,1
ATCGCTGATGTTCA,24,True,1
CCATCCTCAACTGC,24,True,1
CCCGTCTGGGTCCA,24,True,1
CCTCCCACTCCCTC,24,True,1
TTTAACTCACTTAA,24,True,1
AGAGGCCGACGCTC,24,True,1
TTGGACACTTTTTA,24,True,1
GTCATAGATAGTGC,24,True,1
TCGATATAAGCTAT,24,True,1
TTTTCCTTTACTTT,24,True,1
TATACCATCCATCT,24,True,1
TTGATCACGGTCGT,24,True,1
AGTACCATAACCAC,24,True,1
GTAGATTTTTTGCT,24,True,1
TCGATAGTACATAA,24,True,1
TATATTATAGGAGC,24,True,1
TGCATGGCCCGTCA,24,True,1
TGGTGTAAGCGGGG,24,True,1
TCCGAATCGGAACA,24,True,1
AAAGAATGATTTGT,24,True,1
AGAGACTATCCGAT,24,True,1
TAATCTTATTAAAT,24,True,1
AAGCTTCTTTCGTC,24,True,1
GGAAGCTTGGTTTC,24,True,1
TTAAATGGTGAGAC,24,True,1
CCGCAAGCTCACCC,24,True,1
GCATCAACATACTG,24,True,1
TAGAACTTATACCC,24,True,1
TCCTTAGTCCCCGC,24,True,1
CTACTGTATCAGCG,24,True,1
CTTCGTTAAATCGA,24,True,1
AGAGAGTCCTGGAT,24,True,1
TCTCCCGTGCCCTC,24,True,1
TTATTAATTCAATG,24,True,1
TATGCCTATTGAAT,24,True,1
GTATATCACCAATA,24,True,1
TTCGTATCTTTCAT,24,True,1
CCTCACCAGCTCCG,24,True,1
CCATGGAAGATTTA,24,True,1
TAACTCGTTGCCAG,24,True,1
TTCCACGGAAGGCC,24,True,1
TGTGCCGGAATTCT,24,True,1
CACGCCGACTTATA,24,True,1
TTGACGGCAATCCG,24,True,1
TTTTGAGCACATAA,24,True,1
CCCACACTAAAGGT,24,True,1
AAACTTCACAAAAC,24,True,1
TGCAATTATAACAT,24,True,1
ACCTAAGTTACTGA,24,True,1
GATGAGTTTGGTGC,24,True,1
TGGCCTTCCTGGCG,24,True,1
TTAACAGAGCCTAG,24,True,1
CGGGTTCCCTTCTC,24,True,1
CATGTATTTTCCTT,24,True,1
TCGTTAATATCCAA,24,True,1
GCTTATCAATGTTA,24,True,1
CTAAAGAAATATCA,24,True,1
TTTCATTAGCTGGT,24,True,1
CTACTCGATACACA,24,True,1
ATCCTTAACAATAA,24,True,1
ATGAGTATCGCTAG,24,True,1
AGATACCCTGGACG,24,True,1
CCTTCGTTGTGTGA,24,True,1
ATAGCTAGGTATAA,24,True,1
TTAATTACGTGGGT,24,True,1
CAACCGGCTGTTCA,24,True,1
CTTCTTTGATCACG,24,True,1
GAATAGACGTTGTT,24,True,1
AGGGTGGCGTTTAA,24,True,1
AAGTCGTCCTACAA,24,True,1
AGTTGCACTTATAA,24,True,1
ATATACTCCCTGTA,24,True,1
AAGCCATTGAAGTT,24,True,1
GTCTGCGACACCGG,24,True,1
GCAAAGTCCCAACC,24,True,1
TACATGTGGTTTCC,24,True,1
TCGATAGTTCCGTT,24,True,1
AGGACATCAAATTT,24,True,1
TTCCCTATACGCTT,24,True,1
TACGAATTGGACAA,24,True,1
CGGCCTTACCAACC,24,True,1
CTCACGAGTTCGTT,24,True,1
TCAGCAGCGTTATT,24,True,1
CTGTATGTCTAAAC,24,True,1
TTTTCAGCGTTAGC,24,True,1
ATATCGGATTCCTG,24,True,1
ATACACCAGTATCG,24,True,1
TGGTTCCACCTCCC,24,True,1
TGGGTACGACGCTA,24,True,1
TGGCTTAGAACGTA,24,True,1
TAGTGCAACACTGC,24,True,1
TTAAGAACAAGGGC,24,True,1
TAATGAGAAAATAT,24,True,1
GGAGATTCCTTAAT,24,True,1
CGTGATAGGGCGTG,24,True,1
AACCGCCCGGCGTC,24,True,1
TTCCCTAGTTCATG,24,True,1
TCTACTTTCGGAGA,24,True,1
AGGTACGATATAAG,24,True,1
CCAGAAGAGATTAA,24,True,1
TGTGAAAGACCATT,24,True,1
CAATGGCCATCTTC,24,True,1
AGCACCGTCGATAT,24,True,1
TCCATTGTTGACAA,24,True,1
GCATAGACTCCATT,24,True,1
TATTCAGTAACGGT,24,True,1
GATTCTGCTGTCCG,24,True,1
TCATAACCGTCAAT,24,True,1
TCAAAATGTTGTAA,24,True,1
CGTTCACTGATTCA,24,True,1
GCACATATAGAGAC,24,True,1
CGTTAAGAAAGTCG,24,True,1
CGTAAGGAAATAAC,24,True,1
TACAGTTACCGGTA,24,True,1
CACTCAAACTGATC,24,True,1
CTATTGCAAGGCCT,24,True,1
CCAAATTTAAGACC,24,True,1
TTATTTGTGGTCTA,24,True,1
GTATACATCTTAGG,24,True,1
TACAAACTCAAACC,24,True,1
AATACCGATAAATT,24,True,1
TATCCCACCCCCGT,24,True,1
TAATCTGTGACCAT,24,True,1
AGTGTGTGGAATCT,24,True,1
TACCGAGTCCTCAG,24,True,1
TGTATCTCGGATAC,24,True,1
GTACGGACGTCAGT,24,True,1
TACATCATGTAACA,24,True,1
TTCGGAATGGCTAT,24,True,1
ATAACAAAGGCTCA,24,True,1
TGCTATCCATCCGT,24,True,1
TTTGCACTTCTGGG,24,True,1
ACCCTACTGAGTCA,24,True,1
AGACCTATACTGAG,24,True,1
GGGACAATCCTACA,24,True,1
CGTAATCCCTCTAA,24,True,1
TATCGCGAAAATAA,24,True,1
TCTGAGCCGCTCTG,24,True,1
TGGCCAGGCGTAAC,24,True,1
TAGGTCTAGTGTGC,24,True,1
TTCACCGGAAATCA,24,True,1
CGCCTAAGATGACT,24,True,1
TGTGACGTTATTGT,24,True,1
ATACGGCCGCTCAT,24,True,1
GGAAACGACTGTAG,24,True,1
TCCCTCGCAATGCC,24,True,1
CTTAAAACTACCTT,24,True,1
CAATCAATATTAAC,24,True,1
TTACAAAGGTAATG,24,True,1
CCCGCAGTTGATTG,24,True,1
TAGCATAAAGTCTC,24,True,1
TATGATAATGTGTA,24,True,1
CATACTATAGGAAT,24,True,1
TCTGTATATTGAAA,24,True,1
TAATGACATATTGG,24,True,1
TTAGACACATAGGA,24,True,1
GAGATTGTCTGTTT,24,True,1
AGCACAATTTCAGA,24,True,1
TATTGCACAATGTA,24,True,1
CCTTATAGTCTTTC,24,True,1
TCCAGAAGCGACAG,24,True,1
AGACAACAACATAT,24,True,1
ATAAAAGCTCGGAC,24,True,1
CTATATGCCAGATT,24,True,1
CGTAATGTTCGATA,24,True,1
GTACTCAACTGTGC,24,True,1
GCCCGTAACGAACT,24,True,1
TTTCGTAGGACGGC,24,True,1
GTAGCCCATTTGAC,24,True,1
CCGGCATATGTGTA,24,True,1
CGGTATTAGGGGCT,24,True,1
CTCCCTTGTACACG,24,True,1
CTATGGACTAATAA,24,True,1
TAATGCGCGATCAC,24,True,1
GCCCTGCTGCTTTA,24,True,1
CAATCAGAGTGACA,24,True,1
TTCCGAAGCTTTAT,24,True,1
TGCTGAACTCCTGG,24,True,1
GCATTCTAGATACG,24,True,1
CTTACCATCATCTA,24,True,1
GCAGAACCTGTAAC,24,True,1
TCAAGGAGCGACAC,24,True,1
ACCACATGTCGTAA,24,True,1
TGAGATGTGAAAGG,24,True,1
CAAGAAGCCATATT,24,True,1
TGTATCATCATGGC,24,True,1
TAACACAATAAACA,24,True,1
TCCTTAGGCTCAAT,24,True,1
AAAGGCTATAAGGG,24,True,1
CAGAATTAAGAGTC,24,True,1
TTCGCTTGTGAACA,24,True,1
CTCAATCAATAGCT,24,True,1
CCCTATTGCTTGTC,24,True,1
ACATTAACTGATGG,24,True,1
ATCTCGCAGAAACT,24,True,1
AGAGTACTTGGTAA,24,True,1
TACCGTCCACCATT,24,True,1
TCACGCTCACACTA,24,True,1
GTTCCGAACAGATT,24,True,1
GGATAGGGCACGCG,24,True,1
GCCCACTGGGACCC,24,True,1
TGGTGGGTACATCG,24,True,1
ACCCCATCGGCGCC,24,True,1
CCCCTGACCTTATT,24,True,1
CTGACTCAATACAA,24,True,1
TATATTCCGACCAT,24,True,1
TACAACCGGCAAGG,24,True,1
GTATAGGTGGGGAT,24,True,1
TAGCAACATACAGT,24,True,1
CTATTAGTCTGTAA,24,True,1
TAAGCACCTCTACA,24,True,1
TTTGACACACGTCT,24,True,1
TCCTTCCTTGAACT,24,True,1
ATGTCGCTTCATAA,24,True,1
ATCAATGTATGTCA,24,True,1
CCTCCCTTAAGCCA,24,True,1
TCCATCAAACGACG,24,True,1
GCCCACGTTGTCGT,24,True,1
CCTCTTCCAGCTTC,24,True,1
TTGTCGACGATTTC,24,True,1
TTCCATCGCATGGA,24,True,1
CCTAGGCCCGCCGT,24,True,1
CAAGGGTTCAGGTT,24,True,1
CACCCTCCCGTGCT,24,True,1
CCACCCTGCCCCCC,24,True,1
TTCAAACGAACAGG,24,True,1
AGTAATCGTTTTTT,24,True,1
ATAGTTGAAAAATG,24,True,1
ATAGCATGGTTTAG,24,True,1
CTCTCACATCGCGA,24,True,1
GTGGACACGTAATC,24,True,1
TGCGCGCAATTATA,24,True,1
CCGCCGCGCTTGCC,24,True,1
GTGCCCAGTCTACT,24,True,1
ATGCTTGTTGAATT,24,True,1
GGTTTAGACATCTG,24,True,1
TATTCGGTAAGAAG,24,True,1
ATACCAAAAATTAA,24,True,1
ATATCGACGTGCGC,24,True,1
GCCTATGTCAATCA,24,True,1
CCCAAGGTGTCTTC,24,True,1
TGAGAGGGCAAACT,24,True,1
ATATCCCTCTTATC,24,True,1
CTACTGACTCTGTC,24,True,1
CTAAGCCACACTAG,24,True,1
ATACGTTAGCCGCA,24,True,1
TTATATACAATTGT,24,True,1
TGTAGGGTACAGAG,24,True,1
GGTCCCTCCTGCAA,24,True,1
AGCCGACTGTCTAA,24,True,1
TGAGTTTTTCACGT,24,True,1
TAAACTCGCCACCG,24,True,1
AACCAATACAAGAC,24,True,1
TGGGTTTCTTACGC,24,True,1
CTGACAGTTGAGGC,24,True,1
GCACAAGTTGAGGT,24,True,1
ATACTCAGGTAAAA,24,True,1
CCTATCGGGAAGGG,24,True,1
TGAGCCATTTCCCA,24,True,1
TAGTTACTTGTCTT,24,True,1
TGTGGTAGAATATA,24,True,1
CCGTATACGCGGAT,24,True,1
ATATCTCTGTTGGA,24,True,1
GGGAAGAAAGGGCC,24,True,1
CCGGAACAATACCT,24,True,1
TTTGCAGCGGACTC,24,True,1
TATAGAGGCTCTGG,24,True,1
TCCTAAGAATCCCT,24,True,1
TTATCCTTTGAAAA,24,True,1
CATGGCTGTTTGGA,24,True,1
GCCCCGGGAGTTCG,24,True,1
TCCCAAAGGCTTAA,24,True,1
GAGACCCTCCGGAC,24,True,1
CTACCCAGTTGAAT,24,True,1
TTAGTGATTTTTGA,24,True,1
TCACTTCCGGTAAA,24,True,1
CTAGCGTATACCAC,24,True,1
CTTCTGGTGAATAC,24,True,1
CTCTTCTTTTAAAG,24,True,1
ATGGGTACCAGAGC,24,True,1
TTGTCCCTATCCTG,24,True,1
TCCGGATATCGTTG,24,True,1
CCACCTGCGAGGTC,24,True,1
CGTAATGCGAGTGC,24,True,1
CCCATAGACTGGAT,24,True,1
TTAACCTGAGGTAA,24,True,1
AACGAATCGTTAAG,24,True,1
ACCCATAACATGCT,24,True,1
ACAAATGTTAGGGT,24,True,1
CCCTAGGAGTCTTG,24,True,1
CTGATTACTCTAAT,24,True,1
ACCTGGTCCTTCGA,24,True,1
GCCAGACTGGAACC,24,True,1
GAGTGAAACACGAC,24,True,1
GTATGTAGTTCAGC,24,True,1
GCGGAAAATCCGCC,24,True,1
TACTGATACGTTGG,24,True,1
TCCCCGCACGGATA,24,True,1
CTTCATCGCATTGT,24,True,1
CAGCTGCGTAAAAC,24,True,1
TACCACCTGCACGC,24,True,1
GATGTTTGGTGAAT,24,True,1
CCACCGAAGTGCGG,24,True,1
ATACCTTATTCTTT,24,True,1
TCAGCGAATATGCA,24,True,1
CAGAGGTCGAAGAT,24,True,1
CCGTGAAGCAGCTT,24,True,1
TGAGAACCTAGGAA,24,True,1
AAGCCTTATTATAA,24,True,1
TAACTTCGTTTCTA,24,True,1
ATCCTTTGTAATCT,24,True,1
ACAATCACAAATTT,24,True,1
TGGGCGGCCGCTCA,24,True,1
TTAGGGCGGGACAC,24,True,1
TAAATTTGTGACCC,24,True,1
GATCCTAGGCAAGG,24,True,1
TGCTGACTGCTGCA,24,True,1
TATCCCAGCTCCAA,24,True,1
CACAAGAATTGCTA,24,True,1
CAGAAATGTTCGCT,24,True,1
GGATCTATTATTTC,24,True,1
ATATTGGGCATCTA,24,True,1
TCTTTCTATTTGAT,24,True,1
ACTCCGATGCGTAC,24,True,1
CTGCAAAGGGTACG,24,True,1
TTAAGCGTGGTGAG,24,True,1
ATAAATATGACTCC,24,True,1
TACAACTACTAGTT,24,True,1
GGCAATTAGATTCT,24,True,1
TCAAAACAAGACCA,24,True,1
AAATCTCACCCGGG,24,True,1
TTAAAGCTCGGTCG,24,True,1
TGTACGACGCTCTC,24,True,1
AAGGTCCCCATCCT,24,True,1
CACGTAATGTTGAG,24,True,1
CTGAACTTAAAGGT,24,True,1
TCAATGCAGGATGA,24,True,1
TGAAAAACGATGGC,24,True,1
TCCACCCGCCCAAC,24,True,1
TAGCACTTCAGGTT,24,True,1
CATCCATCACTGGC,24,True,1
ACATCCTACGGGAT,24,True,1
AGAACTTTGCCCTG,24,True,1
AAAGTGATAGCACG,24,True,1
CACGATTTAGAAGA,24,True,1
GTGGCATTACTGAC,24,True,1
GTATGTAGTTTTGC,24,True,1
ACTGCACAACTGTG,24,True,1
GATTCGGCGACCTT,24,True,1
CAAATCAAAGCACC,24,True,1
CAAACACGCATCCC,24,True,1
AAGGGTTTTATCAT,24,True,1
TCAGGAGGTGACTA,24,True,1
CGCGTACATAAAGT,24,True,1
TCACCTCTTAGCAC,24,True,1
TGCATTGTCGACGT,24,True,1
CCTCCCCCGTTCTG,24,True,1
GGACCTGGTCTCCG,24,True,1
ATATCTCGAGACAG,24,True,1
TTTCAAATTTTCTA,24,True,1
CGAGCACATGACGG,24,True,1
TTGACCGAACTCGG,24,True,1
TGCCACAGAAAAGA,24,True,1
TGACGAACCACTGT,24,True,1
TCCCTTGTTAGATC,24,True,1
ATCAAACCCTTCCC,24,True,1
TAGAGATTCTTATT,24,True,1
TTATGTATATTTCC,24,True,1
GTACCATTCGTGCG,24,True,1
CCATATTATGCCCT,24,True,1
TTGAGGAAAGCTTT,24,True,1
GATGACTTTTGGAG,24,True,1
TATGACTTGCAAGT,24,True,1
AGCACATCAGGGTC,24,True,1
CCCCTTTAAGCCTT,24,True,1
TCCGTGTATGAGGG,24,True,1
CTCACGTACAGATT,24,True,1
CACCTCTCTCACAC,24,True,1
CTCTTGAGACGCAT,24,True,1
TAACCCGACCAGAA,24,True,1
TCATAATTTGCCAG,24,True,1
TAATACATCACGTT,24,True,1
CGAATTAATTTGAA,24,True,1
TATGTACTATATGA,24,True,1
TATCCACTACTCAT,24,True,1
CGAATTGCCAAACT,24,True,1
TTTGTGTTTTTAGA,24,True,1
TTTGAATTTGATGG,24,True,1
TTGCATATTGCTAG,24,True,1
TGCGTGCGTATCTA,24,True,1
TTAAATGATCAGCT,24,True,1
GGAACTCCGAGACA,24,True,1
TTTATACTACTTTC,24,True,1
CTCTCTTTTGCATA,24,True,1
CCATCTGGATATCT,24,True,1
GAGAGAGCGTTGAA,24,True,1
TATGAACCAACCAT,24,True,1
TGACCAAGTACTCA,24,True,1
TGGGACACACTAAA,24,True,1
TCGTATAAAGATCG,24,True,1
TTCGACGTCCAAAT,24,True,1
ACGATTGACAGTAA,24,True,1
CCATTACCTGTTGG,24,True,1
TGTGCCTATATTAT,24,True,1
ATGATTGTCAAAGT,24,True,1
TAACCCGTGACGAT,24,True,1
AGTCCGTCGCCTTT,24,True,1
TCAGGACACATCTT,24,True,1
CTGTGAGTAATTAT,24,True,1
ACACAGGTAATTCT,24,True,1
TATCCTATACCCCG,24,True,1
ATATTGCTAACCCG,24,True,1
ACACATATAAATAC,24,True,1
CACTGGTGTAACGA,24,True,1
GCTGTCCCTGTGCT,24,True,1
ATAGCAGTATATAT,24,True,1
ATAAACCCTAAATT,24,True,1
TTACTAGCCCCTGC,24,True,1
TTCCACAATTCATC,24,True,1
CTACGCCTTGAATA,24,True,1
TGAGGTGATTCGAG,24,True,1
CTCAACCGTACCCC,24,True,1
TTTCGTTGATACAT,24,True,1
TCAAACTTCGAGCC,24,True,1
CTATAAGCTCGACG,24,True,1
CGCAGTTATCTCGC,24,True,1
AGGAGGAGCCTGCG,24,True,1
CCCTTGTCAGTCAA,24,True,1
CCTCCCGAATCTGA,24,True,1
TACCCCCCCGTGAA,24,True,1
AATCTCAGGCTTAT,24,True,1
CGGAACATACATTG,24,True,1
AAGGTATAGTCAAT,24,True,1
TGACGAATGAATTA,24,True,1
TGACTCTATAGGGC,24,True,1
ATAGTGTGTTTTAC,24,True,1
TATGCTACACTAGT,24,True,1
TTCCGCCTTTGCGT,24,True,1
GTAGCTTGGCACTC,24,True,1
ATAAAGTCAATACC,24,True,1
ACACAGAACGTCCA,24,True,1
CTATCGCACTCTAG,24,True,1
TGACCGGCCCTAAT,24,True,1
CCCCAACCTTGATG,24,True,1
CATAGCTTAAAGCC,24,True,1
TACCAAAAATATGG,24,True,1
CGGACACGCTTGTT,24,True,1
ACGTCCCTACCCCC,24,True,1
GCGCTTTTGAGATC,24,True,1
GTAGCACGAAGAGG,24,True,1
TTTGGACTACTAGC,24,True,1
TAAAAAATGGCATA,24,True,1
CAGATCAAAGGGCT,24,True,1
TCCCCACCTATGAT,24,True,1
CCCCCAATAAGGAC,24,True,1
TGACTTCGCCTTAA,24,True,1
GCGCTCACCAGAAT,24,True,1
CCAGCATTTCACTG,24,True,1
GCGCCTGACGGGTG,24,True,1
CCCCCAATAGGCGA,24,True,1
TGAACCCAAACTGA,24,True,1
TGGTCTAAGAACTC,24,True,1
TCCTTACGAACATG,24,True,1
TAAAGTGGCTATGG,24,True,1
TGAAATTCCATATG,24,True,1
ACAGAGACACGTGG,24,True,1
GCCGGCCTCACCCA,24,True,1
TATCGAGGCACTAA,24,True,1
ACGAGTAATGTGTT,24,True,1
GTAAGTTCAATTAT,24,True,1
ACGAGAGGCTCGGG,24,True,1
GGAGCTCGACACAA,24,True,1
TCCATGTTGGAAGA,24,True,1
TACAAGTTGAATAG,24,True,1
TCCATGCTATTCAA,24,True,1
TAGAGTGTGATTCA,24,True,1
AATCCACTTCCGCC,24,True,1
GACACAGTGCTTTT,24,True,1
TCGATATTCTAGGT,24,True,1
CGACTCTCTAAATT,24,True,1
CTACAATTACTGAG,24,True,1
GCCATATTCATACG,24,True,1
TAGAAATTGCGAAT,24,True,1
TGAAATATGTCAGG,24,True,1
CTGCATAGTTCCAA,24,True,1
TAGCTGCAATCATT,24,True,1
GTCCATCCACACAG,24,True,1
TGATGATTCCGCGT,24,True,1
CATTTACCCAGGAT,24,True,1
CTCTTTCTTAAGAC,24,True,1
TCTGACAAGTACCA,24,True,1
TATACACCGTAATA,24,True,1
TTTCCGAACCACCT,24,True,1
TAATCAGTACGTCC,24,True,1
GAACCTATGCCCAA,24,True,1
TGATTCTTACGCGA,24,True,1
TATAATTCAAACCA,24,True,1
TATGCAAAAACACC,24,True,1
GCACCGTCAGCTAC,24,True,1
TTGTCAAATTTAAC,24,True,1
TGCCCAGCCATTCC,24,True,1
TGACCACGTGATCT,24,True,1
GCTATTATTGCCGT,24,True,1
TTGAAAAATAGAAC,24,True,1
GTCGATTCCCCCTT,24,True,1
AACACGAGTCTATT,24,True,1
ATCCGATATTTTGA,24,True,1
TTGAATTCCGGTAT,24,True,1
CATAGACGTCGGCA,24,True,1
CTATGACAATTTCC,24,True,1
ACAAACGTCTTAAC,24,True,1
ACCCAAGACCACCG,24,True,1
TTGCAAGTGTATAT,24,True,1
TTATAGAAACGCTT,24,True,1
TTGCTGTCACAGGA,24,True,1
ATAGATTCTTTATA,23,True,1
TTACACATGGCACC,23,True,1
TATCTTTTATTCCT,23,True,1
TCACCAGTGGTACA,23,True,1
TATGTTAAGAGAAC,23,True,1
GTCCCTGCCCTTCC,23,True,1
ATGACGTTAACCGG,23,True,1
TCACTTGCACCCGT,23,True,1
GGCATATGCTTCAT,23,True,1
GCCAATTCGAGGAG,23,True,1
CCTTAAGACTTGTC,23,True,1
GCTCAGTTTGTAAG,23,True,1
ACCACAGACCGCAA,23,True,1
GCCACTCCAACTGA,23,True,1
TTCTTCCGGTGAAG,23,True,1
ACTTCGATATTTGG,23,True,1
TAGGAAGACTTTCC,23,True,1
ACGAATAGGTCATG,23,True,1
TCGAGACGCCCATG,23,True,1
GTCGTCAGCCGTGA,23,True,1
CTTACCCTCCGCCG,23,True,1
AAAGACCTTGAGTC,23,True,1
TAACCAAGAACAAG,23,True,1
GGAGAACGGACGCA,23,True,1
AGGGATCATGCTAA,23,True,1
TCTTTATGATCCGC,23,True,1
TTATTATGAAATAG,23,True,1
TGTGGTTTTAATAT,23,True,1
GGATGGCCACACGG,23,True,1
AGGGTTGTATGTTC,23,True,1
ACCCTCAAGACGTA,23,True,1
TGGGTTGGTAATGA,23,True,1
TCCTCGATCAGCCA,23,True,1
TCAACCCACGCATA,23,True,1
TGACATTGGCAAGT,23,True,1
CTCGTTTCTCGAAC,23,True,1
CAGCATGAGTTGAA,23,True,1
AGTCTACATACTCA,23,True,1
TCTAACCCGGGCTT,23,True,1
GAACGTTGTTTCAT,23,True,1
AGATGCAAGTTTTA,23,True,1
TTGAAAGAGTGTAC,23,True,1
CTTAGACATAACTC,23,True,1
TGACGTCCCTGGCC,23,True,1
TCCACAGGGCGCTG,23,True,1
AGCAACCTTGGGTC,23,True,1
ACACTTCTTAGTCC,23,True,1
CGATCTCTTTGGAA,23,True,1
TGTAATCTTAATTC,23,True,1
GATTTAATAATACT,23,True,1
TCCATTCGAATTAT,23,True,1
CCGCCTGACTACAT,23,True,1
TCTAAGGGACGCAA,23,True,1
ATATTATTCGTTTT,23,True,1
TAAAGTATCTTCTT,23,True,1
CAAAGCATCGTTAT,23,True,1
AATGGATCGCAATG,23,True,1
CCAGTCGTTACCGG,23,True,1
ACAGCGGAAACAAC,23,True,1
ATCTCTTTCTAGGA,23,True,1
TCAGTATAGTTCCA,23,True,1
AGGAAGATAGTGGA,23,True,1
CCGGCTCCGGCTTC,23,True,1
TGGCCACAGCCCCT,23,True,1
ACATATGTGTGGGG,23,True,1
AACGCTGGAGAAAC,23,True,1
AGACGCGCTTTACG,23,True,1
GTGAGATCTAATGT,23,True,1
CCATAGCGTGTAAA,23,True,1
AGGCATTTATTAAG,23,True,1
ATAGGTGTACAATG,23,True,1
TTGAAGAGAATTGA,23,True,1
TTGAATTAACGTCT,23,True,1
CCGCTCCTAAATAT,23,True,1
ACATTGATAGCTAT,23,True,1
GCATCAAAATCATT,23,True,1
TGATTAGTGAGTGG,23,True,1
GAGATTGGATAAAC,23,True,1
TTATACTCTCCGCT,23,True,1
AACAATCTGGGATG,23,True,1
TGACGCTGCATGGC,23,True,1
TCCCCTCACCCTGA,23,True,1
GGGAACTCCGGGCA,23,True,1
ATGAGACCGAAGAT,23,True,1
ACACAATTAATAGA,23,True,1
TTGGCTTAGATATC,23,True,1
CCCCTCCCACCCAC,23,True,1
CCCGTGTAGTACTG,23,True,1
AGTTGATGTGCAAT,23,True,1
TCATAACGGATCAC,23,True,1
TTGACTGCCGGATC,23,True,1
TGTTAGCCGTCGAC,23,True,1
TAAGAACCTGCGAC,23,True,1
ATCACGCAGTGACG,23,True,1
GTGCCATAGAGTTT,23,True,1
AGACCCGTCAGTAA,23,True,1
ATTACTTAAAGACA,23,True,1
GGGCGATCTGATCC,23,True,1
TGGTTTGACCCACG,23,True,1
TCATACAAAAGGTC,23,True,1
TCCCGATTGGTCGG,23,True,1
CCATCATATTCATA,23,True,1
TGACCGAGGAACAC,23,True,1
TCTATCTTTTGTTC,23,True,1
TTGAACGCGTGATA,23,True,1
CTACATTGTGTTCA,23,True,1
GTCTCCGACGCTCC,23,True,1
CAACGAAAACTGAA,23,True,1
GTACTACGCTTGAT,23,True,1
CCATCGCCTATTTA,23,True,1
TTGTTCGACTTTTA,23,True,1
CATACACCTCTGTA,23,True,1
ACTCGCTTGTAAAC,23,True,1
AGCACTGGCCACTG,23,True,1
GACCTCGTTCCCAC,23,True,1
AACAAACTTAGCCC,23,True,1
CATTGGCCATAAGC,23,True,1
TGTATGAGCCCCGT,23,True,1
TTAAGGGAATTTTC,23,True,1
AAAAGCTCACTATG,23,True,1
AATAACACCTATCA,23,True,1
AGTCCCTATGGACC,23,True,1
CCAAACCTACGCAA,23,True,1
TTCGATCAGAATTA,23,True,1
AACCCGCGTTACCG,23,True,1
TCCTAGTTTGACAC,23,True,1
CTTGAAGAAAATCA,23,True,1
CGAAACGATCCACA,23,True,1
CATACACTTAATGA,23,True,1
CGATCAGGCTTCTC,23,True,1
GATCAAGAACACGA,23,True,1
TAATATATAATGAT,23,True,1
GGAGACTAGGAGAA,23,True,1
CGACCCGGGTGCCG,23,True,1
TGGGCATGTACACA,23,True,1
TAGTGCGAAAAAAT,23,True,1
ACCTCTGGCTTTTG,23,True,1
TTACTTGAGTTATA,23,True,1
CTAGTTCCGCGAAA,23,True,1
CACTCTCTGGCCCG,23,True,1
GCAATCGCCGCTTA,23,True,1
TATACATACGCCAT,23,True,1
GCTGTGTGTGACAC,23,True,1
GCAAAGTCTACTTG,23,True,1
CCATTCCGTACATG,23,True,1
ACTCCCCTCATAGA,23,True,1
TAGGAGAATTCCCA,23,True,1
CCATCAATTCATAA,23,True,1
TGGGTTACGCGTCT,23,True,1
GATCAGACGTTAAA,23,True,1
GACTTAAAAACGAC,23,True,1
GATACCAATACGTA,23,True,1
ACACCATAACAAGG,23,True,1
CTTTTGATCATCTT,23,True,1
AGGCTTATCTTGCT,23,True,1
CGATTTCTCGCGCG,23,True,1
TACGTAATTGTATC,23,True,1
CCCTTTAAGTTACA,23,True,1
GTTAACAGAACCTG,23,True,1
GCGCCCGGTACAGA,23,True,1
CTTCGCTCCCAGCA,23,True,1
ACGGGGGATTAGCT,23,True,1
CTGGGTTTAGTACT,23,True,1
CTGCCTCTTGTTGA,23,True,1
CAGACAAATAAATT,23,True,1
ATCGCTATGCAGTT,23,True,1
CGAGCTCCGACTTT,23,True,1
ATCAATTAAGGATC,23,True,1
TTTGGTTCATCGTC,23,True,1
TCCTGCTTTGGAAA,23,True,1
TCCATTGCCGTCCT,23,True,1
TGACTGAAAGGGAA,23,True,1
TTGCGTCACAATAA,23,True,1
CTACTGTGATGGTG,23,True,1
GGATAAACAGTTCA,23,True,1
TGGTGAAAAACTGC,23,True,1
AAGGTTGCCGGCCA,23,True,1
TATACCATTCCCTT,23,True,1
ACCTAGTCCCTTCC,23,True,1
TTGATACGAGAGAC,23,True,1
TTTAGCGCGTATCA,23,True,1
AGCACGAAGAGCTG,23,True,1
GTGCGCTGTCACAG,23,True,1
ACTTAGTAAAGAAA,23,True,1
AAAGCAGAATACAT,23,True,1
ATCTCGGAGACAAA,23,True,1
ATGTAACTAGAAAC,23,True,1
TACCCCACGATTGG,23,True,1
GCCAGATAACTCTC,23,True,1
TTATATACTGAGCT,23,True,1
TACCCAATTGTAAA,23,True,1
ACACTGCATGTCTC,23,True,1
TCACTAATAACAGG,23,True,1
TGCATACGTCGTCG,23,True,1
TGAGGAGGTCCGAT,23,True,1
CCCGCCTTCTTTGC,23,True,1
CGTATGAGAAAACC,23,True,1
CGGGAGAAAACAGG,23,True,1
ACAGCTCCTCACAC,23,True,1
CCCACTCCTATGAG,23,True,1
AGGAGGACAATAAG,23,True,1
TTCACTTCTCCGGG,23,True,1
TTAGCGACATTATT,23,True,1
TAGCCAATAATATA,23,True,1
CTTGGTCAGCTGGC,23,True,1
TCTGTCTAATGCAA,23,True,1
CAAGAGGACCCGCC,23,True,1
TGCCTCATTTGCGT,23,True,1
TTTCACGCTTTTTA,23,True,1
TCATTCTTTTCGGC,23,True,1
GAGGCGTCTACGGC,23,True,1
GTATGATACTTTGG,23,True,1
GAAACGGTAGAGTG,23,True,1
CTACCTTAGCTAAC,23,True,1
GCGGAGCTGAAACT,23,True,1
CATAACGGGTAGTA,23,True,1
TTTGTTTCAGTTAA,23,True,1
TACTTGCCCCCTAA,23,True,1
ATAGCAAATGTTGT,23,True,1
ATACATTCATAATA,23,True,1
ACATGTCTTCGTAC,23,True,1
GTATCCTTACTCAG,23,True,1
ACCTAGCTCATTGA,23,True,1
TATGATCACAGACC,23,True,1
ATAAGACGCATCAG,23,True,1
TTTTAGATCCCACA,23,True,1
TAAGCCTCTTGATT,23,True,1
TCATCTTTAGCCTC,23,True,1
TATTCGCCCACGAA,23,True,1
AGACTTGATGCACC,23,True,1
TTCTTAAATCCCCT,23,True,1
TTTGCTGCGAGGCA,23,True,1
CCTAACAACATACG,23,True,1
CACCGTACTTTATT,23,True,1
TCTGCAATTTCCTC,23,True,1
TTTCCAAGGCCTCC,23,True,1
CCACCCTTGCAATG,23,True,1
TAAAAGGGGGGTCT,23,True,1
CGTTCGAGATTAAC,23,True,1
TGAACTCTGTAGCG,23,True,1
AGGCCGCTATAACC,23,True,1
AGACCATCAACATT,23,True,1
AGGGGCAGTCGTAG,23,True,1
CCGCTGTATGTGTA,23,True,1
CAGGTAGATCAAGA,23,True,1
CGCAATGGACGTCT,23,True,1
AGTCGACTCTATAT,23,True,1
GGACGGATAGACGT,23,True,1
GCAGATCACTCTAA,23,True,1
ATATCGATGGTGCG,23,True,1
TCAAAGACAAGCTT,23,True,1
TCACACCGGATCCG,23,True,1
TATCACCGAGTCAC,23,True,1
TCTTGAGTGCACAT,23,True,1
CATGTTGTTATCCT,23,True,1
GTGGTGATCTATCG,23,True,1
CAACGCACATAATT,23,True,1
GGACGAAAGATATT,23,True,1
TTTAATTACGTGTC,23,True,1
CACCTTCTTACCGA,23,True,1
GCCGTTAAAACCAA,23,True,1
GACACCGCCCGGGA,23,True,1
TACTCTCCTCGGCC,23,True,1
ATAAGAGAAATTAG,23,True,1
TTTAAGTATTAAAT,23,True,1
GACCCACATTATCA,23,True,1
ATATCAGCGTTAAG,23,True,1
TTCGAAAGTTACTC,23,True,1
AAACAAGAAGTCTT,23,True,1
ACAACTCAGAATAG,23,True,1
GTTTGTTCCATTTG,23,True,1
TCTAACTGCATGTT,23,True,1
GTACATGTTCTCCC,23,True,1
GAACCCGGGTCCCA,23,True,1
GAGTAAGGATGAAT,23,True,1
GTGCTTTAGGGCAC,23,True,1
ATACTTAGATCTGC,23,True,1
CCTTGCGAACGGGC,23,True,1
AGCGCAAGGATCTC,23,True,1
TCTGGCTATTCAAA,23,True,1
CTGCAGCTCAATCC,23,True,1
CTCCCGTTACACGC,23,True,1
ATCGTAGCCTTAAA,23,True,1
CCAATGGGGAAACG,23,True,1
TTGTCAATATATTG,23,True,1
TCATCATTGGCGGT,23,True,1
GCATGATACCTAGA,23,True,1
CTCATATTGTGAAT,23,True,1
GTGACTGACATTAC,23,True,1
GTAGGAATAGATCC,23,True,1
CTTGATTATAGTAC,23,True,1
TCAAGCCTCTTTCT,23,True,1
CAACACGCAGCATC,23,True,1
ACTAGAGACTATGA,23,True,1
TTATTGCCTCCGGG,23,True,1
GGAGCATCACAGGC,23,True,1
TCCGTCGGCATTTG,23,True,1
TCCCACGTCGTTGC,23,True,1
TTACGCTTAATCGA,23,True,1
CCTGGATACGGGTT,23,True,1
TGCCTCTAAAAAAC,23,True,1
AGGACTTAAGTTTA,23,True,1
TCAGCCCCGAGTCC,23,True,1
TCGCGATATCGTCA,23,True,1
CCCAACTGGCCACT,23,True,1
ATCAGACGGGTAAA,23,True,1
TCTGCTGGCCCTCC,23,True,1
TCAGAAGGAAAAGA,23,True,1
TGTCGACGAAACAA,23,True,1
CTGAGACTTTCAAA,23,True,1
TGTCAATAGGGCAC,23,True,1
CCCTAACTCTGTAC,23,True,1
TCTCCACATGGGAG,23,True,1
ACTAGAAACAAACC,23,True,1
CTTCCACGATCTAC,23,True,1
TTCATTAACACGTA,23,True,1
ACATGACAATCCCT,23,True,1
TTATGCACCATGTA,23,True,1
TCTCAAGGCAGTTC,23,True,1
CCTGCATCGTGACC,23,True,1
TAATCAGTTGGTTC,23,True,1
ATGAATAAATCATG,23,True,1
GCACATCTAGTTTA,23,True,1
GTGTAAGATCCATG,23,True,1
ATATACTCTATTTC,23,True,1
GTTGTAATACGTCT,23,True,1
CTAGTATTGACTGT,23,True,1
TTGTAATATTCCCT,23,True,1
GGACAAGATTCAGT,23,True,1
TCCGCTTGAACGCC,23,True,1
TAAAGAACTAGTAG,23,True,1
ATGTATAATGATGA,23,True,1
TGTAGCAGTAGATA,23,True,1
TGAACAAGGGTTAG,23,True,1
ACCACGTTGCATAT,23,True,1
TTAACAACAAACTT,23,True,1
AGACAGTAAGAACA,23,True,1
CCCTATATACGCAA,23,True,1
GACAGAGTAAAACG,23,True,1
GAACTCGCAGTATA,23,True,1
ATACTTTATGAGTG,23,True,1
GATGCAACCCATAC,23,True,1
ATCTTAACAAACCT,23,True,1
GACACCCTCTTACA,23,True,1
AAAACGACATTAAT,23,True,1
AACTCGATTACCTA,23,True,1
AGTAGACCCGTGAC,23,True,1
TATAAGACCATGAG,23,True,1
TCAAGAAAAACTTA,23,True,1
CACCCGAAGTGAAG,23,True,1
TCCGACAACAATAT,23,True,1
CTTCGACTGTCCGT,23,True,1
TCCCAATAACTTCT,23,True,1
GCAAACGTCATCTG,23,True,1
TCGGAGAGATTATA,23,True,1
TGCCTATCGTAGTC,23,True,1
CTGAGAGGCGACGA,23,True,1
GCTCGTGCGGTACG,23,True,1
TGATCATAACTAAA,23,True,1
TCCCCGCGCTGCGA,23,True,1
AGATCTCATTAAAT,23,True,1
TAGGATGTTGTCAT,23,True,1
CAAGTTGACAACAA,23,True,1
TTACATAGTAGCTA,23,True,1
TAGTAACTATAAAG,23,True,1
CAAGGTCGGCCGCT,23,True,1
CCACCATCAGTAAA,23,True,1
TATCGTTCCCGCAT,23,True,1
TCACGTTCTTCCGA,23,True,1
GAAAAGGACAAACG,23,True,1
TTCTTTTAGAAGAA,23,True,1
TGGTTGACCCTAAG,23,True,1
GCCACTAATAAGTA,23,True,1
ACCTAGTTTATGGA,23,True,1
TAGGAACACTGATG,23,True,1
CTTTATCATGTCAT,23,True,1
CGCCTGACAGGTCC,23,True,1
TTTCCCAGGCACCC,23,True,1
ATCATAGAACGGCC,23,True,1
CTCCCTTGGTATGA,23,True,1
TAAATAGTACAAAC,23,True,1
ATGATTTAAAGCAG,23,True,1
CCATCGTCCCCACC,23,True,1
TAATCTACGCCGGA,23,True,1
AGTACAATCTAAAA,23,True,1
TACGTAGCTTGCGT,23,True,1
GTCGTAGGGAGAGT,23,True,1
TTCAGGGACTTGTA,23,True,1
TACTATTAAGTCAC,23,True,1
CGAGGTCAGAAAAT,23,True,1
ATGGCCAGGCCAAC,23,True,1
CTCCTCAATAGACA,23,True,1
TAGACCGGTGGTAT,23,True,1
TCTCCCACCATCCC,23,True,1
GAATTGGCCTATCC,23,True,1
CCGATCAAAGGGGA,23,True,1
TGTTCGTGTGAACA,23,True,1
GGGAATTTATTAGC,23,True,1
CCCCTCTCATCTAT,23,True,1
CGTTGGAGCTTCGA,23,True,1
GGGGTTCCCTAGTC,23,True,1
AGGCTATACTGCAC,23,True,1
TACTCGCAGAATGC,23,True,1
GTTATTAGTGCATT,23,True,1
ACACTGGACCGATA,23,True,1
CTACCTTTAGAGAG,23,True,1
GGAGACGAGATCAT,23,True,1
CCCCACGCCTCCTC,23,True,1
CCGACTCTGAAGGC,23,True,1
ATATCTGAATAGTT,23,True,1
ACACCTCCACATGT,23,True,1
CTACAAACCGACTT,23,True,1
AAGACGAACAGAAG,23,True,1
CGACCAATAAAAGA,23,True,1
GATGCATTCAGTAT,23,True,1
CTCCACTCTGATGT,23,True,1
TACTCACCGACGAG,23,True,1
CAATAGGCATATGT,23,True,1
TACAGAAGCTTATG,23,True,1
TGCTGTAAGAAGTA,23,True,1
TGAGAACGAACCCT,23,True,1
TACACCTCCACCAC,23,True,1
TAGGCTAGGCCCCG,23,True,1
CAACACCATGCGGG,23,True,1
TGATGACTTCCACA,23,True,1
ATAGATCAGGTCAT,23,True,1
CTTTCGACACAATA,23,True,1
GATCCGTGGACAAG,23,True,1
TGTCGCCATAAACA,23,True,1
CCGCGCTCCAATGA,23,True,1
ATGATAAGGTCTAA,23,True,1
ATGCACCGTAACGT,23,True,1
TCCAATTTACAGCC,23,True,1
GAGCCAATCGAAGT,23,True,1
GCAACAAACTGTCT,23,True,1
CGCTAGGTATAGCA,23,True,1
ATATTACTAAGGGT,23,True,1
AAATCCCGGTACCA,23,True,1
TTCCCGGGCTAAGA,23,True,1
CGCCCGACCGCCCG,23,True,1
TACAGCTTCGCGGA,23,True,1
GATCGTTTTGAACA,23,True,1
CAAGGCATTTACTC,23,True,1
GTACACAAGTTTAT,23,True,1
ATATATCCATCAAT,23,True,1
TCATAAAAGTAACA,23,True,1
AGCGTAACAGCCTC,23,True,1
AGCATTGGAAATTT,23,True,1
CAGGTTATTATGGG,23,True,1
AACACCTTGTGCAA,23,True,1
TGTTTATTCTTCAC,23,True,1
AGACACGGCAAAAA,23,True,1
CCACCACTATTCGT,23,True,1
GGAATTCGTGGGAA,23,True,1
GGCGAACCAAATCG,23,True,1
AGAGCAGCAGTCAA,23,True,1
CGTACTGTTAAAAA,23,True,1
ATTCGTATCCTGGC,23,True,1
CGGCTTTTCAACAT,23,True,1
ACACATTTCAACTC,23,True,1
TACGCCACACGCAG,23,True,1
TTCTTTTACCCGAA,23,True,1
CACTAAAACTGACC,23,True,1
TCTGAAGAATCCAC,23,True,1
GACTAAGCGAATAA,23,True,1
ACACCTATCGGTCC,23,True,1
GACCCGCAGCTGTT,23,True,1
AATCCTAAGTAGGA,23,True,1
TATGGTGACTTTCA,23,True,1
TTACCGAGCTAATA,23,True,1
TGCACTCAATTTTT,23,True,1
TTCAATAAGACGTG,23,True,1
TCAATGCGGACAGT,23,True,1
GGAAGCTCCTATCC,23,True,1
TTAGTAGATATCAC,23,True,1
TAACAGCTATGTAC,23,True,1
TGAGCATGTGACAG,23,True,1
TTAATCTAAAGAAT,23,True,1
TCTAATTCAATCAA,23,True,1
TGCAAACAATGCAA,23,True,1
GAGACTATGATGTC,23,True,1
CTATATCTGTTTAT,23,True,1
TAGCTCCCACGTCC,23,True,1
TCAACAGGCAGGGG,23,True,1
CTACTGCAAAGCAG,23,True,1
TTCTGTAAGACCTC,23,True,1
TCGCTATGCGTTAC,23,True,1
TATAAAGTCGGAAA,23,True,1
GATGAGTAAGTCAC,23,True,1
TCATCCGAGCCTGT,23,True,1
TCCGACTTCTCGAA,23,True,1
GACCGAACCATTTG,23,True,1
TAGTTCCCTAACCG,23,True,1
GTGACTTAAGAGGC,23,True,1
CGGCTGTGGCAAGT,23,True,1
TTCATCCAATTTGA,23,True,1
GGCCCAGGGCCGTT,23,True,1
GTTAGCCCCTGACC,23,True,1
CCCCCTGCGCTGCG,23,True,1
CAACTCATAATGAC,23,True,1
CCATAATACATCTC,23,True,1
TCTGTCCCTCTACA,23,True,1
CCAATCAAATCACC,23,True,1
ATTGGCTTTCATAG,23,True,1
CCAGAATGCTCCAA,23,True,1
AAGGAAATGAGCCA,23,True,1
CTCAATGCCAATAT,23,True,1
GCACCTGTAACGAG,23,True,1
TCCGGCTGTCCATC,23,True,1
ATTGCGCTGGTTAA,23,True,1
TGAGTACGCCGAGC,23,True,1
TATCCAGAGGCGCT,23,True,1
TGTGCTTGAACCGT,23,True,1
CCCTCCGCGGCAGA,23,True,1
TGGAATAGATTAGT,23,True,1
TATTGAGAGACTGT,23,True,1
GCTTCGCCAAGTTT,23,True,1
GACAAGATACGACC,23,True,1
CTACCGCGTCAGTC,23,True,1
CCATAACATCGTTT,23,True,1
GTCAGGATGTTTAA,23,True,1
CGAGACGCTCAAAA,23,True,1
CCGGCCGCCATTTT,23,True,1
TTATTAACTTCTTG,23,True,1
TGAAACAACCAGAT,23,True,1
AGGGCGAATTTCCA,23,True,1
AACAAAGTTAATCA,23,True,1
CCATCGCACCAGCA,23,True,1
TAAACTCTCATGTT,23,True,1
TTCGATTAGTTTCA,23,True,1
AAGCTAGAAACATG,23,True,1
AGACACAGAATCAC,23,True,1
ACTAGTTCCAATCA,23,True,1
TCCTATTCCGGTCG,23,True,1
CCCATACGACACTA,23,True,1
TTGAAGCCTTGATG,23,True,1
TCACTCATAGTCAA,23,True,1
TAATATCTGCCACT,23,True,1
CTTAGCAGATTCAA,23,True,1
ACATTCTCTGTGGT,23,True,1
TCTCTCTCCTTAAC,23,True,1
TTCCTTAATTGTCT,23,True,1
CACGAGCTCATTCA,23,True,1
GCGCCATCGGGAGC,23,True,1
GGCACAGGCAACAA,23,True,1
TCCAGTTGGTTAAT,23,True,1
ATATACGTATGAAT,23,True,1
TTCGAAGTTTTCCA,23,True,1
GACATTTCCCGAGA,23,True,1
CCTTGAAACAGTAC,23,True,1
TCTTTAACTACTCG,23,True,1
TGAATCTTGTTGAA,23,True,1
GAATAAACACTAGG,23,True,1
CTCCTATTACCTGC,23,True,1
TTTACATAAAATTC,23,True,1
CCACTATAATAACG,23,True,1
TGTAAGTGAGACAA,23,True,1
AGAGGGATTAGTGA,23,True,1
ACAAATTATTTAGC,23,True,1
AGTCGCGCTTATCT,23,True,1
TGTTATGCAATACG,23,True,1
GATGCCTTATGTAG,23,True,1
ATCCCTAACGTAAC,23,True,1
TTCACCCCGGTCCC,23,True,1
AGACCCATTTCCCG,23,True,1
GGCATGTGCGTAAC,23,True,1
TTCGCCGGTCGTCG,23,True,1
TTTGAACTGCACAG,23,True,1
TTTTCTAGATTTCT,23,True,1
CGTCCTATTGTAGC,23,True,1
AGGGTTATAACTAA,23,True,1
TATCCCATCAAGAA,23,True,1
CGGCAGAATTGCAC,23,True,1
CGATCAGCAACTAT,23,True,1
TTATCTGAGAGACC,23,True,1
TTATGATAAGGAAT,23,True,1
CCATGATATTATGT,23,True,1
CCCTACTTCACTTA,23,True,1
AATCCTGAATATCG,23,True,1
CTGGGCACAGATGC,23,True,1
TCATGGTATAATTT,23,True,1
GATTCTTTGGGCTT,23,True,1
CAGTCGTGGTACTT,23,True,1
TACCCTCACATTCC,23,True,1
CCACTATCAACCGA,23,True,1
TACACATGCTTTTA,23,True,1
ACATGGGTGTGCCC,23,True,1
GCATACCCCCGAGG,23,True,1
AATAAAACATTCTT,23,True,1
CGGCTCTACCCGGG,23,True,1
CAGCTACCTCTAGA,23,True,1
GGGGGGTGCTCTCT,23,True,1
TCTCCCTTTCCGCA,23,True,1
ACTCTAGTTCCACA,23,True,1
TTCTTTATCGTTTT,23,True,1
TCGATCTCCGTGTT,23,True,1
CTTGTTCGACCAAT,23,True,1
CACACTACGGATTA,23,True,1
CCACTAATATTCCT,23,True,1
CATCTGTTAGCGTA,23,True,1
GCCATCGTCCCCCC,23,True,1
TTACAGTATCCGAG,23,True,1
CACCTACCGATTAA,23,True,1
CAGAGCAAATTGGC,23,True,1
GGCTGGTTTCAGAT,23,True,1
AGCCACTTTCTCCG,23,True,1
TCATCCAAGAGATG,23,True,1
GGCATAGACACCCT,23,True,1
AGTAGAAATATACG,23,True,1
CGGAACTTTTGTAG,23,True,1
GCAGTTACTTGGGT,23,True,1
TCCAATAAATAGAC,23,True,1
TTAATCAAATACTT,23,True,1
AACGAAGAAAGCTG,23,True,1
TTAACTTAAAGTCA,23,True,1
AGTCGTGTCTTGCA,23,True,1
ACAGCAGGCCTGTT,23,True,1
TGTCAAAAAGTGTA,23,True,1
CCCTCCCTGAGGCG,23,True,1
CATAGCGCCACTTG,23,True,1
AGCAGTTCAATTTA,23,True,1
GAAGAACTCCTTTA,23,True,1
CCTAACTAGTTACT,23,True,1
TAGCTTTATAAAGT,23,True,1
CGAAGCATAATGGA,23,True,1
GCCGCCCGCCGTAA,23,True,1
ATGGCCTTTCTATT,23,True,1
GAAATAATGTATGT,23,True,1
AATGTACGCAAATT,23,True,1
TGGCCCGAGAAGAA,23,True,1
GGATGGATAGAGGA,23,True,1
CCCATTTGCTTCTT,23,True,1
GATGAAACTTAGTT,23,True,1
GATCGATTCAGTTT,23,True,1
AGCATCTTAGAATC,23,True,1
TTTTTCCCTCCAGC,23,True,1
CTATTAACCTTGTA,23,True,1
TAAATATCAAGAAC,23,True,1
TACCACACTTCACA,23,True,1
CTACACAGGGCCGT,23,True,1
TTCAGTATGCATTA,23,True,1
TCTCTACACAAATT,23,True,1
CACTCGTTTTACGT,23,True,1
CACCCTTATAAAGA,23,True,1
GACCATCTATTATG,23,True,1
AGGCCCCCAGGACT,23,True,1
TAATAATCCCGTTC,23,True,1
TTTATGCAGAATGG,23,True,1
ATAATATACGATTA,23,True,1
TAGTTCGCTATTTT,23,True,1
ATATCTAAGGGTGG,23,True,1
TCCCTTCCATGCCG,23,True,1
ATATACAATCACAA,23,True,1
ACCTTTAGAAGGTC,23,True,1
TTAAAGATTTACCA,23,True,1
GTGATACGGTGTTA,23,True,1
CTTATCGTGATCGT,23,True,1
TGTCCAATATTACT,23,True,1
TTGCTTCGTCATAG,23,True,1
GTGTGTATGTGAAC,23,True,1
TAACGAGGAAAGGA,23,True,1
TGGGTACAGAACTA,23,True,1
GTATCGTCCTCCAC,23,True,1
TAACAACACAATAT,23,True,1
TTTTAGTACTTCTG,23,True,1
GTTAACCCATTCAA,23,True,1
TCGCCAATCACACA,23,True,1
ATAATAATACCCGT,23,True,1
GCAAACGGGTAACA,23,True,1
ATGTAGGTCAGAAG,23,True,1
AATTGAGTCTGGGC,23,True,1
ACACCAGTCGCTGT,23,True,1
TTATAATCTTACGG,23,True,1
TAGCCTGATAAAGT,23,True,1
AGGATGTAAGAAAG,23,True,1
TCACAGACGAAGAC,23,True,1
GTACCATACAAAGC,23,True,1
TTTCAAAGTATGGT,23,True,1
TGATAATAATGAAT,23,True,1
ACTATTGTCTTACT,23,True,1
TGCCGAGAATAAAC,23,True,1
TTAGCGTTGTTTAA,23,True,1
TGAGCCCATTGGAA,23,True,1
TTTAACGTTAGCAT,23,True,1
TACCGTTATGAGCG,23,True,1
TTATCGTCAACAAG,23,True,1
GTTCGTCTATGATG,23,True,1
GTACAAACTGGAGG,23,True,1
TTCCTTTACGAGGT,23,True,1
TGGAGTAGCGACAG,23,True,1
TCCAAGTACTACTT,23,True,1
TATAGTAAGTGTCT,23,True,1
CTATTTATATTGAT,23,True,1
TCCTTTTCCTATTA,23,True,1
ACATACGAGAACTG,23,True,1
GTGGTATGGGATGG,23,True,1
CCCCAATCCTTCCA,23,True,1
TTTCACACTAAATC,23,True,1
ATGGACTTTAACCA,23,True,1
TATGATCAAAGAAG,23,True,1
GTCCCTCCCCCCGC,23,True,1
TCCCGAGGTTCGAT,23,True,1
TACCGTACTATGAG,23,True,1
TCATGATAATCATT,23,True,1
ATACCACTCATAAA,23,True,1
GGGACTGTCTAGCT,23,True,1
ATCCATCAATCTAA,23,True,1
CCAGCTTTGATACA,23,True,1
TTTTGGACAAAGTC,23,True,1
TTACTGCTGTGAGA,23,True,1
AGAGGTAACTTAAT,23,True,1
TACTACCGACTTTG,23,True,1
CCTCCGTCGCCCTA,23,True,1
TGAAGCCTGTCTGA,23,True,1
GCCTAGAGGCTATA,23,True,1
AACCCTTCTTTGCA,23,True,1
AACGTACTTTCGAA,23,True,1
CGATCTCGATCCTA,23,True,1
TACTTTGATGCACA,23,True,1
TATACATATTCAAG,22,True,1
GTTCCGCATAGCTT,22,True,1
TAAAGAGGATAAGT,22,True,1
CAGTTTTCGAATGA,22,True,1
GGTAACATAGCTTA,22,True,1
CTCCAATCGAATTC,22,True,1
TTCCTGCGTTGACA,22,True,1
TAGGCCACAAGCTG,22,True,1
TGATATGAGTGACC,22,True,1
TAGTCTTATGTAAA,22,True,1
GTATATTAAAGTGT,22,True,1
TTACATAAGGCCAC,22,True,1
TTGTATTACCAAAT,22,True,1
TTTCGCAGTTAGAA,22,True,1
TTGCGACTAAACCG,22,True,1
TTAGGTGCTAGGTT,22,True,1
CCCCTTATGACTCT,22,True,1
AAGCCTTAAGAAAT,22,True,1
CACCCTGACCATCA,22,True,1
TTGGAACAAAGCTG,22,True,1
CAACAATTTTAGGC,22,True,1
TCGACTGCGAGAGA,22,True,1
GTATGAAATCTAAA,22,True,1
AGTGCATGTTGTAG,22,True,1
ATATGTGGTCCCGA,22,True,1
TGTTCAACAATATG,22,True,1
TATTTCGTAACCGT,22,True,1
GATCACAGGAGTTA,22,True,1
TAGCCAAGTCCATA,22,True,1
TTCTTAAGTCGTCA,22,True,1
ACATACTTTGCCGC,22,True,1
CACATTGATTCACG,22,True,1
AGACACTCATGCTT,22,True,1
TGCTGAACATGGGC,22,True,1
CTATCATAACCTTC,22,True,1
TACAATTGCGTATC,22,True,1
TATTACCCAGATGT,22,True,1
ACCGTCTTGCTTGA,22,True,1
TTGTCAATTCTCTG,22,True,1
GGTGCCTCTCTAGT,22,True,1
GTGGTCATAGCCAC,22,True,1
CACGTTCGGGCAAC,22,True,1
CCCCTCTGCATATA,22,True,1
GATCCCCTTACCGT,22,True,1
TGGCATTATGCGCG,22,True,1
GTATGCACTTGGCC,22,True,1
AGTGCTACGATATT,22,True,1
GGAGTCAATAATTA,22,True,1
TTTTGGGATCCTAC,22,True,1
TACTAATAAGTCTT,22,True,1
CGCAATCCTCCTAC,22,True,1
TCACACTCCGTACG,22,True,1
CTCCACACTCTTGG,22,True,1
TGCACCGCTAGCAA,22,True,1
GGCTATGACAAGCC,22,True,1
TGCCAGGTACGTAG,22,True,1
TAGTCGTGGCGAGT,22,True,1
TAAACAGAATCGAT,22,True,1
GAATCTCAATATGT,22,True,1
CTCAATTGAGCGAA,22,True,1
AACTCCCTGTGCCT,22,True,1
ATCATGACTCATAG,22,True,1
GTATAATCTGGGAA,22,True,1
TGTTCTCTCTGATG,22,True,1
TTCCTACCGTCCGA,22,True,1
CTACAACCCTGGTT,22,True,1
TATCGATCCCTGTA,22,True,1
TAGGTATTTTTCGC,22,True,1
TCTGCACAATTAAT,22,True,1
TTAGTCAGGAGTAC,22,True,1
GCAATTTGCTCATT,22,True,1
GATATGATTTGTCT,22,True,1
TCGGACCAGAAGGT,22,True,1
CCACACGCTTGCGC,22,True,1
TACAATGTAAATTC,22,True,1
CTGCGTACCTCGGG,22,True,1
GTACTCTATCGTCC,22,True,1
TATAGCACTATGTT,22,True,1
TAGTTTAACCACAC,22,True,1
GTAACTGTGTGGAT,22,True,1
CCAATTCCTGTCCG,22,True,1
CTTTACCTGCTATC,22,True,1
TGAGCTGATCGAAT,22,True,1
ACATCTTCCTAGAT,22,True,1
CGTCCTCCACCTCC,22,True,1
TTCATTAGAAATCA,22,True,1
GACCACATTTATGA,22,True,1
TTGAACCCCGTATT,22,True,1
ACTATGACTATGGG,22,True,1
CCCGCCGCTTACGC,22,True,1
TTCGGCGTGGATAA,22,True,1
TCATCCCATAACAT,22,True,1
CATCTCAATATTGA,22,True,1
TGAGCATAATCTTC,22,True,1
CCCTATCAATCCCG,22,True,1
CTCATTGTCAACAG,22,True,1
TGAGTTGACCTTAG,22,True,1
ATAAGAATTCAGAA,22,True,1
GTAATACCGCAACT,22,True,1
TAGAGAATTATAAC,22,True,1
GATCGCTGGGCAGA,22,True,1
TGTAAATACCCCGC,22,True,1
ATATGGCAAGCCCA,22,True,1
TCGAGTCTGATTAG,22,True,1
GTGTTAATTCAACC,22,True,1
CAACAATTAATTCG,22,True,1
CCTACAACGGTACA,22,True,1
ACCTCACCCCTGCA,22,True,1
CATTCAACCTAACG,22,True,1
TTCAACCAACTTAA,22,True,1
TTCTTAGACGATGA,22,True,1
TCCAAAGTCAAGTC,22,True,1
CCCCGCTTTTCCCA,22,True,1
TAGGTCGGACAGTC,22,True,1
CATGGTCCTGAAGT,22,True,1
GCAACGGGTTTACA,22,True,1
ATCCAACTAACCAG,22,True,1
ATAAGATATGGATG,22,True,1
ACAGTTAAGGGGAA,22,True,1
TTGGATAACTACTC,22,True,1
CTACACGCTATCTT,22,True,1
CACAAACAAACCGC,22,True,1
CACCGACCTAGGAC,22,True,1
CCATAAACAGGGGT,22,True,1
AAACAGCGCTGCAA,22,True,1
CTAGCCCACTGGTG,22,True,1
AGAGAATTTTCTCG,22,True,1
TATGGACAGTTATA,22,True,1
CCGCATGAATTATC,22,True,1
TAAATAAACACCGG,22,True,1
CCCTGAGCGTATGT,22,True,1
TGTCCGATATCTTT,22,True,1
GCCCTCCTGAGGCG,22,True,1
CTGTAACCCTCCGG,22,True,1
AGAACCCTCTGATA,22,True,1
TAGTACTTTCATGG,22,True,1
GGATCATTTCTTAA,22,True,1
TATCTTTGTAGATG,22,True,1
TGCGTTACTGGTGG,22,True,1
AGACTGATTACCGC,22,True,1
GTATAGTCAACCCG,22,True,1
GTCGTTCACTTAAT,22,True,1
GAGTCCTACCTTTC,22,True,1
TATGGCGAGTGTAT,22,True,1
TGCTGATCACTAAT,22,True,1
CTGTGAACCGCGAT,22,True,1
CAAGTAACACTAAT,22,True,1
CAAGAGCTTAGTCA,22,True,1
GCACCAGTTACGGC,22,True,1
TCACACGACGTAAA,22,True,1
ACGAAGGAACGACG,22,True,1
CGACGTCCCAGGCG,22,True,1
TGCCAAAGATTTGA,22,True,1
GAGACTTTAAAGAG,22,True,1
TGATGGGACTTACT,22,True,1
CGTGAAGAAGAGGA,22,True,1
CCTAGGTCTTCAAA,22,True,1
TCCTCCCCTGTCCA,22,True,1
ATGACCATTTTATA,22,True,1
CCATGTCACAAAAA,22,True,1
TCCGTTCCTTAACA,22,True,1
CCATTGAAGCCCCG,22,True,1
ATCCCCCCACCGTC,22,True,1
ATATGACAATGACT,22,True,1
GACGGCCTCTGTCC,22,True,1
TAGTTAAAGATTAG,22,True,1
GCATAACAAAGGAT,22,True,1
TCACACACTCGAAC,22,True,1
TGTCGACAGGGAGG,22,True,1
GTATCTGTTGCAGG,22,True,1
TGCGGGAAAACGAG,22,True,1
GCATTGCCCGCTAT,22,True,1
GTTAACCGATGGGC,22,True,1
CCACTTCTAGGTAT,22,True,1
ATATATCAAAGCAC,22,True,1
CTTCTAGGTTTACT,22,True,1
TGTTGCTGTATAAT,22,True,1
CCATGATACACGAG,22,True,1
TGTAACCCTCAAAC,22,True,1
TCAACCAGCAACTG,22,True,1
TTATCTTATACAAC,22,True,1
CTGCCTAAACTACC,22,True,1
GCCCACTTGTTTTA,22,True,1
CTTGGCGCGCGCAT,22,True,1
ATAGCTACTTATTG,22,True,1
TCCATATAACGTGC,22,True,1
AATTGGCGTATAGG,22,True,1
TTCAAGAGAAATGG,22,True,1
GACGGAAATAGACC,22,True,1
CATGGTCGGAACAA,22,True,1
ACCTGCCACCTTTT,22,True,1
ATAAAATTTACCTA,22,True,1
ATAGCATGTTAAAA,22,True,1
AATAAGGATAAACC,22,True,1
TTGTTGAACTAATC,22,True,1
ACTTAACTAGCTAA,22,True,1
TAGTATCCAGTGTA,22,True,1
TAAAGAACCACTCG,22,True,1
CATTAGGAGGAAAA,22,True,1
TCGACATTTAACCG,22,True,1
CAGGAGTGTCAATA,22,True,1
GCGTTGAAAAAGTA,22,True,1
CTCCTGTGATCTAA,22,True,1
GAATCATTTTAGAG,22,True,1
ATAAAACTAGCCTG,22,True,1
TAGACCGTGCACTA,22,True,1
AACACGAGGTGCGG,22,True,1
CATGTGGTTTTCGC,22,True,1
GACTCGTCGACAAT,22,True,1
CCCCCCCGACCCCC,22,True,1
AAAAATGTAGGTTG,22,True,1
TGAAAAATAACCTT,22,True,1
GCGCTGACCACCCG,22,True,1
ACCATTAATAAATT,22,True,1
CCTTTTAAATATAG,22,True,1
TGTAAACGTTATCT,22,True,1
AGAAGACCCACAAA,22,True,1
CTTGTACTCGTCCC,22,True,1
TGTGACACGCCCGC,22,True,1
GAGCAGCTCTCAAC,22,True,1
GTACTTCACGTAAT,22,True,1
CTTCTAATTAGCGG,22,True,1
TACCACGAGTCATC,22,True,1
TGGCTTCCCAGATC,22,True,1
CAAAACCTGCACGC,22,True,1
AACGGACTTCATAC,22,True,1
TCTGGACACGACAG,22,True,1
CTTCCCTGCGCGTG,22,True,1
TATCCTATAATGAC,22,True,1
GTACCACGACTTAA,22,True,1
GAATAGCTCTTTGA,22,True,1
TCTGGATTCATACT,22,True,1
CATATCGTATATAA,22,True,1
TGTCGGAGCCGGAA,22,True,1
TACTAGTCAAACGG,22,True,1
AAATGGAATAAGAT,22,True,1
TCTATAAACGTCAA,22,True,1
CCCCCGCTACTCCA,22,True,1
TCTGGTTTGTCCCA,22,True,1
TTGAACTAATACAG,22,True,1
TTGTAAGGGATGGT,22,True,1
GCACCCAAGACGAT,22,True,1
TCTCCCTCGTTCTT,22,True,1
TTTGTCTTCACAAT,22,True,1
TATTGCCAAGAATC,22,True,1
TCTTATCACCGAAC,22,True,1
GCAAGAGCCGAGAC,22,True,1
CAGAAGGACGCCTG,22,True,1
CTGCAGATGGTGAC,22,True,1
CATCCGGCTTAACT,22,True,1
GGATCCGTTTGAGA,22,True,1
GGAATTACGACGCG,22,True,1
ACCTTCTCTAAAAC,22,True,1
AATAATCTTGCACT,22,True,1
CCTCACTCAATGTA,22,True,1
TTAATTGAATATTG,22,True,1
CGAGCTCTCATACA,22,True,1
CAGGGCTCGCTATA,22,True,1
TAAACCAAGTCGTT,22,True,1
GTAAACACAACGTT,22,True,1
TCTTTCAATTCGAG,22,True,1
AGGGCAATGTCTCC,22,True,1
TATCTCCAATTAAG,22,True,1
CTATTACTTCTTTC,22,True,1
TTATACAAAATCTA,22,True,1
CCCCGCGCTATTCC,22,True,1
AATATCGTTCACGA,22,True,1
ACGAGGCTTACACG,22,True,1
GATCTTACGGTGAA,22,True,1
GTGGAGGTAGGGTC,22,True,1
CCCACAGTTTTCGG,22,True,1
ACCTTGCAATATCT,22,True,1
CGCCCGTCGATGAT,22,True,1
CTATGTGGTGGCAC,22,True,1
TACCGTCTGGGAGC,22,True,1
AAGATACTGCATAA,22,True,1
TCACTCCACGCTAC,22,True,1
CAGACACTCCCATG,22,True,1
GACGACACTCCAGG,22,True,1
ATCCGAGACCCCCA,22,True,1
CTTAACACCGGTAG,22,True,1
TAGATTATTAATAA,22,True,1
CTCGACGAGTCGCC,22,True,1
CATAGTGATTCATT,22,True,1
TAAACGATGTGGCA,22,True,1
CGTCAGATACAAGG,22,True,1
TGCCAGGTTCCTTG,22,True,1
TTCAATATAAAGTT,22,True,1
TTCAACTTCGTAAT,22,True,1
TCAGATTCAACCGA,22,True,1
GCCTTCCTGTTGAT,22,True,1
ATGTCGTTGAAACC,22,True,1
TTGCTTTGCATGGG,22,True,1
CAGACTTGTGGCTG,22,True,1
TGAAAGAGACAAGT,22,True,1
GACGTTTTAGGATC,22,True,1
TTGATGCTACCCCA,22,True,1
TATACAGTAAATTC,22,True,1
ATATCAGGAGACCT,22,True,1
CTATAGGCTTACAG,22,True,1
GTAGAGAGTCTAGT,22,True,1
CCAACGGTGATGAT,22,True,1
GATATAACAGTCTG,22,True,1
AGGACATTCCGACG,22,True,1
GACATCCTATACCT,22,True,1
GTGAGCTGAAGTTC,22,True,1
TGATAACAACGGTA,22,True,1
AACTCCGGTTAATC,22,True,1
ATCCAGCACGGCTC,22,True,1
ACCAAAGAAGTTAG,22,True,1
GTCTACCTGTATAA,22,True,1
ATAACCTTTCCGAG,22,True,1
CTCCCGGCTTACCT,22,True,1
TTACAGCGAGTTCC,22,True,1
TTTAAATGGTCCAG,22,True,1
CTATACCTACTGAG,22,True,1
AATCAGTGAGAGTT,22,True,1
CCATGATCATAAAA,22,True,1
GAGAGCTCAAGTTA,22,True,1
AGAAACAGCACATT,22,True,1
CAGAAGCTAAACCG,22,True,1
CATGCGCCAAGACG,22,True,1
TTGGTAAGAAGGGA,22,True,1
TGCACGCGGGTAGT,22,True,1
GACTCAAGGTGGCT,22,True,1
TATTCTCTATAGAT,22,True,1
TCACGCTCCTTTTC,22,True,1
TAATCTCTCGACCA,22,True,1
GTGACACACTCAGT,22,True,1
ACCGTATCGATAAG,22,True,1
GCACCTTCTAGCTC,22,True,1
TTCTACTCACGTCG,22,True,1
TCGGAATAAGATAA,22,True,1
GACCTACGTAGAGA,22,True,1
TATAACCGACTGTA,22,True,1
ATATACACTGAAGG,22,True,1
TCAGGGCTACACCG,22,True,1
TAAGTTTTACCGCG,22,True,1
GTATATTTCAGTCG,22,True,1
CACTCCATTCCGAA,22,True,1
AACGAGAATGCAAA,22,True,1
TACTCATCTCAAAC,22,True,1
TTTGGCAATCAAGC,22,True,1
GAACTTGTGCCTTT,22,True,1
ATAACGTTACCTCT,22,True,1
TGCTTAAACCCAAT,22,True,1
TAGGATGCAGCCAG,22,True,1
CAAAGCAACACGTC,22,True,1
TGAGAACTAGTCTA,22,True,1
GCGATTTGTATGAA,22,True,1
ATCATACGGGCAAG,22,True,1
TACCCCTATGCTGA,22,True,1
AGTCTACTTACGCC,22,True,1
CATACAACACATCG,22,True,1
GGAGCATCATCAGC,22,True,1
TAAAACCCAACAAT,22,True,1
AACTAAGCCCGTAA,22,True,1
TTGAAATATATATA,22,True,1
CATTCCCCCATGCA,22,True,1
ATAAGGAACAGATC,22,True,1
TTGAATAGACTTTG,22,True,1
CGCGGCAATGTTCA,22,True,1
TGCCCAGCCACCCG,22,True,1
AGACATGGCTAATT,22,True,1
CTATTTCCAAATTA,22,True,1
TATTCAAGCGAGAG,22,True,1
GAAAACAATATTAT,22,True,1
TTAGGAACACTATT,22,True,1
TACCAACTCACTAC,22,True,1
TTGGCTTCAATTGT,22,True,1
GGTGCACTGGTCGC,22,True,1
TATTCTTCTTGTTA,22,True,1
CTCCCGCGACGCCA,22,True,1
AATAGGAGGAGAAG,22,True,1
AGATACGTATTAAC,22,True,1
AGTTCACTCGCGTA,22,True,1
ATGGTGACGTGAAC,22,True,1
ACTTGAGGCTACCG,22,True,1
TCCTTGTGGATTAT,22,True,1
ACCCACCCGGTAGG,22,True,1
TCACGAGCTGATAA,22,True,1
CTCCGTTCGTCCTG,22,True,1
TTGAATTCATATCC,22,True,1
GTCGATCACAATAA,22,True,1
TGAAAGCCCCCTGC,22,True,1
GGAGTCCTGGTCTA,22,True,1
AGCTAACTCTCACA,22,True,1
CGTCGTTTTCCGTC,22,True,1
GGGGAATTTACAAC,22,True,1
GACGTAAATGTTAT,22,True,1
AAACGAACGGGATT,22,True,1
CATCACATACGGGC,22,True,1
CACTGCACGGACGT,22,True,1
AGTGTATTATGTAT,22,True,1
CCTAAGTATACACT,22,True,1
TAGACCCGTAATAA,22,True,1
CCTTAGCAGCCGGA,22,True,1
TAACAGCGTATTGG,22,True,1
TTCTAATACTCTAG,22,True,1
ACCTAAGCTCTCCA,22,True,1
CAATGAACGTACAC,22,True,1
AGTCCCATATATGA,22,True,1
CTACTATGAATATC,22,True,1
TTATATTCATTGTG,22,True,1
CTTCTTGGGGTTTC,22,True,1
CTATAACATGAGAT,22,True,1
AGACAAGGATCGTC,22,True,1
GTCGGAAAAAGCGG,22,True,1
TCTTATCGTGATTC,22,True,1
AGCAAGATTTCGAA,22,True,1
CGATCGGTCTAACC,22,True,1
TATATACTAAACTC,22,True,1
TGCATCCTTGCGTG,22,True,1
TTATCGAACCTTCA,22,True,1
TGGATCTTACGGGT,22,True,1
CTCCCCAACGAGCT,22,True,1
TACACGAAAGCAAA,22,True,1
TTCTCCAAAGTCAA,22,True,1
GGTACGACCTTTGC,22,True,1
ATACATTTTCTAGC,22,True,1
TGATATGGCAGTGA,22,True,1
ATCTCCCGGTGGAG,22,True,1
CTAAGTCTAGAAGT,22,True,1
ACCCTCCTGTGAAC,22,True,1
ACACACCAGTTACC,22,True,1
TCCTAAAAACAGCA,22,True,1
GACAAAGTACCATT,22,True,1
GCCCCGCAACCCGA,22,True,1
TTCCTTTTAACCCA,22,True,1
AATATTCAGTATTA,22,True,1
CACATCACTATCGA,22,True,1
CTCAGGCCTGCATC,22,True,1
CGAGCTAAAGATTA,22,True,1
TTCACTACACATAA,22,True,1
TAGCTAGACCCGTA,22,True,1
GTGCTCATTGGACT,22,True,1
CCCGCCGTGAATGA,22,True,1
TGGTCAACATACTT,22,True,1
AGAGTCCTTCACTG,22,True,1
CCACCTTGTATTCC,22,True,1
GAATGTCACCACAA,22,True,1
GACATTCGTTCACG,22,True,1
TTTCTCTCCTTGCC,22,True,1
TTACTGTAACTATT,22,True,1
CATTCCTCATAAAC,22,True,1
TAGGATGACAGTTT,22,True,1
TTACCGGATAAGTA,22,True,1
CATCCACCGTGTAT,22,True,1
TTACTCATACTCCG,22,True,1
ATAAACTTACTCCA,22,True,1
TTCATGATCAAGCG,22,True,1
TGTTGCTTATTGAA,22,True,1
TAGTGTACGTCTCA,22,True,1
CAGCTAAGACACCC,22,True,1
GAACAGTTTAATTT,22,True,1
AGGTACCTTATGAT,22,True,1
GTTCAGTATCCTGA,22,True,1
AAGAAAATCCAGTA,22,True,1
ATCTAGTTGTGAGG,22,True,1
AGAGCCAGAAGTTC,22,True,1
TCAAGAACGATGCA,22,True,1
TGTCGCTATGGGAG,22,True,1
TGAGTGTTCTCAGA,22,True,1
TCTAACTTCAAAGG,22,True,1
CAGGAGCAAATGTG,22,True,1
TCACAGAATTACAT,22,True,1
TAGTATGAAATATT,22,True,1
TAACCAATTTGACG,22,True,1
TGATGGAAATAGCC,22,True,1
ATAGCCGGCGATAA,22,True,1
TCAATAAAGGGGTC,22,True,1
TCCCCTCGCAAATA,22,True,1
AAGGCAGGGAAGAG,22,True,1
CTATAATAAACTCC,22,True,1
AACCCCTTACCGCA,22,True,1
CAGAAGGTCTCGCT,22,True,1
CCACGCCCTTACGC,22,True,1
AAGAGCAAGGGTGC,22,True,1
CCCCCGACTCGCTT,22,True,1
AGGTTTATCGCACG,22,True,1
CCTTCGGACAAATA,22,True,1
TCTCCTATGGACGT,22,True,1
TTAGACAATGAAGT,22,True,1
TTCCATTCCTTTAC,22,True,1
TTAGTGCCACGGTC,22,True,1
CATGTTAGAGAGAT,22,True,1
GTACCTCGCAATAG,22,True,1
ACATAAATATCTTC,22,True,1
CTCCGTTCCTACCC,22,True,1
CGTGTCTGCCCATC,22,True,1
CGGGTCTTAAACTG,22,True,1
ATAGACGGACGTTC,22,True,1
CCCTCACTAAAACA,22,True,1
TGACCCAAGAGGAT,22,True,1
CCTATTACGAGCCT,22,True,1
CGAGGATATATTCA,22,True,1
GCATTAATATACTA,22,True,1
CACACCCTCGTCCC,22,True,1
TGAGTAAAGGCTTG,22,True,1
AAACGCTCTAGTCA,22,True,1
GGTGTTAATATAAT,22,True,1
TCCTTTACACTGAA,22,True,1
GGAGTTGTTTCTCC,22,True,1
CGGAGTATCAGATA,22,True,1
GTTTTTGAAGGTAA,22,True,1
TTAGGTTTCAATTG,22,True,1
TCCCTAATGTTAGT,22,True,1
TATATCCCAGCTGA,22,True,1
GAAAGCTGGGCCTC,22,True,1
TCAAACCGCCTCCC,22,True,1
CATTAAAATAAACC,22,True,1
GTAAAAGACATGAT,22,True,1
CCTCTTATAAAAGG,22,True,1
TTAATGTCTGCTGT,22,True,1
CGAGCCACACAGCT,22,True,1
TTGCCGGCCCCCCT,22,True,1
TGCTCTTCGAATTC,22,True,1
TATCATATCTTGGG,22,True,1
GCTTGACGAGGAAA,22,True,1
TAGGTAAATAACAG,22,True,1
TCCCTTCCTGGTAC,22,True,1
GTGCATCTTCGTTT,22,True,1
TATGAGATCTATAA,22,True,1
TAACTGCGCCCGTC,22,True,1
TAGATCGACTCCGC,22,True,1
ACTACTGTAATATA,22,True,1
TGTGGAGAAATTGT,22,True,1
GCACGCATATGTTC,22,True,1
GAATGTAAATTCCA,22,True,1
ATATGCTTGACGAA,22,True,1
ACTGTATTGCCATA,22,True,1
CCAAGGTCTGTACA,22,True,1
TGTTCTATAATACA,22,True,1
GAAATCTGTAAAAA,22,True,1
TCGTCATCAGTTAT,22,True,1
ACATCTCTCCATGG,22,True,1
GGAACCGTTTGTAG,22,True,1
TTATTATACTCTGT,22,True,1
TTACCAATGACGTA,22,True,1
GAATGTCAGGATGT,22,True,1
TGAAGCATATTCCA,22,True,1
TCATCCTAAGGCTA,22,True,1
AACACTCTTAGGAA,22,True,1
GCACACCGACTGTT,22,True,1
GTATGTTTTAATCA,22,True,1
CGAAACAAGTTGCG,22,True,1
GCAAGCCATGGTGA,22,True,1
TAACTGCCGATAGA,22,True,1
TAGCTAATCTGCAT,22,True,1
GCAGTTAACGGTCG,22,True,1
CCACATACGTCTAC,22,True,1
CCTCGAATTATACA,22,True,1
TGCAGGATGGAGGT,22,True,1
TGTAAATGATTGCA,22,True,1
TTAAGTTGGTCGAG,22,True,1
GTCATACCTAGTCT,22,True,1
TGAGCTTAGCTCCA,22,True,1
CAACTTACTCATAA,22,True,1
GTAAGTCTCTGTCT,22,True,1
TGAATGCCAAGCCT,22,True,1
CGAAGGTAGCCTAC,22,True,1
TATGTCTCGGGTTC,22,True,1
AGACTCCGTTATAC,22,True,1
CAACCGGAATAGGG,22,True,1
GGGTCCCCTAGACT,22,True,1
GCATGAAATAATCA,22,True,1
TAATGCCACTTATA,22,True,1
CCACACTAGAACCC,22,True,1
ACATTACCTACGAC,22,True,1
AGCACGCCATATGC,22,True,1
TGTCTTGAAGAGTA,22,True,1
TTAAATCATGAGTT,22,True,1
GCTCGGGACGGGTC,22,True,1
AATGGCTTAAGTGT,22,True,1
TAAACGGCGAAAAC,22,True,1
CACTTATCCTTACC,22,True,1
CTGTCAGCAGTACA,22,True,1
AGACTGAATTTATA,22,True,1
GGACATCGGAGCGG,22,True,1
TGTGAAAGATATGC,22,True,1
CTCCTCGATTCTTC,22,True,1
CACCTACTAGCAAT,22,True,1
CTTCTGAATACGTG,22,True,1
AATGAGACTCGCGC,22,True,1
AAAGTGTAGGAAAA,22,True,1
CTCACCACCTTTAG,22,True,1
GAGAGCAGTCCGAC,22,True,1
CGGTCCCGTTCCAA,22,True,1
TCCCTCATCCCCGG,22,True,1
GTAATAGTTTTAAA,22,True,1
ATCTCTGGTGACTT,22,True,1
TTACACCTGGTCCT,22,True,1
ATGTGAATGCCGCC,22,True,1
TAGTTGCCGCTAAC,22,True,1
CCATTACCCTATCG,22,True,1
ATGGGCGTAAATGA,22,True,1
TAATTCCAGAGTAC,22,True,1
TCATACTAATGCTA,22,True,1
CTGATACGTCAGAG,22,True,1
CCCCTGCAAGATGA,22,True,1
AACTCGACTTTCAC,22,True,1
ATATCGAAACTCCT,22,True,1
GATAGACTTAGTAG,22,True,1
TCCAAAGATGCTTA,22,True,1
AAGGAGCCTGATGA,22,True,1
GGCATGAAAAATGT,22,True,1
TTACGAAGATGTAA,22,True,1
TATAGGCAGTAAAC,22,True,1
TGGGGGGGTCGGTA,22,True,1
TGACGTAACAACTG,22,True,1
CAAGTATTTCTCGC,22,True,1
CAAAGGGCGGTGCT,22,True,1
TCATGTCTTCCAAA,22,True,1
CCCTTCACTTTACT,22,True,1
AGATTGAGGGCGCA,22,True,1
TGCCCAAGCTATTG,22,True,1
TGGGTCGGCTCATC,22,True,1
TGGGCAAACATGTC,22,True,1
TTGGCACGTGGAAC,22,True,1
CAGTTCGCCACCAA,22,True,1
TGGCCTCTTATGGG,22,True,1
CTACCTTACTATAA,22,True,1
GTACATAGCCATAA,22,True,1
ATGGTTTATTGATC,22,True,1
TGACTACAAAGGCG,22,True,1
CTACTGAGAACCAT,22,True,1
TCATTAGCGTATAG,22,True,1
TGTGTATCAAAATA,22,True,1
CCTACAACCTCAAA,22,True,1
TATATTAAAGATCC,22,True,1
CGCAGAGTCGTCGT,22,True,1
ATATTACCTAGGAT,22,True,1
CCATCGGAGTTAGA,22,True,1
TAATAGCGTGAACA,22,True,1
TCCCCAGGCTCTGC,22,True,1
TGCATGTAAAAAGC,22,True,1
GTACCCCTCGGAAT,22,True,1
CTACACATCTCGAA,22,True,1
CTCACCTTGATTTT,22,True,1
TGCGTTTGGTGGGT,22,True,1
AAGATTAACCTACC,22,True,1
TGTAAACGTCTCAA,22,True,1
TTCCCGTTCCATCC,22,True,1
CTAGGCAACTCAAC,22,True,1
CCACTGCAGCATCG,22,True,1
CCATTGTCAACCGT,22,True,1
ATACTACTAACAGC,22,True,1
CTTTAAGCCATCGA,22,True,1
GCCCCTACGTATGC,22,True,1
CCTGAGCCTGGATA,22,True,1
TGACATTGGCGCCC,22,True,1
AACATAATTTTAGA,22,True,1
TTAGTAGAGGTGGG,22,True,1
GTCGTCCCTCGCCT,22,True,1
GGGGGCCGGTCGCT,22,True,1
CGGAACAGAATCCC,22,True,1
TATTGATTAGGTAT,22,True,1
TCATGGCTTTACGA,22,True,1
GAACTGGAGCTCTG,22,True,1
ATATCTTTCATGGT,22,True,1
ATTGCTGACACTTT,22,True,1
CTACTATGGAGTAA,22,True,1
AGGGAACTGCGTGG,22,True,1
CCCTTCATTACCCG,22,True,1
ACACGTGGTAGGAT,22,True,1
CGACTACCCGCCAC,22,True,1
CGAAAGGTGTAATG,22,True,1
GAATCCGAAACTTG,22,True,1
TATAACCGTGTACA,22,True,1
ACAATCCACGCCTC,22,True,1
AATCACCCACCATA,22,True,1
TGGATACCGATAGG,22,True,1
CCTCTCCTGCAACG,22,True,1
CAGGCTCGTGATTA,22,True,1
CTGGGGATATTTGC,22,True,1
TTTTCGTCAAGCCT,22,True,1
CAGCTTCTTCTTCC,22,True,1
CTCGTGTCACGTTG,22,True,1
TAGTACTTAAACTG,22,True,1
TATTAGAGAACAAT,22,True,1
CCATTTAACTTTAA,22,True,1
CGACTGTACAGTTC,22,True,1
TTACTGAGCGCTGT,22,True,1
TTAATACCGTCTAT,22,True,1
CTAAGGATTAATCT,22,True,1
GATACGATAGATAA,22,True,1
CGTACCCTTCAGAC,22,True,1
CAAAACATTTCTCT,22,True,1
GATTCACCTTCGCC,22,True,1
CGTTCGGAACGCAT,22,True,1
TAACCTAAAATTCG,22,True,1
ATCAGAAACCTGTC,22,True,1
TTATTTGGCACTCT,22,True,1
GACATCCATCGAGT,22,True,1
TAGAATTCAGACAG,22,True,1
TCGAGACATGCACG,22,True,1
GGATGGATTTGTCG,22,True,1
GAGAAGCGTGTAGA,22,True,1
CGCTCGTGAACAAT,22,True,1
CCGCACAAATGTAA,22,True,1
TAGAACAAGGTACC,22,True,1
AGAGGGCGATATGA,22,True,1
TTCTCAAGACCCAC,22,True,1
GGCTATACCAACTC,22,True,1
CACTTTTGGCTGGA,22,True,1
GCAAGCAGACATTG,22,True,1
GACTCGTTATGCAC,22,True,1
CATATCATTGACCA,22,True,1
ACACAATCTTGCTC,22,True,1
TTAGAAATTCCGAG,22,True,1
CGACGGCGCACGTT,22,True,1
CGACACACCTTCAC,22,True,1
AACCCCTAAGTTGC,22,True,1
TATCCACTGTTATC,22,True,1
CATATCCTTAGAGA,22,True,1
CTTAGATCATCCCG,22,True,1
TTGCTCAGTTGTCC,22,True,1
AGGATAAACCAAAG,22,True,1
TGGGTGTAATAAGC,22,True,1
TGTAAAGGCACCGT,22,True,1
TATACACGGCCGAC,22,True,1
GAGGAAAGCCACTG,22,True,1
TCCAGATCCGATGA,22,True,1
CACACTTGTTAGTT,22,True,1
TACAAGCCACTTCT,22,True,1
GAGCCACCTTAAAA,22,True,1
CCACCTAACCCCTA,22,True,1
CATCGCAAAGTGTC,22,True,1
ACCGGGTCTATATA,22,True,1
TAATTAGACTATCT,22,True,1
CAACCATTCGGCTC,22,True,1
CCCCCTCCACGCCA,22,True,1
GGCGATCCGAACTG,22,True,1
CCGGGGAACGCGGA,22,True,1
TACCCACATAATGA,22,True,1
ATACGTCACTATAC,22,True,1
AGTTCGCAAGAGCA,22,True,1
AAACAAATAGATGA,22,True,1
GCGCCCCCCGTCTT,22,True,1
TTTGGACTTTATAC,22,True,1
ACTCCAATGACTAG,22,True,1
AAGGCAACTTTCTG,22,True,1
TACTTGATAGGAAA,22,True,1
TAGAAAGGTTATCC,22,True,1
GACCATGGATGAAG,22,True,1
AAGGCCTTATGTAC,22,True,1
TACGATTACTTGAG,22,True,1
CGAGCTGTTATAAA,22,True,1
TGACCACCTTGGGG,22,True,1
CGTACACGGGGTAC,22,True,1
CCACTGCTCCTCCA,22,True,1
TACGCGGAAGCACG,22,True,1
CTAGGCAGGCCCGA,22,True,1
TGTTCTGTGATACT,22,True,1
TTAATGTCATTATG,22,True,1
GTCCTGGCCACGTA,22,True,1
TAGCAACAGCGCGT,22,True,1
TACTTATCAACAAA,22,True,1
TGAGTACACTTGTA,22,True,1
TTATGAAGCAAACC,22,True,1
TAATACCGCTTACA,22,True,1
TACGCGTTTCCGTC,22,True,1
TGGAAATTCACTGT,22,True,1
TCACCTCTGAGTCG,22,True,1
AGGATCTTATTTAC,22,True,1
CCTCCTGCCCTTAC,22,True,1
CATTGTGCTACAGA,22,True,1
CAACCGATCACCGT,22,True,1
AGACAAACACCACA,22,True,1
CATACCAGCCTCGG,22,True,1
CCCGGGCTCTCTTA,22,True,1
GTCCGGATCAGTGT,22,True,1
CTCTACGCCTTAAT,22,True,1
TATCCGATGGCATG,22,True,1
TTAACCCATATTCC,22,True,1
TTTACCGCTTTCCT,22,True,1
ATACCGCGTTTCAA,22,True,1
TGACGCGCCCAGAG,22,True,1
CCCGTTCACTTAGC,22,True,1
ATCCTAAAACGTTG,22,True,1
GGACACGCCAAACA,22,True,1
AAGCTAAACTAATG,22,True,1
CGGATTAAAATTAT,22,True,1
AGGGTAAAATGGTC,22,True,1
GGCTACAATTAAAT,21,True,1
TACGCGCTGACCGC,21,True,1
GAGTGGTTTGAATC,21,True,1
GTCAACCCTTAACC,21,True,1
TTAGACTTCATAAC,21,True,1
TCGATCTCTATCGC,21,True,1
ATAGTGTATCCTAC,21,True,1
TAAATAATAACCAT,21,True,1
TAGCTCATCGCCGA,21,True,1
CAGCCCATCATCCG,21,True,1
ATAATGCCCTGATT,21,True,1
GGGCGTTCTGTTTC,21,True,1
TTACTTCCCTAAGT,21,True,1
AGTTGAGTTTTCTG,21,True,1
CCAACTTATACTCG,21,True,1
ATATTAACAACCCT,21,True,1
CACATTTGAATCAT,21,True,1
TCTAAACTAATTAC,21,True,1
CTTGCTAGAAAATA,21,True,1
CAAACTATAGAGTT,21,True,1
ATACGGAATTAGAG,21,True,1
TGTTGTTACCGCCT,21,True,1
TACATGGTTTCTAC,21,True,1
TTGTCAAATCCCGA,21,True,1
TCACTAAGACTGCA,21,True,1
CGGGATTAGGCTGC,21,True,1
TCATTCTTCACCTC,21,True,1
CCGAACCGGATGGA,21,True,1
AGAACGATGGAATA,21,True,1
GTACAGTGCACAAG,21,True,1
TATCCGCGGGGAGT,21,True,1
CATATGATTGTTTT,21,True,1
GGAATGCTGAGAAA,21,True,1
TCGCCTAATATTAA,21,True,1
AGTGGAACGAGTAT,21,True,1
TAGTATACTAATTC,21,True,1
TGGCGACGTTTATC,21,True,1
TATAGCTTACTTAA,21,True,1
CTACTGCCTATAAC,21,True,1
GCCCTTTACATTTA,21,True,1
CTGGTCTACCGTAC,21,True,1
TACAACGAATTTGT,21,True,1
CAGGATCCTTATAG,21,True,1
GTATCAAATATCAG,21,True,1
TGATGACACTGGGT,21,True,1
TTACCCAATGTGAT,21,True,1
CAGTCTCGACAATT,21,True,1
TTTTTCCTATATAC,21,True,1
GAGACATCGGCCAA,21,True,1
TTATAGGTAATACA,21,True,1
GAGGTTATGACCAT,21,True,1
CTGGCTTACAGCGA,21,True,1
CTAGAATCACATTC,21,True,1
GTCCTATACAGGTA,21,True,1
TTGCATGATACAAG,21,True,1
GCCCCCTTAAGTTG,21,True,1
ATGTATCTAATACT,21,True,1
GGGGGCCAACTCTG,21,True,1
TATATTTAATTATC,21,True,1
CCATCTGAATTTTT,21,True,1
TAACAAGAATAATG,21,True,1
TCGCCCCTCATGTG,21,True,1
CCTGGATAAAAGAA,21,True,1
TCTGCCGACTCCGA,21,True,1
TTTTACATTTGACT,21,True,1
TAATGAACGGCTAT,21,True,1
AGTCCTTCTAATCG,21,True,1
TCCCCCCATTCCTG,21,True,1
ATCACTATCTTGAA,21,True,1
ATAAATATCCCAGT,21,True,1
TCCTACCCATTTTG,21,True,1
TACAAATATTACCT,21,True,1
GCAAACTTTTTCGC,21,True,1
TTGGCTGGCACAAT,21,True,1
CTGCTATCAAACAA,21,True,1
CCCCCACGATGCCC,21,True,1
GAATAGTATACATG,21,True,1
TTCGCTCCTTTGTG,21,True,1
GGCAGGATCCTACT,21,True,1
GTACGAGATCAAGA,21,True,1
TATTTCCACTCAAT,21,True,1
CGCCACTCCTCCCC,21,True,1
TGGAACGAGGCCTT,21,True,1
GGAGCCTCAGTGTG,21,True,1
TGTTCCCACTGGCC,21,True,1
TACAACAAGAATCA,21,True,1
TCCAGATGTCATGT,21,True,1
ACTGGCCCGCTATT,21,True,1
TTCCATATGGTGAA,21,True,1
AAGGAGCTAAACTT,21,True,1
TCGCTCTCGGCTCA,21,True,1
GTACCGGAGGATAA,21,True,1
TCTTCCACTAACAT,21,True,1
TCACCCTACAATGT,21,True,1
TGCTTCTATAATAG,21,True,1
TGCTCGCTGTCGCA,21,True,1
CTATGTTGCCGGGA,21,True,1
ACAAACGGTGATTG,21,True,1
AAGCCTAACACAAT,21,True,1
CAATTGTACATTCG,21,True,1
TCCGAGTACCTTGT,21,True,1
TTCCTGTGCGTGAA,21,True,1
TTATTGCCATTTAA,21,True,1
GAACAATATTGGCT,21,True,1
CAATCTACTACTTT,21,True,1
TTACTGAAAACATG,21,True,1
AAAGGCGTCGTTTT,21,True,1
AGTCCGATGTATAG,21,True,1
TCGTATAAAATAGG,21,True,1
CGTTCATAGCGATG,21,True,1
TTTGTCACAGAGAA,21,True,1
TGATGATGACTTAT,21,True,1
AAGTACAATAACGC,21,True,1
TCAAACGTCAAAGT,21,True,1
CTATGCTAGTCGCT,21,True,1
TTAGTCAACAGGAG,21,True,1
TCCATTCACTGCGT,21,True,1
CATCACCCCCGTAC,21,True,1
CCCCTCGACTGCCT,21,True,1
TTGTCGGGATGCCC,21,True,1
CACTCATAAGGAAA,21,True,1
CTTATAATCTTGGG,21,True,1
GCTCTCTTCAATTA,21,True,1
GTCATGGGACGACA,21,True,1
CTATCGGTGTATAT,21,True,1
CTATGCTCGCCGGA,21,True,1
TGCGGCCGACGTTA,21,True,1
TTGTTTCACCCAGG,21,True,1
CTCGGTTGGCCCTC,21,True,1
CTCGCCGAACTTAT,21,True,1
CACTAGGGACCTGA,21,True,1
GATCTAAGAAACTA,21,True,1
CCATAGACCCCTTG,21,True,1
CCCTGTTACTTATT,21,True,1
TCTTGGGTGAATAT,21,True,1
GACAATGAAGCCTG,21,True,1
ACATCAACTCTGAT,21,True,1
CGATTGACCCCAAC,21,True,1
TTATATGAGGGCGT,21,True,1
AAGGACCCAGAACG,21,True,1
CAAGTCCGTTGTAC,21,True,1
ACGAACCTACAACC,21,True,1
TTGAGATATGAAAA,21,True,1
CACATGTAATTTTA,21,True,1
GACGCTCCTAATAA,21,True,1
TAAGAACTCGCTCA,21,True,1
TTCTTCAGTTAGCC,21,True,1
GCTAGCCCCCAAAG,21,True,1
CCATCGGTGGTAGG,21,True,1
CCCACCGTTGGCTG,21,True,1
GCGGACGCATGTCG,21,True,1
CCAATGCATAATTA,21,True,1
CTAGCCGGATTTTG,21,True,1
TAAGTATAGCTTTC,21,True,1
GTCGGAGGCATGTG,21,True,1
CTACTTATTCCTCT,21,True,1
TGGTAAGTAAAACA,21,True,1
CGCAATAGGTAACA,21,True,1
GAATGCAAAACCTA,21,True,1
CAAGATTTTGTAAT,21,True,1
TATGCCGTAAATAT,21,True,1
CTAATGACGGCTTC,21,True,1
AACGGGAATGACAT,21,True,1
TGGCGTTGTTCTGG,21,True,1
TACTTCGGGGATTG,21,True,1
CTGCCACAGCTCCA,21,True,1
GCAGCTCCCGTAGA,21,True,1
CCCGTTCTCCCGCC,21,True,1
CTATGGTACCGCCC,21,True,1
CCCTAGCTTAGATG,21,True,1
TCCAAGAATTCAGG,21,True,1
CTAAAGACCCATCT,21,True,1
GCTGTTGACAAAGA,21,True,1
CAAGTCTAACATAC,21,True,1
GTTCCCCACCCTGA,21,True,1
TTAACGTGGGACGA,21,True,1
ACCAGCAGGTTACC,21,True,1
ACCGGTCACGGTGC,21,True,1
CGGTCCATTTCGTA,21,True,1
ACTAGCGATGACCT,21,True,1
ATGGTTTCTCTCAT,21,True,1
TACTCGTTTGCAAG,21,True,1
TATAGTCATTCACG,21,True,1
TCAAAACATCACCT,21,True,1
TCTAAAGCTCTTCC,21,True,1
TAAAAATTGCCCGG,21,True,1
TTAAAACGACTCTA,21,True,1
CGGGTTCAAATGGA,21,True,1
GTACCGCCTATCAC,21,True,1
ACATAGGCCGCTCA,21,True,1
GTCCTCGACTACAA,21,True,1
TTACTACTAGTCCC,21,True,1
TTCCCATCACCCCG,21,True,1
TTCTACTGCTTCCG,21,True,1
CAGGTCGAAGAGAT,21,True,1
CGCGCCTTCGACCC,21,True,1
TGGACGCGGCTGAT,21,True,1
CTCCCGCTGTGTCG,21,True,1
CCCCTCGTTAGTTA,21,True,1
TACCTTGCTTGACC,21,True,1
TTTTAATGTTTCGT,21,True,1
TCAAGAACAAACCC,21,True,1
AGTCATCGTACCAG,21,True,1
CGAACGAATCCTAT,21,True,1
GCCTAAGCTTGGAC,21,True,1
ATTCTATTACTACA,21,True,1
TAACTAAAGATTTG,21,True,1
CGAGAGTCGACCGT,21,True,1
TACTATCCCGTTAC,21,True,1
CTGCAGCGTTTTCC,21,True,1
CATGACTCCTCGCC,21,True,1
CCCTATTCTTGGGC,21,True,1
CTGGCTGCATATAC,21,True,1
GCCTCGTGACCGAA,21,True,1
TCAGTATACAGTTA,21,True,1
CCCCTTTGAACACC,21,True,1
GGGCCGCCGCGACG,21,True,1
AGCATTTAGGAAAT,21,True,1
TCCCGGCTAAACTT,21,True,1
ACACTATTCTACCT,21,True,1
AAGGTGAGGACACT,21,True,1
TGTAAGACAACATT,21,True,1
TCCTGAATCGATAG,21,True,1
GTGGAGAAGACTAG,21,True,1
ATAAAAAAGTAATA,21,True,1
TAAGACAGGTCTCT,21,True,1
AGCGTCGGTTATTT,21,True,1
TTACATGTAAGAAC,21,True,1
TTCTGATAAATGGT,21,True,1
TAGGGGTATCAAAT,21,True,1
CTCAAGTATGGGCC,21,True,1
AGGGGAACTACTCA,21,True,1
AGATGGGGCAATCT,21,True,1
GATCAGGTTCCGAA,21,True,1
CTGACTGTTTGCAG,21,True,1
TCCCCTGTTTACAT,21,True,1
AAGACTTGCCTTGT,21,True,1
CCGCGGGCTTGCGA,21,True,1
TATCCTGGTTGCCT,21,True,1
TTAGTCGAGGATAA,21,True,1
GTAAACAAAGGACA,21,True,1
CTGTGGCAGACATT,21,True,1
CCAGAAGACACTTC,21,True,1
TAAGAGAGTTGCTC,21,True,1
CCACCTAATAATCA,21,True,1
CCTTCCCCGGCACT,21,True,1
AGATATAATTACGG,21,True,1
GTATACCGATTATG,21,True,1
CAACAAAAAACATC,21,True,1
GGATGATCGCTGAA,21,True,1
TTACAGATTTCCTA,21,True,1
TGCGGTGAGCATCG,21,True,1
GCGACGCCAGAGAC,21,True,1
GCCACCTCGCCGAC,21,True,1
CTCGCCTTACTTGC,21,True,1
AGATTCCGCCCCCA,21,True,1
AGAAAGATATTAGT,21,True,1
CATGTGAACGATCG,21,True,1
TCAAAGTCCAGCAT,21,True,1
GTCTAAGTATGTTG,21,True,1
TCATTATTCAACGC,21,True,1
CTGTCAATCCCACT,21,True,1
CTACTTTTTTGCAC,21,True,1
ACAAGTGCTCTCCT,21,True,1
TAGTATTACAGACT,21,True,1
CTTTGCTGCGCCAC,21,True,1
TTGAATATTCCGAT,21,True,1
CCCCGATTGCGAGC,21,True,1
TTACCATTACGCAG,21,True,1
ATTCTTCTCTTCGT,21,True,1
TAATGCAGAACCTA,21,True,1
TGACATCTCCTTGC,21,True,1
GATCGTAAAACCCC,21,True,1
TTCCCGCTAGAAAA,21,True,1
CACTTCAATGAAGG,21,True,1
TACACTAAGCCTAT,21,True,1
ACTCCATCGCGGCC,21,True,1
GGCAGTGTTCCAGC,21,True,1
TTCAAGGGTTCCGG,21,True,1
ACCTCGTGAGGGAG,21,True,1
TACGAATACTATGA,21,True,1
CGACTATACAACGG,21,True,1
TCAACTGTTGTCTT,21,True,1
AGAAACGTGAGTAT,21,True,1
TCAGCAAAGTTAAT,21,True,1
TTGGTTTCAAAGCG,21,True,1
TAGCGTTACCTGTA,21,True,1
GTTCATCACTCAGC,21,True,1
TGAAAATTCACTTA,21,True,1
GATCAGACCCTCTA,21,True,1
CTATACACAGGACA,21,True,1
TGTTGATGAACCCC,21,True,1
TCTGGAACCCATAA,21,True,1
TATCTTCTGTACTT,21,True,1
AGTACCGGGCCAGA,21,True,1
AGCTGCCCGGACGA,21,True,1
GTCAAGCAAACTGG,21,True,1
CTATCCGCCCGAGC,21,True,1
CCCGGTCCGAAATA,21,True,1
CTTTTTTTATTAGC,21,True,1
GAGAACCCGCTACA,21,True,1
TCATAACTGCTAGT,21,True,1
GTGATAGCCTAGCA,21,True,1
AGTACATAATCCAG,21,True,1
CCCCATCATTGTGA,21,True,1
ATAATGAACAAGCC,21,True,1
TTCACGAGTGTCGA,21,True,1
ATCACTCCCGTTGC,21,True,1
AAAGCTCACAACGT,21,True,1
TTACATTCCGACAC,21,True,1
TTAACAATTAGGCC,21,True,1
CAACAGCCCTTACG,21,True,1
CCTGCTCACTTGAT,21,True,1
TTCTCTCTGATTGG,21,True,1
AGTCGCCCAACCCA,21,True,1
TGCGTACAGTAGTA,21,True,1
CTTTAACCATTTGA,21,True,1
CTCCCTCACCCCTC,21,True,1
ACCGCTTGGGTCAC,21,True,1
AGTATTACCGGGGG,21,True,1
GTGACGTTAATATC,21,True,1
CGCTTTAAACGTAG,21,True,1
ATACGGTCATGCAT,21,True,1
GGGCACTTGAACAT,21,True,1
CTGATTTCAAGCAC,21,True,1
CGTGCACCCGTATA,21,True,1
ACGATCCAGAGCAA,21,True,1
TTAACGAACCGGAC,21,True,1
AGGTATAGTCTTTA,21,True,1
CCACTAGCGGGAGC,21,True,1
CACGCAAAGATACG,21,True,1
GACTTTATTTGGAG,21,True,1
ACACCCCCACTGCC,21,True,1
TATGAAGTAAGATA,21,True,1
AACATGGTAGGCAT,21,True,1
GACAAACTCCTGCA,21,True,1
TCAGGATAAAAGTC,21,True,1
TCCACGCCCTTAAA,21,True,1
TATTACGACTGCCG,21,True,1
CTACTGTTACCAGA,21,True,1
TGTTTCATTAAATC,21,True,1
TAGCAAATATGCCT,21,True,1
CAAAGCCTTCATAT,21,True,1
GCCTTCCAGTGCAT,21,True,1
TTCCCCCCTCTATA,21,True,1
ATAAAGATATCTCC,21,True,1
CGACGCCCGATATC,21,True,1
AGGGTCGGTCTACA,21,True,1
CACTGCTTACCGCG,21,True,1
CCAAGAAAGAAGCA,21,True,1
TTCAACTCAAAATT,21,True,1
ACACTCGTATATCC,21,True,1
TAGGGTTTATTGGT,21,True,1
TAACGACACCCAGC,21,True,1
ATCATAGACGTATC,21,True,1
TTCAGCTGACTGAG,21,True,1
GGAGCAGTTAATGC,21,True,1
TTAAACGCAAGAAG,21,True,1
GTATCCTTATCCTT,21,True,1
ATATAACATCCCCG,21,True,1
TTATCGGGAATTAC,21,True,1
TACCATCCATGATA,21,True,1
TAGGTCTAGAGCTG,21,True,1
TTGATCACATTGCT,21,True,1
CCATTATATGAAGT,21,True,1
AGAGGCTACGATCC,21,True,1
GTCGCACCTTGAAT,21,True,1
TGTGGAACAAGAAT,21,True,1
AGAGAGACATAGGG,21,True,1
AGGTCAGTACATGG,21,True,1
AGTTAAGCATTAAT,21,True,1
GGCGCTCCACTCCG,21,True,1
CTCCATGAAAAATC,21,True,1
TGTTGCCACAAAGC,21,True,1
AGGGGAGCATATTA,21,True,1
AACAAGGCGTGTCT,21,True,1
CCAACTCCGATAAA,21,True,1
TCAATATAAAGCCC,21,True,1
TAGCGTTTTTCAGT,21,True,1
TCATACTAGCGCGA,21,True,1
TGCAGAAATTGAAT,21,True,1
AGGCCACCCTGGAG,21,True,1
CCGGGCTTCAGGAC,21,True,1
TCCCCATCACGCTG,21,True,1
TCAGAGATCGCAGA,21,True,1
GGAGTCGTAAAGAT,21,True,1
TGCAATTTCTTAGA,21,True,1
CTAGAAATACTTTC,21,True,1
TGAAGGTTAAACTT,21,True,1
GCTAAGAACTATAT,21,True,1
TCTGCGCCTCGGAA,21,True,1
TACGAGCCCACATG,21,True,1
TATTCCGGAGTACG,21,True,1
TACAACTTGAAACA,21,True,1
TCACAATCTTACTA,21,True,1
TCTTACTACACAAT,21,True,1
GAGGCGTTTATGTC,21,True,1
ATGCAGATGATTAA,21,True,1
CCACTCCGTGAGGC,21,True,1
GTGCCTCCTTTTCA,21,True,1
TCTCTAAATTGGAA,21,True,1
ACGGCGATCAAATT,21,True,1
CTTTTCTTAAATAC,21,True,1
CCTGCCGCTGGCCC,21,True,1
TAGAATCGGATTAG,21,True,1
CCTGTCATTGCTCT,21,True,1
CTAAGACATCGCTC,21,True,1
GATGCAGTCATTCA,21,True,1
GGAGGAAGGATAAA,21,True,1
TTCTGCTAAACAGG,21,True,1
CCACCAAGCCCACG,21,True,1
CTCACCTAGCTGTC,21,True,1
TCCTCCCGGCCGAG,21,True,1
GGATCCCATCGAGG,21,True,1
ATAGATAGGCAAAA,21,True,1
CTCAGATACCTAAT,21,True,1
TCTGACACAATTCA,21,True,1
CTGGTCCATGTGAT,21,True,1
CTCCGATAAGGTTG,21,True,1
AATCCAGAGGCGGT,21,True,1
TCCCGCACCGGGCG,21,True,1
ACCCAGTCCAGTGT,21,True,1
TTTAAGCTAACGCT,21,True,1
AATTTAATATATCA,21,True,1
CACAAACCGCTAGA,21,True,1
CTGCCCCCCCTTTT,21,True,1
CGCCCTGATGTAGT,21,True,1
ACAAGGACAGCAGT,21,True,1
CGCACCATTGAATA,21,True,1
CTTCTACTACTGAA,21,True,1
AGCACCTAACCAAT,21,True,1
GTCATTAAATTAAA,21,True,1
GTAGACGTCCCCAT,21,True,1
CGGCTTGCCCGAGA,21,True,1
TGGGTGGAAAAACA,21,True,1
CTAATCTTTGCGCT,21,True,1
TACACTATCGCGCG,21,True,1
TTATACATTTTCGT,21,True,1
TGACGACTGCACGA,21,True,1
TCACAGACTTGACC,21,True,1
AACATCTAGCTTAC,21,True,1
ATAGGTTGCTCCAC,21,True,1
ATCCCTCTTTTTGA,21,True,1
AGGCGCTCTTTCGA,21,True,1
GTAAGCTTAGAGGT,21,True,1
GATCATACTCTTCA,21,True,1
TCAATGATTAGCAC,21,True,1
GTATTTAGTGCCTA,21,True,1
TTGCATTCTCCACT,21,True,1
ACCCCTACAATGTC,21,True,1
TTTTCGGACCACAT,21,True,1
GTCGCACATCTTGT,21,True,1
TAGCCGTGTTCCAC,21,True,1
CGAACCCTTTTTTT,21,True,1
GTACCCAATAGCCG,21,True,1
GGATAATTAAATTG,21,True,1
ATATCGTCTCCTAC,21,True,1
TGGCCTTGGACCAT,21,True,1
GTCGACGTTGAAGA,21,True,1
AATAGTACCACCTC,21,True,1
TCAAAATCTCGCCG,21,True,1
TCCTGCGCAGATCG,21,True,1
TGAGGAACTGCCAG,21,True,1
TATTTGGGTGTATA,21,True,1
CCAAGCATAGCTCG,21,True,1
TCGTTGTGTTCTAG,21,True,1
CCATACCAATTTAT,21,True,1
CGGCCCCTGGAAAC,21,True,1
CATTCATGATCTCT,21,True,1
GCGATACCATTGGA,21,True,1
ACATAGTCTTGCCC,21,True,1
ATAACCACGATCCA,21,True,1
TTAACATTGGATTC,21,True,1
TATCTACCTTAGAT,21,True,1
ACAGAACGGCCGCT,21,True,1
AATAACCATTTACG,21,True,1
CATCTACCCATGGG,21,True,1
TGGCCTTGGGTCAA,21,True,1
CAATGTACTTTGCC,21,True,1
GCTGCATCGTCAGT,21,True,1
GTCTGTCTTTACGG,21,True,1
CTGGACGTCAAGTG,21,True,1
TGGAGTTCCAGCCG,21,True,1
TCAATGATGATTCC,21,True,1
ATGAAACGTTGATA,21,True,1
CATGTACATCTCTT,21,True,1
GTCCCCATTGGTGG,21,True,1
TTTGTGTCTGGTTT,21,True,1
ACAACATAAATGTG,21,True,1
TGAACCCCCACACA,21,True,1
ACATTCATAAGTAA,21,True,1
TTGGATTCTTCCCG,21,True,1
ATTGAAGACTAGTA,21,True,1
TATACGAAAACCAC,21,True,1
TGCAGTGTTAGAGT,21,True,1
GACAGTAACTAGCC,21,True,1
CTCTCTTGTAGGTG,21,True,1
CACAAGGCCTCATT,21,True,1
TGCTAAACTGTAAT,21,True,1
AAGGCCTCAGTCTC,21,True,1
GTCGTGGGAATTGA,21,True,1
TATGTACGGATCGC,21,True,1
CCCCCGGATTCGCC,21,True,1
AAGCGACCATCTTG,21,True,1
ATCAAAGTATAAAG,21,True,1
TGACCACGGATAAA,21,True,1
CTTCCATGACTTGT,21,True,1
TGACCAAATACACG,21,True,1
TCCGCTTATATACT,21,True,1
CGGGATAGTTAGTG,21,True,1
CACCCCCTGCACCA,21,True,1
TCGAACGAGAAACT,21,True,1
TGAGATGTAGTTTA,21,True,1
CTATTGAAAGCTCA,21,True,1
TGCCACCCGTGTGA,21,True,1
TTCAACGATCATTC,21,True,1
CTCTACCTGTGTAT,21,True,1
GTGAATAGGAAAGT,21,True,1
TCAAGGAACCTTTA,21,True,1
GATGACTCCAACGA,21,True,1
TATGAAGGAATTGC,21,True,1
AGTGGCCTTCCATT,21,True,1
TCACATGCGTAAAA,21,True,1
CAAACGAACGGACA,21,True,1
TATCTGGTAAAGTA,21,True,1
CGCCCCCAAGCAAC,21,True,1
CCTGCATATCCGCT,21,True,1
TCATAAAGCGAAGA,21,True,1
TAATTCGAATACCG,21,True,1
CGCATGATAATGTC,21,True,1
CTGCACTATAGTGA,21,True,1
TATTCAATCCCCAT,21,True,1
TCTGTTGTAGTGCG,21,True,1
ATATGAATCAAATG,21,True,1
CTCGCCGTATACCT,21,True,1
TACATTCTAATTAG,21,True,1
CGTTCCCAGACGGA,21,True,1
TTCATTCAATCTCA,21,True,1
TCCAGTCTTATCGT,21,True,1
CTATTTCACCAACA,21,True,1
TGTCCCGTCCATTT,21,True,1
CCAAAGCGATGTTT,21,True,1
TTGAACAACGTTAG,21,True,1
ACCCTGACGTAAGC,21,True,1
GTATCGGTGTACTA,21,True,1
AGATGGGGTAGAAT,21,True,1
GTGATGCCCATTTG,21,True,1
TTAGCCATGGGGGA,21,True,1
TCCGGGCCGCCACG,21,True,1
TACAGTTTCGCGAC,21,True,1
CACATACGAATAAA,21,True,1
GCATAACCATATGT,21,True,1
CCTAAAGGGTACAT,21,True,1
TTACTAGTTTACGT,21,True,1
TCATTGGTGGGGCA,21,True,1
TCATCTGGGGAAGT,21,True,1
TTTATTGGTACACA,21,True,1
CACATCAAATTATG,21,True,1
CTCTTTATTGAACA,21,True,1
GTGACGCCCAGGCT,21,True,1
CATTTTTAAATAAG,21,True,1
AATTACAGGTGAGT,21,True,1
ATAAGTCAAGCATA,21,True,1
ACCCGCGACTTAGA,21,True,1
AGCTTCCCCGGTAC,21,True,1
CTGGTCCGTCAATA,21,True,1
GGCACTCTTATAAG,21,True,1
TCCTCCTTGGTATC,21,True,1
TTCGTAATCGTCCA,21,True,1
CAAGATGAGCGACC,21,True,1
CTCTCATACCCCAA,21,True,1
GGATAAAGGACAAA,21,True,1
ATGACTTTAACTGA,21,True,1
GTTGCGACCAGATT,21,True,1
CTATGGTGGTAGAT,21,True,1
GCAGTCACGACAGC,21,True,1
TGAACAAGTTAAAT,21,True,1
CCAATTTCGAGGGA,21,True,1
TTAGTCCACTCTGG,21,True,1
TTTCGCCGCACTGA,21,True,1
ACGGTGTCCTCCTT,21,True,1
TAATCCTAAAGGTA,21,True,1
GAAGTAAGCAGCTA,21,True,1
TGAAAAGAAAAGAT,21,True,1
TCACGGGTTATTCA,21,True,1
TCCAATGGCCAGAG,21,True,1
AGACAATTAATCGG,21,True,1
TGATGGAAGAACTA,21,True,1
AATTGGCAGAGCTG,21,True,1
CAGTCCCTTGATAA,21,True,1
TAATCGATCACACA,21,True,1
GCTTACGAATAGAT,21,True,1
CCATCCGGTACTAT,21,True,1
ATTACAGAATGTTG,21,True,1
AGCCCCGGTTTGAT,21,True,1
ACAACCGTACTCTT,21,True,1
AATAGGTAACACAA,21,True,1
GTCTGACCCGAACA,21,True,1
CTATAATCCCATAG,21,True,1
CTCAAGGATAAATG,21,True,1
CAATCGACAAAGCT,21,True,1
GAGGTTTTTAAAAA,21,True,1
CCATATATTTCACC,21,True,1
TCAATACTGACTCA,21,True,1
TTCGGGAATGCTAG,21,True,1
ATCCCCGCTTATAC,21,True,1
TCTACACTTAACAA,21,True,1
GCGCCCCCACCCTC,21,True,1
TAAGAGTCGGTTGA,21,True,1
TTCGTCAGGATCGT,21,True,1
ATGCAACAAGGATG,21,True,1
TACCTTTACAACCC,21,True,1
TTGAAGCTTTCACT,21,True,1
AACTCGACTGGTAA,21,True,1
CTTTAACTGGGGGG,21,True,1
CAAAGCTTTTACTA,21,True,1
ACGACTGGTGGTAC,21,True,1
TATATCATAAACGA,21,True,1
ATGAGAGAAACAAA,21,True,1
CACGCTATCCGCCG,21,True,1
ACATAGGAACAAAA,21,True,1
AGTCTAGGACCAAC,21,True,1
CCGTACCCGAGGTG,21,True,1
TCCAACCCTCGTGC,21,True,1
TTAAAGACATTTTT,21,True,1
TTCGCTCCTTCTTA,21,True,1
ACTAATTGGTAAAG,21,True,1
TCTTATGAAATTGA,21,True,1
TCTGCGCATTGTGT,21,True,1
TCACCCATCGCCGG,21,True,1
GTCCTTAACCTTGA,21,True,1
ACCTTAGCAAAACT,21,True,1
AAGGTAGATTAAAT,21,True,1
CCTCACAACACTTT,21,True,1
GAAAACCCCTGGAC,21,True,1
ACTACGAGCTTTAT,21,True,1
TTAAAAGATTGGGT,21,True,1
TCAAATGCTCACCA,21,True,1
CCCGGGTAACATCT,21,True,1
GGCAAGGTGATATC,21,True,1
CGCCACGTACCCTC,21,True,1
TATGTGCCATGCCG,21,True,1
AGGTCTAAGGCCTG,21,True,1
GGTGAACTCGTACC,21,True,1
CCTGATTTTCATAA,21,True,1
CGCGGGTTCGTATA,21,True,1
GTTAGTCTCCGTAA,21,True,1
GAGGATTTCCAAAT,21,True,1
TGTGAGGAGAATTG,21,True,1
CAGACGAACTGAGG,21,True,1
CTATCCGCTTACAA,21,True,1
CCTCCCAGTAATAC,21,True,1
TATCTCGCTTTGGC,21,True,1
TTTTGCGGTATGGG,21,True,1
TATGCTTATATTTC,21,True,1
CATTACTTTGTCAG,21,True,1
TAAACCGCATGTAT,21,True,1
CTGACAACGTTAAC,21,True,1
ACTTTTTCGCATGA,21,True,1
TTGTTCACAGACGT,21,True,1
TTGGTTATTACACT,21,True,1
CTGTCTTAGACCCG,21,True,1
GTTATCGTAGTATT,21,True,1
TAATTGTAGGTCTG,21,True,1
ATACCGAATATGTA,21,True,1
GATCCTCGGTGGCC,21,True,1
GTAAGCCTCTATTT,21,True,1
TAGCATAGATTTCT,21,True,1
GGTTCTTGAAAGAA,21,True,1
ATACCACGCCATGC,21,True,1
TCTGTATGATGTTA,21,True,1
TAGCTTGAGAAGGT,21,True,1
CACACAACCATACA,21,True,1
TCAACACTACTTTG,21,True,1
TTGGATGAGAAGGC,21,True,1
TGGATTTCTTGAAC,21,True,1
CCACCATACTGTGA,21,True,1
CCTTACCCTCGCCC,21,True,1
GTATACACAACATA,21,True,1
TTCAAAGTGACGTT,21,True,1
CCTGGTCGCAAAGC,21,True,1
CCGCAAATCCTTTT,21,True,1
AACACTGACAAGTT,21,True,1
CGCTCAAACAGGCT,21,True,1
ATGAACAGATCACT,21,True,1
GTAACGACCAAACG,21,True,1
GGCTCAATGAAGGA,21,True,1
CGACTTGTTTGAAT,21,True,1
CTCAACCTCATCGT,21,True,1
TTACCATAAAACCG,21,True,1
TCATCGATGATCTT,21,True,1
ATGCTTTATTAATA,21,True,1
GCCTTCCTAAAAGT,21,True,1
TGCTGAACGGGAGC,21,True,1
TATGCGAGGATACG,21,True,1
CTGCATTGACAAAT,21,True,1
ATGCGCACTTTGTG,21,True,1
TAAACGACTTGATT,21,True,1
TCCGTCGGTGCTAA,21,True,1
CTATGGTCTAAGCA,21,True,1
CGGTGATTGCTTGA,21,True,1
GCACTAATTGAGTC,21,True,1
TCGGTAAGATAGCG,21,True,1
CGGACTGAACACCA,21,True,1
ATTCTCGAACGAGA,21,True,1
TTATGCATGACCAG,21,True,1
CTGACTCCTGAGGC,21,True,1
TTGTTTGAAGACTG,21,True,1
TAACCTCTTATGCA,21,True,1
AACAACCTCATTTA,21,True,1
TAGTACAGGGCTGC,21,True,1
CGATTAACCTAAAA,21,True,1
TCCAACGGAAATTG,21,True,1
GAGAAGCTGATAAA,21,True,1
TCAAGTCTCGTTAG,21,True,1
CAAAAGGACTGGCC,21,True,1
GGTTCTCACTTCGA,21,True,1
CACCGATAGATTGT,21,True,1
TACCCCGGATTCTA,21,True,1
CTCTTATTCCAACT,21,True,1
CCACTTGCCCGGAC,21,True,1
AGCGGTGCTTGTAC,21,True,1
TACGTTGATGCCAT,21,True,1
TCCCTGCGCTTTTC,21,True,1
TACAAAAAAATATG,21,True,1
TCCGTTTCAGCATG,21,True,1
GTCTAACTCTGGAC,21,True,1
CATGTGTTGAAAAC,21,True,1
CCAGTGATAGAGCT,21,True,1
GCATCTCCAAGTAA,21,True,1
ACATAACAGGTGTC,21,True,1
CATCGTTTTCACAC,21,True,1
CTTGTGATATCATA,21,True,1
CTCCCTCGCGTAGT,21,True,1
GTAAGCCAAATCGT,21,True,1
TCGCCTGGAGCGAT,21,True,1
CTAGCGATATCATA,21,True,1
GTGGACATCAACTA,21,True,1
TCCGGTTGAAGTCG,21,True,1
ATGGTAACTACGAG,21,True,1
CGGGAGTCGATAGA,21,True,1
CTAAGATCCTCTTC,21,True,1
TTGCTTGACCATTT,21,True,1
GGTGAATTACTCTA,21,True,1
CAAACCAGGAAAAG,21,True,1
CCCTCCTGCCCCCA,21,True,1
AGCTCAAACTGGAG,21,True,1
GTGCCTTCCTATCT,21,True,1
TAATAAGCACTCTG,21,True,1
GTATTAGTCGTCGC,21,True,1
TTCTTTGTATACCG,21,True,1
ACGAAAGGTACTAG,21,True,1
TAACACGGGCATAA,21,True,1
GTTCAGATTCATCC,21,True,1
CTCTCACCACCTCT,21,True,1
TATTCTTTTACATC,21,True,1
AACATAAGTCAATA,21,True,1
TCCAACTGCGGTGT,21,True,1
ACACACGTGATAAG,21,True,1
GTCATTGTGTTCAT,21,True,1
TCTGCATCGAACCT,21,True,1
ACAACAGCAACTAT,21,True,1
ATAACGCTCAAAAG,21,True,1
TAACTGATGCACAG,21,True,1
CAGAGGATTGCCCA,21,True,1
CCCAGGCGTGTTAA,21,True,1
TACCTATGCGCACG,21,True,1
TAGAAGTAAAAAGG,21,True,1
ACATTCCGCTTACC,21,True,1
TCTCATTCTGCAGG,21,True,1
TTGCATCCGGTACG,21,True,1
GAGTGCCGTACCAG,21,True,1
ACGGCTGTCACCGA,21,True,1
CACAAGGCGTAGAC,21,True,1
TCCCGTTACCTGCA,21,True,1
CTATTCAACATGCG,21,True,1
TAAAAGCACGGAGA,21,True,1
ATGACTCAAATGTA,21,True,1
TAAGTTGCCTGTAG,21,True,1
GTATTATCCAATGT,21,True,1
TGCTTAAAGACGCC,21,True,1
TGCCGTCATAACCA,21,True,1
TGTACTCTTCGCAG,21,True,1
CACGCTAGCACCGT,21,True,1
ACAGTCGAGACGAA,21,True,1
GTCAATCTGCGTCA,21,True,1
ACGATCCGTATTAA,21,True,1
TTATGTCACAACGA,21,True,1
TAACCGACAGGATA,21,True,1
TGTATCATCGGGGT,21,True,1
TGGCCATGTAATTA,21,True,1
CGAATACGTGCGCT,21,True,1
TAGGCGCATGTCAC,21,True,1
AATCCCTCGCTTGT,21,True,1
CTATTGGTTGTATT,21,True,1
AAGTGCGATCATTA,21,True,1
GCATTTGTTAGCAT,21,True,1
CAACACTTTGAGTG,21,True,1
TCCGTTTTCGTACG,21,True,1
ACCGGCTCAACAGT,21,True,1
ATACTGAGCTATAC,21,True,1
TACCATCCTCAGAT,21,True,1
AAGACTACAATTAT,21,True,1
CTCAGTGGTACGCT,21,True,1
ATCGACAGTCCACA,20,True,1
TGCCCATCTCCCAA,20,True,1
CACTATCTATAACC,20,True,1
ACCTTAATGAACCT,20,True,1
AGCGGTCACTTTCG,20,True,1
GGACGCAATTCACA,20,True,1
AATGTCGTGATGAG,20,True,1
TTCAGAGTTACTGC,20,True,1
ATGTTCTGATGACG,20,True,1
ATAGCAGGAAACCT,20,True,1
ATAGAAATGAACGC,20,True,1
ATACCACATGTTGC,20,True,1
GGGGAGCTTTGTAC,20,True,1
TAGGTAACTAAGAT,20,True,1
GCATTCCCAAACAT,20,True,1
GTAGGCAACAGATG,20,True,1
AAACGATTGTGGAA,20,True,1
AAACTAAAGCTGAG,20,True,1
GTATAATAAATATT,20,True,1
CTTTGTCAAACATT,20,True,1
TACCCCCCCCCGCC,20,True,1
TAAGAGTTAATCAA,20,True,1
GAGCAGCCCCGGGG,20,True,1
TGATCTGACTACCG,20,True,1
GATCAGATTACCTT,20,True,1
GAACAGAAACAAAT,20,True,1
ACATCCGACATGAG,20,True,1
TATAATCAATAGCG,20,True,1
TAGCTTCTCGTAAG,20,True,1
TCCTATCAGGACTT,20,True,1
AAAGATAAAGCCAT,20,True,1
GTATGAAGCTAGCA,20,True,1
TAGCAGTGGGTTGT,20,True,1
GATCATAAAACACC,20,True,1
CCATCCTACGTCTG,20,True,1
GGCTCAGGATCAGG,20,True,1
TGAGTAGTACAAAA,20,True,1
TACGGCGTCTTTCG,20,True,1
TTACCCAAGGTCGA,20,True,1
AATGCAAAGTTGAC,20,True,1
AACTAGTTACGAGA,20,True,1
ATAGCCCCGTATAT,20,True,1
TTGTACTGTGCTTA,20,True,1
CCCCGAGTATTGCG,20,True,1
TATCCCATAAGAAG,20,True,1
AAGATTACAGAATA,20,True,1
TTAAACATTGACAG,20,True,1
CTGATAAATAGATG,20,True,1
AACGTGCACCAGAT,20,True,1
CCGTGAGCAGATAA,20,True,1
CGACTCGCGCGACC,20,True,1
GTGTACCGCAGTTA,20,True,1
CTATGCGGGAATAT,20,True,1
TAGTCGCGCGATAA,20,True,1
CTCTATGACACAAT,20,True,1
TATTCAAAAGCGTT,20,True,1
TACATCATCTAGGT,20,True,1
CCCGAAATAGACTA,20,True,1
GAATCCACAAAATT,20,True,1
CCTGGTAATACTGC,20,True,1
GTAGATGCTACGAA,20,True,1
TAACCCCATTCCCA,20,True,1
TATACATAGCATCC,20,True,1
TATGTAACACTGAC,20,True,1
TAAAATGAGCCATA,20,True,1
TTCGCTAAAAACTA,20,True,1
ATAGGTTGTAAACC,20,True,1
GGCTCTCTTAATAG,20,True,1
TATTCATAGTCTCA,20,True,1
CAATCGAGCGTAAA,20,True,1
CCACTAACCCCAAA,20,True,1
CAAGTAATGAAATA,20,True,1
GAGCACGAAAAGCT,20,True,1
CCATTCCAACCTCA,20,True,1
CTGGTTGTGGTTGC,20,True,1
CGATTAAATCATGT,20,True,1
GATGCCCGCGACCA,20,True,1
TTCGTAAAGGTTTT,20,True,1
CCCCTGGCCTCGCC,20,True,1
TCTTTATCTGTTTA,20,True,1
ACACACTGCCTAAC,20,True,1
CTTTCCCTCTCAGC,20,True,1
TTCTATCGGGTATC,20,True,1
CACGATCTTATTGT,20,True,1
GCCCTCCACCGGAT,20,True,1
CCCACCCATCCCTC,20,True,1
AAGATCCTAGACTA,20,True,1
CAATTAACCTATTT,20,True,1
TACCGGAAACTAAC,20,True,1
TACCACGGGAACTG,20,True,1
TGACTAGATGCTTT,20,True,1
TTGGACCAGTAATT,20,True,1
GATCCCCAAGTCCA,20,True,1
ATTTCTAAAGATGG,20,True,1
TAGGTGACAGAGGT,20,True,1
ATAGTCTTTACGTA,20,True,1
CAAGGCGCTGGTGT,20,True,1
TCAAAACAGCAGAC,20,True,1
GTGGGGAATCATTC,20,True,1
AAACCAAGTCGTAT,20,True,1
TTTGGATGGTTCAA,20,True,1
CAACGGTACGGACG,20,True,1
AGTTAACTATGAAT,20,True,1
GGCGGGCGGTTACC,20,True,1
CATAGAAAATATGG,20,True,1
GAGTCAGTCGCCTA,20,True,1
AGTATGCAATTTCG,20,True,1
AGATATCGACCGGC,20,True,1
TACAAGCTGGGGAA,20,True,1
CTCAATCCCGACAT,20,True,1
CCATCTCGGCTGTT,20,True,1
TAGAATAGAGTCAA,20,True,1
GCCAGCACCCGACG,20,True,1
TTTTTGAAAAACAA,20,True,1
TCGTTCCCCCGTCA,20,True,1
CAGCCTGTCATCGT,20,True,1
TGGGTTTTTATCAC,20,True,1
CAAACGGCAGAAAG,20,True,1
ATCCGGAGCTTCGT,20,True,1
TCCAGTGTGGCATG,20,True,1
TAGCTTCCCTGGTT,20,True,1
ACCAAGCAGCGCAC,20,True,1
GAAGGAACAATGTC,20,True,1
CTTTCTATACCACC,20,True,1
ACTACTAAAAGTCC,20,True,1
TAATGAGTTTCCTG,20,True,1
TAATCGGCGCAGTC,20,True,1
ATTAACAATACAAA,20,True,1
TTACCGGCATAACG,20,True,1
TCTATACTTGCGAC,20,True,1
TGATACGGGCACTC,20,True,1
AAACTCGTCGATCT,20,True,1
GCCTCTCATATTGG,20,True,1
TCTCACCTATTCCT,20,True,1
TTTGAAAATTGGAA,20,True,1
TGACCTTGCTCAAA,20,True,1
GCATAAAATATCCT,20,True,1
TGTTAACTAGATGA,20,True,1
TGCATACTAAAGTT,20,True,1
ACGATAATGTTGTA,20,True,1
TGTGCCCTTTGAAA,20,True,1
TTGATAAACTACCG,20,True,1
TGCGTTTGTATATT,20,True,1
TAACTACTAAAGAT,20,True,1
CGCAGACCCAGTGA,20,True,1
TGTCTACCTATATT,20,True,1
TGTTTGCGTAAGGG,20,True,1
ATCCACTGACCAAG,20,True,1
CAATCGCCCCTACT,20,True,1
CAGGCCCCCGTGCT,20,True,1
CCTATGAGGTAATT,20,True,1
TTGATTCAGTGGCC,20,True,1
AGGCGTTTACTATG,20,True,1
CTACTGCAATAGCG,20,True,1
TATTTACTAAGGGC,20,True,1
CTATAATGAAAAAG,20,True,1
AAGGTCTTTGAAAA,20,True,1
ACCGAGACCAGTGC,20,True,1
TAATGTACCTCAAT,20,True,1
ATGTTTCAATTTGT,20,True,1
TTATCGGAATAGCT,20,True,1
TATCAAATCCTAGC,20,True,1
GAAGACACAAGCAG,20,True,1
CCTCAGGAGTGATC,20,True,1
CTAGAACTGCAGCT,20,True,1
CCACTTAGGCTCAC,20,True,1
GGATAACTTAAATC,20,True,1
CGCCATAGGGATCA,20,True,1
CTTGACCAACTGGC,20,True,1
CATCGCATCGCTTG,20,True,1
TATGGGTAGTTCCA,20,True,1
TGAGCGATATACGG,20,True,1
TTAAGACCTTGATC,20,True,1
TTTCGTATATACGT,20,True,1
GGGTCCAACACGAG,20,True,1
GTCGTCCCCGCACC,20,True,1
TGTTTAGCAGACCT,20,True,1
GTTATCATTAAGGA,20,True,1
CATGAAATCTCTCA,20,True,1
GTCTCATCCATATC,20,True,1
TGCCCCACTACCCC,20,True,1
TGTGCCCGCCCACC,20,True,1
TAGATGATAACGAA,20,True,1
CCTAGCATCCCGAC,20,True,1
TTCATTGATTAATA,20,True,1
AGACTAGAACAATA,20,True,1
CCATGCCCCCATTC,20,True,1
TGCTATTGTACAAG,20,True,1
TAGGTGTCTTAGTC,20,True,1
TATCGAAGTGGCCC,20,True,1
AAGAGCCTGTGGTG,20,True,1
TATAACGTACATTA,20,True,1
ATTTACAAGGCCGC,20,True,1
ATAAGATGCCAATC,20,True,1
TCCTTTAGGAGAAT,20,True,1
TGCAACATTTGCAG,20,True,1
ACACGCAAGTCCCC,20,True,1
CTCATTATTCCGCC,20,True,1
CTGTGAAAACAGAC,20,True,1
AACATCTATTTTTA,20,True,1
GACATATTGTAATT,20,True,1
ACTAAGACGTCATT,20,True,1
GTAACCGGAGCAGT,20,True,1
AACTCCCCGCCACG,20,True,1
CTTAGAACAGACTT,20,True,1
TGTCTCTTTTTGCC,20,True,1
CAGTACTGCGGAAT,20,True,1
AGCAGATAGTGTGC,20,True,1
GAACGACCGTATAA,20,True,1
CTCAAGCCAAGTCT,20,True,1
TACCCAACAACAGA,20,True,1
TCACTATAGTTGAA,20,True,1
AGTTAAATTACCTC,20,True,1
GTGGCTGAGACGGA,20,True,1
TCCTCGCCCCGCCG,20,True,1
GAGAGGAGCACGCA,20,True,1
GTCTCGCACTAACC,20,True,1
CTCCTAGGCACAGG,20,True,1
TCACTGCTGTGAAG,20,True,1
ACAAAGTGCCCATA,20,True,1
TGTATCTTCCAACG,20,True,1
CTCTAAACTTCCAA,20,True,1
CCCAGAGGGTTGGG,20,True,1
TCTTTGGAAGACAT,20,True,1
TTCTCCTCCTGGAA,20,True,1
ATGCGTTGACAGAA,20,True,1
TAATGATTGTTATA,20,True,1
GGGAATCCACTTTC,20,True,1
TGACGGGATGAGGT,20,True,1
GGGAGACTTCAATT,20,True,1
CAAGATTAAAACCG,20,True,1
GTTATAGTTACACT,20,True,1
TAGCACCCGCCTGA,20,True,1
TGCATTTATAGGGT,20,True,1
CGATTGCTGCTGCA,20,True,1
ATAAAAAATACATC,20,True,1
TCATTCTCCCGCTG,20,True,1
TCTAGATTGCACAA,20,True,1
CGTCACTCACCTAG,20,True,1
TCCACAGGGAGATA,20,True,1
TCATGACCTAATCC,20,True,1
CGATCGGGCCATGT,20,True,1
TACTACTACTAGCC,20,True,1
CCTATAACGAAGGG,20,True,1
ACCCCCACCTACCA,20,True,1
GTGGATCCGCCTTT,20,True,1
TAACGGGTCAACGC,20,True,1
TTAGTGGTGCAACC,20,True,1
TCATACTCCGGCCC,20,True,1
ATCGTTACTCTTAT,20,True,1
TTGGTGGTAGACGA,20,True,1
TATCCCTAAACCAC,20,True,1
TACTATAGAAGATA,20,True,1
GAGGAACATCCACC,20,True,1
TGTAAATGGCCCTC,20,True,1
CCCACAATTAACTT,20,True,1
TACACTCATTGTGT,20,True,1
TGCTGACTAATACT,20,True,1
CGCGAACCCAGCAC,20,True,1
TTAAAGGGGAATGC,20,True,1
AAGTAGGATACTTT,20,True,1
TAGTAGATGGAATT,20,True,1
TGTCATGACTTGGG,20,True,1
TTTCTTCTTGTCAC,20,True,1
GATGATCTGCCAAT,20,True,1
AAGGGTCCCATACT,20,True,1
CAGCATAACGATGA,20,True,1
GGTATTCTTGCGCA,20,True,1
TGTGACAGTAGAGA,20,True,1
ACTGCTACCCGTCC,20,True,1
CTATCTGCCACGAA,20,True,1
GTCAGCGTGAAGGT,20,True,1
TACCGCATAATATG,20,True,1
AACTAACGTCACGA,20,True,1
TCCGCGTACCACTG,20,True,1
GGGGCGTACTTCGT,20,True,1
CTTAACCAGTTATT,20,True,1
TAATAAAACACCAG,20,True,1
ACCAGCCCTCCTGC,20,True,1
TCATTTAATAAACA,20,True,1
TCCATTGCATAGCC,20,True,1
ACCTGCATAGAGAA,20,True,1
ACACCATCTCGAAA,20,True,1
AATGCAACTGCATA,20,True,1
TACCCACGGTCCTG,20,True,1
TACCGCAGAACTTA,20,True,1
CATCTAACAACATC,20,True,1
TCCAAAGGTATATT,20,True,1
ACAACCATAATATA,20,True,1
CACCAGGTCTAGTT,20,True,1
AGGACAACATAGAA,20,True,1
GAATGTTTACCATG,20,True,1
AGCTTAAATATTTA,20,True,1
TTCTACCCCCTTCT,20,True,1
TACTATAAGAGTAA,20,True,1
TATTCAATAAATTC,20,True,1
TATTTGAAAATTTA,20,True,1
TTCTGACGCATCAC,20,True,1
CCACCAGTATACCT,20,True,1
GGGGTAAGAGTGAT,20,True,1
GCCTTTCGCCAAAT,20,True,1
ACAGTACCGGGCGC,20,True,1
TGGACGAAGAATGC,20,True,1
TAGAAACCCGTATA,20,True,1
CGGACTCGATGAAT,20,True,1
AGTACAAAGCGTGA,20,True,1
TATAAGGTCTCCGA,20,True,1
ACAACCAATTGTCG,20,True,1
TCATCCGCCTCGTT,20,True,1
TGATGCCAAAACGA,20,True,1
GTGGTATCTTAATT,20,True,1
CAAGTTCCGAGGTC,20,True,1
GTTTCGATGATCGG,20,True,1
TGGCAGACGTTTGA,20,True,1
GGTTGACTATAGAC,20,True,1
CCCCCATCCTTCCG,20,True,1
ATGACTCCCTTCCC,20,True,1
CGTCTGGTTATTAG,20,True,1
CCGCGACCAAACCG,20,True,1
CCTCCGCGTCTTTG,20,True,1
CATTTGTGGAGTGC,20,True,1
GCGGATGATGCATC,20,True,1
TGCTTCGGATCTAA,20,True,1
CAATAAGTAAGGTC,20,True,1
CCTTATACCTCAAT,20,True,1
AGTCGCGAATATTT,20,True,1
CTTATCAAATTTTA,20,True,1
CATGGGGAGTAACG,20,True,1
TGATCCAGGTTCGA,20,True,1
TGAGAAACCGAGCC,20,True,1
GATTGACGTCAACC,20,True,1
TAATCCTGTCGAAG,20,True,1
TGTAATGACTATAC,20,True,1
GGATCCTCCGGACG,20,True,1
AACAGAACCTTTAA,20,True,1
TGTGAGCTATCTGA,20,True,1
CATGTTTATACTCT,20,True,1
GCGGTAGTTAGTTT,20,True,1
CTCCCCAGACCGTC,20,True,1
TGGACGGCTGGAGC,20,True,1
TTAGTCGCAGTGTG,20,True,1
TATTCTCCTCACCT,20,True,1
AGGCCCTTTTCGAA,20,True,1
ACAACCGCAAAAGG,20,True,1
TGCAGGATTCAAGT,20,True,1
GAATTAAAAAAGAG,20,True,1
TGATGGCCCTAATT,20,True,1
TTAAGGGTTGCGGA,20,True,1
AGGGGTGCATAAGC,20,True,1
TAAGACTGAACCTT,20,True,1
GCCCACCCGCTGAC,20,True,1
ATCTGAATTGATCC,20,True,1
CCTACATATTTCTG,20,True,1
TAAACATCATGTGT,20,True,1
CGATATGTTGATGT,20,True,1
TATAGATCATTCTG,20,True,1
GGTGTCACCCTCGC,20,True,1
ATTGGACACTTACC,20,True,1
CACTAACAACAAGA,20,True,1
TTCATTTCACGTGA,20,True,1
TAACCTTACTGCTT,20,True,1
GTAATATAATATGA,20,True,1
TGAAACTCTGGCCC,20,True,1
CATCACTGTTCTAA,20,True,1
AAACTTGTAGTCCG,20,True,1
TTACTTACTTACTC,20,True,1
GGGATAGGGGAGAC,20,True,1
CCTATACTGGCTAC,20,True,1
TATTCTTTGTAACA,20,True,1
CTGAATTCTTAGCA,20,True,1
CCACTGTCTTCGAT,20,True,1
TATATAACTACAAG,20,True,1
ACTTGTTGAATACA,20,True,1
AGAGCACTCTCTTC,20,True,1
TAAGCACAAACATG,20,True,1
AGGCTTGCTCGTGT,20,True,1
CATTCGCGCGCGCC,20,True,1
AGCTTGGTAAATTA,20,True,1
ACTACCGTTTAAAC,20,True,1
TATACGTCTATATT,20,True,1
TTGCTTCAAGCAGA,20,True,1
AACAAACGATGAGG,20,True,1
TATTAACATGAACA,20,True,1
AGATCTAGCCGTAT,20,True,1
TATTTAACCACTGT,20,True,1
TATATAATGACTAG,20,True,1
TCCCCCGCCCCCCA,20,True,1
CAGACTAAATCAGC,20,True,1
TCTATTCATCCCCA,20,True,1
ATCACCTGATGCCC,20,True,1
TTGCCCGGATACAT,20,True,1
AGCATCAATGTGCC,20,True,1
GAAGCCGAAGGCTC,20,True,1
GTTGCTATAGTCTC,20,True,1
TGGACGAGTCTAAG,20,True,1
TCAACATTCCTTTA,20,True,1
TTGGCCGTACTAGC,20,True,1
CTAAAGCAAATAAC,20,True,1
TTCAGCGAATCAAT,20,True,1
TTTGCACCTGTTGA,20,True,1
GGCCATACCTTGCG,20,True,1
TTATATACCGTGCA,20,True,1
GAGATCTGACGACT,20,True,1
TTAAACCCAATGCT,20,True,1
GTCCCATAGGCGTC,20,True,1
ACGCCTCGCTCCTA,20,True,1
TAGCCTACTAATCG,20,True,1
TTTACGGAATTATT,20,True,1
CCAATCCAAATTAC,20,True,1
GGATTGAACTAAGG,20,True,1
AGTGGCGCGTCTAT,20,True,1
TCTGGTCGACTACA,20,True,1
TGCACATAAGAAAA,20,True,1
CATAGAGCCAAGCC,20,True,1
ATCCCTGCTGTTTG,20,True,1
TGGATGAAAGTCCA,20,True,1
AACTAAACGAAAGC,20,True,1
GATTCATAAAACGG,20,True,1
CGAATACCAAGCGG,20,True,1
GCCAGTCCTTTTCG,20,True,1
TTCCCCAATACACC,20,True,1
ACAGACCGGCTAAG,20,True,1
TTGAAACAAATACC,20,True,1
CAGATTCGCCTACC,20,True,1
GACTAGTACAAGCT,20,True,1
CACCCGTATGATAC,20,True,1
TTAACCCCAACAAA,20,True,1
CCAGAGCGTTGAAA,20,True,1
TCTGAGTTTAATAG,20,True,1
TCAGCTTCGAACAT,20,True,1
GAACACTTAAAGAC,20,True,1
TATCTTACCGAGGA,20,True,1
ACATAAGACGGGAA,20,True,1
TGCCTTATCAGTTC,20,True,1
TTGTACCATACTTT,20,True,1
CCGAACATCGCGCA,20,True,1
GAACGATGTTCCTT,20,True,1
CTTGTCCCCTTCCC,20,True,1
CTGGCGTGTGTTAA,20,True,1
GTGGTGTATTGTAA,20,True,1
AATACATCGGCAAT,20,True,1
CTGACCATCACAAG,20,True,1
AGGCGCGCTCATAT,20,True,1
CCTGGCTCAAAATC,20,True,1
CACTGATACTGTTC,20,True,1
GTCAGTCGCCTTAG,20,True,1
TCAACAATTATTTA,20,True,1
TTGACGTGGCCTGA,20,True,1
GTCACTCTCAACCC,20,True,1
GTGCCATGCTCAGG,20,True,1
TATGGTCATATGAG,20,True,1
TCCGATGTCGAACA,20,True,1
GTTATAGTCGTCAA,20,True,1
TTAATTAGCGACTT,20,True,1
CCCTAACCCGCATG,20,True,1
CATCGGTTCGTCTC,20,True,1
TTACTGCGGGATGT,20,True,1
TGGCGAACGACTGG,20,True,1
TAGACATGTCACTA,20,True,1
CTATGCTCGGGGAT,20,True,1
ATTCCCGTGACACA,20,True,1
CAACCATAATTTAC,20,True,1
TTGGAGCGAAGTGA,20,True,1
AAACTATTATTAAC,20,True,1
ATGGATAGCAAGGT,20,True,1
GAACGAGTAGTTGT,20,True,1
TTAAAACCATCATG,20,True,1
CCCTTAATAATCCA,20,True,1
TTGATCTCACAGAA,20,True,1
TTACAATATCAAGT,20,True,1
AAGGACCTGGTACT,20,True,1
CCCTGCCCGTGGGT,20,True,1
GGTCATCTTCCTCA,20,True,1
AGTTAAACTACAAC,20,True,1
TCACCGGCAGCTGG,20,True,1
TGAAATAACTTTCG,20,True,1
TCGTAACTTCTAGG,20,True,1
TGCTATTAGTGTTA,20,True,1
CGGGATAGCGCCTC,20,True,1
CTATGATTTACGCT,20,True,1
CGCCACAAGACCAA,20,True,1
TGCGCGTGATTGAT,20,True,1
GCTCTCTGATTAAT,20,True,1
GGGCTTCGAGATTA,20,True,1
AACATGTACTTAGA,20,True,1
AGCAGAGGAACCTA,20,True,1
AAGAAAAGGAATCC,20,True,1
TGGATAGCTATTTA,20,True,1
TTCACGTCTAGCCC,20,True,1
CACGACCGCTTTAT,20,True,1
TCCCAGATCCTCCT,20,True,1
TCCTGCTCATTCAT,20,True,1
GGGCACCAATTCCC,20,True,1
AACAGATAGCTATC,20,True,1
TATAAGATTAATTG,20,True,1
TATTTTGTGTTCGT,20,True,1
CAGGGGCCGCGCCT,20,True,1
TATGGAGCAAACGG,20,True,1
CTCCTGCAGTCCAC,20,True,1
TCACTTACACTTAA,20,True,1
CAGATAATGCAAAA,20,True,1
GGAGATCCTGGGCA,20,True,1
TAGGTATTTAGACC,20,True,1
TAACCTAGCGTAGA,20,True,1
CACGAGGAAATTAA,20,True,1
AAGAAGAAGAAACG,20,True,1
AGACCAAATTGGAG,20,True,1
TAGAATCCCACGCC,20,True,1
CTACTTACGAGCAA,20,True,1
ATACAGACTCTTGT,20,True,1
TTCGTTCCTAAGTC,20,True,1
CGATTCGCGTCGAA,20,True,1
GGAACCTTGTTACG,20,True,1
GGTCGGGGCATGCA,20,True,1
TAAATGCGAGTCCG,20,True,1
GAAAGTACTTTTAA,20,True,1
TAGAGTATATTAAT,20,True,1
TGATACATATAACT,20,True,1
TCATGGAGTGGATG,20,True,1
ATACATATGTTCTC,20,True,1
CTTGCTCTAGACGG,20,True,1
AAACAACAGTCACC,20,True,1
CTTGTCTCAATGGT,20,True,1
ATCCAGATCGAGAT,20,True,1
TACTACTTCAACAC,20,True,1
TTAGCGCCGGAGAG,20,True,1
CCATTGACCGCAGC,20,True,1
GCCGCACTCCCCTC,20,True,1
GACCTTGAACGATG,20,True,1
TGAATTGTGTCTTA,20,True,1
TGCATGCATGAGTG,20,True,1
TGACTGAGACATAA,20,True,1
TATCTGGCAACCCA,20,True,1
TTCGACCGCCACTC,20,True,1
TTTTTTAAATATCA,20,True,1
TATTCGTTGTAGGA,20,True,1
GCAACACTACGTCG,20,True,1
CTTCGTCAAGCCAT,20,True,1
TCAGATATGGCTGA,20,True,1
TTCACCTCAGATAC,20,True,1
TCATTTTCTTTTTG,20,True,1
CAGCTTCCACACCT,20,True,1
AGACTTTTACATAG,20,True,1
TCTATACCGCATTA,20,True,1
GGTAGACGCATCCT,20,True,1
ATAGCAGTACAATC,20,True,1
TAAATTGCCCCAAA,20,True,1
TTGGACCTTTTCAT,20,True,1
CGCAGAAAGACGCA,20,True,1
AATGCCTATGTATG,20,True,1
GATATCAAACCTTC,20,True,1
ATAGTTGTTGGTTC,20,True,1
TACCTTCCTTAGTA,20,True,1
ACATGCAAGGATTG,20,True,1
CATCATGTTTGATT,20,True,1
GTGCTTCCCGGGCC,20,True,1
TGACCTGCAGAGTG,20,True,1
AAGGGTTTTTAATT,20,True,1
ATGAGCTCTGCGCA,20,True,1
TGTTCCATGGGAGT,20,True,1
TCATATGTAACGAA,20,True,1
GCGACTCCCGTGGC,20,True,1
CTATGTCCAGGATG,20,True,1
TTGGTAGGCCGGAG,20,True,1
AATGATAAATGTTA,20,True,1
TGTAAATAGCTCAA,20,True,1
GAGACAGAGACTGT,20,True,1
CAGTGGGCTAATAT,20,True,1
ACATTACAAAAAGC,20,True,1
TTTACTCAAGCAAC,20,True,1
CAATCCATTCAAGA,20,True,1
TGCTCAGGGGGCTC,20,True,1
TGTTACTAGTTAAT,20,True,1
TCTTGGATTCACTA,20,True,1
GTCTCAGGAACATA,20,True,1
TACCCCGCCTTGAG,20,True,1
ATATATTACATGAT,20,True,1
AAGGTCACTTACTG,20,True,1
TATCGCTATTCATT,20,True,1
ATCAAAATCACTGA,20,True,1
CCCTAGTAGCGCTT,20,True,1
GCTGTTGCGAACGT,20,True,1
ATAAGGGAATTTGT,20,True,1
ACTCTCATTCAGAA,20,True,1
CGGCTTATCACCAA,20,True,1
GATCTCTTTTAACC,20,True,1
CCATTGCAATTTTT,20,True,1
GATAAGGTGTTCAA,20,True,1
CCACCATGTGAGAT,20,True,1
TATGCACTAAGCAT,20,True,1
TGGTCTAATGTTAA,20,True,1
TTCTCTTGTTACTC,20,True,1
CTGTGTAGATAATG,20,True,1
CTCAAGGGACATGA,20,True,1
GGCCATTCGCCTAT,20,True,1
TAGAACGAGCCACC,20,True,1
CCCGATTATAAATG,20,True,1
TCTTCGCCGCCACT,20,True,1
GTGACGGAACAATT,20,True,1
ATATCTATAAATTG,20,True,1
TATGCCTTGTGGAC,20,True,1
GGTGACCAGAAACA,20,True,1
CCCCGGGTTTCCAC,20,True,1
GCATAGTTTTACTT,20,True,1
CCAGATCCTCGCTC,20,True,1
TTGCAACTGCCACA,20,True,1
TTCATTACAGGGTA,20,True,1
ATCAGTACAACAGG,20,True,1
TACCCGCCGCCCCG,20,True,1
GGATTGCCTTTTTT,20,True,1
TTTGGCTTTGCTTA,20,True,1
TATAGGTCCTCGTA,20,True,1
TACGTGTAGATTTT,20,True,1
TTTGTATTCGATGT,20,True,1
ATAGACTTAACTAA,20,True,1
GCAAATCAGTTACG,20,True,1
AGACTATAATTAGG,20,True,1
GTGAATCACAATTC,20,True,1
CTTATTAAGAACTC,20,True,1
TTTCACCCCGAAAA,20,True,1
TCCCCCCTCGCCTC,20,True,1
ATAGACTGAATGTC,20,True,1
TCAGGAGATACAAG,20,True,1
AAAGACCAGTCGAA,20,True,1
TACTCATCTTTTCA,20,True,1
TACTAACGCGTACC,20,True,1
ACAGCGGCTGCGTA,20,True,1
GGTTATCCTAGTAA,20,True,1
GGGATGGAGCTCTG,20,True,1
TAACCCCCCATCAC,20,True,1
TCATGTAATATATT,20,True,1
GGCCGTATTGAGCA,20,True,1
GCTCTCAATTACAT,20,True,1
GTCCTATAATATTT,20,True,1
CTCATTAATGGACC,20,True,1
CAAGATATGGTCTA,20,True,1
GAGGTCACGCGTAA,20,True,1
TCCTTAACTAGTCG,20,True,1
CGACTCGTTGATAT,20,True,1
CAATATACTGCTAT,20,True,1
TACTTAATGCTTGC,20,True,1
CAAACACAGCGCCC,20,True,1
TTCTAATCCTTACG,20,True,1
ACTACGTACGACGA,20,True,1
TATGTAAGTGCCCC,20,True,1
TCGGGTAACGGCGT,20,True,1
CTTTTAATGTCTGA,20,True,1
GCTATTAATTCTAT,20,True,1
ATCATACTTTTATA,20,True,1
TTTAACCGGCCTAA,20,True,1
ATAGTCAACCCTAT,20,True,1
TGCCAACACGTCGT,20,True,1
AGACTTCGTGCGCC,20,True,1
TACCGATGGAAGCT,20,True,1
GCGTCTTAATATAG,20,True,1
GCCCACTCTTGTTA,20,True,1
TCAGGTTCAATAAC,20,True,1
CGGATACTGAAATC,20,True,1
CCCAACCGTCGTGG,20,True,1
TTGACATGCTGGTT,20,True,1
TCGCCTCCCCAGTT,20,True,1
TGACTCCGGACGTT,20,True,1
CTAACTGAGCTGGG,20,True,1
GTGACACATAAGTA,20,True,1
TGAGAGGGTAGATA,20,True,1
TCATATGTTCAATA,20,True,1
TTAATAGAATTTTC,20,True,1
TTGTATACGTTCAG,20,True,1
TCATATCACCGTGG,20,True,1
CTCAATGTTCTGAC,20,True,1
TTCCACTCTCTCTA,20,True,1
CCTCTGAACTCAAG,20,True,1
TTGAACACACCAAG,20,True,1
TTTCTTAGACTCAG,20,True,1
TCCGAATTAACAGG,20,True,1
CAGATGACCGGCAA,20,True,1
CCCCTTACCGACCC,20,True,1
TCTACACCCACCAC,20,True,1
CCCAGTTTAACCCT,20,True,1
AACAAGATGTACAC,20,True,1
CCGTTCCAGTGATA,20,True,1
TCCCAACCTACGGG,20,True,1
TAATTATTGGGATT,20,True,1
ATACTTGGACGCCA,20,True,1
GTACAAATAAACCG,20,True,1
ATTAATTCCAGAAT,20,True,1
GTCGGCTAGGAGAT,20,True,1
TCGAAAATCTAAGC,20,True,1
GAGTAACACTCCAT,20,True,1
TGAATCCCCCATGA,20,True,1
CATCCTTATTACTG,20,True,1
GATAATTGCCATGA,20,True,1
TCAGCATATGACTT,20,True,1
TGGTGGGTTTTCAA,20,True,1
CAGTTAGTGTAAAA,20,True,1
TTTGACGATGTACG,20,True,1
GCCGAACCCCAACG,20,True,1
GTTTCTAAAATTCA,20,True,1
AGGCGTATTATGAA,20,True,1
ATCTCCCCTGCCTT,20,True,1
TTGCTAAAGGTGTT,20,True,1
CTATCCTGAGGAGC,20,True,1
GCGCTCAGAAGCCA,20,True,1
GACGAACTATTTAC,20,True,1
GAGGATAGTGTTGA,20,True,1
TCGATCTTGTTGGC,20,True,1
TCTGATCAGCGACT,20,True,1
ACGGCAAACAAGTT,20,True,1
TAAAAACCCATTGC,20,True,1
GCGATTCACACCAC,20,True,1
TGACAAAATGACAG,20,True,1
CCCCTCCCACACCT,20,True,1
AACCGTCCTAGAAT,20,True,1
ACGGCTGTGATCCT,20,True,1
GGGTAATCGAAATA,20,True,1
ATGACGTTATCAAT,20,True,1
CTTGTTCGTGACGA,20,True,1
TACCAGTGGTGACA,20,True,1
TACGGCACGTATCA,20,True,1
CCCAACATCGTAGC,20,True,1
GTGACGATTAAATC,20,True,1
TAACACGTATGTAT,20,True,1
CACGCTTGTAATTT,20,True,1
TGACCTTTCCGAAT,20,True,1
TACACCCATCCACC,20,True,1
ATGTTTGGAATTGA,20,True,1
ATAGGCTTACGTGA,20,True,1
ACAACTACTGTCGA,20,True,1
TATAGCAGTATAAA,20,True,1
ATCGAAGAGTGTCG,20,True,1
ATGTCTTTCTCCTT,20,True,1
ATGAGAGATTCCTA,20,True,1
TTCTTGAAAATTTT,20,True,1
CAGGTGGTGATTAT,20,True,1
CGAACTGGCTGATA,20,True,1
CGATGAAAGTTTAA,20,True,1
ACAGGTTCAAAGGT,20,True,1
TAAGCAGCTGACAA,20,True,1
TACTTCAAAACGGG,20,True,1
CCCCCTTGGTCTCA,20,True,1
TGACGAATTTAGGG,20,True,1
GCATCTAATAGATT,20,True,1
CACCAATACGCAAG,20,True,1
GTGGTGGAATATTG,20,True,1
TCTAACACGAATTG,20,True,1
ATACAAATTCGACA,20,True,1
TCGGAATTGTAGTT,20,True,1
TAACAATTTTCATA,20,True,1
TCGCTGCCAAACTA,20,True,1
ATAGTCAGTCTATA,20,True,1
CATGAAATACTACT,20,True,1
GACGTAATTTTGTT,20,True,1
AGATGAGACTTGAA,20,True,1
GTCAGCTTGTCCTG,20,True,1
GAATTGGACAATAA,20,True,1
TGCCGTGTGGTGAC,20,True,1
GATCAAAGGCCAAA,20,True,1
TGCTACCCGGTTTT,20,True,1
AGCCTTAGTAAGTG,20,True,1
GTACTTTCCACCCA,20,True,1
TTCACACTCTCACA,20,True,1
CCACCTAACGAGAC,20,True,1
TCTCTATTCTTGTG,20,True,1
TACAGGCAGAACGA,20,True,1
AACGAACATCAATC,20,True,1
TTCTGATAAACCTC,20,True,1
ACACCTACCATCCA,20,True,1
AGTATAACGTTCCC,20,True,1
GACAAACTTAGATG,20,True,1
TCACCCACCGTATT,20,True,1
CAGCTCTTGGTATA,20,True,1
GCAACTACTAAAGA,20,True,1
TATCGATCCCTAGG,20,True,1
ACACTTTATCTGGT,20,True,1
TTCCGAGAGTGATA,20,True,1
TACATATTATGTAC,20,True,1
CCAGGATCAAACTT,20,True,1
TGAATAGCCCTAAG,20,True,1
GTACCCCCATATGT,20,True,1
GGAACGACGCAAGT,20,True,1
TAAACACATCAAAC,20,True,1
TACTCCGAATGATC,20,True,1
TAGCAAAAGTTACA,20,True,1
GTGATCCGAGTAGC,20,True,1
TTCTTAATATGTAT,20,True,1
AGCTAATCGCTCCT,20,True,1
CAGTCATCACTTGA,20,True,1
TAACTATCTTTGAC,20,True,1
TACACAATCATAAT,20,True,1
CCTGACACGGTTAA,20,True,1
ATATAGCCATAGCT,20,True,1
CCTCTCCAGTGGCA,20,True,1
CACACAAAATAAGG,20,True,1
CTTCAACGAGACTT,20,True,1
AGACCCAAGTGGAC,20,True,1
TCCACAAAACGAAT,20,True,1
CATACGACTAGAAA,20,True,1
AGAAGCTACATTTA,20,True,1
ACCCGCACTTCCAC,20,True,1
ATCTAGTGCCTGGA,20,True,1
TATGGGGTTTAATC,20,True,1
GGACGACATGCCAG,20,True,1
ATGTACGTCTGTAA,20,True,1
CCTGGACTCTACTT,20,True,1
GAAGTTTATTTAAT,20,True,1
TCACCCATGTCTAA,20,True,1
CTGGAAATAGCTTC,20,True,1
CCCATTAATTAACC,20,True,1
GGACATATTCGACA,20,True,1
CCATAGCATATTGA,20,True,1
TGACAATCGATTTG,20,True,1
TCACCCACCGTGGG,20,True,1
ACACCATTCAGGCA,20,True,1
ATTGTCCTCCGTCA,20,True,1
GTATCGTGATATGC,20,True,1
TTATTTCGACCAGT,20,True,1
GGGGCCTATAGAGA,20,True,1
CCCCTTTATTCAAG,20,True,1
ATGCAATACGACCA,20,True,1
CCATAGTAAATACC,20,True,1
AGTACACACTGAGG,20,True,1
TAGCTAAGATGAAA,20,True,1
ACCCACAATGGTTT,20,True,1
AGGTTTGAGCCGTT,20,True,1
CTTCTGGTCACGTC,20,True,1
CATGAAAAAATTTC,20,True,1
CCAGTGTTAAGTAG,20,True,1
TCTTAACCAAGGAC,20,True,1
ACCGACTATGATTT,20,True,1
TAGCTTCAGCGCCA,20,True,1
TTCACCCATACTAT,19,True,1
CTTTCGTTCACTCA,19,True,1
CAAGATAGGCTCCC,19,True,1
CTTTGTCACAGAAT,19,True,1
TGTTCCGTTCCCCT,19,True,1
GGACGCCTCGGGTG,19,True,1
GGCAGTTCGTACTC,19,True,1
TCAATCTCTCCTGG,19,True,1
GCTGGGATAGATAC,19,True,1
AACATATCAATGCC,19,True,1
CCACATTGCATGAT,19,True,1
CGGTAACACTCACA,19,True,1
CATCTATTAAGTCG,19,True,1
GTCCTCGAAAGTAG,19,True,1
TAGAGGGGACACGT,19,True,1
CACAATGGGCGTTC,19,True,1
TTAATAGAGAGATC,19,True,1
ATGATCCCCCTGAC,19,True,1
ACTGGACAGCCATG,19,True,1
AATAGTTGTCACTG,19,True,1
GCAGTGTCTTTGAA,19,True,1
ATTCATGTCTGATG,19,True,1
CGTTGTATAATTCA,19,True,1
AGAAACAACATATC,19,True,1
AAGACCCATCGAAA,19,True,1
TGGTAAAAGCAATA,19,True,1
TACTTAGTTTTAAC,19,True,1
TTCGCGTAATTGCT,19,True,1
TGGTTGTTGCGCAT,19,True,1
CAGTCCAGAGATCT,19,True,1
TAATTCGGAATAAA,19,True,1
ATAACAGCTTTAAT,19,True,1
CCGCCAAACCATAT,19,True,1
AGAGTGTCCGCAGT,19,True,1
TTTTAAATGGCGCC,19,True,1
AAGAGCCTAACAAC,19,True,1
CATACTGGTAGCTT,19,True,1
TCCCTTGCACAGAT,19,True,1
CCCTCGCCACCTAC,19,True,1
CCCGATCTAGGACC,19,True,1
GTTCGCAAATAGAG,19,True,1
ACTTTTCCCAGCAG,19,True,1
CTATACGTCGCCTG,19,True,1
TGATCGTTACTCCA,19,True,1
TCCGCTTTATCTAC,19,True,1
GTCACTTCTATCAA,19,True,1
TTGAAGGCGCGGGG,19,True,1
GTGAGTGTGACGTT,19,True,1
TTTTGCTTTAATAA,19,True,1
GCCGTTGGACAAGG,19,True,1
CCATAAGAGCGGAA,19,True,1
AACCAGGCTTCCTA,19,True,1
AGAGATCGGGACTA,19,True,1
TCCTATCTTAGAGT,19,True,1
GCAAGGGGCATTTT,19,True,1
ATACTTCGGTTGAC,19,True,1
CCCCAATGCACACT,19,True,1
CGCAACAACTTTCC,19,True,1
TACCTCCGACTGTC,19,True,1
CTAGGCAAATAATC,19,True,1
CACATAAGATTGTT,19,True,1
TTCGAGTGTAGTTG,19,True,1
CTCTGACGTTAAGG,19,True,1
TGCCGTTATATGTC,19,True,1
ACAAGAATAATGTA,19,True,1
CAATATCACTCGTG,19,True,1
GGAGAGGCCTCGCC,19,True,1
ATACTCATCAGTCG,19,True,1
CGATTCAGTTCTAA,19,True,1
TTAACGAGATAACA,19,True,1
ATATGTCCTTACTT,19,True,1
GGACAATTGACGCC,19,True,1
ACAAACGTGTCTAG,19,True,1
TAGGCCGCACCGCT,19,True,1
AAACGGTTCACCGC,19,True,1
ACATCTTCTCCCTG,19,True,1
CCCCTATTCGTACC,19,True,1
AACATCAGTCTATT,19,True,1
AGGCATTGGCAAAT,19,True,1
TTGTATGCGTTGGG,19,True,1
AGAGTATATACTAC,19,True,1
ATGAGCAACTCGGG,19,True,1
TAGTGTCTCGTTAG,19,True,1
AAAGTCATCTTGGC,19,True,1
TGACCTAAAAGCAA,19,True,1
CCTGAACTCTCAAC,19,True,1
CTCGCGTTTCTGGA,19,True,1
AGAGCTTTCAGGGA,19,True,1
TATTCGATGTCCCT,19,True,1
TAACCAGGGAATTA,19,True,1
CAGATCATGAACAT,19,True,1
CATGTAAAAAAGCA,19,True,1
GACCCAGATGTAAG,19,True,1
ATGCCATCCTTACA,19,True,1
TACGTAGCCGAGGT,19,True,1
TTTGGCAGTCTGCG,19,True,1
GTCCATGAGAGATA,19,True,1
AATCCACAGTGCCA,19,True,1
TTATAGGCGCCGCG,19,True,1
GAGAATGCTCCACC,19,True,1
CCCTCATATCCGCG,19,True,1
TCATGCTCTATTTT,19,True,1
CCATCATCCCACGA,19,True,1
CACCAACCCAACTA,19,True,1
CAGCCGCCACCGCT,19,True,1
CTAGAGTAAAGCCT,19,True,1
AGGAAGGCTACTGT,19,True,1
TAGACCATGGCTCC,19,True,1
GCAAGGCTGACTAA,19,True,1
TCCTTCCCTGTAAT,19,True,1
GTGATTCTTATGAA,19,True,1
TACGTGCGGTGTCG,19,True,1
AGAGGAAAATTTTC,19,True,1
CCCTTCCCGTCTCC,19,True,1
AGGGAATTAGCCCT,19,True,1
GAGCCCAACCCATG,19,True,1
ATATCACACTAGTC,19,True,1
TAGCCGCAAGTATA,19,True,1
ATCATCTCCGTACG,19,True,1
ACCCCGGCCTAACG,19,True,1
CTCCCCCCTCTTAT,19,True,1
CGAGTGCGTATGAG,19,True,1
TAATCGTGATGATC,19,True,1
CTCTTGGAAACCGG,19,True,1
CTGTATCAATTAAA,19,True,1
CCCCTCACTACACC,19,True,1
GTTTCTGTGTTCAC,19,True,1
AGGTTGACTTGTAA,19,True,1
AAACACCGTATTTA,19,True,1
GTGGTAAACAACGG,19,True,1
CTACTGGCATTGCA,19,True,1
TTGATCAAATTCTT,19,True,1
CCTGGGTTGTCTTC,19,True,1
TTTCTCCTAGTTCG,19,True,1
GTGCGCATTCTGAG,19,True,1
AGCGCTTATTAGAT,19,True,1
TCGACCATCAAAAC,19,True,1
AGGCCTCATTTTTA,19,True,1
GTCATAAGACTAAG,19,True,1
ATATCATAGACAAA,19,True,1
GTATGGCTAAACCG,19,True,1
GCAGTGGTGAAGAA,19,True,1
TACCGGAAAATATG,19,True,1
ACGAACAGGACCAG,19,True,1
ACCAACAAGTGGGT,19,True,1
GAAGACCTCCCCTT,19,True,1
GAGCCGGTCATGGT,19,True,1
GGGGCTTGACCCTC,19,True,1
TGACTCTTAACCGT,19,True,1
CGCATCACCAGGGA,19,True,1
TAGATCTAAAATGA,19,True,1
TTCGAGAGAAATTC,19,True,1
GAATCGCTAGCGTA,19,True,1
TTACTAGTGTACAT,19,True,1
CCCACACCTACACC,19,True,1
ATAAATCCAATACG,19,True,1
GCACTGGTCTCGGT,19,True,1
TATTGAGGCGGGTC,19,True,1
TGCACTTTGTATCT,19,True,1
CGCTATCCCAATAT,19,True,1
AGTAAGGTCATACT,19,True,1
GCGAAGAAATCGTG,19,True,1
CATAAGATTACTTA,19,True,1
TACACCGTGAATAA,19,True,1
GTACTGACCCTCGG,19,True,1
TAAAGCCTCGTTCC,19,True,1
CATAGATACGTATA,19,True,1
TGCCTACCGCCTCC,19,True,1
TTAGAGGGAAATTC,19,True,1
ATATCGCATGATCA,19,True,1
TGCACGTTGCGCTG,19,True,1
TACCTGGACGGACC,19,True,1
AAAGAAGGCCCTGC,19,True,1
TATTTAATATATTG,19,True,1
GAATCGCAGGATTC,19,True,1
CCATTTTATTAATA,19,True,1
CATGATATCATTTC,19,True,1
GTACGGGTGAGTTT,19,True,1
AGTAGCACTGTCAC,19,True,1
TTTACTACTGTCCA,19,True,1
GTCTACCTGGTACC,19,True,1
GATACAGTGCGGCG,19,True,1
AAGGAAAACCCGAT,19,True,1
ACCCTCTTAGAGCA,19,True,1
TGGCTGAGTGCCTT,19,True,1
ATACATTTATAGTC,19,True,1
TACTGAAGCTAAGA,19,True,1
TGATCCTAAAGGGC,19,True,1
TTTTGCTTTTGCGT,19,True,1
GAAGAGTCCTGAAG,19,True,1
CACCCCCAGACGCC,19,True,1
CAAGCGGGTCCCAT,19,True,1
TCAACCTTAGAGTA,19,True,1
GATCAGAACAATTT,19,True,1
GCTAAACTTTCTTA,19,True,1
ATAACGGTTAATTT,19,True,1
CTGAGCATCGCCAC,19,True,1
CATGGATAGGATCT,19,True,1
TCTCTGGCATCTAA,19,True,1
CCTGCCCCTAGCCC,19,True,1
GACATCAAACATTA,19,True,1
TAAATGTCAATATG,19,True,1
GTACCTCAGGAGGG,19,True,1
CTTTTAAAAGCAAT,19,True,1
GATAAAGATTTTGA,19,True,1
CGAATCTACCCGGT,19,True,1
TGCCATTCTTAATA,19,True,1
TGATCCGGTTCACG,19,True,1
TTTGGTCTCTTCCT,19,True,1
AGAGCCTGCTATTA,19,True,1
ATACGATATTGCTA,19,True,1
CACTAATCACACAT,19,True,1
TCCCATTCGAGTAA,19,True,1
GGCACAACGACGTG,19,True,1
AATAAGGAAAGTTC,19,True,1
AAAGACTCAGCATT,19,True,1
TGGATTAACCGATA,19,True,1
TCATGGTCTTATGA,19,True,1
CTAACCCTCCTCAC,19,True,1
TTGGCGTAAACGGG,19,True,1
CCCAAGTGCCGACT,19,True,1
TACGACAAATTAGC,19,True,1
ATATGTCGAAACAA,19,True,1
CGAACGTCGCACGC,19,True,1
CCACAATCGCATCA,19,True,1
CATGCGTGACCTCG,19,True,1
TTCAATGAAGTCAC,19,True,1
TCTATTAACATACT,19,True,1
ACCGGTTTTGTCCG,19,True,1
TCCGCGTGTTGTAC,19,True,1
TTAAAGAATGATGT,19,True,1
AGGAAAGAACGCGT,19,True,1
CACGAAACTTAACG,19,True,1
TCACCGCAGTTATT,19,True,1
CAGTCCCTGTCCCT,19,True,1
TACCATCTGGTGCA,19,True,1
TGGCTTAGATGTTT,19,True,1
CTATAGTTGGAAAG,19,True,1
TGCATAGTGACGAA,19,True,1
TTTGACCCGACGGC,19,True,1
TAGGATTAGTGACC,19,True,1
GATTAAGGCAATTA,19,True,1
TCACCCAAGTGCGG,19,True,1
CGACCTGCTGGAAT,19,True,1
CACATGCTTCTTTA,19,True,1
GTGAAGGACATGCC,19,True,1
TTCAACCATCGAGC,19,True,1
ATGATCAAAAGGAA,19,True,1
GATCTAACACAGGA,19,True,1
CTCTCACTCCCCTC,19,True,1
GTACACCGCAGAGG,19,True,1
GTAGTGTCGGAACA,19,True,1
CAAGTCCCCAACAC,19,True,1
ATGTTCCCATTAAG,19,True,1
TAAGCCAAAATTAA,19,True,1
TTAAATCTGCCCGG,19,True,1
GCATTTCTGTACTT,19,True,1
GACCCCTGGCTACA,19,True,1
TATTAGTTTGTATA,19,True,1
CCTTCTGAGTTGCT,19,True,1
TATTCGACCTGCTT,19,True,1
CGACACGGCAACGC,19,True,1
GACCCGGCTGAGAA,19,True,1
CTAGTTTATGGTCC,19,True,1
TAACCTTATAACCT,19,True,1
TATTTGCTTCTGTT,19,True,1
CACAGATGAAATCC,19,True,1
GATGCACTTATCAA,19,True,1
GCCACTTAGTACCT,19,True,1
CGTCCTTTCGATCG,19,True,1
ACATGGATTTTTCA,19,True,1
CACGGGACCCGAGT,19,True,1
AGTACGCACCCAGG,19,True,1
TGATTAATTACAGC,19,True,1
CCGTCTCCTACAAG,19,True,1
TAACTCGGTAATGT,19,True,1
CCTCCGATAACCCT,19,True,1
CCGAGCTCCGTTTG,19,True,1
CATAAACCTATATA,19,True,1
TTGAGAAGTGAAGA,19,True,1
TATTCTAACTTGGG,19,True,1
CGTTAGACTCCCGA,19,True,1
TACGTATGTAGAAC,19,True,1
TGCCCCATTCTGAG,19,True,1
CAGGATATCTGCTT,19,True,1
GCGGCTTGCGGTTC,19,True,1
TATCGACACCCTGG,19,True,1
GTCCACACGAGTTG,19,True,1
TAGATCACCTCGCG,19,True,1
TTGAAGCTGCTTTG,19,True,1
CGCCGCCGTCTATA,19,True,1
GGCAGATGGTGTCG,19,True,1
TTGACGGTGGTGAC,19,True,1
CCCAGCTCCGAGAA,19,True,1
TACCCAGCTGTCGA,19,True,1
TCCTTTTCCCCTCC,19,True,1
TAGGATCCTGTGAG,19,True,1
CCAGAAGTGGGTCA,19,True,1
TCATTCAATACATA,19,True,1
CCGTCCGTCGGTTA,19,True,1
GGTCTTGAACAATC,19,True,1
TTACAAGTAATGTT,19,True,1
CGCCACCTGGCTAC,19,True,1
AATTGTCCTTATCA,19,True,1
TGGAGTCATTAAGG,19,True,1
TATATAACTTGGCT,19,True,1
CGCACGTTCTTACC,19,True,1
CGATTAAGCACTAA,19,True,1
TGTTGGGTGTAAAC,19,True,1
CTAAGGAGGACAAC,19,True,1
AGATTCAATGATTG,19,True,1
AAACCATACGCGTT,19,True,1
CCTATTCCCAGGCC,19,True,1
CTCCACTTGAGGGA,19,True,1
ACTACGTGTCGACG,19,True,1
TGCTGCATTATTAC,19,True,1
AATCGTTTGAGGCC,19,True,1
CGTATAGTGTCCAA,19,True,1
TATTGATTCGCTGA,19,True,1
TTCTTTGTGATGCT,19,True,1
GAGGCTATTAGAAT,19,True,1
GATCTAGCAGCTGG,19,True,1
AGACCGCTAGCAGG,19,True,1
GTGGGATCATGTGC,19,True,1
CCCCTTCCACATAA,19,True,1
TTTAGTTGCATTCT,19,True,1
TCCAACCCCGAACT,19,True,1
TATAAAGGGATAGA,19,True,1
TAGCTCAAATTATA,19,True,1
GGACGTACATCAGT,19,True,1
AATCGAGTGTCCTC,19,True,1
ATTCCATGATCATC,19,True,1
TGTCTAGTTCTTAT,19,True,1
ATGCTGTCGAATGT,19,True,1
CTCTGTGCACCGCC,19,True,1
TGAAGGTGTACTGG,19,True,1
CGTCACTGTTCCGT,19,True,1
TTGCATTACCTGAA,19,True,1
TCCGCTTCGAAGTA,19,True,1
CTGTTAGATTACAA,19,True,1
AGAGATATTTAAGA,19,True,1
TCATCGGAATTTGG,19,True,1
GGCACTAACTCGCA,19,True,1
TACATTTGGACCTG,19,True,1
CGGACGAGGCTAGG,19,True,1
GCGGTTAAACCTCT,19,True,1
TGTCCTAGGGGCAG,19,True,1
CGAAATACTTATTC,19,True,1
ACTATAAGTAACGA,19,True,1
CACCCGCTGCCCTT,19,True,1
TTTCGTTGAGGCGA,19,True,1
CTCTCTCCATAGCA,19,True,1
TAAGCCGTCCAAGC,19,True,1
CCTCGTCTGACGGC,19,True,1
TTTCAGAAAATTCC,19,True,1
CAGGACATACGCGA,19,True,1
CTCGTTTTTTGTAA,19,True,1
GATTCCGAAACTCT,19,True,1
TAGCCGTCTTTACT,19,True,1
ATAGGCTCCAGACA,19,True,1
TCTTTTGTTAGGTA,19,True,1
TCTATTTCCTGGTC,19,True,1
ATCACTTAACGGCC,19,True,1
TCGATTCTCCTGAT,19,True,1
TAACACAATAGAAA,19,True,1
TTCAACTGTAGCGA,19,True,1
TGTCCAATGATCGC,19,True,1
TATTCGCAAGTCGC,19,True,1
CGCACGCGGAAGGG,19,True,1
TTAATACGAGGTTT,19,True,1
GCCTCGTTTGTGGT,19,True,1
CATAACAATAACGG,19,True,1
GGTGTTGCATTACT,19,True,1
GAAAGCTTCGTGGA,19,True,1
CGCGCAAGCCCCTA,19,True,1
GATTAATTACCGTT,19,True,1
AGGGCGACCACAAG,19,True,1
TGAGTGTTAACTAG,19,True,1
TGTGGAGTTTGTAA,19,True,1
GCAAGTGCATCCAG,19,True,1
ACAACTTATTACGG,19,True,1
ATGTACGTCAAAAA,19,True,1
GTCCACTTTATGCC,19,True,1
CAACGGTACTTTTA,19,True,1
TGGTAAGTATGGCG,19,True,1
ATGACTGTCCACAT,19,True,1
AAGTTTATGTGCAC,19,True,1
TAAAACCTTGTGTG,19,True,1
GAACGAGCAACTCC,19,True,1
TCAAGACTCGAATC,19,True,1
CGACAACACGACCA,19,True,1
AATGGCTATGGCAT,19,True,1
AACCTTGCGAAGCA,19,True,1
ATAGTCTCAATGGA,19,True,1
TATAACACGCCCAG,19,True,1
GCCACATCACTGTG,19,True,1
AGAGAGATATCGCT,19,True,1
ACTAGCGTCTAGTC,19,True,1
CCTTTTCGTTTTAG,19,True,1
TTTGATTTCGTTAA,19,True,1
GCTTACTCTATATC,19,True,1
GATTGAACGACCAT,19,True,1
ATACTAGAGGTTTC,19,True,1
TGCGCCGCCACCTT,19,True,1
TATCTCAACTTGTA,19,True,1
ATCCACTCAAGCTA,19,True,1
TATCAGTTCCGTGA,19,True,1
CAATGTCTGGTTTG,19,True,1
GACGAAACGACCTG,19,True,1
TGCCTTCGCATTAT,19,True,1
GAGTCCGAGATGAC,19,True,1
TGCCCACTTTTGCA,19,True,1
AGCCCTGTTCAAAG,19,True,1
AGCTATGTATAAGA,19,True,1
GTTGTATGCTAGGC,19,True,1
CTAGCATGATTTAG,19,True,1
TCAATGAAAGGATA,19,True,1
CAATAAATTTTGGA,19,True,1
TATCTATCCCTTAC,19,True,1
TCCTCATCATTAGT,19,True,1
TAGCCCAATGTAGA,19,True,1
GAGACAGGCCGGAT,19,True,1
CGATAATTTAATGG,19,True,1
TTCTTAGTGGAACA,19,True,1
CTAAATCTAATCTA,19,True,1
ACAGCGACACTACC,19,True,1
CTCTTTCCACGGTC,19,True,1
TTCCAATAGCTGAA,19,True,1
CCGATTGTCAACAG,19,True,1
ATAAAGCCTATTGT,19,True,1
TCGACGCAGTATCG,19,True,1
GGGGAAGTATAAAG,19,True,1
AACCTATAGATCAT,19,True,1
CTAACTCCAACGGT,19,True,1
TCAACTAGGCTTAT,19,True,1
TCTCAAATATAGTA,19,True,1
TGTGTACCACAGGT,19,True,1
AACTGATGTTACTA,19,True,1
GCATAAACCACACA,19,True,1
CTACCTCACAGGAT,19,True,1
CTATCGCTCTATAA,19,True,1
TGGAAGGGTCGTGT,19,True,1
AAACCCTGAGAGGA,19,True,1
CGAGGGGTCTTGCA,19,True,1
AGCCTGTCAGGTAA,19,True,1
GTTTAGTTAAAATA,19,True,1
AGATCTCTACCTTT,19,True,1
TATAAGGGACACCG,19,True,1
TGCATTGGGAAATC,19,True,1
GACGTGCGATGCCA,19,True,1
GTATAATAGGTTTC,19,True,1
TCTAGGATACTAAT,19,True,1
GCATCGGATTCGAT,19,True,1
TATTGACCAAAACC,19,True,1
TGCAAATCTCTGGA,19,True,1
GTACGATCGTTTCT,19,True,1
ACACAAACCTTGCA,19,True,1
GCCCCCCTAGTAAC,19,True,1
CTTTGACATCTGAT,19,True,1
CCCCCAGTAGGAGA,19,True,1
TGTTAAATAGACTC,19,True,1
ATACCCAGGGTAGA,19,True,1
GCGAGGTTACGCTG,19,True,1
GCTGTCTAACCCCG,19,True,1
ACACTAAAGAACTC,19,True,1
TAAATAGAATATCG,19,True,1
TCAAAACCTCGTAT,19,True,1
ATGCCAGGGCTAAT,19,True,1
TAGAGTCTGAACGT,19,True,1
GGGATGACTACGCA,19,True,1
AAACCGGGCACATG,19,True,1
TGAATCGGGAGTTC,19,True,1
CCCCCAGAAAATTC,19,True,1
GCAGGCATAAAAAT,19,True,1
CTATCGTCGCTGGC,19,True,1
TCTGCTTTGCTATG,19,True,1
TTGCTATGTTTTTA,19,True,1
AATCAGCACAATAA,19,True,1
CTCATTGGGCACCT,19,True,1
GAATCTGTCCTTGG,19,True,1
TATGCTCTAGACGG,19,True,1
ATCCGCTTGTCGCG,19,True,1
TTAGGTGTGTATTT,19,True,1
TGAGGCGTGGATTA,19,True,1
TCCTCGCAGGGCAC,19,True,1
GTGAGCAAAAAGAC,19,True,1
AAGACCTCCATGAA,19,True,1
TCTTCATATAAAAC,19,True,1
CATCAACAACTGAC,19,True,1
GTAGAGAGTAAACG,19,True,1
AATGCCAAGGCCAT,19,True,1
TCGGGCCGTGTGTA,19,True,1
CCACGAGTGGTCAA,19,True,1
ATAGTCGAGCTGCT,19,True,1
TAAATCCAAGCCAA,19,True,1
AGATCCGATGACAG,19,True,1
CAAGCAACCTTCGA,19,True,1
AGACGGCCACGATA,19,True,1
ATACATTCTGAAGT,19,True,1
GAACCGTTCAGCTT,19,True,1
GACATGTGCTGAAA,19,True,1
GCGGACGTCGGTAT,19,True,1
GGCAGGGTTTAATA,19,True,1
TAAGCAAGTAATAT,19,True,1
CTTGCATCCCCAAA,19,True,1
CTGACAGGCAGCAC,19,True,1
CCCCCAACACCACC,19,True,1
AAGTGACGATCGGT,19,True,1
ATTAAGGCACGCAC,19,True,1
ACCACATTATGTAG,19,True,1
TGCAGGAACAATAC,19,True,1
TGATAATAGGGAAG,19,True,1
GGATCGCCTGAACT,19,True,1
GGGGACAGGTGATC,19,True,1
CAGAGCGGTCCAAT,19,True,1
AGAACCGTGGGTAA,19,True,1
GAACCAAAACCGTT,19,True,1
TAGTTAGATTTGAC,19,True,1
TATACCACCCCCTC,19,True,1
ACCAAAGCTGCCTT,19,True,1
CCGCCTCGATGACC,19,True,1
GAGAAGCCTCTTTC,19,True,1
AGACCTCTGACCAT,19,True,1
AATAAAGAGCCCGA,19,True,1
CTGATTGTGATAAA,19,True,1
ACCTCACAGAGTAG,19,True,1
CAAGGCATTCCTAT,19,True,1
ATACCGAAACGCAT,19,True,1
TAGTCTACGCCCGA,19,True,1
TTATAAGCCCCTGG,19,True,1
TAGAGCGACGATTA,19,True,1
CTTTGAGCGATTAT,19,True,1
CGTATTTATACGAA,19,True,1
TACTAAGCGCTATG,19,True,1
GTGACTTTTCGTAA,19,True,1
ATCCTATAGTTTGC,19,True,1
CCGTTCAATGGTTT,19,True,1
AGTTATGTAAAATG,19,True,1
TCCACAGTACGACG,19,True,1
GTTACTTATATCCC,19,True,1
TTCCTGATGATTTA,19,True,1
TTAAATCCAGGACC,19,True,1
TGCCCAGTTTCCAT,19,True,1
TATCCCACGGGATA,19,True,1
ATACCCATATGGTA,19,True,1
TACTCGGATATCAT,19,True,1
ACCGTGTGTGTAAA,19,True,1
TTCATAAGAGAATA,19,True,1
TAACAACCTTCAAG,19,True,1
CACGAAGAATCGAT,19,True,1
AACCCTTTCGATAC,19,True,1
GATGCGGCAGTCCT,19,True,1
GATCAAGCAGCGAC,19,True,1
TCGAGATCTCTTCT,19,True,1
AGGGATCAAAAAAG,19,True,1
TTTAACGAGCAGAC,19,True,1
CTGCAGCTATCGAC,19,True,1
GAGACTTTAAAATA,19,True,1
AGCGCTTGAGTTTT,19,True,1
GACCCCCTACGCTC,19,True,1
GAAAACTTTTCCTC,19,True,1
TCCCACCCGGGCGC,19,True,1
TGGGAATGATATCC,19,True,1
CACTCGCGCGGTCT,19,True,1
AGAGCAAATGCTGT,19,True,1
CCCCATTTCGTGCT,19,True,1
TAGCTTCACAATGG,19,True,1
GAAGATATACCTAC,19,True,1
TGCTCTATAAGAAA,19,True,1
AGTAGACTAAGCTC,19,True,1
TAACGAGATGCTAA,19,True,1
CTGCCTACTTCTGA,19,True,1
TAATACGTGTTTCC,19,True,1
GTGTACTCGCATTC,19,True,1
AACTTGTTGCATTA,19,True,1
AGAGACCATTTACA,19,True,1
TCTCGGACCACCGA,19,True,1
TAAGGCTGCAATCC,19,True,1
AAACATTTTCCCGT,19,True,1
CTCTAACCATTATC,19,True,1
CGCGTTATGCAGGT,19,True,1
TAAGACTGTACAGT,19,True,1
TAGAGTGAGAATAC,19,True,1
GCCTTGCATGGATA,19,True,1
CTACAGTCGGTCGA,19,True,1
TTCGTATTTTTTGG,19,True,1
TTCGCGTTCACCGG,19,True,1
AGTACCCTGCGATC,19,True,1
GATCGAATAAGTTA,19,True,1
TACAGACTTGATCC,19,True,1
TTGCTTATACGTAG,19,True,1
TCATGGAACAAGTT,19,True,1
CTTAGCATCCGCGT,19,True,1
GTCGAGTATATGTT,19,True,1
CCCACCCGGGTCCG,19,True,1
TGAGATGAAAAAAG,19,True,1
TACGCTTGGCTCGT,19,True,1
GGTGATTTGTGGGT,19,True,1
GATGAAATCGGTAA,19,True,1
TGAACCCGATGAAG,19,True,1
AGCCGTCACTTACG,19,True,1
CTATCAATGAGTGG,19,True,1
CCGGTACACATAAA,19,True,1
AACATCGCATGGAA,19,True,1
GTGAGTAACATACA,19,True,1
TCTAAGTCAATATG,19,True,1
ACTTAGAATAATAG,19,True,1
CGAGCAACGTTAGA,19,True,1
TTCACGCAAATTTT,19,True,1
GACGCATCCGTACG,19,True,1
AGCTTTCACTCGCA,19,True,1
AACGCGAATAGGAT,19,True,1
ATCCTGAAACTCCA,19,True,1
TTAATGGGAAAATA,19,True,1
TCTCCAGTTTCCGC,19,True,1
TATTACTCTCAATC,19,True,1
CGGGCTTATAGAAT,19,True,1
CTATACCCGTATCT,19,True,1
CCAGTGACTACTAA,19,True,1
CTCTTCATCGTTAG,19,True,1
TGTCTCCGAATTAT,19,True,1
TATCATCTTTAACT,19,True,1
TACCCGAATTACTC,19,True,1
TATCCTAAATGAGT,19,True,1
TGCACCGCACGCGA,19,True,1
TAAAGAAGATCTCT,19,True,1
CACTGTTGCCCTAA,19,True,1
ATTGATCCCCCTAA,19,True,1
GCTACTCGTAAATA,19,True,1
GTCATAATAATGTA,19,True,1
TTGGTTGAAGCTAT,19,True,1
GCCTCCTGTATCTA,19,True,1
TTCATGCCGCATCA,19,True,1
CCCAGGCCCTTTTA,19,True,1
CATTAGGGCCATCA,19,True,1
CTGAAGATTTATGT,19,True,1
AGGCCAATGACTTT,19,True,1
ACACACATCCACTC,19,True,1
GGCAATATTAGATA,19,True,1
AAGGGAGTGAGTTA,19,True,1
TGACCTTATTATCT,19,True,1
TAACCGAAACTAAC,19,True,1
GCCACCAAGTACCA,19,True,1
GAATGAGTCGTTAT,19,True,1
GCCGGGTTGAGAAT,19,True,1
GCAAATGATTTTGT,19,True,1
TCCCGACACCTGCT,19,True,1
AGTCCTCTCATCGA,19,True,1
AGGAAGGCTCACAT,19,True,1
GCAATGAGTAGTCG,19,True,1
CGATCCCTCTGACC,19,True,1
AGTGTTCCTCTTAG,19,True,1
GTCGATGGGGTCAT,19,True,1
ACATGCAAGAGAAT,19,True,1
ATGGATCAGATCAA,19,True,1
TGGTCACCTTGGAA,19,True,1
GCTTGAGCTTCTAG,19,True,1
TCCAGAGGGGGGCT,19,True,1
TGCACGGCATCTGC,19,True,1
CTACCTCGTGCCTT,19,True,1
TGCTGGAGACTAAC,19,True,1
GGTAACTTTTATAT,19,True,1
TTCGCTTCGCAGAA,19,True,1
GTTACGGCCTTCCG,19,True,1
TGCACGAAGTCACT,19,True,1
TGGCATGGTAGTCG,19,True,1
CTAAGGTATTCGTT,19,True,1
TTGTGACAAACATA,19,True,1
TTCCCGTTGCAATA,19,True,1
TCTATTTATATACA,19,True,1
CTCCGTCGAGTAAA,19,True,1
TCCGGGTTTAACCA,19,True,1
CTCCCCGCCACTTT,19,True,1
ATGTTGTAGACATA,19,True,1
CCCGAGCAATGTAG,19,True,1
TATAATCGTGCTCG,19,True,1
CACCAAAGTGCTAA,19,True,1
ATAAACTTAGCCGA,19,True,1
CCCAATATGTTAAT,19,True,1
GCCCGCCGGCGTCG,19,True,1
TTAGGTCACATAAT,19,True,1
CTCACATAGAAGCC,19,True,1
TAACGCACCCAAAG,19,True,1
TTCCCGCACTCGGA,19,True,1
TCCGCCATGACTAA,19,True,1
CTCTCAGAACCGAC,19,True,1
TGCTCGCATAGGAC,19,True,1
TAGAAGAACATTGA,19,True,1
GCTTCTCCGCACAT,19,True,1
TGTCGACAGGCGCC,19,True,1
CTCCTCTTGGACGA,19,True,1
CCTAGTTACCCGTA,19,True,1
AATTGCGATGAAAT,19,True,1
AAAGTACAATCTTA,19,True,1
CTTGGGCCTCTTCC,19,True,1
GACCTCGTATTATA,19,True,1
TTCAGACCCGCGGA,19,True,1
CATACTTACCTGAT,19,True,1
TGGTAAACTGTCCA,19,True,1
CTTGCCAAGCCACT,19,True,1
TAGGATTTAATTTG,19,True,1
TGTCAGTTTGTACT,19,True,1
TTACATAAGCACGA,19,True,1
AGGCCACTCGTCGC,19,True,1
GCGATTCACAGTTA,19,True,1
ATATCGCTCGGAGC,19,True,1
GCCCGTCATAACGC,19,True,1
CACAACGCATATTT,19,True,1
CGGATCATAGATCA,19,True,1
TTAACTGAATGCCT,19,True,1
TCTACCGCGTCCTT,19,True,1
GACCAGCGCACCAC,19,True,1
CCATAACCACCGAA,19,True,1
CTGGCCTTCCCCCG,19,True,1
CTCCAAGCAGAAAT,19,True,1
TGTACCGTGCTATC,19,True,1
TTACCTGGTAGGAC,19,True,1
GCCCCACACGAACC,19,True,1
CGATTAATTTTAGG,19,True,1
CCGGTCTCATAAAG,19,True,1
TCCTCCTCTTATTC,19,True,1
GAACCTACTATCTC,19,True,1
TACCACGCCTAAGA,19,True,1
CATCTTCCCTCGGC,19,True,1
TAACCCAGGAGCAA,19,True,1
GGTGATCACCAAAA,19,True,1
GTAGCCCCCTTTCG,19,True,1
CACCCTGTCCACCC,19,True,1
ATACGGGACCGACA,19,True,1
ATGGGATGTGTGTA,19,True,1
CCAAAACATACAAC,19,True,1
TGAGAAAGGAGTGC,19,True,1
AGGGGGTTACACCC,19,True,1
GTAGCACATAATGA,19,True,1
CATGACTGAGGCCA,19,True,1
ATGTATAGATGAAA,19,True,1
TCTAATAGACTAGT,19,True,1
TTGACGCCAGAAGA,19,True,1
GCGGACGAGCCAAC,19,True,1
AGGAAAGGGTAACT,19,True,1
TCCGGCTAATCGGT,19,True,1
TACATTCCTCCGCT,19,True,1
ATGTCTCAGATACT,19,True,1
CAACTAAACTGGTT,19,True,1
CAGCTCATCAAATC,19,True,1
AAAACAAGAGCTAA,19,True,1
CTTGTTCAAAGTCC,19,True,1
GCGATAAATTTTAA,19,True,1
AAACTTGAGAGTAG,19,True,1
TGTCCACAGATAGA,19,True,1
CTCAACCCATCTAC,19,True,1
CATCTCTTGAAAAC,19,True,1
ACTGCTGCTGGCTT,19,True,1
CGATCGGGCTGGCA,19,True,1
GACGAAGGAGACCG,19,True,1
CGGGCAGATAAAAC,19,True,1
TCTACAAAGTATAA,19,True,1
TGCTTTCCTAGCAC,19,True,1
TTAGCTGTAGAAAC,19,True,1
AAAGGCGTGGTCCG,19,True,1
AAAAGTACGTTCTC,19,True,1
TGCTGGGATGAAGC,19,True,1
CTCACTTCATTAAT,19,True,1
GATTAGCAACTAAT,19,True,1
GATGTCGGAGATAT,19,True,1
TATTCGGGTTTTAG,19,True,1
GTGATAAAAAGCAG,19,True,1
TAGACGCTTATAGC,19,True,1
TACACATACTAACC,19,True,1
AACGTTTATTATTG,19,True,1
GGCACGACTAACTG,19,True,1
CAACCGATTACTCA,19,True,1
CTATATTCCATGGT,19,True,1
TGAACGAAAATGAT,19,True,1
TCCGGCTGTGCGCG,19,True,1
GGAGAGAGCACTTG,19,True,1
GAGTTACCTGAAAA,19,True,1
ACATGACAACATAA,19,True,1
CAACCCGACCCACT,19,True,1
CACTCCACATCTCA,19,True,1
GTACTGCTTTTTGT,19,True,1
TTCATTACACCCCT,19,True,1
TAATATTATTCTCT,19,True,1
CCTGGGTGTATGCA,19,True,1
TAATTCCTCCGTGC,19,True,1
TGCTACGCTGTGGG,19,True,1
CAGGTAGCGCTGTA,19,True,1
CAATGTATGGCCGC,19,True,1
CTCACCCGGTGAAA,19,True,1
GTTTAAAACAAGAT,19,True,1
AGGCTAACGCAGAC,19,True,1
TTCTTTACTTCTCA,19,True,1
TCATCTGTACGATT,19,True,1
GATACTGCACAAAA,19,True,1
TTGGTCTTAAGTAT,19,True,1
GTAAGGCGAGAGGT,19,True,1
GACCCACCATTCCA,19,True,1
GGATGCCACAAAGG,19,True,1
GCCATAACTAGGCC,19,True,1
TAGCTTGCGACAAT,19,True,1
TCTCTTTGAATCAA,19,True,1
TCTTCCGCTATCCG,19,True,1
GAACCTATTGATGC,19,True,1
GAAGAAGTTCATGC,19,True,1
ACACTCTAGGGACT,19,True,1
TTACCTCATAAAAT,19,True,1
GCACCTCCTGTCAT,19,True,1
AGACTCTTTTTACG,19,True,1
TGCTGACGAGTAGT,19,True,1
ATCATTAAACCAGG,19,True,1
CTAACCAACGCAAG,19,True,1
TGCCTAGAACCGAA,19,True,1
AAACACATAACTCG,19,True,1
GTAATGCTTAGAAC,19,True,1
CTCATTGAGCTTAT,19,True,1
TTGACCCTGTCGGT,19,True,1
TGCAATCTATTAAG,19,True,1
AAAGTCCTGCCCCC,19,True,1
GACGGGAGGCGGAA,19,True,1
AAAGGATTGGCTGA,19,True,1
TTGGTATGTCAGCG,19,True,1
CACTTAATTAATAT,19,True,1
TAAAGGCGTGCCCG,19,True,1
CTATGTAATTTGTA,19,True,1
CGCTTTCTTTACAG,19,True,1
GTTCCTTCATGACC,19,True,1
GAAGATTAGGCGGC,19,True,1
GTACGCCACGTGGC,19,True,1
GGGGGAAGTTGCGT,19,True,1
TGTACAAATCAAAT,19,True,1
CCCTTGGAGAGGGC,19,True,1
CAGCTTCCTTTTAC,19,True,1
TACATACCTATCGT,19,True,1
CTCGCACGCCATGT,19,True,1
TACAATACGCACAG,19,True,1
GGATATAGTCAAAT,19,True,1
TAATTTAATAAAAC,19,True,1
CGATTGTATTAGCT,19,True,1
GTACAAAGATGGCA,19,True,1
AGATCGTAAAGTAC,19,True,1
TTGCTGGAAGCAGC,19,True,1
CAGTATCGGTGCAT,19,True,1
ATCCGTCCTAGCGA,19,True,1
TTACCAGGATAACT,19,True,1
TGTCGACATTTAAT,19,True,1
GTCGACGAACGAGA,19,True,1
CCCCATTCTCCTTG,19,True,1
TACGTAGTCGAACC,19,True,1
AATGCTAAAATACT,19,True,1
TATCGAGTTGGACG,19,True,1
TGCATTCGCACTCT,19,True,1
ATAAGCCAAATTCA,19,True,1
AAGACTGACGATTG,19,True,1
AATCTGAAATTTAA,19,True,1
AAACTGCAAGACTT,19,True,1
ATCAATGCAAATAG,19,True,1
TACATAGGTGCCAT,19,True,1
GAATGCATAGTGTT,19,True,1
ACCAGCCCTTAGGA,19,True,1
TTCTCCTAGTATCT,19,True,1
GTCATATCCTGTTG,19,True,1
ATCAATAAAATACA,19,True,1
CCATACACGATACG,19,True,1
CACGGACTAAAAGT,19,True,1
TAGAATTTTATAAC,19,True,1
AAACGCCCGACCCT,19,True,1
CACCACTCCTGAGC,19,True,1
CCCCCCTTAAGTGG,19,True,1
CTTATTCTAAACCA,19,True,1
AAGCTAGGGGAGCA,19,True,1
AGAAAACACACGAA,19,True,1
ATATTAGCTTAATT,19,True,1
TGCCGTGGCGCGTT,19,True,1
ATCATCCCACATCC,19,True,1
AACATAATGGTGGG,19,True,1
TGCATGCACAATAG,19,True,1
GACACCCTTGCTCG,19,True,1
CGCAGGTTTAAATA,19,True,1
GCAAATGAACAGGC,19,True,1
TACCCTACCAGCGA,19,True,1
TTAGATTATTTTCG,19,True,1
CCACGGATTGTGCT,19,True,1
TGTGCTCTTATATC,19,True,1
GCCAGTGGCCCCCG,19,True,1
CCACTGGTCCTAAC,19,True,1
AGCCTAGGATCTAC,19,True,1
AGAAATCCATCATC,19,True,1
TCCCCACCATCGCC,19,True,1
CGCTGCCTACAGGT,19,True,1
CGGGACTAACGGTT,18,True,1
TAATATTAATTGTC,18,True,1
GTCCACAACAAAAT,18,True,1
GTCCGCGTTCCAGG,18,True,1
AAGCTACTGCTCTT,18,True,1
TACTGATACAGCAA,18,True,1
TATCCTAGTACTTG,18,True,1
CGAGACGTGCACCG,18,True,1
CTAACTTAGTGACT,18,True,1
TCCAAAAGAATCTT,18,True,1
TCGTCTTTTGCCTC,18,True,1
TTAGCCATTAATGC,18,True,1
GGGACTTACGTGGC,18,True,1
TGCACTAGCCCGCC,18,True,1
GAGTCAAATTTTAT,18,True,1
GTAACAATGAAGGC,18,True,1
GCTCATACCGTTAA,18,True,1
ACACGTAAGACCGG,18,True,1
TCATCCGGTCACCG,18,True,1
TGTGAACGTTGAAG,18,True,1
TTTCCAACTCTACG,18,True,1
TCAGAGAACTTAGA,18,True,1
CCGGCGTCCCGTAA,18,True,1
TCTGTCACCTTAAG,18,True,1
GCAAAATAGTAGCT,18,True,1
GTACTGCGTGCCCC,18,True,1
CTATCCCCCCCATG,18,True,1
TAGCATTTATCTTC,18,True,1
TCTGCTCTACTTTC,18,True,1
TTAAGAACTGAGGA,18,True,1
TCCCTAGCCTCCAC,18,True,1
TCTTTAACCCGTGC,18,True,1
CAATAAACGATTAG,18,True,1
AGGTCACGGGACAC,18,True,1
GGATAGCTTATACA,18,True,1
TCCAGAGCAGATAG,18,True,1
CAATAGCAGATTTA,18,True,1
ACCCACCTCAATAT,18,True,1
CGGGAGGACCTAAG,18,True,1
AATGTTGGAATTTA,18,True,1
TCCTCGACTAGGTA,18,True,1
ATACCCGAATACCC,18,True,1
CTATCCTTTGATGA,18,True,1
AGTGCAGTTCAATG,18,True,1
CCGAAGTCGTGCCC,18,True,1
GACGTCAATGGAAC,18,True,1
TAACTATCTTTTAT,18,True,1
CAAGCGGGTCTAGG,18,True,1
TTCCCCGATAGGGA,18,True,1
AGGAGTATAACCGC,18,True,1
GTAGACCTAGCGAC,18,True,1
AAATACTAAAATAA,18,True,1
TCCCGCATTGGTCA,18,True,1
GACCCTCCGCATAT,18,True,1
TATCGGGAATACCG,18,True,1
TATTATCACACCAA,18,True,1
CCTTCAATTTGACA,18,True,1
ATATGAAAGGTCCT,18,True,1
CAACCGGCCGGCAT,18,True,1
TCAGAAACCTGAAT,18,True,1
TCCCGAAACAAAGT,18,True,1
CAGGGTGGGCATCG,18,True,1
CCCTAAAGCGTAAC,18,True,1
TGAGACTAGCAAAC,18,True,1
GAGCATCTCTAGCT,18,True,1
TTATCTAGAATGAA,18,True,1
GCTTAACATAAATT,18,True,1
TCTCCTGTTCTACG,18,True,1
CCCCCGCACGACTG,18,True,1
GAATATCTAATATC,18,True,1
CTAGTGCTGATCTC,18,True,1
CGAATGAGTGTACC,18,True,1
TCCTTTCTCTTATA,18,True,1
CTCAAATTAATTGA,18,True,1
TACCTCCCCATCGA,18,True,1
GAGAAACAGGGTCA,18,True,1
ATCTTAAAGGATTT,18,True,1
TCCCTAAACTGAAA,18,True,1
GTGAGATATATCCG,18,True,1
AGCGATCATATCTA,18,True,1
GACTAGTCCGTTCG,18,True,1
GGACGAGCCTGAGG,18,True,1
TGCCGATTTTATCT,18,True,1
ATGTCGCAAACTTG,18,True,1
ACCCCGAAATCACT,18,True,1
CCACAAGAGAATCG,18,True,1
TTATTAAGTGTATG,18,True,1
ATGGAAATAGTTAA,18,True,1
GTGGCATTAGGTGA,18,True,1
TTCCATTTGTATCA,18,True,1
CCGGTCTTGCGCGG,18,True,1
ATATTCATTAAGAT,18,True,1
ATATTGGTGTTTGA,18,True,1
TAATGTCAGCAGCC,18,True,1
TGGAGGATGAAATC,18,True,1
CCCCTTATAGAGAC,18,True,1
GTGGCGCAACGGCG,18,True,1
TGTTCGTCACTAGA,18,True,1
TTGGTTTCAGACCA,18,True,1
TTGACTTAACAGTT,18,True,1
TTACAGCCCAGTTT,18,True,1
GTATTTATGTGAAG,18,True,1
TAATGATGTACTCC,18,True,1
TATCTATAATGTTG,18,True,1
TCCCATAATAGGCT,18,True,1
CTACTAAATAAGGC,18,True,1
AAGGACGCATACAA,18,True,1
GTCGACCTACTACC,18,True,1
CCCATCAAATGGAC,18,True,1
TACGGACCGAAGTC,18,True,1
TGTTATCACTAGCA,18,True,1
AAGGAAATCTAACA,18,True,1
CTGATCGCGGGTCA,18,True,1
ACAGGAGAATTTTT,18,True,1
TTTTACATGCTCAA,18,True,1
TCCATTCGTATTCA,18,True,1
ATGCCTCAAGTACG,18,True,1
TATTACCTGTCAGT,18,True,1
TCTCAAAGAAAAGC,18,True,1
GTGGTCGGCATTTT,18,True,1
ACCTTCTCGCCCGC,18,True,1
TAGATTTCAGCTCA,18,True,1
CCCAAACTGCAAAT,18,True,1
TCCTCATAGCTTCA,18,True,1
CAGGCACAGAACGC,18,True,1
ACTAATACAAAAAC,18,True,1
TGTTAGTCGATCGT,18,True,1
TCATCATCAGGAGC,18,True,1
TCCCTGACTCCTTT,18,True,1
CATTGGCTGCCATC,18,True,1
ATGCTTAGTTTAAA,18,True,1
CGGGCGGTCACGAT,18,True,1
GTGGCCATTACAAC,18,True,1
CAGGCTAGAACTTG,18,True,1
CTTGTTTAAGATTG,18,True,1
GCGGAGATACGACG,18,True,1
GATGCACATAATCA,18,True,1
AATGAAGGGATATT,18,True,1
AATACACGCCCTCA,18,True,1
AATCTATCAATGCG,18,True,1
CTTGGAAGACTTAC,18,True,1
CTATCTCCATTACC,18,True,1
GACACTACTATTTT,18,True,1
CGTGTGTCGGTTTA,18,True,1
AACCATAAAATGGA,18,True,1
CGGAACAACGAAGG,18,True,1
ATCCATAAAAAGTG,18,True,1
TATCTCTCAATGGG,18,True,1
GTTGCCTAACCTCC,18,True,1
ACCCCAATTGATGG,18,True,1
TAAACGGATGAAAA,18,True,1
AGAAGTGCTTGCCG,18,True,1
CCTGCAAGAAGAAG,18,True,1
TCGACTCTTAAATC,18,True,1
ATATACTAATGGGT,18,True,1
AACAGCCCGCGATA,18,True,1
GTATCTTTATAAGT,18,True,1
AGAAGATCATTGAG,18,True,1
ATACCGGCCATATA,18,True,1
AGTCCCCCGCGCCC,18,True,1
AGGATTAGGTCACG,18,True,1
TGGCTCAAAATAAG,18,True,1
ACAAATCAAATCCT,18,True,1
GTCCTTCTCCTCTA,18,True,1
GCAACGGAGAACGC,18,True,1
ATAGATAAAACTGG,18,True,1
GCATTAATGAAGCC,18,True,1
AGCAACGGCGCCTC,18,True,1
TCGAACATATTTGG,18,True,1
AGCCACGGCGGATG,18,True,1
CGGACGTATAGACT,18,True,1
CTACATAGTATATA,18,True,1
CGAGACAAGCTCTT,18,True,1
CACTCCAATCGCTT,18,True,1
TATTCGTAAATGAC,18,True,1
CCGTGAATCTTTAG,18,True,1
CATCCCGGACTCCC,18,True,1
CCTAAGTGAGAGTG,18,True,1
TCCTCTATATCCTC,18,True,1
ATCAACGCACTCTT,18,True,1
CCACAAAGAACACC,18,True,1
CCCTGCAATTGTTG,18,True,1
TGTGACCCATGGTC,18,True,1
ACCAACCGCAATAC,18,True,1
TGACTGAAAGGTTT,18,True,1
TACATAACTTGGCG,18,True,1
TGACACGTTTAACA,18,True,1
ATTCACAATAAAAT,18,True,1
AAACAGTCTAAAAC,18,True,1
AAGGTCAAAAATCC,18,True,1
TGCACTTCGTTGAC,18,True,1
GATTAATTAGAGAT,18,True,1
AACTACCACTTGCG,18,True,1
GCCCCTGAGCCTCC,18,True,1
GCCGAGGGTCAACC,18,True,1
AACCCCCATCGTTC,18,True,1
GTACGACACGGCCC,18,True,1
CTGGCAACCCGTGC,18,True,1
GACAACTACCTCTA,18,True,1
TCCTCTACGGCTTG,18,True,1
AGCAACATTGAAAG,18,True,1
TGACAGTCAACATA,18,True,1
ACCGTACGGAGACG,18,True,1
CCCCCAATCCCCAC,18,True,1
GCTGGCTGACGGGT,18,True,1
AGTTGCTCTTCCCG,18,True,1
CAGGCTGACACTGT,18,True,1
TCACACCAAATACC,18,True,1
ACAGAACAATGCCT,18,True,1
AAAGCAAGCCGTTG,18,True,1
GACAGAATCGTCAC,18,True,1
TAGATGTTGGGGGT,18,True,1
CGAGGTGCATGAAA,18,True,1
TCCCCCTATACGTG,18,True,1
TAAATTACAAGTTA,18,True,1
TGAAACCTGGATTC,18,True,1
CCAAACGGAAGCTG,18,True,1
TCAAGCAAAGATAA,18,True,1
TATTATAATTTAGT,18,True,1
TAACGGAAGAACTT,18,True,1
GCGATTCAGACTTT,18,True,1
CCCAGTGCATGATA,18,True,1
AATGCTTTTATAAC,18,True,1
TGCATTGACACCAT,18,True,1
CGCCATTCCGTACA,18,True,1
ACTACTCGCCTGCG,18,True,1
CTCCTGACGTACCC,18,True,1
ATGTAATCTACAAG,18,True,1
CTACACCTGTTTTA,18,True,1
CGTTTGCTCTAATC,18,True,1
GAGGTGATTATGAC,18,True,1
ATTGTTACCTGCCA,18,True,1
AGATGGATTACTCC,18,True,1
CCCCTCCGACTCTC,18,True,1
TAGGCTAGTCACTT,18,True,1
TTATCAATGCACAC,18,True,1
AGATAAGGAAAAGA,18,True,1
CAGGGGGAAGACCC,18,True,1
CAAATACTCGGAGC,18,True,1
TGCTGACGGACTAG,18,True,1
TCGCTTGCAACGAC,18,True,1
CAGTGAGTTGATCC,18,True,1
GCCGCGAACGTCCA,18,True,1
CACTTAATAATAGC,18,True,1
ATAGTCCGTGGTCT,18,True,1
CCACTAGCAAGTGT,18,True,1
GAGAGCAAGATAGT,18,True,1
CCAAAATGTATACT,18,True,1
AATAAGGAACAGCT,18,True,1
CTAGGGCTTATTCC,18,True,1
AGCACCCGGTCCCG,18,True,1
ACCACGTCTATACT,18,True,1
CCAGTGCGATTCCC,18,True,1
CAACCCTTCAACTG,18,True,1
GAGCTGATTGGTCG,18,True,1
ATTATAATTGGTGG,18,True,1
ATACCCTCTAGATC,18,True,1
TGTAGTGATACCAG,18,True,1
CCTGCGCCGCTCCT,18,True,1
TTGATGGTAGCATC,18,True,1
CCATGATTCTATCA,18,True,1
ATGGCCTATTTCGG,18,True,1
AGCGTCTCACTTCT,18,True,1
CCTGGTTCAAGACA,18,True,1
AGTCAGAGTTTCCC,18,True,1
TACATCGTTATCTA,18,True,1
AGTCAAAGACATCT,18,True,1
ATATTATAAACCAC,18,True,1
GGACGACGATGGGC,18,True,1
CGCTAGTTCTCACA,18,True,1
TTGTCCGGTAAGAC,18,True,1
TTCCGTTATATTGT,18,True,1
GTCCGGTTTTAATG,18,True,1
GAGAGGAGACAAAA,18,True,1
GCTGTATAATTTTA,18,True,1
ACAACCGTTAGCGA,18,True,1
TCCTGACTTCTACA,18,True,1
CTGGTCCAAAGTCG,18,True,1
CGACTTATTTCCGG,18,True,1
TCCATAGGTGGTCA,18,True,1
TTGCACCTATCAAT,18,True,1
GTCTCTTAGCAATG,18,True,1
ATGTCTGATACGGT,18,True,1
ACAACGTCCATGTA,18,True,1
CCCAACCCTCCCCT,18,True,1
TATATGTGTATTTG,18,True,1
TCCAGTAACGACCC,18,True,1
AGAGTATATTTATG,18,True,1
TAAGTTAGCATCGT,18,True,1
GTATCTCCCGACTC,18,True,1
TCTTTAATATTTGT,18,True,1
TAGTAGTCATTAAT,18,True,1
TTATGAAAATGCAT,18,True,1
ACCTTGGATCCAAC,18,True,1
GGTAGGTCTAAAAG,18,True,1
CATGGGTGAACTCA,18,True,1
AGTACGTCGCGCCC,18,True,1
TGATTCACGGTGAA,18,True,1
CTTTTGGAGTGCCA,18,True,1
AGAAGTAAAACTAT,18,True,1
TTGCCCTGCTTTAT,18,True,1
TTTAGAATACGAAT,18,True,1
TATTCTTAATCATT,18,True,1
GATATTATCAAATA,18,True,1
AAGGTAGTTCATAG,18,True,1
GAGAAATCGCTCTT,18,True,1
TCGGGCCACGTCTG,18,True,1
TCTGCCTTTTTAGT,18,True,1
TAGGTTCCTTAAAT,18,True,1
GACTAGTCTAGTTA,18,True,1
CCCATATGAAATTC,18,True,1
ATATGTTTTTTAAC,18,True,1
GTCTCGCTGTCCGT,18,True,1
GTTTGTCAACCTGT,18,True,1
GACAGTAGGCATGT,18,True,1
TACCGATAGACAGC,18,True,1
TCCCGTAGCTTCAT,18,True,1
CGAACGTAGTGTAC,18,True,1
TACTTCGCTCCACC,18,True,1
TTCCCCTCTCCGTA,18,True,1
GTAAGTGTTTTTGG,18,True,1
GGAGGTGGCGATTC,18,True,1
GATATTAAATTACA,18,True,1
TACATCAGTGGTCC,18,True,1
TCCCCTTTGAAGCG,18,True,1
TTAAAATAAACCCT,18,True,1
TAACACGCTGGCAC,18,True,1
CAATCCTCCTCGGT,18,True,1
CACCTCGACTTTCA,18,True,1
CGTGTCACTTATTC,18,True,1
TAAGATGTCTATGT,18,True,1
GTACAAGCTGCACT,18,True,1
TCTGAAACTCGGAG,18,True,1
GGTATCGCCCAGGA,18,True,1
CTATAAACGGATAT,18,True,1
TGCGTGGCGGAGTT,18,True,1
AGGTGCGATACCGC,18,True,1
AATAAATAGCATAG,18,True,1
CTCGTAATTATAAC,18,True,1
GTGCTTCAGCGCAA,18,True,1
TGTGTAACTTATCT,18,True,1
TACTTTAAAAAATA,18,True,1
CAACCAACACAGTA,18,True,1
TACTTCGCCCGGTT,18,True,1
CTTTTGAGGCGCGG,18,True,1
TACGAATCCCATTT,18,True,1
AGGATCTGGATAAC,18,True,1
ACCGGCGGAAGATA,18,True,1
GCCTTCCCTACGAA,18,True,1
CTAACCCGGTATCG,18,True,1
AGACATTATTGGTA,18,True,1
ATACTAGTCTTTTC,18,True,1
GCAGCCAATTGCGA,18,True,1
AATCGCGCTCGGCA,18,True,1
TCGCCCCCATAAGA,18,True,1
AAGGCTCTCAGTTA,18,True,1
CCACCGCTCCGCAC,18,True,1
TTCCTCGTACCAAC,18,True,1
GACGTCTAACTTCG,18,True,1
TTGCTAACAACCCA,18,True,1
GGGAAATATATGGA,18,True,1
CGAGACAATATAGT,18,True,1
CGATCGGGCTATTG,18,True,1
CTAGACGTGCTCTC,18,True,1
TATCCTGTTAAGAG,18,True,1
TAATAGCCCTATGC,18,True,1
TTTCTCCTTCCCCA,18,True,1
TCGCCTAACACAGA,18,True,1
TGGTACGATAACTA,18,True,1
CCACCACGCTATCC,18,True,1
TCAGACCGGATAGT,18,True,1
GTCGTCCCGGCGCC,18,True,1
GTATCAACCACCAC,18,True,1
TATTAAGTTTCGGT,18,True,1
CCATAGCTCTTTCC,18,True,1
GGATTGGGTTAGCA,18,True,1
TTGAAGTAGAAGAG,18,True,1
TATAGTCGCACCGG,18,True,1
ACCCTAAGTAGAAG,18,True,1
TTAAAACTCTATTC,18,True,1
CGATAAATCGACCA,18,True,1
TTCACTCGGCATTA,18,True,1
ACTAAGTAGGAAAA,18,True,1
GGGAGAAACTAAGT,18,True,1
ACTACTCTGTCTGA,18,True,1
TAAAGATTTCAACT,18,True,1
TCAACATCCGGGCA,18,True,1
TAACAAATCATAAA,18,True,1
CGAGCCAAGGTACG,18,True,1
CAAATGTTGAATTA,18,True,1
AGACTCACTCGCAA,18,True,1
TCACCTCTGTGCTG,18,True,1
GAATCTGCATGCAG,18,True,1
TATCTGCAATTTTC,18,True,1
CTTTAAAATCATCA,18,True,1
CAGAGCTCCCCCGC,18,True,1
TCTCGCATTGGCTG,18,True,1
TAATACGAACATCA,18,True,1
GAATGGCAAACGAA,18,True,1
TATTGACATAGAGG,18,True,1
CTTTAGTGTCAGAC,18,True,1
AAGAACTCAGTTAA,18,True,1
CCTTAATGTCAATG,18,True,1
TTAGACGCGTGCCA,18,True,1
ACAGTTATTGTTAG,18,True,1
TTCGCTGACGTTAA,18,True,1
GTAGGTGAGACACT,18,True,1
TTGCCAAACGGAGT,18,True,1
GGGCGTCTCAGTTT,18,True,1
GGTTAGACCAGTGC,18,True,1
TCGGGTCAGGTATT,18,True,1
CTACCAGTATACAA,18,True,1
ATGCTAAGAATAGC,18,True,1
CAGACTTGTTAATA,18,True,1
TGGATCTTTCTTTG,18,True,1
TGGTCTACGGCTCG,18,True,1
TTCTAGACTGAATG,18,True,1
CTATAACCCAGAGA,18,True,1
TGAATAACATTAGT,18,True,1
CAAGTCAGATCGAA,18,True,1
ACCTCTTCAGTCCG,18,True,1
AGTCAAAACATCCT,18,True,1
GGGATAAGTGTACT,18,True,1
CGAAAGACTTATAA,18,True,1
TCTTTCGTGCTACT,18,True,1
CCCGGACAGTCTTA,18,True,1
GGGGCTAGACTGTC,18,True,1
ATACTTATTATTCA,18,True,1
CCTAATCTATGGTA,18,True,1
ATAAACGCTTTCAA,18,True,1
GACTCCGCGCCCGC,18,True,1
TACCTGAATGAGCT,18,True,1
TAAAGTAATTCCGC,18,True,1
GGGTCCGCTCTCAG,18,True,1
CGATCACTAATTGC,18,True,1
TCATCTTTTTTCGG,18,True,1
TTGAGATCTTACAT,18,True,1
GTCACATGCGCAGT,18,True,1
CGACACAATCACCT,18,True,1
GAGTCTCTGAGTTA,18,True,1
CTCCCGCACGTCGT,18,True,1
TGTGATTGCAAGAC,18,True,1
TAGCGTCGCAATAA,18,True,1
CAATAATTTAGAAA,18,True,1
TTTTCCTAAATTAC,18,True,1
AGTACTGTCTAGAG,18,True,1
CTTTGCTCAGATTC,18,True,1
CCTGATCCGCGCAT,18,True,1
TAGATGAATCAGCG,18,True,1
GTACCCGGTCTTTT,18,True,1
ACCCTCTCCTGGGG,18,True,1
CGGGTGCACGCACG,18,True,1
ACCCTAATCCATTA,18,True,1
AAGCCATCACCTAC,18,True,1
CTATGTCTGGTCAC,18,True,1
ATGCCTTTAGTACA,18,True,1
CGCTAATAGCTTGA,18,True,1
CTGCCGCCCGTAAT,18,True,1
CGCCCCTCGCGGCT,18,True,1
CTCTTCATTAACTC,18,True,1
CCCCCCTAAGGGTA,18,True,1
TTGCGTTCCTCATG,18,True,1
TTCCTTTTGACGTC,18,True,1
TTGTCTACAGACTG,18,True,1
GATCAGCACACATA,18,True,1
TCAATAATTCATTC,18,True,1
ATAATTAGCAGTAA,18,True,1
TACTCCTCCTCTTT,18,True,1
GTCGCCGTACGGAC,18,True,1
CCTGAACTATCCAG,18,True,1
TTTCGAATCATCAA,18,True,1
CAATGAAGAAAACG,18,True,1
TTAATACAAATATT,18,True,1
TAATCAGATAGTCC,18,True,1
ACTCACTTTTACCG,18,True,1
AACACAAATTTTAG,18,True,1
AGAGGGAAACTATT,18,True,1
TCACCACTGTAAAT,18,True,1
CCATATCATTTTAC,18,True,1
GGAGGAATCGATAA,18,True,1
TCTGACGATCTTAA,18,True,1
TTCACAATCAAGTT,18,True,1
CACACATAGGTACC,18,True,1
TGACTTCAGTATGT,18,True,1
GAACCAGTCTGTCG,18,True,1
ATAATTCACATACG,18,True,1
ATGATTGGTATGTT,18,True,1
TAGACCGTCCACTC,18,True,1
CTTGTCCGGTGCTT,18,True,1
CAAACTATAAAAAT,18,True,1
TTCGCTCCTGTAAT,18,True,1
GAGGAGCGACCCTT,18,True,1
GTACCCTCCCTCCC,18,True,1
CATTAGCATGTAGG,18,True,1
GTACCTTTCCCGCC,18,True,1
ATCACAATTCAACA,18,True,1
TTGAACTCGTATGA,18,True,1
TTTTAATATTCGAT,18,True,1
TCTAGGGATTAATT,18,True,1
CACACGCTGAGGCG,18,True,1
CAATAAGATCAGTC,18,True,1
TACCACCGTTTGGT,18,True,1
CAACGAGTGATGAC,18,True,1
TAATATGTGTTAAC,18,True,1
CGAAGAACGCGACT,18,True,1
GTGACCATCACCCA,18,True,1
ATCACCGACTTCCA,18,True,1
AGTATCTTGTAACC,18,True,1
TCCAGTTTATACGC,18,True,1
GTTGATCACCATAG,18,True,1
CCAGATCTCAGATG,18,True,1
ACAGGATAAAGCGT,18,True,1
GCCTCTTCCGCTTA,18,True,1
ATCCAAAATTAGGC,18,True,1
CATCCCGGAAGGAG,18,True,1
GGACAGAACCACTT,18,True,1
TGAGCTCACATTTA,18,True,1
CCAAAACTTTGAGC,18,True,1
TATCTACTTAATTG,18,True,1
TAGTGTCAGTAGTC,18,True,1
ACAAGGCAGTACTG,18,True,1
GTTGTCAGATTGCA,18,True,1
TTAGGAAACAGTCT,18,True,1
ACTAATTCTTTTAA,18,True,1
CCGGACAAACTATC,18,True,1
CGAACGATAATAAC,18,True,1
GAGTAGGAATTGCA,18,True,1
ATACCTCCTGGAGA,18,True,1
ATAAAGAATTACTC,18,True,1
TTTCAAACACCCCC,18,True,1
TGCCATTCCATGGA,18,True,1
TAAGTTTTGACGTG,18,True,1
TACGATCCCCTCTA,18,True,1
TAGCATCAGACCGA,18,True,1
CTTTCCCTTGCACC,18,True,1
AGACCTCTTCTTGA,18,True,1
TGTGACCAGTTATC,18,True,1
GTGCATCTACACCT,18,True,1
CTATTTACACAGCG,18,True,1
AACAATTCTAGAAA,18,True,1
GGAACGAGAACCCT,18,True,1
AGCAGTGTTACATA,18,True,1
CTCACACCGCTGGA,18,True,1
GATCCCTGTGGCCC,18,True,1
TCTATCCATGTCCC,18,True,1
TGGCTCTCCACCCG,18,True,1
TGCATTGCAACTTA,18,True,1
TCTTACCGCAGTTC,18,True,1
ACTGAGGAGGTGGC,18,True,1
GCAACGCTGGCAAT,18,True,1
AGTAACTAAATCGG,18,True,1
TGGTTCTCACTTGT,18,True,1
TAACCAGGTCTTCC,18,True,1
GTTTGCTCCATGTG,18,True,1
CGCTTCACAAACAT,18,True,1
CAACGAGCTGCCGA,18,True,1
TTTAGTATACCTAG,18,True,1
TTGATTAACTTATA,18,True,1
TATTCTTTTGGCCA,18,True,1
TTAAGTAGATTTTT,18,True,1
AATACAACCGATAG,18,True,1
GAGAATAGATCGTT,18,True,1
GTGGTAAGAGGTCT,18,True,1
TAATACAGAGAAGG,18,True,1
TACCTAATAACCAC,18,True,1
TTACGATAAGGCTC,18,True,1
CATGATCCGCACGC,18,True,1
TATTAACTTCAGTG,18,True,1
CCCGTTCCCCCACC,18,True,1
CCTATGCGCACTCT,18,True,1
GAGCTTACAGTGTG,18,True,1
GATTTAAGTCCACC,18,True,1
TACAAAGGGTTGCA,18,True,1
TAGACCTTTCGTAA,18,True,1
GCAATAACTCGCAA,18,True,1
AAAAAGGCTTTATT,18,True,1
TCTATAATGTTATA,18,True,1
GTATCTGTCGACAC,18,True,1
TCAAATACAAGGCT,18,True,1
TAGGCACCTATTTC,18,True,1
TATGCAAGTGGAAT,18,True,1
TCCATCTTATATTA,18,True,1
TCTTAAAACGTTAC,18,True,1
GGAGGGGCATCTAA,18,True,1
ACACATAATGAAAG,18,True,1
CTACTAACTGGTGA,18,True,1
TTCATATAGGATAA,18,True,1
GCAAACATGTTGAA,18,True,1
TGACTTTGCTGGGT,18,True,1
GCTCTACTTTGGCC,18,True,1
ACCCAAAGTCGAAA,18,True,1
GCCGTAGTGTGGAC,18,True,1
TGGGAGTATAGCGA,18,True,1
TCCTCCTTTGCGTT,18,True,1
CCACAATAGCCCGG,18,True,1
TGCTAGTCTGCAAG,18,True,1
GTCTTAGTGAGCGG,18,True,1
GTATAGAATTTAAG,18,True,1
TCGTGCCACTGGGA,18,True,1
ATGTGGAGACCTAA,18,True,1
ATATTAAGTCAGTG,18,True,1
ACAGAGAAATTAGA,18,True,1
TCCACAGTGGAATC,18,True,1
TTAACAATGGTTGG,18,True,1
CCCCCTAAGCTGCG,18,True,1
AGATCCGCATTCCA,18,True,1
TGCTCTTCACCAGG,18,True,1
TAACGTACATATTA,18,True,1
TACTTTAAGAGCCT,18,True,1
CTAGGCTCAAATTT,18,True,1
TAATATCAAGGGGG,18,True,1
TGTGTATTTCTGTC,18,True,1
TCTGATATTTTCAG,18,True,1
TGGTTTAGATTATG,18,True,1
TCATGGACTTGTTC,18,True,1
GAAAACGATATACA,18,True,1
GTCTTTCATCTCCC,18,True,1
AACGACTCCTTTAC,18,True,1
ATACCACCACTGTT,18,True,1
AAAGATAGATGACA,18,True,1
GTATGTAAACGGTC,18,True,1
AGAAGAACCCCTGT,18,True,1
AAGAGTGCAGGAGT,18,True,1
GTAGGAAATTCGAC,18,True,1
TAAACCTTGGCCTG,18,True,1
ATACAACTTGGTGT,18,True,1
GATCCTATAATACC,18,True,1
TAAATCGAAAAAAT,18,True,1
GGTCTGAATTCGAT,18,True,1
TCAACTACATAAGA,18,True,1
TCCGGAGAATTTTT,18,True,1
ACCTGCGAAGGGCG,18,True,1
TAGTCACGGACTAT,18,True,1
GTACGTGAGATCAG,18,True,1
CATGCACTAAGTGG,18,True,1
AGAAATCCCCTGGT,18,True,1
CCGCTTACACTAAT,18,True,1
ACTCTCGTTTAAAC,18,True,1
TCCAGAATCTTAGG,18,True,1
CAACCACGGACTGA,18,True,1
TTCAGGTTGAATGG,18,True,1
ACAGTGCCGTTCTA,18,True,1
TCATGTGAGCTTGA,18,True,1
GTTTGGGGCGTTTT,18,True,1
AGAAAGCTCAATTC,18,True,1
GCCTTCCCATCAGA,18,True,1
ATCCACATTAACAA,18,True,1
GACCATTAATAGTC,18,True,1
ATATACCATTACAC,18,True,1
CAGATATGTCTAGC,18,True,1
CTACATTGCTCCCT,18,True,1
CGCGTCTTTGGAAG,18,True,1
ATGGTAGCGACTGC,18,True,1
TCAACGGCTGGACT,18,True,1
ACCCGATTGATATT,18,True,1
CCCACGGAGAGCTT,18,True,1
AGATGCAGAAAAAC,18,True,1
ATGGGATCACGAAC,18,True,1
TGCGCTATATTACT,18,True,1
GAGGTCTTATATTA,18,True,1
AAGAATCAAGGCAG,18,True,1
CAGATTGGCTGTCC,18,True,1
AACAATGTATCCAC,18,True,1
ACATTAACCTTGGT,18,True,1
CGCCTGCAAGTCGC,18,True,1
CCGAATGAGCGCCC,18,True,1
ACTCATTTTTATAC,18,True,1
GTTGTTCATCGTAA,18,True,1
TATATAGAAGATCA,18,True,1
AACTAATACTACTT,18,True,1
CCATCATCCTTCTG,18,True,1
TAAATAAACCGCGA,18,True,1
CAATGCAATTCATT,18,True,1
CCCTCCACATTTTT,18,True,1
TAAGAAAAGACTAA,18,True,1
TCCCAATCGGGACC,18,True,1
TATCACATCTGTAC,18,True,1
TTGGTGATTAGACT,18,True,1
CGCTAGCGCGGTCA,18,True,1
TCCCCTGAAAACTC,18,True,1
GAGCACTGTCTTGC,18,True,1
ATTGATTCACAAAC,18,True,1
TAACCCTCCCCACC,18,True,1
TACCGCGGATTCCG,18,True,1
GTCTTCACTAACTA,18,True,1
ACCCGGTTTAGAGT,18,True,1
GCAGTAATGAGGTT,18,True,1
TTCTAACTCTAACT,18,True,1
CAGACCTTTTTTAT,18,True,1
ATATAATCAGACCT,18,True,1
ATAGAAGGTGGCCA,18,True,1
ACATCGATTACCTA,18,True,1
TTCACAATGGGCTG,18,True,1
TTCGTAAACCCAAG,18,True,1
TGGAAGCTAATTCC,18,True,1
CTGCTACCATTGTT,18,True,1
TATACGAATCTGAC,18,True,1
CTCGGTAACTCCGT,18,True,1
ATCACGTCGTAACT,18,True,1
CATGACCAATAGCC,18,True,1
AGGCATAGCCCTCT,18,True,1
GAATCTTACATTTT,18,True,1
AGAAAACTCAAAAC,18,True,1
TTACTACTGTTCCC,18,True,1
TACCTCGTCGGCCG,18,True,1
CGGTTCCGCAGCGG,18,True,1
GAGGCGCGTTACTC,18,True,1
TTTTTCTTTTGGCG,18,True,1
CCGCTGAGGTTAAG,18,True,1
TCCGTAGCTCTTGT,18,True,1
CAAATGACTTCCTG,18,True,1
CTCTTATTCCCCAT,18,True,1
GGTTCCTCTACAAC,18,True,1
GCTGGGTTTCACCA,18,True,1
CCGGCCCCAGGACG,18,True,1
TGAAGAACCCATTT,18,True,1
TACCGAGAGCAGAA,18,True,1
GATTTAAGCCAAGC,18,True,1
TACACCGGATCTAT,18,True,1
TGATATCTTTTAGT,18,True,1
GCCCTTGGATGGTT,18,True,1
CTGTGCGCTTTTGG,18,True,1
CGTTTGTATGTGAG,18,True,1
CTCGGCAGTTACAA,18,True,1
TAGCAATTCCAAAA,18,True,1
CATAGGGATCGTTA,18,True,1
CGTCCCCCGCTCAC,18,True,1
TAACGCTGACCACA,18,True,1
CCTCCTTAAATTTG,18,True,1
AGAGCCGAGAAGCA,18,True,1
TCTGAAGGTTGCTC,18,True,1
TAAAGCGCCGGAGC,18,True,1
TCAACCCCGGAAGT,18,True,1
GGTGATTATCCACA,18,True,1
GTACTCAGGAGGGG,18,True,1
GTCAAGAATCAACA,18,True,1
GTCCATCCTATTCC,18,True,1
ACACCTTAGAATCA,18,True,1
GTGTCTATTAAGGA,18,True,1
TAGTATAAGTCTAT,18,True,1
TTGTGGAAAAAATG,18,True,1
AGAAGCTGTAGTGA,18,True,1
ATGGACCTACCTTG,18,True,1
TAGGAGGCATCGTT,18,True,1
TAGTGTCCTCTGGG,18,True,1
GGGCTCCCCCTCCG,18,True,1
ATCGTCCCTCTCGC,18,True,1
AGACCAAAGCTTTC,18,True,1
TCTGAATTACTTTA,18,True,1
TACCAGGCCTCACG,18,True,1
CCCTTTGCCATCTG,18,True,1
GACACCGCTACCGA,18,True,1
TCCGTTTAATTGCT,18,True,1
AACCCTTGATAGAT,18,True,1
TATACACAAAGTAA,18,True,1
AGAATCAGCAAACA,18,True,1
ATCCCTTATTTTAA,18,True,1
TGCGGTTAAGATCC,18,True,1
CCTAACCCGTTGCC,18,True,1
TCAATTCTTTATTT,18,True,1
CCAGTAAATAGTGG,18,True,1
CTCATATAGGCGAA,18,True,1
CAGGCATAAACCGG,18,True,1
TCTGTGCTACCCGT,18,True,1
TAATTATTTTGCGG,18,True,1
AATGTGGATCTGGA,18,True,1
GTGGCGCTCTGAAT,18,True,1
AAACATCCCAATTT,18,True,1
CCAGCGGAAACATC,18,True,1
TGGAGCTAATTTTA,18,True,1
GACCCGACGGTAAC,18,True,1
CCTCCCCATCCCGT,18,True,1
TACCTCAACCCAAC,18,True,1
CTCTACTACTCCTC,18,True,1
AATCTGTATTGGAC,18,True,1
GGGAAAATGTTCTA,18,True,1
ATATGACCCAGAGC,18,True,1
TCGAATCCAGCAAG,18,True,1
TGTGTTGTTCCCAT,18,True,1
CCGGCCGATACGTG,18,True,1
TCTTGTGAGGGGTT,18,True,1
TCCTGGTCTATCTA,18,True,1
GGTAGCGAACCTAT,18,True,1
GATAACGCTCTACT,18,True,1
CGTGCTAGAAAAAC,18,True,1
AGACCAAACGTTAC,18,True,1
CTGGTGTTCAGAAA,18,True,1
TGCTACTGAGGTGT,18,True,1
CTCTACGAGTTTAA,18,True,1
CTGGTGTGGTCATG,18,True,1
TATCCTTACGCTTG,18,True,1
GCACAAGTTACCGC,18,True,1
ATGGTGAACAGGAC,18,True,1
GTGGATATCTTCTT,18,True,1
CTAGATTAAATTGT,18,True,1
GACCCTAGGGCGCT,18,True,1
TCTATAGAACGACG,18,True,1
AAAGTTACAAATAG,18,True,1
TTAAAGCAGTTAGC,18,True,1
AGAGAGAGGTTGCA,18,True,1
CATGTACTTGGCAC,18,True,1
ATGAAGACCTCACA,18,True,1
ATGGCTATGATAAC,18,True,1
TTTAACACTTGGAG,18,True,1
TTTTAAGCTTATCT,18,True,1
ATCATAACCAAGGC,18,True,1
TAAAATATAGAAAG,18,True,1
AGAGGGGGGACGCT,18,True,1
ACACTCTGGTCACA,18,True,1
AACACCAAAATTCG,18,True,1
GCCCCTCCAGATGT,18,True,1
TAACATAATCAAAG,18,True,1
TCAAAAAGAAAGTC,18,True,1
TGGTCTGATTTCTA,18,True,1
GGAAGTTATAGGTT,18,True,1
CTGACCTTATATAG,18,True,1
GTTATCTGATTCGG,18,True,1
TCCAAATTCAACCC,18,True,1
GCGACCGGAATAAG,18,True,1
CACCCTCCTGGATC,18,True,1
AGTCAGTAAGTAGG,18,True,1
TAAAACTTTTAAGG,18,True,1
AAACGCCTAAAAAC,18,True,1
TAACTCGAATAGTC,18,True,1
TTACGATCTATTCC,18,True,1
CCACAGCTCCTCAA,18,True,1
TGGGAACATAGCTG,18,True,1
GTGAATAAAGCAAA,18,True,1
GTGGCTGATGGTGG,18,True,1
TAACATAGATTTGG,18,True,1
TTGCGAGACCGTAA,18,True,1
CCCCTCTTATATAG,18,True,1
TATTGATATTATCA,18,True,1
TAACCATCCAGCTA,18,True,1
CGCTTTTCAATTCC,18,True,1
AGCTTAGTTTATAA,18,True,1
TTTCCTCCGACGAG,18,True,1
ATGCACATGCTGCG,18,True,1
GTTGATATAGTATT,18,True,1
GCAATCAACTCAGC,18,True,1
GACGCCCTTATATC,18,True,1
TTCGAATTGAACAC,18,True,1
GTGTCGGTTCACTC,18,True,1
AGGTGTGTTGTGTT,18,True,1
GGACTGACTGCACT,18,True,1
GAGCCGGCGTGAAC,18,True,1
CGGAGAAGTAAGGG,18,True,1
GGACTACAATGCGA,18,True,1
GCCGTGGGCATAAC,18,True,1
TCAGTATAAAACAG,18,True,1
TTCATCGTGCGTCG,18,True,1
TATCCGATACTTAA,18,True,1
TCATGTACGACGCT,18,True,1
CACCTCAATCAATT,18,True,1
CCGAACAGTAGGCA,18,True,1
TTCTAAGGAGCCGC,17,True,1
AGAATAAAAGGATA,17,True,1
TGCCCTGCCCTGCG,17,True,1
CTCAAAAGCCAGGA,17,True,1
TTATTTGGACCGTA,17,True,1
TTACCACTCCGAGA,17,True,1
TTATCGCGGCTGCA,17,True,1
ATCAGAAGAATTAA,17,True,1
AGGGGGTCTGCCTC,17,True,1
ACACCTCCAGGTCT,17,True,1
ATCAAAAGCAACGG,17,True,1
TGCTGCGTCTGCGC,17,True,1
TATGCGTGACGACG,17,True,1
ATAAGCCTCACATA,17,True,1
AAGCAACACCCCCA,17,True,1
CGACCAACTATAAA,17,True,1
CTGGATAACATGAC,17,True,1
CCTTAGACCGCTCC,17,True,1
GTGCCACAGTAACG,17,True,1
CCCATACGATTCAT,17,True,1
TGTTGCCCTCACGT,17,True,1
TAGTCTTGAAGTCG,17,True,1
TCTCGCGGTCTTTC,17,True,1
GCATTACATCGTAA,17,True,1
TATAGCGTGTAGCG,17,True,1
CTGGCTTTTATTCT,17,True,1
TCATAGGACCCTGG,17,True,1
CTATTTACCCAGTC,17,True,1
AAGGGCTTATGAAG,17,True,1
TAGATTCTCTGAGT,17,True,1
ATGGCTTCATTGTT,17,True,1
TTGAAGAAAATTAC,17,True,1
ACTCACTGAACAAC,17,True,1
TTTGTTTAGAGTAG,17,True,1
ATGCATATAGTTTC,17,True,1
GTAACGACGCATCG,17,True,1
TGATCGATCTTAAT,17,True,1
GGGGATTAAGCACT,17,True,1
CTGGCATCGATGGT,17,True,1
CCACACGAGAGAAC,17,True,1
ATATCTTGGGCGTG,17,True,1
CCCAGCCGAAATGA,17,True,1
CCTTCTCACCTGTC,17,True,1
TCCCTTTGCCCCCT,17,True,1
GCCCATGCTGCAAT,17,True,1
CGAAACACAGATTC,17,True,1
TGGGGTATGTCTTA,17,True,1
GTCCTCAATCCGCG,17,True,1
GCCACCACACAGCG,17,True,1
AAGATGACGTACAG,17,True,1
ACCCCAGTACCTTA,17,True,1
CCCAGATGGAACCG,17,True,1
TATCCTACGTGATT,17,True,1
TGTATCCATAACGG,17,True,1
TTGCTCACATGAGC,17,True,1
ATATGCGTATATTA,17,True,1
CTGACCATAAGTTA,17,True,1
CTTCCATAGGATCT,17,True,1
CTTCTCTCCAAGCA,17,True,1
TATCCTGAGGCTAG,17,True,1
AGCGCATTGAGTAG,17,True,1
TATACCAATAATGG,17,True,1
GGAGCTCTTCTCCA,17,True,1
GGCGCTCCTGATAA,17,True,1
CGCCCCCATCCCGC,17,True,1
CGTGTAAGAAAAGG,17,True,1
TGACTTGTGTATAG,17,True,1
CCTCCCTCGTTCAA,17,True,1
CTTGGGAAACTGCG,17,True,1
CAATGACTTGTATG,17,True,1
ATAAACTAGGCCAG,17,True,1
GTATACAAATGACA,17,True,1
TCTCAAGGCCGCTC,17,True,1
TTGGAGTAGACATT,17,True,1
GTAATATATCGCCA,17,True,1
GTCCATGACAACCC,17,True,1
GTTTTGTCGCCGAG,17,True,1
CTGATCCTGACCTA,17,True,1
AATGAGGTGACCCT,17,True,1
ACATAGTTCGAGTG,17,True,1
GTGTTGTTCTAAAA,17,True,1
TAGAACTAATAGCA,17,True,1
TAGTGTTTGACAAT,17,True,1
TCAAGGGCTAACAT,17,True,1
ACTATTGAACTCAA,17,True,1
AGACTCCGCCCCGG,17,True,1
GACGGCAATATAAT,17,True,1
GTAATCGTCCACTA,17,True,1
TTATAGGCTTTAAT,17,True,1
TTACCAAATCATTG,17,True,1
ACACATTATTTGGG,17,True,1
GTCCGCGGCGCTCT,17,True,1
GGAGCTTCAAAAGA,17,True,1
AACTACGTAATCTT,17,True,1
TACAACATTTACAA,17,True,1
TTGCTAATCAACGT,17,True,1
TATAGAAAATAAAG,17,True,1
CCCAAGGATTTTTG,17,True,1
GTGAGCTACTTTTC,17,True,1
CCCGCTGGGATTTC,17,True,1
TAGGACGGCTCATG,17,True,1
GGTCGCATATCAAA,17,True,1
GCGACCAAAAACGT,17,True,1
TCATAGCACATGAA,17,True,1
CTCGAACATGACAC,17,True,1
TTACGACGCACCTT,17,True,1
TAGACCTAACGTAG,17,True,1
TTACTTAGTCGTGA,17,True,1
TCCCACGAGGGATG,17,True,1
TATGTAGCCCGTAC,17,True,1
CCCCAATCTCAGAG,17,True,1
CCTGTCCCCGAATT,17,True,1
TCGGGTCGTAACCC,17,True,1
GGAGATAATTCCTG,17,True,1
GTTTCTTGTGCAGC,17,True,1
ATGAGACAATCCAT,17,True,1
ACATCTTCACCAAC,17,True,1
ATGAACATATAGCA,17,True,1
GAACCCAAGTTATC,17,True,1
TAATTATCCAAAGT,17,True,1
TCTTGAAGTGTAAT,17,True,1
TCCTCCAAACAGTT,17,True,1
TGGTCACGTGAAAG,17,True,1
TTTTATCATCGTCT,17,True,1
AGAGAGACTCATCA,17,True,1
GAAATACATTAAAA,17,True,1
TTACAATACCCCCC,17,True,1
TTCGTTCAGTCAAC,17,True,1
TACTCGACCCCCTC,17,True,1
GAGACTAATCTGCC,17,True,1
TGCGCTCTAGTGTC,17,True,1
AGTCCCACAATTCT,17,True,1
TATAAAACGCTAGC,17,True,1
CACGAGCTGAGGCA,17,True,1
TATCCGTACGTTCG,17,True,1
CATCTGTACGCACC,17,True,1
TGACCGACAACAAT,17,True,1
GTGGTACTTGTAGT,17,True,1
TTATTAGCTATACG,17,True,1
CCACTATGAACCAA,17,True,1
AGGAGCTAAATGAA,17,True,1
TTCTATTTGTCAAG,17,True,1
GGTGTCTCTCACCC,17,True,1
ACCCTTCCAACATA,17,True,1
GCTCGACCATGTTT,17,True,1
GTAAAGCCATACAG,17,True,1
TCCGTGAAGCTAAG,17,True,1
CAGCTCATTCAACG,17,True,1
ATGACGACGCGATT,17,True,1
GAGCAGGACGGCCA,17,True,1
CACCCCGAGCAATA,17,True,1
TGTTTTGTAATCAC,17,True,1
TAGATATTCAACCT,17,True,1
TCGTCCCGTCCTTT,17,True,1
GATGAAAATACCAT,17,True,1
CAAGTAGTTAAGCC,17,True,1
GGATCTAAACCAAA,17,True,1
CTAATTAGAGTAGA,17,True,1
AGTACTTGTGAAGA,17,True,1
CACGTCCGGCCGCT,17,True,1
CCACCCAGTACCCG,17,True,1
ATGGGTAGGGCATA,17,True,1
TGTTCTTAGTGCTC,17,True,1
AGGCGTCCCTATCA,17,True,1
AGAGCAAGTCCAAT,17,True,1
GGTAACATCGGTCG,17,True,1
CTCTCAAAGGGCGT,17,True,1
TTCGAACCCAAAAA,17,True,1
GCATGAATGATTTA,17,True,1
CTTGATCTTAACAC,17,True,1
TGTATGCTTCGTAT,17,True,1
TCTCTTGATTTACG,17,True,1
CCTCGCTAGGCACC,17,True,1
CAATCGGAGAAAAA,17,True,1
TAAACAATATAGTG,17,True,1
GCCCACCTAAAAAA,17,True,1
TCCCGCCCACAATA,17,True,1
AACACGGTATCATG,17,True,1
TAATAGGTCGCACA,17,True,1
ATGAGGAACCGTTT,17,True,1
TACGGCAATGGCGG,17,True,1
TTTATTAAGGATAC,17,True,1
TGTTAGCTACATAC,17,True,1
ACATTGAACGATCA,17,True,1
ACGGCCTTTCTGTG,17,True,1
CCAGCATGCCTCAT,17,True,1
CATTCGTAGCGTCT,17,True,1
CTAAACTGATACCC,17,True,1
TTATGAATATTTAT,17,True,1
AGAACGGAAGAACA,17,True,1
CTAACTGTAATGAC,17,True,1
TGCCGTTACATGCC,17,True,1
TCACCATTGTGAGA,17,True,1
CGCCTGTTTAGGAT,17,True,1
AGACACTAACTTTC,17,True,1
CATATGCCAGATAC,17,True,1
TCGGAGGATAGCTA,17,True,1
TATGAAGATGTGAA,17,True,1
AGAATGCTGCTTAA,17,True,1
AAAGCTCATGAACG,17,True,1
ACCCATTTCGTAAG,17,True,1
GGGGCAAGTGATTA,17,True,1
TCCAATCCGATACG,17,True,1
TGGGACGATAGGTG,17,True,1
GTTTAGGTTCCAGG,17,True,1
CTACTTAATTTACA,17,True,1
TCCGCTGTTTATGA,17,True,1
CACATTACGTTAAA,17,True,1
CGACACGATCTGTA,17,True,1
TATGACCGGAGTGG,17,True,1
TTGTCCTCTGGAGG,17,True,1
CCTTAGTTTCCTAA,17,True,1
ATTGCACGGTAATA,17,True,1
GCAGACGGCAATGC,17,True,1
GGATTAAATGCTTA,17,True,1
TCCTACTTAATGCT,17,True,1
ATTCTTCAGCTTGA,17,True,1
TTAACCTACCTTAC,17,True,1
TTGAAATCTGCCGC,17,True,1
TCCTGGCTACGCAG,17,True,1
TTAACATAAAAAAC,17,True,1
GTACATCCTCTTTA,17,True,1
TAATAGAGATTGCA,17,True,1
CACGTATGTTGTGT,17,True,1
CCTCTCACGCTTCG,17,True,1
ATGGTTCCTGACAA,17,True,1
TTGCGGGGCTATAA,17,True,1
CCCTCGCGGCATGC,17,True,1
GACATACAGTCGCT,17,True,1
CCTAGCGACGCGGT,17,True,1
CAGGGAAGGAAAGG,17,True,1
TTCCTCCCGTAGTA,17,True,1
TCTTCTTATTGCAA,17,True,1
ACACTAGTCTAGGA,17,True,1
TTATCCAGCAACGA,17,True,1
GTCCTGATACACCG,17,True,1
CCGATCGACATAAT,17,True,1
CTGCCTACTATCTG,17,True,1
CTCCCCTTTATTCA,17,True,1
TAATGTGTTTGCCA,17,True,1
CCGATATAAGGAAA,17,True,1
GACTCGATCACCTA,17,True,1
TCAACTTGAAACGA,17,True,1
ATTCCCCTTGTACT,17,True,1
TTGAGGCAACATAT,17,True,1
GTAATGTCAGTTGG,17,True,1
ATGTGCACCCTGTT,17,True,1
TATCTTAACCACTA,17,True,1
CGATGACGATGCCT,17,True,1
ATTAACAACGTATG,17,True,1
CTCGGTTGAACACT,17,True,1
ATCCCACATCGCAA,17,True,1
TAAGGAGTACCTAT,17,True,1
GAATGCGTTCGACA,17,True,1
TGTCATCGATAATA,17,True,1
TAGCGCCCAAGGTT,17,True,1
GTTATCCCATAAAA,17,True,1
GTTTTAACTGTTAA,17,True,1
GACAAGAACGCTTT,17,True,1
CCCTCCTTTGGCGT,17,True,1
TATTTCCGCGTCCG,17,True,1
CCACTTCAGCCAGA,17,True,1
GCCCTTCCTTTTGC,17,True,1
CGCTAGCTTATCGG,17,True,1
TGCGCCATCTGCTA,17,True,1
ATAGGTGAACGCCT,17,True,1
CTCACAAATTTCTT,17,True,1
AGTCGATATTTGAC,17,True,1
AAGGACCGATTTTT,17,True,1
GTACCCCGCTTAAT,17,True,1
CTATAGTTTTAGAG,17,True,1
TCCTCCAGAGTTTG,17,True,1
CTATTGATTATACA,17,True,1
TCATCTTACACAGA,17,True,1
GGTTTCCTTTAAAA,17,True,1
TGGCTCGCAATTTA,17,True,1
CACAATTGATTTGT,17,True,1
TGCGAACAGTTTTG,17,True,1
AGCGCAACGAATAA,17,True,1
CTCATACCATGGCG,17,True,1
TGACACGCGGCATC,17,True,1
ATCAGTCCAATTTA,17,True,1
TAGGAAAAACATGA,17,True,1
TGAGGGTTTGTGAA,17,True,1
TAAGAAACCACTTG,17,True,1
TGGGCTGGCGTCTG,17,True,1
CATGCGCTCATTAG,17,True,1
TAAGCATTCCCTTG,17,True,1
CCGAGCCGAAACGA,17,True,1
CTCTAACGGGTGCC,17,True,1
TTGCTATAAGGTAT,17,True,1
TGACAAAGTTAGAA,17,True,1
TAGTCCCACAATAT,17,True,1
GTGAGGGAATTCAC,17,True,1
GTACACTAGGTGCA,17,True,1
TTGTAGTGAAGAAT,17,True,1
TCATCAACTCCCAG,17,True,1
TTACATATTGCTCG,17,True,1
TTAACCCTCCTTAC,17,True,1
TTGGTCTCAGTGCA,17,True,1
ATTGCCCGTCAATT,17,True,1
TTCTGCAACTCGAA,17,True,1
GTTTAACGATGACG,17,True,1
AATGAACACTTACT,17,True,1
TAGGAAGGTTGAAC,17,True,1
TGTCAAAGTAGATT,17,True,1
GTCTAACAGCACTG,17,True,1
TAACGAAGATTGGC,17,True,1
TTGAAGTAGGGCTA,17,True,1
TAGGTCAACGGCTT,17,True,1
TAATATGCTATCTG,17,True,1
TGGGCGCATAAAAA,17,True,1
TCATTAATACTATT,17,True,1
ATCGATGAGTCTTT,17,True,1
TTTAAATGCAAGCT,17,True,1
GATCGTTCTAACTA,17,True,1
GTTCCAATTCACGC,17,True,1
GTGCAGTTAACTTG,17,True,1
AAACAATTTATGAA,17,True,1
CCTAGAATTGCGCA,17,True,1
ATGCGAGGATTTTA,17,True,1
CTACACTCGCATAT,17,True,1
TTAGTTTGCGAATT,17,True,1
ATATAATCGCGATT,17,True,1
CAGGCTAATAGACG,17,True,1
GGTCTTATGATTTA,17,True,1
CAAGTCCTTAGTCG,17,True,1
TCAAGACTAATGTC,17,True,1
TAATTTCGTAACGA,17,True,1
TGCCTTTGGGTATA,17,True,1
ACATTTTAAGTAAA,17,True,1
TTCCATCGACAGCT,17,True,1
CTCCGTCACTCTCG,17,True,1
GTGGCATCCTTCCG,17,True,1
TATTCATGAAAACA,17,True,1
ATGAAGCCGCATTA,17,True,1
CCTCCAGAAATAAC,17,True,1
TGCATCAAGGATTT,17,True,1
ATCATCACCCATAG,17,True,1
GAATGAACGGAAAT,17,True,1
TCTGTTAGCCCCGA,17,True,1
TAACAGATAAGACT,17,True,1
AGACTGTCTGCGGT,17,True,1
AGAACAAAGGTATG,17,True,1
AAATTCTGACAAGG,17,True,1
GATGCCGTTATTCC,17,True,1
TAGATTAGTGGCGA,17,True,1
ATACTCCCATCAAC,17,True,1
ATGCAATATAGAGT,17,True,1
ACATTTATTTAGAG,17,True,1
CACATAAAGTCAAC,17,True,1
GCCTTTATAACTCG,17,True,1
TAGAGTGCTGCACA,17,True,1
TAGCCACAAAAAAT,17,True,1
GCCACAGAAAAGCC,17,True,1
GTCTCACTCGTCCC,17,True,1
TCAATGTGCTCCTA,17,True,1
GTCTTCGCGCACTA,17,True,1
CACACACTACCAAT,17,True,1
CCCACGGGGGGGAG,17,True,1
ATGCCTGATCAATC,17,True,1
AGCGTTAATGTATT,17,True,1
GGGAAGTATTACTA,17,True,1
GGAGAGCCTGATCT,17,True,1
TCACGATCCCAGTG,17,True,1
TAAATTTACCGGCA,17,True,1
TAAAAGCTTCCTGC,17,True,1
CATCGAACCTGAAC,17,True,1
TAACTTTCATCACG,17,True,1
TAGGTGACGCAACC,17,True,1
CGTAGCAATACCAC,17,True,1
CTACCCCGTACGAC,17,True,1
TTCCAAACAACAAA,17,True,1
TGGGATGTAGTTTT,17,True,1
TAAAATGTATGGCG,17,True,1
AAATGGATTTGAAG,17,True,1
ATGATTGCAGTTGA,17,True,1
GCAGTTTCAAAGTG,17,True,1
TCGGGGTCCTGATA,17,True,1
TATACTGACGTAAA,17,True,1
TTACAGTCCGGAAG,17,True,1
TGCACTTCGTGATA,17,True,1
CGGGCAAAGAACTA,17,True,1
TGTTTTGCCCTCAG,17,True,1
TAAGCTATCTACTT,17,True,1
ACAACGGTGACGTA,17,True,1
TTCTGACAACCGAG,17,True,1
TCCACGGAAACAAC,17,True,1
TTATGCAAAATTGC,17,True,1
GATCGAGCAGCGCA,17,True,1
CATAAGGCGGACTT,17,True,1
GCATACAAAGAAAG,17,True,1
ATTTAAGAATAGGT,17,True,1
TTTTAAACTCCTAC,17,True,1
TGCGTACCAATTTT,17,True,1
ATACAATAAAAAGA,17,True,1
CTCATAGTCCTACT,17,True,1
CCGGTTAAATGTAA,17,True,1
AAGACTGTGCACCA,17,True,1
AGACCGTAAAGATC,17,True,1
TGTTCCAGAGACCT,17,True,1
TTCGGTCTCGCTAA,17,True,1
TCATTGAACACGTA,17,True,1
TTCCCGATCGCGGA,17,True,1
TCACTGTTCTTGAA,17,True,1
TTGAACTACTTGGC,17,True,1
AGTTCATGCTCCGA,17,True,1
TTCGCGACGTTCAA,17,True,1
GTTAGAGACATCTC,17,True,1
GTGTAACGGGATGT,17,True,1
TACTTTGATATCAT,17,True,1
CCCTACAAGAGACG,17,True,1
CCCCCGACGACTTC,17,True,1
GGAAGTGTTTGAAA,17,True,1
TAGAGGTTCGGTAA,17,True,1
TTGCACTTATACTT,17,True,1
GCAAAGCCATTAAT,17,True,1
AAACAACATCAGAA,17,True,1
CTGGCCTTATCCCC,17,True,1
TCGACCTCAATTCG,17,True,1
GTGTATGCCCGCCG,17,True,1
TATCCGGATTGTAT,17,True,1
ATGGAACTGACGTA,17,True,1
AGCCTTACTGAGAA,17,True,1
CATAAGAAACGCAC,17,True,1
TGAGACTTACGAAG,17,True,1
AAGCAGGGCTAATT,17,True,1
CTACGTAATTAACG,17,True,1
TAATATGGCATGAC,17,True,1
CCAGCCTTGCATGC,17,True,1
TATTTAGTGATCGA,17,True,1
CATTCTCTCAAGGT,17,True,1
GGGAACGAACCAGA,17,True,1
ACTCATTCATTACA,17,True,1
TAATGGTCCCTTCT,17,True,1
CAGGTGGTTATGCA,17,True,1
TTCCGAGGAATAGG,17,True,1
GTCAAGAAGAGAGA,17,True,1
TTGAGCCGCGTTCA,17,True,1
TTGTGAAAATGCTA,17,True,1
CGACCGAATGCACA,17,True,1
CGGCGTAGTTCGCG,17,True,1
AATGCAAAATGCCA,17,True,1
ACAAGAGTTCTTCC,17,True,1
GAGGACGCAGGGGG,17,True,1
CACCCACGAGGCAC,17,True,1
GTGAAGATCAGTTT,17,True,1
CATTGCCATAATAA,17,True,1
GTGAATACGGTGCA,17,True,1
CACACGGAGCCTGA,17,True,1
CCCATTCGCTGTTC,17,True,1
GATTCTAGAATATA,17,True,1
TGGCGCCCCTATCC,17,True,1
CTCCATTGACCAGT,17,True,1
TAAGCCCCATGACT,17,True,1
CAATTAAACTTGCG,17,True,1
ATATATTCGATTTC,17,True,1
TTGGCACTCATGGA,17,True,1
TTCATGTGCAAATC,17,True,1
CAACGGAACTTTGT,17,True,1
ACAGGAGTATTATG,17,True,1
AGAAGCACTTAAAG,17,True,1
TTGAAGGGGAAGTC,17,True,1
CAGATCATGCAGTT,17,True,1
GACATGCAGAAACA,17,True,1
TACTGGAGTTTTCT,17,True,1
AGCCTAATCATAGC,17,True,1
GCGCCAAAGCGGGC,17,True,1
TAAAGCTACCACTT,17,True,1
CTCCCATACTAAGG,17,True,1
GGAGCCTCGGATCG,17,True,1
AAATCCGCGCGGTA,17,True,1
TACCTGTAATAACC,17,True,1
CTAACTAAACCGTT,17,True,1
TTCCCACTCGGTCT,17,True,1
TTATCAGAATAATA,17,True,1
TCAACCGTCCTGCT,17,True,1
GCCGATCTCGCGTC,17,True,1
TCGCGAATAAGTAG,17,True,1
TGCATCATGTGCAG,17,True,1
CTTAACATTTACGC,17,True,1
CAGCATTCGACCGT,17,True,1
AAAAACTAATTCTA,17,True,1
ACACTTTGAATGGT,17,True,1
CCCATATCGACTCA,17,True,1
ATAGAGTACATTAA,17,True,1
CACCTCGCCCTAAC,17,True,1
TTTTCTTATTTACA,17,True,1
CTAAAAACACAATT,17,True,1
GTGGGGTATCCAAC,17,True,1
TCCAATGAAACCAT,17,True,1
TGTCATGAGTCTTT,17,True,1
TAACATATGTTCCG,17,True,1
CTGCTACAATCGCC,17,True,1
TGGTAGGACTTCCA,17,True,1
AGGTCTGATTTTGG,17,True,1
CGATCCGGCACTCC,17,True,1
TCTTCTAGGGAGAC,17,True,1
TGTTCAACAGATTG,17,True,1
CAAGGGTGCCAACC,17,True,1
CCCGTTTGGGTGTA,17,True,1
TTCCTGCACGTAAC,17,True,1
CTATTCTTTACGAC,17,True,1
GATCAACGCAAAGT,17,True,1
TAACCCAGGTAGGA,17,True,1
GACAAGGAACCTAA,17,True,1
TGCCTTTTACGAAA,17,True,1
TTTAAATCAGACGA,17,True,1
TGCCTCCCCTTATA,17,True,1
TAAAAGCGAAGGCG,17,True,1
CTGTCAACCAGTGC,17,True,1
GTAAGAATTAACAG,17,True,1
TGAACCGGTCTAGT,17,True,1
GTCCCCCCGTACTA,17,True,1
TCATTATCTTTTTT,17,True,1
GCCGATACTTAATT,17,True,1
TCAACCCTTAAACC,17,True,1
TATGTAACCATCAT,17,True,1
ATACCTATGAGAGT,17,True,1
GGACGGAACACTTG,17,True,1
GTCCTAACGCAACC,17,True,1
TATTGGCTGCAAGT,17,True,1
TTGCCTCGATAGCG,17,True,1
CTGATGAAATACTA,17,True,1
TGGCGTTATTGTAC,17,True,1
AGGCACCTAAATCC,17,True,1
AGGCCCCCCGCACC,17,True,1
GGAAGGCGTGACAG,17,True,1
CTACATGCCCGACA,17,True,1
GTATAGGAATTAGA,17,True,1
TGTTTGCTAAACAG,17,True,1
CCATATGGCTTGTG,17,True,1
CTGACTTGCTTCAT,17,True,1
CTGGCTCTCATAAG,17,True,1
TAGGAACAAACAAA,17,True,1
CTATATCTGCTACG,17,True,1
ATAATTTGAAGCGC,17,True,1
GTGTTTAAAAACGT,17,True,1
TTAAACTGTTTTAA,17,True,1
TCCTACTAGCGGAT,17,True,1
ACCTCCGCGTGGAA,17,True,1
TACTGTCTTTTCCC,17,True,1
GACGACGTCACCCA,17,True,1
ACCCCCTGGCTTCT,17,True,1
TGCGTTATGCTAGG,17,True,1
ATATCAACAAGTAG,17,True,1
CAAGAAAGATGACG,17,True,1
GGGAGAAGAAATTA,17,True,1
AGATCATAACGGAA,17,True,1
CTACATGAGGACCT,17,True,1
GTAGATCTGCGTAA,17,True,1
TGCCCCTGGCCGCT,17,True,1
AACTTAACTGCGCT,17,True,1
TGCATACCACGAAA,17,True,1
TGGACTTTCAATCC,17,True,1
ATGCCAGTATATAA,17,True,1
GGAGCGCGTGGCCA,17,True,1
CTATCGCTTAGTAT,17,True,1
ACACGAAAGATAAT,17,True,1
TATGTTCTCAGACT,17,True,1
TTGACTGACGGGCC,17,True,1
TAAAAACTTATATT,17,True,1
GCTGCGCTAGACAG,17,True,1
TAGCACACTTTGGT,17,True,1
TGCTCCCTTTTTCC,17,True,1
CAAATAGATTGGAG,17,True,1
AATCGACCTTATGC,17,True,1
CCCTCTTCGCGAGT,17,True,1
GTCAAAAACCTAGA,17,True,1
TCGCCCTAAAATGA,17,True,1
GTGAGCACGCCCAC,17,True,1
TCTATTAGAAAATC,17,True,1
ATAAGTACTAAACA,17,True,1
TTAAGTGAGTGGTG,17,True,1
ATAGACATAAATTG,17,True,1
TAAGCTGTATCACA,17,True,1
TTGAACAGCACTTG,17,True,1
CCCTATGCCCGTTT,17,True,1
CGCGTATAACTATA,17,True,1
TATAAGATTTCCAG,17,True,1
TTCTAACAAGCTGC,17,True,1
CTAGTTCTGTACTT,17,True,1
TCCCTCGTACTAGC,17,True,1
ACCCTGGATTCAAT,17,True,1
GATACATTTTTAAA,17,True,1
ATCATGGTTGAAAT,17,True,1
CCACCCTGTCTATA,17,True,1
GCTCATGTTCGAGT,17,True,1
CAATTAGTAGAGCG,17,True,1
CTGCTCGCTCCACT,17,True,1
CCTACAGGCCTAAG,17,True,1
TCTAAGATGAGGTG,17,True,1
TGCTTCACCTGTAG,17,True,1
ATCATCTCGAAGCC,17,True,1
ACCAAAGGTGTTTT,17,True,1
TGGAGGGCGACCTT,17,True,1
ATTGCTTAAAATAG,17,True,1
GATTGTCTCAACAC,17,True,1
CATGACGGGTCCTC,17,True,1
TTGGTTATTTTGTC,17,True,1
GTATTAAGGATGCA,17,True,1
TTTTCGGTCTTAAT,17,True,1
ATATAAGTACAGAC,17,True,1
CTACTTCAAGTGAC,17,True,1
GTATCTCCATGTGA,17,True,1
TGATGAACAGGGTT,17,True,1
TAACCCCACAACCC,17,True,1
CGGACATGTACAAA,17,True,1
CCTATTAATAATGC,17,True,1
ATCATTCATTGTTT,17,True,1
TATCCTCAACAGCG,17,True,1
TACTATTCACATTA,17,True,1
TCTTGGGAACCCGA,17,True,1
GATCCCGGACTGAG,17,True,1
CTAGCTCAGCGCCG,17,True,1
ACACTTAATGCATT,17,True,1
CTACCTTGAACAGT,17,True,1
TTTTATCACTCTGT,17,True,1
GTCCCGCCGAGAGT,17,True,1
CCACCAGTTGAAAG,17,True,1
CACTTCCCCTAAAA,17,True,1
CCCGGTTGGTATTC,17,True,1
TCTCTGTTCCGTTC,17,True,1
TCCATGAACCTTCG,17,True,1
GCATGGGCCATTTC,17,True,1
GTCACTCATCTGCC,17,True,1
TCATTCTGGCCTTT,17,True,1
ATTTGGATTAATTA,17,True,1
ACTGTGACCGCTAG,17,True,1
CAGAGATATGCCAT,17,True,1
CCACACACCGCTCC,17,True,1
GGGATAAAAAAGGT,17,True,1
ACCTTTCACCTGAC,17,True,1
GTCGTATACGGGAC,17,True,1
ATGACAATGCGAAC,17,True,1
GAACTATGGGGACA,17,True,1
AGCTTATAAAACGA,17,True,1
GCTCTTCGCTAACT,17,True,1
TCAATGGAGCTATA,17,True,1
GTATCTCCTACAAA,17,True,1
TGGAGAAGAAGGTG,17,True,1
ACACCCCGTAGTTT,17,True,1
GGAGTTAAACAGGG,17,True,1
TACGAGATGCAGCC,17,True,1
CTATAAACACTGTC,17,True,1
CCCCTGGGTTTCTC,17,True,1
GTGGGTTACAGGCG,17,True,1
CAGCGAAATGATAG,17,True,1
TACAGCCTTTAATT,17,True,1
ACTGTAGAATATTA,17,True,1
CACTTAAAAGAGGT,17,True,1
ACTTCGGACCGTGG,17,True,1
CTCACTAATCGCGC,17,True,1
TAACTCATGACTCC,17,True,1
AGAATACTCGACAG,17,True,1
GTGCTTTATCTACT,17,True,1
AGATAAATTCTGGC,17,True,1
CCTGCTATCAATTT,17,True,1
CACGCACCGACTAT,17,True,1
TACACCTAAGGATT,17,True,1
GCGCCAGGAGCTAC,17,True,1
CGACTTCTTTCCGT,17,True,1
AAGCATCAAGCTTT,17,True,1
TTATTAAAAATCAC,17,True,1
TGCGACTTTTTCCA,17,True,1
ACCTCGATCGAAAT,17,True,1
TGCTTAGTGATTTC,17,True,1
GCCTTGCATATCCT,17,True,1
TTCTCCCGATGCCT,17,True,1
GCCTTGTGTATACA,17,True,1
TTTACTACCTGTGC,17,True,1
TTGAGATCAATATA,17,True,1
GCATTCGGACTCTA,17,True,1
CGTTAGACCTAGGA,17,True,1
CGGACCTTTAGGAA,17,True,1
AACAAAAGAGCAAA,17,True,1
TAACTAGACATATA,17,True,1
AACCTAATACTCGC,17,True,1
ATTGGAATTGTTCC,17,True,1
ATAACACACAAACG,17,True,1
TTCTCTTATAACTG,17,True,1
ATTCACGTCACTCA,17,True,1
TGCGTTTCATCGGA,17,True,1
TGCAAAGGTGACAA,17,True,1
ACGTCGGCACACTT,17,True,1
CTATACATCAATCT,17,True,1
TACGACCTCATTTG,17,True,1
TAAAGCAAGCAGGC,17,True,1
ACCTTCCTCCACGT,17,True,1
GCACGATATTGGCA,17,True,1
ACAAATCCCTTAAA,17,True,1
TTACTCTGGAAAGC,17,True,1
TACCCATCCGTGAG,17,True,1
AAGGGCTAATACCT,17,True,1
ATTGTAAAGCCTAT,17,True,1
TTAATCATGTGAAA,17,True,1
ATAGAATATTGTTT,17,True,1
GCACTAGAAGATGA,17,True,1
ACTCCGACATCACA,17,True,1
ACCAAGTATTGAGC,17,True,1
CCACGGGCGTAAAG,17,True,1
TATCACTTGTTAAT,17,True,1
TCCCATGCTGCCGT,17,True,1
GACCTTGGAGCTCG,17,True,1
TCCCACTCCCGCTG,17,True,1
TGATATGCCAGCCC,17,True,1
TCAAGGTTAGCCTT,17,True,1
GTCCTTTAGAACAT,17,True,1
ATGGTAAATTCCGA,17,True,1
TCGGATAGCCCTTG,17,True,1
GGATCGTTGCTCTT,17,True,1
TAGGACGGCGATCC,17,True,1
GCAGACACAGAAGC,17,True,1
AGGTGGCTCCTACT,17,True,1
CACGGCCATCCCCC,17,True,1
TTAGAGATAAGAAT,17,True,1
AAGGACAATAATAT,17,True,1
CCAAGACGTTTGCT,17,True,1
TGACGCAGGCACTA,17,True,1
TACGGCAGAATACT,17,True,1
TCCAGTCGCCTTTT,17,True,1
CCCACATCAATTAG,17,True,1
TGCCGAAAGTAATG,17,True,1
GGATCTTCATGCCA,17,True,1
ATACACCACGTACG,17,True,1
TTGCTCCGCCCACG,17,True,1
TAAAGCTTCGTCTA,17,True,1
TAGGAAATTTCGGA,17,True,1
CCTATACACTATAA,17,True,1
TTATCGACCACGGA,17,True,1
TTATAAGTCATCTA,17,True,1
AGGACATCTCCTAC,17,True,1
TACCATACCGCCAA,17,True,1
CCCAGGAGTCTTAG,17,True,1
CAAGGGAATCAACT,17,True,1
CGAAGGGCTGGGGA,17,True,1
TAATTGCATTCCCC,17,True,1
TAGGCTGAAGGACA,17,True,1
TGCGTGATATGGTC,17,True,1
CGCCCGGTTAGCGT,17,True,1
CCCGCATATCGTCG,17,True,1
CTGAACTAAGCATT,17,True,1
TAAGCAACACCCAC,17,True,1
CAATAGTTGTATGA,17,True,1
CCTTACTTTACGCT,17,True,1
TGTCAGCTTCACGA,17,True,1
TTCTGACCTATTTC,17,True,1
CCATCGCTCGGGCC,17,True,1
CTCGCTGCCTGTAT,17,True,1
TCTTCCCCTATATA,17,True,1
CAGATGTGTTGATG,17,True,1
ATTTGTCTTATATC,17,True,1
CACACATTAAAAAT,17,True,1
TGTCTCCGGCTAAG,17,True,1
TTCCGGCAGTTAAG,17,True,1
GTATTTATTTCCCG,17,True,1
TTGAACTAGAATCT,17,True,1
TATTTAACGCTACA,17,True,1
CTACTCACCCCCGC,17,True,1
TTCTTGCTGGTAAA,17,True,1
AAGCGGAGCGGTAA,17,True,1
GCGGCATTTTGAGA,17,True,1
CAAGACGAAATACC,17,True,1
TCATGAATTTGTAC,17,True,1
TCCGATACTGTAAT,17,True,1
TATCAAACGCGAAA,17,True,1
TCGCAACGGCGAGC,17,True,1
TGGAAAATCAATTC,17,True,1
TAATAAAGTTTTCA,17,True,1
TATAGGACGGCAGG,17,True,1
CCAACGCGAATATA,17,True,1
GGTGGCCTATTTAT,17,True,1
GGTGAGCCAGGACA,17,True,1
AAGCCCTATAACAC,17,True,1
AACACATTAGTCCC,17,True,1
GTGTTTTAATGATG,17,True,1
TTACATAACGAGCG,17,True,1
CCGATAAGCCTTAA,17,True,1
CAATCTCGTGATTG,17,True,1
ACCCCGATCATCAT,17,True,1
GATCCTTGATAAAA,17,True,1
TAATCGAAGGAACA,17,True,1
TCCAAGATGGAAAG,17,True,1
TACTACTCATAGGA,17,True,1
TGACACCGTAATCC,17,True,1
GTGGAGCAACGTCG,17,True,1
ACAAAGCTAATCGT,17,True,1
CTACTACTACCAGT,17,True,1
GTCGGCTCTACAGT,17,True,1
CATGAGATTACAGC,17,True,1
TTGGTAAAAAATAT,17,True,1
CGTTCGAATTGTCC,17,True,1
TCGAAGATGCTATT,17,True,1
GTGAACTGGGACTA,17,True,1
AGACGCATGAGGTA,17,True,1
CCACAACTTAAGGC,17,True,1
AACAAACCCATATC,17,True,1
CACTCCCCCCCCGC,17,True,1
CATCACTCGAATTA,17,True,1
TGACCACATTAGTA,17,True,1
ATTGATATAAACAC,17,True,1
TTTAGAACAACAAG,17,True,1
ACCCAATGTCATTT,17,True,1
GAGACTGGACGTCG,17,True,1
TCTTTCTTAAGACG,17,True,1
CAAGAGCTTCAAAA,17,True,1
ATAGCAATGATATT,17,True,1
GTGAGTTTGTTCAC,17,True,1
GTCCATGTTAGGTA,17,True,1
TTAAGCATAGGTCT,17,True,1
TTAAAGATCTCCAC,17,True,1
TTGTTACTATGGAT,17,True,1
GTCATTGAACAATA,17,True,1
CGTGACTATAGTCG,17,True,1
GTCTACGCCACGCT,17,True,1
CACCCACAACTGTG,17,True,1
TGATCGCGCCAACC,17,True,1
CGCTTGAGAAATGC,17,True,1
ATGCTTGTTGGCCA,17,True,1
TTATTAACCGATTC,17,True,1
TCCACGTCAATTTC,17,True,1
AGGGCTACTTATCC,17,True,1
TTTAAGGAGCTTCG,17,True,1
CGAGTCGATCATTT,17,True,1
TCAGCTTCGGTCAG,17,True,1
TCCTTCGGGAGTGG,17,True,1
TGTCTTTAGTATTG,17,True,1
GGTTGAGATGTAAA,17,True,1
AGAAACATTACTTA,17,True,1
TTCTAAGTAAAGGA,17,True,1
GAACACTCCCCCAC,17,True,1
TTGCTTACCCTGGC,17,True,1
GCAGCTTAACGAGT,17,True,1
ATCACGAAACCGTG,17,True,1
GTCTCCCCTAGCCC,17,True,1
GGACCCGTTGGAAG,17,True,1
TAGATCCCCGAGGA,17,True,1
GTCATTCACCTTAA,17,True,1
TCAGTCTTATATTG,17,True,1
TTTGAATATTATAC,17,True,1
CGACGGGAAACAGT,17,True,1
ATATCACGTCCCGC,17,True,1
TTTGGGTTCTTAGA,17,True,1
TATTCCCCGTGCCT,17,True,1
TGTTAACCTACACA,17,True,1
AAAAGAATGTGGCA,17,True,1
GGGCTCCACCAAGG,17,True,1
AAGCCTATTGAGTG,17,True,1
GTATTATTGCTGAA,17,True,1
TCTCCCGCTAACAA,17,True,1
AATGTTACTCTTAG,17,True,1
TGCGGGTTTCCAAC,17,True,1
CCTGGAGACCGTCG,17,True,1
AGGACTGTGTCCGT,17,True,1
AATCATTTGAAGCG,17,True,1
ATTTCACTGGCTCT,17,True,1
CGATCTAAACACTT,17,True,1
TACACAGGTAGCTA,17,True,1
TCCACAAATTGTCC,17,True,1
TGATTAACTCATAA,17,True,1
TTGATTTATAGTCC,17,True,1
AGTCTTCCAAGCCC,17,True,1
CACCACCTCACGTG,17,True,1
TACGCACGCTCAGG,17,True,1
ACAACTCCGCAACT,17,True,1
CTATTTGTTTAGAT,17,True,1
GCATGAAAATCGAC,17,True,1
ACATTTCAACTTTA,17,True,1
TAACGTCACTGACG,17,True,1
GGACGATGTGAATG,17,True,1
CTATTTCAGTTTCA,17,True,1
GTAACCTGAAAACT,17,True,1
CAATTCATCCTATA,17,True,1
ACACCTATTACCAG,17,True,1
GGTACGTCTTACTA,17,True,1
TAAATAAGATAAGG,17,True,1
TCTAAAGCGAAATA,17,True,1
TCGTTATGTTCTGC,17,True,1
ATGGCAGATCTGAC,17,True,1
AGCTCGTACCCTGG,17,True,1
TAAGGAGACTCAAA,17,True,1
CACAGCCGCGCCGA,17,True,1
GTGACGCAGAAACA,17,True,1
ATCGAGCCGTTTCC,17,True,1
GCCCCCTCGCTCAG,17,True,1
TCCTGAAAAGGTGT,17,True,1
ACTATTCTTCTTCT,17,True,1
TAGCTGGGCAATGA,17,True,1
TACTTTGGTACCTA,17,True,1
CCACGTCCGTGTAC,17,True,1
GGTGTTACTTCACA,17,True,1
TCTCTTTTATCCCT,17,True,1
GTGATAGTCGTCCG,17,True,1
GGAAGAACTATAAC,17,True,1
CAGGAATCGAAAAA,17,True,1
AGGACATTTTCGCT,17,True,1
TAGGCGCTGGGACC,17,True,1
TACCGTGGGTACGG,17,True,1
GGTATTCCTGAAAA,17,True,1
GGATTACGTCACCG,17,True,1
GACCCATACGTTAG,17,True,1
AGCCCGAACTAAAG,17,True,1
TAACATCGCACAGT,17,True,1
GGCGCATACTTAGT,17,True,1
TGACAAATTTCAAG,17,True,1
TCCTAATGCTATAC,17,True,1
TTTACCATACTAAA,17,True,1
AGTAAAAATGGATA,17,True,1
CACATTGTCGCATC,17,True,1
CACAGAATTAGGCA,17,True,1
CTGTGCCGATAGGG,17,True,1
GGATTATATCCAGT,17,True,1
ATTGCGTTGTAACA,17,True,1
TGTTTGCTTAACTA,17,True,1
TCCCGGCTAAAAAA,17,True,1
TCAATAGCTATAAT,17,True,1
CCCTATGTGCTACT,17,True,1
CCCGCAATATTGCT,17,True,1
TGAAACGGATCACA,17,True,1
GTCCACCCACTCCT,17,True,1
CTACCCCTTGTCTA,17,True,1
ACCTGACGATGTTA,17,True,1
TAGTTCACTGTAGA,17,True,1
CCTTAGATTTTGTA,17,True,1
ACCTGAAAGTTACA,17,True,1
CCTTCATCCGTCCT,17,True,1
TTAATTTCCCCAAA,17,True,1
CTACATAACCTGAC,17,True,1
AGCGCTTTGGCAAT,17,True,1
TATGCACCAGACCG,17,True,1
TGCTTATTCTATAG,17,True,1
GTCTAATGAAAACA,17,True,1
TCAATAAACGCCGG,17,True,1
ATAAGGGACAGCGA,17,True,1
TAAGTTTAATTAGC,17,True,1
ACATAATGAAAATG,17,True,1
CCTCCCCGAACCCC,17,True,1
TTATATAAAACGAG,17,True,1
TATCCTTTTTATTA,17,True,1
TCAAAGGGATGGGC,17,True,1
CAATCGATTTTGAA,17,True,1
CCTTAATTAGTAGG,16,True,1
AAGGCAAACATAAT,16,True,1
GCTACCCATATTTA,16,True,1
CGGCATAGCATTTA,16,True,1
CTCCCAAATTCGTC,16,True,1
TAAGCGGAGAGAGG,16,True,1
CTGCCGGACTTCAA,16,True,1
TTCTCTTACTATAG,16,True,1
TTGTACTTAGCAAG,16,True,1
GTCTTTATAATTAC,16,True,1
GGAGCCTCGGGATC,16,True,1
TCGCATAGCACCTC,16,True,1
TAACACCAAAAAGA,16,True,1
TGGATGCGGGTAAA,16,True,1
GGATCATTAATGCC,16,True,1
TAGAGTGCGCAAAC,16,True,1
TCATGTTCCCGTTA,16,True,1
ACATCTTACCAAAA,16,True,1
TTCTTATAAGACAT,16,True,1
GCGTCGATAGAAGC,16,True,1
CCCACGCCCCGTCT,16,True,1
CAAGCTATGATAAC,16,True,1
TGCACGACGATACT,16,True,1
CCTGCAGTAAGTGC,16,True,1
TCGAGATCGTTTCT,16,True,1
GTCCATATGTGAGA,16,True,1
CAATGAAAGATAGC,16,True,1
TGCTCCGTTATAGC,16,True,1
TCAGAAGAAGCTTA,16,True,1
AGCCCCGCGTTTAA,16,True,1
TTAAGGCCTATCCT,16,True,1
AGGGAGGTACCCGT,16,True,1
GTATAGACTGTTTA,16,True,1
TCTATGAATGACAA,16,True,1
GTGCCCCTCTGACC,16,True,1
TTCGACGCCAGGAA,16,True,1
AAATCATTAACTGC,16,True,1
TTGTACTGTATATA,16,True,1
TCAAATGTCCATCA,16,True,1
CCCGAAAAAAATAC,16,True,1
CCTCATCTGCACAT,16,True,1
AATACCCAGCCGTG,16,True,1
TGGAATAATACTTG,16,True,1
ACTACTAGAGCCCA,16,True,1
AGGCTAGAGAAAAC,16,True,1
AAACTGCAGAAATA,16,True,1
GGGTGCTCGACTCA,16,True,1
CGGCATATCTAGCT,16,True,1
TAAGTGGTGTGCGA,16,True,1
TTACTGTGCCAAGG,16,True,1
TGGGTGTAAAGGCT,16,True,1
TGAGGTCAACCCTA,16,True,1
GTCTTGCCACCAAC,16,True,1
GAACTGTGACCCCA,16,True,1
ACCCCTTTAATACG,16,True,1
CCGATCTAACGAAT,16,True,1
TGAACATTAACTAT,16,True,1
TAATATATATATGG,16,True,1
CACAAGCTTTACAG,16,True,1
TCCTATGTGCAGGC,16,True,1
CCAGCGACTACATC,16,True,1
TGAATGGCATGTGA,16,True,1
GAACTTCGGCAAAC,16,True,1
TTCGCTTCCTATGG,16,True,1
AACCGCTTAGTACG,16,True,1
TTTTTCGGTCGTTG,16,True,1
AGAAAGGTTAACTC,16,True,1
TGCGCAGTGACTAG,16,True,1
TAGTGGATAGCTTA,16,True,1
CAAGAAACGAATAA,16,True,1
TTAGTGAGTAAAGA,16,True,1
TCGGCTTTTTAAAA,16,True,1
TTTATTCAGCCTAA,16,True,1
AGGCCGCTGAAAAT,16,True,1
TGGAATCTTTGCTG,16,True,1
GGGCAAGGCACTTT,16,True,1
GTGTTCCCGTGTAA,16,True,1
GCTACACCTAAACA,16,True,1
TTTGCCCGAACACC,16,True,1
ACGACTCGGCCGCT,16,True,1
GTCAGGACTTCACG,16,True,1
CTCAAACTCCCGCT,16,True,1
GTATGTAGTCACAC,16,True,1
CACAAGTCCCCCGT,16,True,1
AGACAGGGTTGCAT,16,True,1
TAGACCTGCCGCTA,16,True,1
TGTGAGTAGTTGCG,16,True,1
TATTCAGCCGAGGG,16,True,1
AGGGTAGTTCGCTA,16,True,1
TAATGCATATAGAC,16,True,1
TTACCGCTAACTTA,16,True,1
TTAGTACCTACGGA,16,True,1
TCACATGGGCCGCT,16,True,1
TGAGTCCCAGAATT,16,True,1
ATCTTCATAGAAAT,16,True,1
GACAAAACAATCAT,16,True,1
ACTGTGAATTATCT,16,True,1
TAGCTGCGCCTTCA,16,True,1
TCATTGTGCCGACT,16,True,1
ATACTCATGATGTG,16,True,1
TACTCCTAAAATTT,16,True,1
CCACATTGCGTTAA,16,True,1
GTCTGCCACACTCC,16,True,1
CCGCCCCGAACCTA,16,True,1
TGTGTATATGACTA,16,True,1
CTTCAGTCTACCAC,16,True,1
CCCATAACTGTACT,16,True,1
ACCATATCCGGCTT,16,True,1
GAGAGGCGTATTAT,16,True,1
AGAAAAGTACCCTC,16,True,1
CTAAGGGCAGCTAG,16,True,1
TTTCCACTTGCAAC,16,True,1
CTGTGATTATTTAA,16,True,1
TGAAGACCAAAAGC,16,True,1
GAAGTAACTTGGTA,16,True,1
ACACCCTGAATGCT,16,True,1
TGATCAACGATAGG,16,True,1
CAAATCCGATCTCC,16,True,1
GCGGTACGAATACT,16,True,1
CAAGATTATTCACA,16,True,1
TACAGAGCCCCTAG,16,True,1
TTAAAACGAAGATC,16,True,1
TGCTCAACCTAGAA,16,True,1
AAACCAAATTTCCC,16,True,1
CTCCCCCGATTCCT,16,True,1
CCCTCGCCTCTACT,16,True,1
AGGATTATTAGCTT,16,True,1
CACCCTGCCATAAT,16,True,1
TAGATTCCGCATAC,16,True,1
TCAGCACAGGATTT,16,True,1
GCCACCTTAATATA,16,True,1
TATTCGAGTTAGCT,16,True,1
GCCGCACTTGGTAG,16,True,1
GTTTATCTACATTT,16,True,1
TGTGCTTACTTCTC,16,True,1
TAGCGTGATAAATT,16,True,1
TTATAAAATTAGGC,16,True,1
CGGATCGTTTATTG,16,True,1
GCAAAGAATCTCTC,16,True,1
TGGGAAGAGTACGT,16,True,1
GCGAGCGCTCGTTC,16,True,1
GCACCCTAGTAACG,16,True,1
CGTCACATTTCTTC,16,True,1
TAGGTATGGCGCTT,16,True,1
ACCACTCATGAATT,16,True,1
TGTTATATATTGCA,16,True,1
GCCCAATACTTCCT,16,True,1
TGCGTGGGTTACCT,16,True,1
TGGTACAGCAAAGG,16,True,1
ATCATTACTTGCCT,16,True,1
TAGTATCACGAGAG,16,True,1
TTCATTTACCACAT,16,True,1
CCAAATTCAACTAC,16,True,1
TCTAGAGGATGTCG,16,True,1
AGCATTAAGACCAA,16,True,1
CATCCGAAGAGTAT,16,True,1
TCCTCTGGGTCACC,16,True,1
GGAGGTATAGTGAT,16,True,1
TAACCTGCCAGACT,16,True,1
TTTCTCCTATTCAA,16,True,1
TATGTTTTAAATTG,16,True,1
AAAGCAGCAGCCGA,16,True,1
ACACCGCAAACCAT,16,True,1
CTACGCCAAAAAAC,16,True,1
GCAACCTTGCGTGG,16,True,1
GGTTAGGAGAAGGA,16,True,1
CCCCGGGGCAATAG,16,True,1
GACCTAGCATCACT,16,True,1
CCATCCTCACCCCT,16,True,1
TGACGTAAAGGTCG,16,True,1
TTGATAGGAACACC,16,True,1
TTCTTACATATCTC,16,True,1
ATCATAGGTGTAAC,16,True,1
TTCAGTTTTACTAT,16,True,1
CTCAAGTTCTCTAG,16,True,1
CCCGCCAGCCGCCA,16,True,1
CCGAAGCCTGCACA,16,True,1
CTATCTCATGCCAC,16,True,1
GTATGACCACGTCA,16,True,1
GTTCTTAGGGGTCC,16,True,1
GCTCCGAGTCGGCA,16,True,1
ATAGTAGAGTATTG,16,True,1
ATCCTTTTTATCAT,16,True,1
TACCTTTTCTTGAC,16,True,1
GCACGTTTTTGGTG,16,True,1
CAAGCAACCGCTAA,16,True,1
TACTTCACATGCCC,16,True,1
AGGGACAACGATAC,16,True,1
GTTCCAGTTATACC,16,True,1
CCCGACTATATAAA,16,True,1
GGCGAGTACTAAAA,16,True,1
AGCACCGACGTCCC,16,True,1
GAGCTGATGGAAAT,16,True,1
TCCACGTTTGGTTA,16,True,1
CGTACAAACGCACC,16,True,1
TTAGAACTTGAAAA,16,True,1
CCACGCGCGATATG,16,True,1
TCGTACGTCAAGCT,16,True,1
TACATAAATCAGGA,16,True,1
TACTCTCGATTTGG,16,True,1
ACACATGGACTTGG,16,True,1
GATACCATTGACAT,16,True,1
TGTAGGCTGAAGGT,16,True,1
TAGGAATAAAATGA,16,True,1
TCGGAAAGTGAGTA,16,True,1
CCACTATCACTAAT,16,True,1
GTAGTTAAAACCTT,16,True,1
CCATGCCATTATTT,16,True,1
TTTTGCATCAGATT,16,True,1
ATGAACCTCACAAC,16,True,1
ATAATACTGACACG,16,True,1
TCTTAAAGGTCACT,16,True,1
CCACTGGCCCACTA,16,True,1
TCAACCCACGTTGC,16,True,1
TTATATTATCTAGA,16,True,1
GACAAGAACAGCAT,16,True,1
TAAAGTAAATGTTG,16,True,1
TAAAAGATAATGAC,16,True,1
TAACCTTATCAATT,16,True,1
AAGGTGACCAGTAT,16,True,1
TCGAGTAGAAACTA,16,True,1
TTGTGGTATTAATT,16,True,1
TTTCGGCGGTCCAT,16,True,1
TAAACGCTTTAATA,16,True,1
AATGTATAATTAGA,16,True,1
GGCATAGGCTTAGT,16,True,1
TGGATATCTAGGAG,16,True,1
AACACATGGGCCAA,16,True,1
TCACGGCCCGGATC,16,True,1
AGTCTTATACAAAA,16,True,1
GTGACAGGCGGGTG,16,True,1
ACCCGAAACTGCTC,16,True,1
TACTGATATTAAAT,16,True,1
CAATGCAGACCGGC,16,True,1
ACAGGAACGATTTT,16,True,1
GCCACCCAACGACC,16,True,1
TATATTTCTGCAAC,16,True,1
TGCCCTTTCATTCT,16,True,1
TAGCGGATCATATG,16,True,1
TCCTACTGAAATAA,16,True,1
AGATTCCCAGTTCT,16,True,1
AAAGAAGCATAAGA,16,True,1
GCACTCGTCGAGAC,16,True,1
TCTTAACACTGGTG,16,True,1
TAGCAGTATATCGG,16,True,1
GACACCAATCTATA,16,True,1
TTAAGGCTTTAAGG,16,True,1
CTATTACGTGTATC,16,True,1
CGCGAGCATAGACA,16,True,1
CATTATACCTCTAT,16,True,1
CTGCCTATACCTCT,16,True,1
CCAGATAATTTGCG,16,True,1
TCGACGTCCACGTC,16,True,1
TTGGCTCAGTTAAG,16,True,1
CCGACCCCCGGCGG,16,True,1
GGAATATGATTAAG,16,True,1
TGACAGACCCTGCA,16,True,1
GGGACGGCCGAAGG,16,True,1
AGACCGGATATGCG,16,True,1
AGCATCGTGCTCCC,16,True,1
CCTATAGAAACTAC,16,True,1
ATTAAACAAACACC,16,True,1
TAGGCAGCGCACTC,16,True,1
TCACGGTAGAATGT,16,True,1
CTAAGTCAGAAATA,16,True,1
TGCAAGGCTTCTTA,16,True,1
TTAACGCCAAACTA,16,True,1
TTGCAAACTGCACC,16,True,1
GTGTCTCAAGTAAC,16,True,1
TAACTGTTATGCCT,16,True,1
TGTGATGAGATGAC,16,True,1
TAGTCAACGTACGG,16,True,1
TAGGTTACTCTTAC,16,True,1
AACTGCCCTGCAAC,16,True,1
TACCGCATGGTATA,16,True,1
TCCCATAAGAATCA,16,True,1
TGCATGGCTGCTTC,16,True,1
CATGAACTTTTTAG,16,True,1
TTAGAACGGAACGG,16,True,1
CCCGGTGACAGGTC,16,True,1
CAATAACGAGTCAC,16,True,1
TCCTTTTCCCGGTA,16,True,1
TACGATTAGCCCAA,16,True,1
CGCTTGCCCGCACC,16,True,1
AATGGGGCAATAGA,16,True,1
CCAGGTAATTATAG,16,True,1
GCCCCTAGTGATGC,16,True,1
AGACAGTCTTCCTT,16,True,1
AGAGGTACTCATCG,16,True,1
AGTGCTGCGACAAT,16,True,1
GTGTCTCGTGAGAG,16,True,1
CTGCGCAGGCTACT,16,True,1
TTCGTACTTCTGCG,16,True,1
ATAAGGATCAAAAT,16,True,1
GTATAATGCCGAGT,16,True,1
AACCTCCTCGACAG,16,True,1
CGTTTTATCCAACA,16,True,1
CCCGTCTTTCCACT,16,True,1
CACATTGTCCAAGC,16,True,1
ACAGTGGAGGTCCA,16,True,1
ATGAAACTAATCTA,16,True,1
CACACACCCCTCCA,16,True,1
ATAGATTAGTAGCC,16,True,1
AACTCCCTTATAAC,16,True,1
TTCGTGTTTCACGG,16,True,1
TTCTTACTGACTTG,16,True,1
GGCAAACGTAACAT,16,True,1
GACAGAATAATCCT,16,True,1
AAACCAGTTTAAGT,16,True,1
TATACTTAAATGTC,16,True,1
CTCATAGTCATAAC,16,True,1
TATATAGTGATCGA,16,True,1
TCAAGCGATCGATG,16,True,1
GACATAGGCTCCCG,16,True,1
CATAGTAGATGAAT,16,True,1
TGCATGATTCACCA,16,True,1
GCATATCTTTATCC,16,True,1
AATCACGACAAGGA,16,True,1
TACGCCTCGCTCCC,16,True,1
AACAAGCCCAATAA,16,True,1
ACAGAAATCCAAAA,16,True,1
TACATCGTTATACC,16,True,1
TTAAATACCGCGAA,16,True,1
CTGCTGCCGTGTGC,16,True,1
GCACAATTCATCGA,16,True,1
CTCTAGCAGTTTCT,16,True,1
GCCAGACTTCAGTG,16,True,1
TGCGAGAAAAGTGC,16,True,1
ATGGAGTTTTTAAT,16,True,1
ACATACAAATTACT,16,True,1
TGAGATGAAGCCAG,16,True,1
TAAAATCCAGTCGC,16,True,1
TGTAACTGATATGT,16,True,1
ATCAGCCCTATACT,16,True,1
TCCACGTTAGGCGG,16,True,1
GCTCACATACTCTA,16,True,1
TCCTCGCCCATGTT,16,True,1
ACCAACATCCCCGT,16,True,1
TCCCCTTCAAAGTA,16,True,1
TGGCTATTGAGAAT,16,True,1
TCCTAATACAACCC,16,True,1
TACAGTAAGAAATA,16,True,1
ATAGACGTCACAGT,16,True,1
GACACTGTTAAACG,16,True,1
TCACCCACAAAAGG,16,True,1
TTATGCTTTTCTCT,16,True,1
CCTACCACTACTAG,16,True,1
GAGCCAGATACATA,16,True,1
TTGGATTGATCGAC,16,True,1
AAATGAATGTTGGA,16,True,1
CATCACCGGTAAGT,16,True,1
CGTCTTCTTTTAAA,16,True,1
TCCATGCGATAAAC,16,True,1
TAAACACCTCCGCG,16,True,1
GTCCCCCTTGGCAC,16,True,1
TAATGTTCGATCCC,16,True,1
AACCCTGCCGTACG,16,True,1
TTATTACGATAGTA,16,True,1
TAGAACACCACTTT,16,True,1
TATGTTGCCAGTAA,16,True,1
TAGAGATTTACCTA,16,True,1
TTGCGACATGTACA,16,True,1
TGTGCTTTTATGAC,16,True,1
GACAATCCGGATAC,16,True,1
TCCCCAGCTGGCAG,16,True,1
TAAACTACCGTAGC,16,True,1
TGAAAAAAATGTGA,16,True,1
AAGGCCCGAGAAGA,16,True,1
AGGTTTTCGACTCG,16,True,1
ATCTTGTATGGCAT,16,True,1
ACAGGGATACCCGA,16,True,1
TTCCACAACCAATA,16,True,1
GAACTCCGGCCACC,16,True,1
TTCACATGTTAGCA,16,True,1
CAGACTGGAAAATC,16,True,1
TCAAGCAGATCCGG,16,True,1
TCATTTTATCACAG,16,True,1
TATGTCTTCTAAAC,16,True,1
CATTATTCATCAAA,16,True,1
TGACACCATACCCG,16,True,1
TCCAAATCAAACGA,16,True,1
TGTGCTTATTCATA,16,True,1
CTAATTATAGCCAG,16,True,1
TTTCAAGATACGTC,16,True,1
ACCCCTCAGCAAAT,16,True,1
TAGGACTGGGGTAT,16,True,1
GCATGATCTAAAAT,16,True,1
GCCTATTTACCCGC,16,True,1
TAATATAACAGAGT,16,True,1
GTATACATAATGCT,16,True,1
TTCGACTAGACGCT,16,True,1
CGGTCAATCGAGTC,16,True,1
GCAACTCGGAACAA,16,True,1
CGGATCAGATTTAT,16,True,1
CTATCAAATCATGA,16,True,1
ATACCTCGGTTTGT,16,True,1
CATATCGGGTGCCG,16,True,1
GCAGAGATGAATTA,16,True,1
GCCACCTACCCGTA,16,True,1
AAGGAGCTTTCTTT,16,True,1
CCCTATCCGATCCC,16,True,1
TCAAGCGGGTGGGA,16,True,1
AGGGTATATTCTTT,16,True,1
GTATGCCTGGGGTG,16,True,1
GGATCTGAGCCTCT,16,True,1
GAAGTTCCAAGACA,16,True,1
GCCGTCATTGTTTA,16,True,1
CCACAGCCTACTTT,16,True,1
TGCCGGCCGGATTT,16,True,1
AAGGTCTATTAAAA,16,True,1
CTGAATGTGGTATA,16,True,1
AGCAATCGCATAGG,16,True,1
TTAATGGAAAATTC,16,True,1
AAATACCACTGGAT,16,True,1
CCTAGATTATCTTG,16,True,1
CAGTAATCGGAGTA,16,True,1
TTCATTGATAGGTG,16,True,1
TTTAATACGGTCGG,16,True,1
TCACTACCCGTGAC,16,True,1
GTACCTCTGTGACG,16,True,1
ATAGCGCCGATAAG,16,True,1
TGCAAATGCGACTC,16,True,1
CGGCTGACCCTTAG,16,True,1
CCTCCTGAATTTGG,16,True,1
GATGTCGCTATATA,16,True,1
AGTGACACGTACGT,16,True,1
ACCCTTTCTAAACA,16,True,1
ACCACAAGATCCAA,16,True,1
GGAAGTATCGGGAC,16,True,1
ACCCCTTGATTAAA,16,True,1
GAAGACCTTCGAAA,16,True,1
TCAATGTAGTAGAC,16,True,1
TGGGAGGATTTCCT,16,True,1
TTCGTACAAAACAA,16,True,1
CCGCGCCCCCAATC,16,True,1
GAACCACTTTTAAA,16,True,1
CTGATTAGCCATAT,16,True,1
GGACTGACGATAAT,16,True,1
TTGCGTATACTTTC,16,True,1
CCACTATAGTCCTA,16,True,1
ATGGGTAGGTTACA,16,True,1
TATCTGTTTAAATA,16,True,1
GAGGACCGTTATAT,16,True,1
ATCGCATCCTTGTT,16,True,1
TCACAATGATTTCT,16,True,1
GCAGATCTCAAGCC,16,True,1
CCTAGCCTTTGACG,16,True,1
AAGGATCAGCGATC,16,True,1
CAAACTACAAGGTA,16,True,1
TCACACTCCTAACA,16,True,1
CTTAACATGACCAA,16,True,1
CCAGTTGTCACGAC,16,True,1
TGGTGGGTATGACT,16,True,1
TTTGTAGGGAATGT,16,True,1
GCTGCCTGTAAATC,16,True,1
AAGCTGGCTAGTGG,16,True,1
AGTAATGTAGTCCG,16,True,1
TTTGTTTACAACTA,16,True,1
TCCGTGTCCGCTTG,16,True,1
AGTTCAGATTCACC,16,True,1
TTATCAAGTTAAAT,16,True,1
ATGTAAAATTAAGA,16,True,1
AATGCAATCTACGA,16,True,1
TCCTTGATCAGGGA,16,True,1
TTCGTAATGGCGTT,16,True,1
ACGAGCATGCTAAT,16,True,1
AGTAATCACTCCGT,16,True,1
TCGATCTCAAAGTC,16,True,1
CTCAGTTGGGTTAC,16,True,1
TGTAGCACGTGTTA,16,True,1
TTCCTGCTGGAAAC,16,True,1
TGGTAATTAATTGC,16,True,1
CTACTTTCGCTACC,16,True,1
TACCTGCTAAATAC,16,True,1
TCAGAATCTAATCA,16,True,1
TGGGCGCCCCCCAT,16,True,1
CTCCGCCAAGGATA,16,True,1
GAAGCACATTTCAA,16,True,1
TTGCGGGAGTTTTG,16,True,1
ACTCCGCTACAAGC,16,True,1
TAGATGAGGGTCGA,16,True,1
GACCATGTTAGAAG,16,True,1
TTTTCCCTCTCTGA,16,True,1
TAAAGATCTGTGCT,16,True,1
AGGTTAACTACGAC,16,True,1
GGATTAGGTTTGAG,16,True,1
AGAGAAGAGGGACC,16,True,1
CATACTGATGAAGA,16,True,1
CCATGATCGAATCG,16,True,1
TATAGCTACTTCTG,16,True,1
GTATTCAAGTAAAA,16,True,1
TGAAGTTTGTCGGT,16,True,1
TATGTGATATGGCT,16,True,1
TTAGACATTTATTG,16,True,1
CCCTCGCCAAGGGA,16,True,1
CACTCCCCACCCCC,16,True,1
CTGCGCGATTGTTT,16,True,1
AAAGAAGATATTGC,16,True,1
CCTCCACACCGAGT,16,True,1
GCTCGGAATGAGCA,16,True,1
AACCACCTCTGTAG,16,True,1
TACTTATAGCACAG,16,True,1
CAATCGCATATAGC,16,True,1
GTTGTCCCAAAGCC,16,True,1
GCGGGTAAGAATTA,16,True,1
GCCTTTGATCCATT,16,True,1
TTGCACCGGCCCTG,16,True,1
GGGGCGAATATCTC,16,True,1
TCCCAAACGTCACA,16,True,1
TGCCTTTGGACGCC,16,True,1
TGCCTTAGATGTCT,16,True,1
CACAATTCAAGCAA,16,True,1
GAACTACAATCCCG,16,True,1
GAGGATATCAGTAG,16,True,1
TGCGGCGGGACGTT,16,True,1
TAATGTGTGAATTT,16,True,1
TACCACTATACCAT,16,True,1
GAAACATCGCGATA,16,True,1
GCACCTCGGGTCAT,16,True,1
GTGCACGTCTGAAC,16,True,1
AAACAACCTTACAG,16,True,1
ATGGCGCAATCTCT,16,True,1
GTGGTTGACAGCGC,16,True,1
AATAGCCCTGAATC,16,True,1
TATGGGGAGTCTCT,16,True,1
TAATACATTTAGTG,16,True,1
TGTTATCATACATT,16,True,1
AACCTGAGTGTATT,16,True,1
ATGAAAAAACGCTT,16,True,1
CGTCCAAAGGTTGA,16,True,1
AATACCAGTCTTTA,16,True,1
GTGCCTACAATGAA,16,True,1
TCGAAGTATTTAGG,16,True,1
TAGTGACGTACTAT,16,True,1
CCGTGGCCTAGAGG,16,True,1
GTATTGTTGGGGAC,16,True,1
TGGTTTGATATGGT,16,True,1
TACTACGCATTTTG,16,True,1
GGACAACAAACATT,16,True,1
ACATTTCGTTTACC,16,True,1
GTCACGGGTCGTCT,16,True,1
AGTCTTAACTATCT,16,True,1
TACAAGATCACTGG,16,True,1
CTCAACTTGTGAAA,16,True,1
TGACGACTTACAAC,16,True,1
AACATGCCGAAAAG,16,True,1
CAATACCATACCTT,16,True,1
GGAGCTACACATGG,16,True,1
AACCAACCTCGGGG,16,True,1
ATATAATGCAAAGA,16,True,1
TTATACCTTTATAA,16,True,1
TCACATATTGTTCC,16,True,1
TGAAACAAACAGTG,16,True,1
CTACACACTTTGAT,16,True,1
AGAAGAGAGTTCTC,16,True,1
CTGCTTCATTATTT,16,True,1
TCCTTGTAACACCG,16,True,1
CATACGCTCGCGAG,16,True,1
TAACCAGATCTAGC,16,True,1
CTACGTTTGTTACC,16,True,1
TATACTGAGCCGCA,16,True,1
CTCTGGAGGATGAA,16,True,1
GTCTTATCCGATAC,16,True,1
TTGAAGGTAAGCAT,16,True,1
ACCTCCCGCTGGTG,16,True,1
GTGAAAGCCGATGG,16,True,1
TAGGACGTTCCCAT,16,True,1
TTCAAGCAATTAAG,16,True,1
TCTAACTGGCTATG,16,True,1
CCAGCATAGGATCT,16,True,1
TGATCGTAATTTAC,16,True,1
CTAAAGCTTTTGGG,16,True,1
GCGGCTCGGTGCTA,16,True,1
TTATGACTATGGCC,16,True,1
CAATGAAGCCTATT,16,True,1
GGACCCTTATTGTG,16,True,1
AGAAAGCCACTACT,16,True,1
ATCGAGCCCGCAAT,16,True,1
CGAGGGATGGACGA,16,True,1
TTATGACTCGCCAT,16,True,1
AGGGCGGTCGCCCA,16,True,1
AACAGTTTACTAAG,16,True,1
TATGACCACGTCAG,16,True,1
CCGTAATGCTAACA,16,True,1
CCCTTGTCCGCGAC,16,True,1
CCCCCGTGCGTCTC,16,True,1
TAGTGCGTGAGAAC,16,True,1
GTGACGTGTTTCCC,16,True,1
CAATAGAGAGCTAA,16,True,1
GGTCTCACTATGAA,16,True,1
GGACGCCGAACCCT,16,True,1
CCCGAAAGGTTGCG,16,True,1
TACACGGCTTAATA,16,True,1
TCACCAGAAACCCT,16,True,1
TAATTATCTAATGC,16,True,1
CACAACGCAGCTCT,16,True,1
TCCCGCACCTCCTA,16,True,1
CATAAAACGATTCG,16,True,1
AGCCCCCAGCACCA,16,True,1
CGTCCTTTCCTTTT,16,True,1
CTCCTGGATGTTAG,16,True,1
TTGAATTGTGATCT,16,True,1
CGACGTTCAGTTAT,16,True,1
GTCGCCTTCCGCTG,16,True,1
ACCCTTCTTCAACA,16,True,1
GGGGTAGTACAGCT,16,True,1
GAGACGCGAAATGT,16,True,1
AGATCAATGAAGAA,16,True,1
CTCGTCCTTATATT,16,True,1
TAACGCCATGAAGG,16,True,1
ATATGTCTAACATG,16,True,1
TTGTATTCAAGTGT,16,True,1
AGACATATTCCAGA,16,True,1
CCCCCACTCGCGGC,16,True,1
TCTCTCGCTTCTAA,16,True,1
ATATATTCTACAAA,16,True,1
TCATAATATGGCTA,16,True,1
CAAACGCAAAAGGA,16,True,1
ATCATTATAGCTTT,16,True,1
CAATGGCCGCTCAT,16,True,1
CAGTCTTCGTGATG,16,True,1
ATGCTATACATGAG,16,True,1
AGGGTGCTTCGGTA,16,True,1
GCGCACCGCCTATC,16,True,1
TGGCTGAGCTACCA,16,True,1
CCACCTTCACTTAA,16,True,1
TTGAGAGAACTTTC,16,True,1
TTTATCATTGGTTG,16,True,1
CCACCTACCCCGAC,16,True,1
TCTGTACCCCATTT,16,True,1
AGGAGCTTCTACGC,16,True,1
TATAAGGTGGTACG,16,True,1
TAAAGCTCCGTTTT,16,True,1
CCGGTAGTAGGCTA,16,True,1
TAACAAAAACTTAC,16,True,1
AAGAAACGCTCTGT,16,True,1
TCGTCACTATATAC,16,True,1
ATCTTGTCAAGCCA,16,True,1
GGCACCCTGTCGCG,16,True,1
CCTACTGTAGCCGA,16,True,1
TACGAAAGACGACC,16,True,1
ACTTTAATCGCCTA,16,True,1
CCCGTTGCCTGCGC,16,True,1
CCCGCCTATTAAGT,16,True,1
TAGGAGAAGCACCC,16,True,1
CTCATCCTGTCTTT,16,True,1
TGGTGTCCACTCCA,16,True,1
TCACAGCCACAAAG,16,True,1
TCCGATCCAGTATA,16,True,1
GTGCACGTAAATAA,16,True,1
TTAATATTAAAACC,16,True,1
CAACTATCTTTCCC,16,True,1
ATCACGTTATGAGC,16,True,1
CGGTCCTACCCTTA,16,True,1
TTAATGTGTAAATG,16,True,1
TATCTAGGTACCTA,16,True,1
TACTGCAGATTTAG,16,True,1
TATAACCCGTTCTG,16,True,1
CCCAATAGAGATCA,16,True,1
CAGATATCAAATAC,16,True,1
CACATTCGTTCTTT,16,True,1
CCCACCCCCGAGGG,16,True,1
ATGAAGACACTGCC,16,True,1
TATTTGCCCTGTAA,16,True,1
CAAAAAGATAGTAC,16,True,1
CTTATCATCGGGTT,16,True,1
CATCTAAAATGGAT,16,True,1
CCATGTTCCCGGAC,16,True,1
CTAAGCTCTGTAAA,16,True,1
TGATAAATTCAAAT,16,True,1
TTTTCATTAAGTTC,16,True,1
TGCTATGAGACATT,16,True,1
CCATGCATTCGAGA,16,True,1
TCCAAATTACTCCA,16,True,1
CGTCGATAGTATAG,16,True,1
CTAAAGTATAACAG,16,True,1
GCCTCATCTAATTT,16,True,1
AGAGTTATCATCGC,16,True,1
ATACTTGCTATCGG,16,True,1
GGCTCTCCCGAACA,16,True,1
GCGACCCCCGACAG,16,True,1
CGCAGCGTTCCGAC,16,True,1
TTCGTCTCTAACAT,16,True,1
ACTTCTTACCCATT,16,True,1
GGCACACTGCTTCC,16,True,1
TGTCAGTATTCCGT,16,True,1
TTAAAGCAGGCTCT,16,True,1
CCCCCGATTATGCC,16,True,1
TCACAAGACAGCTC,16,True,1
CCTTCCCGGAGACC,16,True,1
GGTTGTCGGACAGA,16,True,1
ATAAACCCCTACAA,16,True,1
GAATAGTACATGTG,16,True,1
AAACATATTATAAT,16,True,1
CTAATTGATCGTAT,16,True,1
CATCATTGCAGCCG,16,True,1
CCGAGATATGCCGG,16,True,1
ATAGTCGACGATAA,16,True,1
GGATAGCCTTGAAT,16,True,1
TCATTCGCATAACA,16,True,1
GATAACGTTTTTAC,16,True,1
GTCCCTAGTTTTCT,16,True,1
TGTTCGCTCGGTTG,16,True,1
AGTCCTATTGTTGC,16,True,1
AGGAGATTGGCACT,16,True,1
ATCGCGGGTTTAAG,16,True,1
TCGCATTTGTCGGA,16,True,1
AATCAGAACGCCGG,16,True,1
AGGGCGGCTTATAA,16,True,1
CGCCCCCCTTCACA,16,True,1
ATCTATTCTTCGCG,16,True,1
ACGCCTCATGAAAC,16,True,1
GCTATATCTTGGTA,16,True,1
CACCCGGGATCAAT,16,True,1
TGTTGTGGTGCCTA,16,True,1
CAAGTGGTACCTGT,16,True,1
ACACAGCATAGCTG,16,True,1
TACGGTAGCAAATT,16,True,1
GAAGTAGCCTCTTA,16,True,1
TACGCAAAGATTGA,16,True,1
TTACATTGATGAAC,16,True,1
GTCCTAGCGTAGTC,16,True,1
CGTACAAGACGATA,16,True,1
TTGTTAGTGAGGCT,16,True,1
CCTCGCCGTCTTTG,16,True,1
TTTCAACCCTAGCC,16,True,1
AGCATCATCCAAGG,16,True,1
TGACGAGTTCTCTA,16,True,1
TCCAAAGTCCGGCG,16,True,1
CTATTCCGAAATAT,16,True,1
AATCAAAACGTCGT,16,True,1
TCCAAATTAATGCG,16,True,1
TGGTTCGACACGAC,16,True,1
TAACGTTCGTGGAC,16,True,1
TCATTCGACACGAT,16,True,1
GTCCCACGTCTGCT,16,True,1
CTCCACGACATAGG,16,True,1
TGCTGATCCAATAA,16,True,1
AACAAAGTTATTTA,16,True,1
AGCCAATCTTCAAG,16,True,1
CAACCAACCTCTCA,16,True,1
CTATTTCTTAACTA,16,True,1
TGACCATCAATATG,16,True,1
CCCACAGCCGATGG,16,True,1
ACTCATCCTATCGA,16,True,1
AAATAAAATTGAAG,16,True,1
TTCGAGACGTATAC,16,True,1
GTATTAGACTCCGT,16,True,1
TAAAGCCAAGAGAA,16,True,1
TGGGAGCCATGGTA,16,True,1
TTAATGATGGTTCA,16,True,1
CCGAGTTAAAACAT,16,True,1
TGAACAGAATCTAC,16,True,1
CTCTCGTAGACCAT,16,True,1
TTGGGGGTGGAAAA,16,True,1
CCGTCCTTGGTTCT,16,True,1
CAGATCCGCGTGAT,16,True,1
ATCCCGAGCTTACG,16,True,1
TATTGCGTTCGGTC,16,True,1
AGATGTTATTTTTG,16,True,1
CGCGTAGAATACCC,16,True,1
ACCTACTTAAACTA,16,True,1
TGGAAGCCAATCTT,16,True,1
TCGAACGTCAAACG,16,True,1
TGTAATTAATGAAA,16,True,1
TTTCTCACCTACGG,16,True,1
CCAGGACAGAATCC,16,True,1
ATGATTATAGAGAA,16,True,1
TGCCCTTCTGCACA,16,True,1
TCTACTCTTCTAAA,16,True,1
TTTAGGCCTGGTGA,16,True,1
TAAAATGACCAAAA,16,True,1
TACGGGGGCCTTGT,16,True,1
GCCATCTCCAACAC,16,True,1
GAGACCTCTTTCGG,16,True,1
TTAAAAAATAAAGC,16,True,1
CCCCAGTCTGAGAT,16,True,1
CTTAGACGGGTTTC,16,True,1
AACCTCGTTAGTAC,16,True,1
GAAAGCCAGATAAT,16,True,1
ATATAACAAAACAT,16,True,1
TTATTTTTCAGGAT,16,True,1
CATGCCGCTCGCAT,16,True,1
GCAACTGTCATATC,16,True,1
TTAACTTGTGGATA,16,True,1
TCGCCAATTAGTTG,16,True,1
TCCAAGCCCCCTCC,16,True,1
AGAGTGAAGGTCGG,16,True,1
ACTGTATACAGTGC,16,True,1
TTTGGGGGCCGCTC,16,True,1
TTCCCTGACCTCGT,16,True,1
TGCCGGTAAAGAGA,16,True,1
CCCGTTACTTTTTG,16,True,1
GTATAATTGTAGCT,16,True,1
TCCTTACTCATATT,16,True,1
TGTGAAAATACGTC,16,True,1
GCTTGAGTTCATCA,16,True,1
TAAGGATCCAAAGA,16,True,1
GAGGTTATATAGTC,16,True,1
TTAAAGGATGGGGC,16,True,1
CAGAGATCTGAAAT,16,True,1
GCGGGAAAAGAAAA,16,True,1
TGCACTAAATGGTC,16,True,1
TCCCCTCTACTGCT,16,True,1
GAGAAGGCGTCTAA,16,True,1
TAACTGCTCGATGC,16,True,1
TAAAAGGGAGACAA,16,True,1
TATCGTTACGTCGC,16,True,1
CCAATCTATCAAGT,16,True,1
GATCTTGTGCGGCC,16,True,1
TTGATGTGATAGAC,16,True,1
TTGATAGCGATAGA,16,True,1
GTATTTATACTATT,16,True,1
CAGCCGTGGCCCAA,16,True,1
TACAGATAACTCGT,16,True,1
TCCATCTCAGAATT,16,True,1
TATGACATTTGCTG,16,True,1
TTCCACCTACTTTG,16,True,1
CCAGCGCTCCCACG,16,True,1
ACACACAAGTAGTG,16,True,1
TGCGCGGTACGCCA,16,True,1
TACCGTTTGTTAGA,16,True,1
GCCATCTGGTGCAA,16,True,1
GAGGATAGAGCATT,16,True,1
AGATGCATAGCAAC,16,True,1
GTTTAGTTAAAAAC,16,True,1
TGGCTCAGGTCAAA,16,True,1
GTATGAACCATATG,16,True,1
GGGCCGGCCGACCT,16,True,1
CAGGGATATCATAC,16,True,1
GGTCCAAAGTTTGA,16,True,1
GGTGTAGACATACG,16,True,1
TCAATCACGTTTAT,16,True,1
CACCAATCCTTGTA,16,True,1
TCAACGAACGTTCG,16,True,1
TCTACCCTTCCACA,16,True,1
CGGCTCGTTGGCAC,16,True,1
GCCAACGCAGTTAA,16,True,1
GCGCCTCCTTTTAG,16,True,1
GAGTTGGAATGGAC,16,True,1
ATCGTATTAAATAC,16,True,1
CATAGCGTTATATG,16,True,1
TTTGAATCACAAAC,16,True,1
CATCCGTATTATAA,16,True,1
AGCTCTCCAGCCTA,16,True,1
ATGTTGAATCACTT,16,True,1
CCCCGGGGATCCTA,16,True,1
TACGTACCGTGAAG,16,True,1
CATCGTTATAATGG,16,True,1
CATAGAGGACAAAT,16,True,1
GTAATGAATTTTTC,16,True,1
TAGCAGCCCGCTTC,16,True,1
GTGAGCGCGGGGTC,16,True,1
TCTGCGCTTAGACT,16,True,1
TCCCCGTTTATCAC,16,True,1
TAACCGATTTCCAT,16,True,1
AGCGTAGTTACGCT,16,True,1
AGGGACCCTACTTC,16,True,1
CTGGTACAGGTACA,16,True,1
CCATCACATCCCGG,16,True,1
TATGCGAGTTAAAG,16,True,1
TAACAAAAACCCCT,16,True,1
TAGACTAATACCGG,16,True,1
TGGACATAATGTCG,16,True,1
TCCTTTTAACTATG,16,True,1
TAATAAAACCGGTG,16,True,1
TTATAGATGATTAT,16,True,1
TTTATAGAGATTAG,16,True,1
AACCAGTCAATTAC,16,True,1
TAGACCACCAATTG,16,True,1
CTCGCTCATGAACA,16,True,1
GTGTTCGTGCCCCG,16,True,1
GTATGTAAGACGTG,16,True,1
ATGAGTCCATTTCA,16,True,1
CTAGAGCTCCGATA,16,True,1
CCATCAGAAAGTCA,16,True,1
CTGGTTAGTAACCC,16,True,1
TATTTCCGCACCAG,16,True,1
TGCCCCCAATTTGC,16,True,1
TGTTTACTTCAGAC,16,True,1
GGAACAGACTCAAA,16,True,1
ACATCGTCTCCCAA,16,True,1
GGCTTGATTTCCAA,16,True,1
CAAAAAGCACCACT,16,True,1
CTTCTCTGGTTGGA,16,True,1
TCTACAGAGTTAAA,16,True,1
CAGATTTTCTCGTA,16,True,1
CTAAAGCAACCTTC,16,True,1
TCCTTCGGCGTACC,16,True,1
AAATGCCCCAGAAT,16,True,1
CGAGAGTAAATAAG,16,True,1
TGAACTGCGGCTAT,16,True,1
TGACATTTACAGCC,16,True,1
TTAACAATGGGTCA,16,True,1
TTTCTCTCTGCTAT,16,True,1
GCACTTTTCGGGTT,16,True,1
GACCATAGAAAGTA,16,True,1
TGCTTCCTAGAACA,16,True,1
CCGCCGCCCTGGCG,16,True,1
GCAGCTCGAATTAA,16,True,1
TCACGTTGTCCGCA,16,True,1
AAAGGACTCTTTAA,16,True,1
CGGACGCTTAATTT,16,True,1
GAGTGAGTCAGCTT,16,True,1
TCACCACTGCCCGC,16,True,1
ATAGCACCCGGATC,16,True,1
TACGCTAAACTTCT,16,True,1
CTCGCAAACCGGAA,16,True,1
ATGCCCCCCCATCT,16,True,1
CGCGGCACTCGATC,16,True,1
CCGTTTTTGGATTT,16,True,1
TCTAACGAGCTCTT,16,True,1
ATGACCCGTTTGAG,16,True,1
CGACACGCACCCAA,16,True,1
GATCGTAAAGCCTT,16,True,1
GTGCGTAACTTAGT,16,True,1
CAGCAGATGCATTT,16,True,1
TGATAGTTCTTTCT,16,True,1
AAGATTGGAATTGT,16,True,1
CGTCAAAGTCTAGC,16,True,1
TTTTTGCGCGGATT,16,True,1
TCGCCTTGACTGGA,16,True,1
TATCTTATTGTACG,16,True,1
CCTTCTCTCCTTCT,16,True,1
AACGGGCCTTCCAG,16,True,1
GTAGCGATCATGTC,16,True,1
TTACGGCTGAATTG,16,True,1
TAGCGTCCACTTTA,16,True,1
TCACTATGATCGTG,16,True,1
ACTACCGGACAGTT,16,True,1
GGGGTCCTGCACTA,16,True,1
TCAGAAAAAACAGA,16,True,1
AGATCTTTGGGTTC,16,True,1
TCCGCCTCGGTCCC,16,True,1
TCGAGGCTTATCAC,16,True,1
ATTCTTCTGGAAAG,16,True,1
ATAACGCATCAGGG,16,True,1
TAAATTGAAACTAA,16,True,1
ATACAACGCAACAG,16,True,1
CTATATCCTATAGG,16,True,1
TCCAACAGTACGGT,16,True,1
GTTATATTAGGGTC,16,True,1
CTAGCTCTAGGCAT,16,True,1
TTGTGAAGAAGACA,16,True,1
GGCATGACATAAAG,16,True,1
TTGGTAGAAACGTC,15,True,1
CATATTGAATCTAT,15,True,1
CCGGGATTGAGACC,15,True,1
AGAAGCTGATAAGC,15,True,1
CTCGTAATAGTTTT,15,True,1
ATACCTTTATTGCA,15,True,1
TATCGTGCCACTGC,15,True,1
CATATGGTCCAGAG,15,True,1
TTCCAATAGTGCCT,15,True,1
AATGTTCGTGTCAA,15,True,1
CTTCACTCTCATGC,15,True,1
CAGCGCAGAGCTAC,15,True,1
ACATCAGTCTAAAG,15,True,1
CTACTCATATCCGT,15,True,1
TTCACTGAATTTTG,15,True,1
CTCTTTCCACAAAC,15,True,1
CGATTGAACGTTAA,15,True,1
GTCCAATGGACCAG,15,True,1
TGTAATGCTTACCT,15,True,1
TTACTATGCGTAAT,15,True,1
GGGTCAAAATTATA,15,True,1
TATTTTTAGTCAGT,15,True,1
TAATACAACCATTC,15,True,1
TATTTGGAGGAGGT,15,True,1
GGTTAAATTCACAC,15,True,1
CTTGTTAAAATTTT,15,True,1
CTATTACAAACTCT,15,True,1
AGCCGCTGGCCCTC,15,True,1
ATGAGATTACAAAT,15,True,1
AATGGTCCGCTCAT,15,True,1
GCCTATACGTCCTA,15,True,1
TAAGTATTTCTTAG,15,True,1
GTAGGCTGGCCGCT,15,True,1
TACTTGAAGGCACG,15,True,1
CTCCACCCTACGGC,15,True,1
TTGCCGTGTATAAA,15,True,1
TTGCAGATTGCTGT,15,True,1
GTCATATTGATAAT,15,True,1
GGATTGGACTGTAA,15,True,1
ATATAAAGGACATG,15,True,1
TCCATGCTACACTC,15,True,1
CCCCACTACGCGCA,15,True,1
GAAGAGTGCATTCA,15,True,1
CAGGTTGACTTCAT,15,True,1
GATTGGGATCAGTC,15,True,1
ACAAGCCAATGACT,15,True,1
CCATATAACGGCGG,15,True,1
GTGGTCTATACCTT,15,True,1
AGTGTATATGACCT,15,True,1
TTTGACCTCCGAGG,15,True,1
GATCAATACTGCCG,15,True,1
ACCGTATCCAGTTA,15,True,1
AACCCCGGTATCTA,15,True,1
TAGTTGATAGGCCC,15,True,1
CAATAAATCCTGCA,15,True,1
AGGAGTTATGCCAT,15,True,1
CTTTGCTTTAGATC,15,True,1
ACCAGGTTTATGAT,15,True,1
TTTGACGCACTCTT,15,True,1
TGGAACATATATAT,15,True,1
AACAAATTGCAATT,15,True,1
CACGCAGAGTGCTA,15,True,1
GTGGACCGTTGACT,15,True,1
TCAGCATGGTCCAT,15,True,1
TAGAATCCCATCGG,15,True,1
ATACCACGTGCGGT,15,True,1
AATTACGTGACGAT,15,True,1
ATAGCGTGGGGACC,15,True,1
TGTATCTCAAATCC,15,True,1
CTCATCAATACAGA,15,True,1
AAGATTATCCCAGA,15,True,1
ATATTCACTATACT,15,True,1
TATTATAAAAGAAG,15,True,1
TTGGGCATGCCGTC,15,True,1
TTGGAAAAGCTCCC,15,True,1
TAGCATCGATACGG,15,True,1
TCAACGAATAATAT,15,True,1
GACATCCAGCCTCA,15,True,1
TAAGCAACTGATAT,15,True,1
CGGGTGGAAGAGAT,15,True,1
GTGGTGAATACCTG,15,True,1
AAGACCCCACACCT,15,True,1
TCGAACTTGTAAAT,15,True,1
ATAAACGTTCATTA,15,True,1
TTAGATAACGCTAG,15,True,1
TATCGCCCATCCCG,15,True,1
ATACACGAAATTTG,15,True,1
GCAATACATGTAAG,15,True,1
TCCATAGTCCATGA,15,True,1
TTCATTACATTTCT,15,True,1
CACCTGGTTAGAGG,15,True,1
CCCCAAAAAGGTCC,15,True,1
TAATTGGATCTATG,15,True,1
CAAGCGGTACCTTA,15,True,1
TCTGGCAACCTAAT,15,True,1
TCCCCGACCCGGTT,15,True,1
CTTCGTGTTGGCTC,15,True,1
AGGCGTGGCAGCGA,15,True,1
TTACACAGGCCCTC,15,True,1
TCTGGTCCCGTACT,15,True,1
CAGGTAATCAAAAG,15,True,1
TTGTCCTTTATATT,15,True,1
TAGAACAATTCTGC,15,True,1
CCATAAGCATGATG,15,True,1
GACGGGCTGGATGG,15,True,1
CAGGCAAACCTGAA,15,True,1
TAGATCGTTAAGTA,15,True,1
TTATATCCTTCCAA,15,True,1
ACCATGGTCCCCCT,15,True,1
GCATCACGTGGCGG,15,True,1
GAATTTCATTAATG,15,True,1
TATAGCCATCATAT,15,True,1
TCTTGGAGTTCAGT,15,True,1
ACCGTGATCCGTTT,15,True,1
TAACTGGAGATTTA,15,True,1
CGGGAGGTCGCGGC,15,True,1
GAGATCCCGTGTTT,15,True,1
TACTAAGTTAGGCT,15,True,1
TACTCTTGTGATAA,15,True,1
TGTTAAACCGGACA,15,True,1
CCAAGTTTCCTGCC,15,True,1
CCCGAAGTCCGATA,15,True,1
ATAACAGCAATTGA,15,True,1
TTCCTCACAATTTA,15,True,1
ACTCCTTTCCGTCG,15,True,1
ACCTCAGTTCGGGC,15,True,1
TAATGGCGGTTGGT,15,True,1
TAGGGGAGGCCAAA,15,True,1
CGAATATGAGAAGC,15,True,1
GGCGTTTCTGTCCG,15,True,1
GTCTACCCCGTACA,15,True,1
TAGGTCCGGGTCAT,15,True,1
ACCCGTTGAACCTC,15,True,1
GCAGTCCAACGTTG,15,True,1
AAAGACGTGAAGAT,15,True,1
TTGGCTTGAAATAT,15,True,1
ATCATGCATATGTG,15,True,1
TATTTACATGGTAC,15,True,1
TTAGTGCCTCCGAA,15,True,1
GTGATAGAACTTGG,15,True,1
AAGAGTTCGCTATA,15,True,1
GTATCAGTGTGGAT,15,True,1
GTATCCCTGCTAGT,15,True,1
TGCCAGCCATGCGG,15,True,1
CGTAATCCCTAGGT,15,True,1
ATCCTTACGTAACT,15,True,1
ATATGACGTCAAGC,15,True,1
TTAGATGGACACAA,15,True,1
CATGAACCACCTTC,15,True,1
CCCATGCGTCCACA,15,True,1
GACATGTTAGGGCC,15,True,1
TCCACGATCACGGA,15,True,1
ACATCTTCTTAAGG,15,True,1
TATGCAACTGTTAT,15,True,1
AGCAAGGACGATAA,15,True,1
CTTAATTGAGTCCT,15,True,1
ATCCTGCACCTGAA,15,True,1
CTGCCACCGCTGCC,15,True,1
GCCCTCATATCAAT,15,True,1
TAATGAGATGGAAT,15,True,1
CAAGTCCTTTTGGG,15,True,1
ATGTCGAGTCTGTA,15,True,1
CTATAGCCCCGCAC,15,True,1
GAACCGGGCTGCGT,15,True,1
TGATGAAATGAAAC,15,True,1
TTAAGGCATACGAA,15,True,1
ATAGGATGGCCGCT,15,True,1
TCTTCCTTTCCCAG,15,True,1
TACCTTTTGAGCCC,15,True,1
CCATTAGCAAGGGC,15,True,1
ATTGTTCGCTGATG,15,True,1
TTGCTTAATTCCCA,15,True,1
CATACGTCTATTAG,15,True,1
GCTCTCTCACGTGA,15,True,1
CACGACCACCGTGC,15,True,1
TCCTAGGGATACCT,15,True,1
TCACTACAGCATTT,15,True,1
TACCAACGTGTTTT,15,True,1
AAAATCCTAGTGGG,15,True,1
TAAAGGTTTTGGCT,15,True,1
AATGACTTGTCGGG,15,True,1
CCCATAGCGTCGGC,15,True,1
GACGTTCGCTCGAC,15,True,1
TGGACGATGACAAG,15,True,1
TCAGCAGCAATACA,15,True,1
CGCTAATAAACTAG,15,True,1
GAATGTCACTTATA,15,True,1
CTGTCTGAGTACTA,15,True,1
CCATCCCTGGCTAT,15,True,1
ACATGTATTTAACA,15,True,1
ATCGGCTCAAGAAT,15,True,1
TGAGTTACTCCTAT,15,True,1
TCACCCCCCTACGC,15,True,1
GTATAAATCGATCC,15,True,1
CATGGTATTCTCGG,15,True,1
CACCCCGCGAAAGC,15,True,1
GGCAAGATGCAGAA,15,True,1
TCTTAATTCTAGAA,15,True,1
TTACTGTAAGTACA,15,True,1
AGAACGCTAGCTTA,15,True,1
GAGCACATACCAAG,15,True,1
TCAGCCCCGAGTGA,15,True,1
CGATCCGGTGTGAT,15,True,1
CGGCGAATGCTCCA,15,True,1
CTATATCGGTCACA,15,True,1
TTATAAAGATCAAT,15,True,1
CCCGCCACATCGAG,15,True,1
ACACACGCCATAAT,15,True,1
AGGCGTTCATTTGT,15,True,1
TTACTGAAATTTTA,15,True,1
GGTCAACTACTAAG,15,True,1
GAAGATAATTTTTA,15,True,1
TCACTTACATTGCC,15,True,1
TCCCCTATGAATGA,15,True,1
ATTAACAGAAAATG,15,True,1
ACATCCATAAAATG,15,True,1
TGAAGAAGTAGATT,15,True,1
TAGGTATCCACTCC,15,True,1
TGAACCTTGCATCG,15,True,1
CCCCCATTGCCCCG,15,True,1
GGAACACATCCAGT,15,True,1
CTAACCGTCAAATG,15,True,1
TATTCCGAGGGTAA,15,True,1
TATACTCGATGTTA,15,True,1
TACTTAACCGTGAG,15,True,1
CTGCTAACCATCCC,15,True,1
TAATAAACGGGGAA,15,True,1
TGGATACTGGACAC,15,True,1
TGAGCTTCATTAGG,15,True,1
GTCAGAAAAAGACT,15,True,1
CGACTAGTTTACAG,15,True,1
TATAAGAGGATATG,15,True,1
TTATTCCTGATTTA,15,True,1
TAAAACTATAGTAC,15,True,1
TCTTGTTTTGTGGC,15,True,1
TCCCGTAAATGCAC,15,True,1
TTTTGGTAGCTCCT,15,True,1
CAAGCTATAATCAA,15,True,1
TAGCATGGTTAACA,15,True,1
TTGCTCGTGCGTGA,15,True,1
GTCTGGCCGCTCAT,15,True,1
AAATGAAATGAGCA,15,True,1
GATCACCCAAACAT,15,True,1
TAGTCGAGTTCGCA,15,True,1
TGGGTCGCTCAAGC,15,True,1
TACATGAACAAAAT,15,True,1
CATAAATTCCCACG,15,True,1
ACTCTAGTGTGCGG,15,True,1
GTCGACTTTGCGTA,15,True,1
TACATCGAACTTAC,15,True,1
CGGCAACCTACGAT,15,True,1
ACTGAGTTACAAAT,15,True,1
CGACCAAAGCCGTC,15,True,1
GAAACCAAAAAGGA,15,True,1
AAAGGGGAACAACC,15,True,1
CATGAATCCGTACC,15,True,1
TACAATGAAGACCA,15,True,1
GTAAACCAGGGCAT,15,True,1
CATAGAAAAGAGAG,15,True,1
TTGGGATAGACATT,15,True,1
AATATAACCTAATG,15,True,1
TTTGAACAATAGAA,15,True,1
TAAACCCGCACTCT,15,True,1
ACCCCCTACTCCCA,15,True,1
CTACCATTTATAAT,15,True,1
CACATTCAGACCCT,15,True,1
CGAGACCTATCTGC,15,True,1
TGGCGCGAAGATTA,15,True,1
AACGTTGGTAACTC,15,True,1
TCAGCTGTTACATG,15,True,1
TACGCCCATCAAGA,15,True,1
GCTGGTCGGCCGGG,15,True,1
TGAACCTATCATTT,15,True,1
TTACAGCAGTTACG,15,True,1
CGCCCCCGCCCTTC,15,True,1
TTCCGGGCAGCGAG,15,True,1
TTATTGCAACAAAT,15,True,1
AGTCTGCCTATACT,15,True,1
CAGTAACGATAAAA,15,True,1
TCCCAAGCCAGTGT,15,True,1
GGACTCGGCCGATC,15,True,1
CTCCCACTCGCACA,15,True,1
AATGTCTTATCTTA,15,True,1
CACCGGCCTTGCCC,15,True,1
CTTAATGGAGTAGA,15,True,1
ATGACAGACTATAG,15,True,1
TAATCAGAACCAAT,15,True,1
AGAAACTCCACTTG,15,True,1
GTCGCTCTGTCGAC,15,True,1
CTATCGTCACAGCG,15,True,1
ATAGAAATAATCTC,15,True,1
CAGAATCACAAACA,15,True,1
ATCCACACTGGCAG,15,True,1
CCAGCCCCCGCTTA,15,True,1
CTGCCGTCTACCTC,15,True,1
TAATTAACTGGTCG,15,True,1
CGAACTACTAGTTG,15,True,1
GGACTGCACGCTCT,15,True,1
AACAAATGACTGTT,15,True,1
CTTCGAGCCCTTTC,15,True,1
CCTTCTATCAGATC,15,True,1
CTACAAGACATACA,15,True,1
TCCGGTAGTATACC,15,True,1
GCATTTTTGCAACT,15,True,1
GTGTATTAAGTACT,15,True,1
TCTGTATCGATGTT,15,True,1
GAGCCCTTGGTTCT,15,True,1
TAGTTCCCTATCAT,15,True,1
TTCTCATATGACTA,15,True,1
TAACTACCCCTGAG,15,True,1
AGGATCCTTCGTGA,15,True,1
GTGCTTTATATCCA,15,True,1
TAGCATTTAAATAT,15,True,1
GCAATTGAGAACTA,15,True,1
CATTATTGCTTAGG,15,True,1
GTGCGTTATTAAGA,15,True,1
TAGGCGATCCCCCG,15,True,1
TTGATTCTCTCGCC,15,True,1
TGTACTCATCTGTG,15,True,1
ACACGGCATATGCG,15,True,1
ATGCCGCAACCCGT,15,True,1
GTCATTCCCCGAAG,15,True,1
TGCTATCCACAGCC,15,True,1
TTGATTCCGATTAC,15,True,1
TTGCCAAACACAGC,15,True,1
TAACAGCTATCTTA,15,True,1
TATATGAGAATTGA,15,True,1
TCCGCGAATAATGT,15,True,1
TACCCAATTCGATC,15,True,1
CTCACAATCATCGC,15,True,1
TTGTTTCTGATCTA,15,True,1
CTGGGATCGGTCCT,15,True,1
TCTCTAAGTGTACT,15,True,1
ATATCTCGAGAGAA,15,True,1
CCCTCGCATTAGCG,15,True,1
CCACGACTTTCACG,15,True,1
TGCGCGTCCACTTC,15,True,1
TATGTCATTCTTAA,15,True,1
TGTAGTATGGTCTA,15,True,1
GTGGTCCTAAACTT,15,True,1
CCCATAAAGGTTTC,15,True,1
CACCATTCGGCAAT,15,True,1
CTATAAGAAGAACA,15,True,1
CAAGAGATTACCGG,15,True,1
AGTTAAATATAGGG,15,True,1
TAGCTGCAGTAAGG,15,True,1
CTAGGTAGCGGCTT,15,True,1
TCAGATCTACCCCA,15,True,1
GTCATGAAGCACCA,15,True,1
TACATGCTGGATTG,15,True,1
AATTCAGATCTTCT,15,True,1
ACATATGGACAAAT,15,True,1
ATAGTAGATCATTC,15,True,1
TCAGAAGCTTTAAA,15,True,1
ACCACCACCAGGTA,15,True,1
TTAAAGTTGTTAAA,15,True,1
TTACTGATATTACA,15,True,1
TAAGGCATAGCTCA,15,True,1
AACGTTGTCCTGAA,15,True,1
TCAACTGTTGGTCA,15,True,1
GCTAAATAATTATT,15,True,1
ATGATGATTCCAAG,15,True,1
TGAAATGTGGATGT,15,True,1
AAAGAATACCTGAT,15,True,1
GGATTGCTCGCCGT,15,True,1
CGCGGGACCTACGC,15,True,1
CACAGGTAAGAATT,15,True,1
TGGATACTGACTAA,15,True,1
ACAGAAAATTCATA,15,True,1
GACCACAAGTTTGT,15,True,1
AGGGTCGCGAGGTA,15,True,1
TTCCTCAAGATATT,15,True,1
GGGTTGCCACGCCC,15,True,1
ACTAAAGAAATGCA,15,True,1
CTAGTGATATTTGT,15,True,1
TTGTCCGTGCTGGC,15,True,1
TACCTTTATAATAA,15,True,1
TGGAACACAACATA,15,True,1
CACTTGAAAAATAC,15,True,1
TACAGAACCTAGGG,15,True,1
GGATCGCCGAGTTC,15,True,1
TCGAAACCCGCGAA,15,True,1
GGGCAGATCATAGC,15,True,1
TTGTTTAGATACAT,15,True,1
AAACACACCCATGT,15,True,1
TCTACAAGCAAGTA,15,True,1
AGGATGGAACCATT,15,True,1
GCAAATTGCATCAT,15,True,1
TGCGATGATATAAC,15,True,1
GGAATCCGCATAAG,15,True,1
TAGGCACCTATATA,15,True,1
TACGTCCGGCAAAC,15,True,1
AGAAATGGGCAGGC,15,True,1
CACAACACTCAAAA,15,True,1
TACATCACAAAGAA,15,True,1
TTAGCCCCGATCTG,15,True,1
AGAAGGGTAAATGG,15,True,1
TACATGCCAAGACC,15,True,1
TAGGAATTCATTAC,15,True,1
CAAGCACTCCATAA,15,True,1
TGAACAGTCAGAGA,15,True,1
CTCAAATTAAAGTT,15,True,1
TTCTCTCTCTTCCC,15,True,1
CTAGAAAGTGGTCC,15,True,1
CTTCCTCCTCACCT,15,True,1
GATCTATTGACTTC,15,True,1
TAAACCTTCATCCC,15,True,1
ACAAGTACCGTCTG,15,True,1
CCATTGAACCTACC,15,True,1
TTAGGTTAACAAAA,15,True,1
CTTTAGCTCTGTTC,15,True,1
GGGCGGCTCATTGA,15,True,1
TAAGCTTAATTAAA,15,True,1
TAGGCTTAACCTGC,15,True,1
CATGATACTGGTCA,15,True,1
ACATAACCCCCCCG,15,True,1
GTATAGGTACCATA,15,True,1
CCTCCTCGGAGAAC,15,True,1
ATAAAGTTTTCTAG,15,True,1
TCTTCCCTTGGTAA,15,True,1
AATAGGTCCTATGG,15,True,1
GGCAAGTGTCGGTG,15,True,1
ATCTGTATAATTTT,15,True,1
GCTGGGCGTCACGC,15,True,1
TGTTCACTTCGTTT,15,True,1
ATATGTCATTGCAT,15,True,1
CTTCCCATTATACA,15,True,1
TTCATATTCTAGAG,15,True,1
TCCGCTCCCCCTCC,15,True,1
AACCGTCCAATTCC,15,True,1
CTTGTAAGTAGGCT,15,True,1
CTAATAGATCATAC,15,True,1
GACGTCCAAGAATC,15,True,1
CCGACATTGCCCAC,15,True,1
CCGGCGCGTCCCGT,15,True,1
TACATAGGTTAGGA,15,True,1
GACATCAAGATAAC,15,True,1
CTTGGCTTAACCAA,15,True,1
CGACTCCCTCGTAA,15,True,1
AGTTAGTGAAATAG,15,True,1
CGACCTTAACTAAG,15,True,1
TCGCCCCATCCCTG,15,True,1
TTCCAAGTAAAGCG,15,True,1
CGAACGTTGTGTAA,15,True,1
GCCAGAGAATTTTA,15,True,1
ACTAGATTACCCTG,15,True,1
GATAGTACTGATAT,15,True,1
GTCAATGTACAGCT,15,True,1
ATACTACTTAGATA,15,True,1
CAACTACGAGTGAG,15,True,1
ACCCCTCTACCCTT,15,True,1
CCAGGAACCCAGAT,15,True,1
TTTCTTTCCCTCCT,15,True,1
CTCCCTCATTAATA,15,True,1
ACTAGCGGTCACCT,15,True,1
CGTGTAATTATATT,15,True,1
TAAAATATCCGACA,15,True,1
TATAAATCGAATCA,15,True,1
GATCTGTCCGACTA,15,True,1
ACTAATTAAGATCA,15,True,1
TTATACCTTAGCTT,15,True,1
GGATCGGACATGTG,15,True,1
GCGTCAGTCTAGAA,15,True,1
ATTGGAGTTCCTAA,15,True,1
ATATTACGTGAAAC,15,True,1
TAAGTATAAAAAGA,15,True,1
CATACTCCCGCCAT,15,True,1
TGACGACGAGACAT,15,True,1
TTATACACAATGCC,15,True,1
CAGCCACTGCATGG,15,True,1
TTCGGAAAGCGGGT,15,True,1
AGCGCAATTAAGGT,15,True,1
AAACGAATAATAGG,15,True,1
TTGACACCATACGC,15,True,1
TGGCACGACACCCA,15,True,1
TCCGTACAGGTGAT,15,True,1
CAAGAAGTCCGAGG,15,True,1
TCATCAAAGATACC,15,True,1
TACGAAAATCTCCA,15,True,1
AATTCTCAAAAACA,15,True,1
TAACTGCCACTCCG,15,True,1
ATAAAGCTCAGGAG,15,True,1
CTGCATCCCCCCAC,15,True,1
GCGACCCTCTAGGG,15,True,1
CATCCTCTAAATGA,15,True,1
TCCAGCCACATGCA,15,True,1
TACCGACTGGAGCT,15,True,1
CATGGAACTTCGCC,15,True,1
CACGGAACCTGTCA,15,True,1
ATCTTTTCGAAGGC,15,True,1
CTGCATATTAATCA,15,True,1
CTTTGCCGTAAATA,15,True,1
TTCAGTCTCAGGCT,15,True,1
CGCATCACTCTCCT,15,True,1
AAACACATCAAGTA,15,True,1
TGTTCGATACTACG,15,True,1
CGATGTTATATATC,15,True,1
AAACTCCCTAAGAT,15,True,1
ACACCGTGTTCAAG,15,True,1
TCTGGCTAACAGGA,15,True,1
GACAACAGGTAGAC,15,True,1
TGCATCCTAAAGAA,15,True,1
GTAAACCTGCCAGC,15,True,1
ATATTATGGCGACA,15,True,1
TGAAGCGAAGGGCT,15,True,1
GACAAGACTAGCCG,15,True,1
CCATATCATAGTGC,15,True,1
TAAGTCGGTTTTTG,15,True,1
TATGCCTTAAATCT,15,True,1
TGTACACACAACAC,15,True,1
TTTGCACTTGATAC,15,True,1
TGTTCCAGCTCATA,15,True,1
TTTATACATATCTA,15,True,1
GCCCCGAAAGAGGA,15,True,1
TTTCAGTTGTTCTG,15,True,1
TTTACCAAACGCGT,15,True,1
TCTCTGTAACTCGC,15,True,1
AGACGCGATTAGTA,15,True,1
TATACGAGTACTTT,15,True,1
GACAGTATTTAATT,15,True,1
ATGTAATTTTTGCG,15,True,1
CTCGGCTTTTTGGA,15,True,1
TACTTTGTCCTCTT,15,True,1
TTAAATTCTAGTCA,15,True,1
TAAGTCGCACGATC,15,True,1
TTGTTACACATATA,15,True,1
TACGAAATAAAGAG,15,True,1
TGTTGAATAATGAG,15,True,1
CCATTCAACCACAA,15,True,1
CTCCGTACTGCCAA,15,True,1
CTAAGAAGAGGAGA,15,True,1
GAAGAACATTCTTA,15,True,1
CTGAGGTCTAGATG,15,True,1
GGACCTTTCCTTGC,15,True,1
AACTCACTGCAAAT,15,True,1
TGCTTGGCAAACCA,15,True,1
TAAAAGTGTGCAAT,15,True,1
CTCGCATCGTGTGT,15,True,1
CCCTCTAGCGATAC,15,True,1
TGCAACTCTACCCC,15,True,1
AAGAAGAAATGAGC,15,True,1
TGTTTATTAATATG,15,True,1
CCAAAACCCAGGCA,15,True,1
GACATGAAGGTATT,15,True,1
TCATTTGGCGGAAA,15,True,1
ATTCAACCTTTCGG,15,True,1
TTATAATGGAACTC,15,True,1
ACTTAATGGGCCCG,15,True,1
CTCTCTTAGGTATC,15,True,1
ATTGTTCTGAGTGA,15,True,1
TAATCTTTAATGTA,15,True,1
GGATTCTGCTTCAG,15,True,1
CAAAGACTGTTTTT,15,True,1
ACATCAGCTAAGCG,15,True,1
GTCGTCTGCATCAA,15,True,1
TTCCCGATATTGCC,15,True,1
CGCGCTCCTTAGGC,15,True,1
GTATGTGGTTAGTA,15,True,1
TACGCGCATGGCCG,15,True,1
TATGCACCACCGGG,15,True,1
CACACGAGACGAGT,15,True,1
GCAGATGACAATAT,15,True,1
TGCTTAACAAAAAA,15,True,1
TTCAGGATGAGCGG,15,True,1
ACAGCCTTCCCAGA,15,True,1
GTGGACCTGATATT,15,True,1
TTGCGAAGGCAAAC,15,True,1
GGCATGCGTTAATA,15,True,1
TATTCGGGTGCCGT,15,True,1
ATCAGAAGGGAACT,15,True,1
AAGATTCGCAAGGG,15,True,1
TTTTCATTGTTTAG,15,True,1
CGACACAACACCGG,15,True,1
GACCCCGGCCCACT,15,True,1
AGCGTTGTTGACTG,15,True,1
TATTAATTTTAACT,15,True,1
GTTCTCCTTACTGT,15,True,1
CCTAACTTATTTCA,15,True,1
TGAACAAAGCATTT,15,True,1
TTCTTAATGATCTC,15,True,1
CTTCTATATGTGCT,15,True,1
TTAAGTGTGCTAAT,15,True,1
TAGCCGCCGAGATC,15,True,1
AAACGAACACTAGA,15,True,1
TCACCAACCATACC,15,True,1
TAACTATCACTTCT,15,True,1
CATAGTCACTCATT,15,True,1
TTAGTATACAGAAT,15,True,1
GCCTAAACTAGTAA,15,True,1
CCTGCACATGGTAT,15,True,1
TAGGCATATAATTG,15,True,1
CATCACGTGAACAG,15,True,1
GTGGCGTTTGCAGG,15,True,1
ATCACATTATTGCT,15,True,1
TCTAGTCCAGACAA,15,True,1
TTCCAAGTGGTCGT,15,True,1
ACGAGTTTCTTAAT,15,True,1
TCTGGCGGATTGCA,15,True,1
TCTACTGAGCCACA,15,True,1
ATGTATACACCGTC,15,True,1
TCCTGACATTTCAA,15,True,1
AATTGTTTGAAAGA,15,True,1
TAGATGGCCCATAG,15,True,1
AAAGTGAAAAAGAT,15,True,1
TCGCTATCGAACAC,15,True,1
TGTGAGATAAACGC,15,True,1
TTCGGCCCGACTTG,15,True,1
GACCCTGAATATGT,15,True,1
TGTTCTAGAATTGT,15,True,1
CTAGTGATAGTACG,15,True,1
GTGGAAACTGAAAG,15,True,1
GTGGCTGTTGCACA,15,True,1
TTCGACTCAGGAAC,15,True,1
CGAACTGATTGAAG,15,True,1
TAGTCAAAGATATC,15,True,1
TATCCCTTGACCAC,15,True,1
TCGTCTGAAGTTGT,15,True,1
GGGATAGAGTCTAA,15,True,1
TGAAAAGCAGAAAC,15,True,1
GCATTATTGATGCA,15,True,1
CCCAGGTAACTGAC,15,True,1
TGGTACTACCAAAG,15,True,1
TATAACGAATAGGC,15,True,1
CTAAAGCAAATGTG,15,True,1
TTGCCCCAAACCTG,15,True,1
GTAGTACGGTTTTA,15,True,1
ATGATCGTAAGTAC,15,True,1
CACATTATATATAG,15,True,1
CCGTAGTAGCCATA,15,True,1
AGATAATGAAAAAA,15,True,1
ACGCCTCCTACCCT,15,True,1
GTATAGAGACTAAG,15,True,1
ATAAAACTCTTAAT,15,True,1
TATCCGATTAAAGA,15,True,1
ATCCCTATTTAAAC,15,True,1
AACCAAGTTTCAAT,15,True,1
GAAACTTGGACGCC,15,True,1
CAGAAGTTCCATAT,15,True,1
TGAGTAGACTGGAC,15,True,1
GGACCCGGCCCTGC,15,True,1
GAGTAATCACGGGT,15,True,1
TTGCCGTGGAAAGT,15,True,1
ATTGACCTTTCAAT,15,True,1
TTCCGTATATTATT,15,True,1
GCATTATTTGGCAA,15,True,1
TAGCAATTTTATGT,15,True,1
TTAATGGCTGGAAG,15,True,1
GTAACTCAGCCCGT,15,True,1
ACTCTGCCTACATC,15,True,1
TTTGCTCATATCAC,15,True,1
GTGGTATATGCAGG,15,True,1
TATGCACACTTACA,15,True,1
TTCCAAGAAATTCT,15,True,1
CTCCGAAATCTGCG,15,True,1
ATATTCAATGCTAT,15,True,1
TTAATCCGAGTTTG,15,True,1
TGATAAAAGAATAT,15,True,1
CAATCAGAAGAACT,15,True,1
CTATGCGTTGTAGG,15,True,1
ATGCGCGGTCGAAA,15,True,1
ACGACTGTCAATTC,15,True,1
TAATTACTCATGGT,15,True,1
GGGTGCCCTCCAAC,15,True,1
ACAACCCTGACACT,15,True,1
ATGGCGATTCCTCG,15,True,1
TTAACGTAGTAGGT,15,True,1
CTGCCATCAATAAG,15,True,1
GTTCTCGACACATA,15,True,1
GATGCTGTGTATTA,15,True,1
TGCAATGATAACCT,15,True,1
CTCAGGCCGCGCAA,15,True,1
GGACAAACATAAGA,15,True,1
GAAGGACCCCTAAG,15,True,1
TAGTCAACCCTACG,15,True,1
TCCGCGTACAAAAC,15,True,1
TTCCAACTCACAGG,15,True,1
TAAAAGCCCTTTCA,15,True,1
AGATACGTTCTCTA,15,True,1
TGACAGTTTCTGGA,15,True,1
TTATTCACTGGGTA,15,True,1
TATTCTATAGCTGG,15,True,1
TGAATGCCATCCCT,15,True,1
TACTTACTTTTAAA,15,True,1
TCGTCTTTTACAAA,15,True,1
GGGCATAACCAAGA,15,True,1
ATACAGTATATGCA,15,True,1
TCCCTATCCGACTC,15,True,1
ATATCGCCTGGGGA,15,True,1
TAACGAGAATTTAA,15,True,1
TACCGTGACAGGGG,15,True,1
GACAAGCACGAAGC,15,True,1
TATGGTCCGCCACT,15,True,1
TAACACCCGGATCT,15,True,1
CCCGTCTTGCCGGA,15,True,1
CCACCAATACAAGT,15,True,1
CTCTCACTGAACCC,15,True,1
TGGCGAATTATTAT,15,True,1
ATACTCACGTAAGC,15,True,1
TCAAAGCCTTGTAG,15,True,1
GTCTCGCAAAACAG,15,True,1
GCATTGTGAATGGT,15,True,1
TTACCCAGCTGTTT,15,True,1
CTAAAAGATTGTCG,15,True,1
CACCCCGGGTGTCC,15,True,1
CTTTGCTAGGCCAC,15,True,1
TGATGCTCAGTAGC,15,True,1
AACTACCCGATTCC,15,True,1
AGTGTCTCTGACTT,15,True,1
GGGGGATAAAGTGC,15,True,1
ACCTAGGTTTTACC,15,True,1
AATGGGCTATAGGT,15,True,1
CTGGGACAATCGGC,15,True,1
CTAATGGACACTGC,15,True,1
ACAGTGCTAGATGA,15,True,1
TTTAGATAATTTCT,15,True,1
AAGACGTGCGCTAC,15,True,1
TACATATAATGTGA,15,True,1
TCCACACGTTAAGG,15,True,1
TTTACCGTACTCCA,15,True,1
TGCGGTATTTTCTG,15,True,1
TTAGTATTTACGGA,15,True,1
CATCAATGAAACAG,15,True,1
GTCCCCGACCTCCT,15,True,1
ATGAGATAGTTGGT,15,True,1
CCACCTGGAAACGA,15,True,1
AGAGGTGCTCAGGA,15,True,1
GAAACCGCCATTGC,15,True,1
CTAAAGAATGGATT,15,True,1
TAAGGGCAGGATTT,15,True,1
TGAGTGTCTATCAA,15,True,1
GCACAATGACCGCC,15,True,1
CCAAATGAAAGGAG,15,True,1
TATTTCCAGTACCA,15,True,1
CTACTCAGTACACC,15,True,1
TAACTGAAAATTCT,15,True,1
CTCAGAGCGGCACC,15,True,1
GTCTTCTTGCGGCC,15,True,1
CAAATGTAGTATGG,15,True,1
AACAAGGAGCTCGG,15,True,1
ACCAACCTCGTATA,15,True,1
CCAAGAGACCTTTC,15,True,1
CCCCATTGCGGGAG,15,True,1
CTAATTCGAAGAAG,15,True,1
CGGCTGACGGTTTA,15,True,1
CAAACGGTTACCTT,15,True,1
TTACCGCCACACGG,15,True,1
AGACATGAACTATG,15,True,1
CTAGTTAACTGCTT,15,True,1
CGCCCAGCAAGACT,15,True,1
ATAATTGCTGGCCC,15,True,1
AACTCTACTTAGCT,15,True,1
AACAACGTGGTTCT,15,True,1
ATCCCGAAGCGAAG,15,True,1
CCTCATATGATATG,15,True,1
ATCGAAGTTCCAAC,15,True,1
CACTGTATCCGATG,15,True,1
AACCGCTTTGATCG,15,True,1
GAGGACCTTTTTCA,15,True,1
CACTATCTAACCCG,15,True,1
TACCATTTGCCTGC,15,True,1
TACTGACGCTTACG,15,True,1
CGATCAAGAAAACT,15,True,1
TCCTATCCCCTCCC,15,True,1
TATGATCTAGGCGA,15,True,1
CGTACTAAGGTTAA,15,True,1
CTTTTTGTCGAGCC,15,True,1
TTTCATATTCTGAA,15,True,1
GTATCGTTGATGAC,15,True,1
CCGGTATTATCTAC,15,True,1
AAAGAGGACTTTTC,15,True,1
CTGCCCTATAACAA,15,True,1
TTCGAGGGCTCATC,15,True,1
TTTTAAGACAGCTA,15,True,1
TTACTTCGTTCCCC,15,True,1
CTATGAAAAACATT,15,True,1
TTTCCAGACTTGGT,15,True,1
TAATGCCCTTGTAG,15,True,1
GTAAAAACCATTTT,15,True,1
TACGCCACCATCTT,15,True,1
CCATTCTTCCTATC,15,True,1
CGTCGATCCACAGA,15,True,1
GTACCTTTACGGGT,15,True,1
AACCAGGAATGCGC,15,True,1
TAACGGACAGATGT,15,True,1
TAAGCTCTCGTGTG,15,True,1
CCACGCATAATGAT,15,True,1
CATGCCGACAGGTT,15,True,1
CATACCTTTGAGCT,15,True,1
ATATCAAAAAAAGT,15,True,1
CTCCTAACATTAGC,15,True,1
CTGTCCATAAGCCG,15,True,1
CTAATCTGTGCTCA,15,True,1
ACAGCCTTTGATCC,15,True,1
TAACTGCGTTCAGA,15,True,1
TACATATTACTGCC,15,True,1
AATGGCAGAACTGT,15,True,1
TTAACTTAGAACTA,15,True,1
TGTCTTTACCAGCG,15,True,1
GAATTGATAAGCAA,15,True,1
TTACGGACACTGTG,15,True,1
TGTCAACCCAGTTC,15,True,1
CACCCGGGCGTTAG,15,True,1
AAATCACTTGTTAA,15,True,1
TCCTTCGGGCACCT,15,True,1
GAAATCATGGTAGG,15,True,1
CCTAACCACCATGC,15,True,1
TATCTATTCGTTAG,15,True,1
CCAAACACCTGAAC,15,True,1
AGAGAATTAATAAA,15,True,1
TATATAGTCGTCCA,15,True,1
CGTATGTGTTGTAC,15,True,1
CCACGTCGGCTCCG,15,True,1
TGACAATAGGTACG,15,True,1
GTTCCGAAGATCAA,15,True,1
ATAGAGACCAGAAC,15,True,1
ATACCTATCAGAAG,15,True,1
GAAAAAGAAAGTCC,15,True,1
TCCCCCGCAGCTGT,15,True,1
AATGCTTACTATTG,15,True,1
TTAATCTATAGGCT,15,True,1
TAAAGAACCCGTTA,15,True,1
GGTATGACACCGAG,15,True,1
TTTACGATTGCATG,15,True,1
GTTGTCATGTATAG,15,True,1
GCACTGTTGTCGAC,15,True,1
TACGGCTCTGACCC,15,True,1
TAATGAATTATGAA,15,True,1
ACCCCAAGTGTAGG,15,True,1
TAACGATGAGCAAA,15,True,1
TCCTTGCACTTGAT,15,True,1
CCGATCAACTGGTT,15,True,1
AGGCTCGATATAGG,15,True,1
CCAAAAGAGTGAAA,15,True,1
TATCAGAAATGGAG,15,True,1
TTTGCGCCCCCCCT,15,True,1
CGTGTTCACAGAAA,15,True,1
TGAATAAACTCCAA,15,True,1
CCCTCAGGTACTAC,15,True,1
TTATACACAGCCAA,15,True,1
CATAGTGCTAAAGA,15,True,1
GTGTACATGCTCGG,15,True,1
AAGAAGAGAGTTCA,15,True,1
ACTACACTATTATA,15,True,1
GTCAGGCTACATGG,15,True,1
TACTGCAATAAAAA,15,True,1
TAGATCCTACAGCG,15,True,1
TTACCGCTTATGAC,15,True,1
TTGGCCGCAACTAG,15,True,1
TAAGAAAAAGTAGA,15,True,1
TGAATTCACACTAA,15,True,1
CTGTGGTAGAAAAA,15,True,1
GCCGGATTCATCCT,15,True,1
TGCCTAAGAAAGAT,15,True,1
CTCTGATAGCCACC,15,True,1
AAAGCAGCTCGCTT,15,True,1
CGCCACTTTTTTTA,15,True,1
AAGCTTTAAATTGA,15,True,1
TAGATTTAGTCACG,15,True,1
CGCTCAATGAACTT,15,True,1
GCATATCAGTGGTC,15,True,1
TACTGAAAAATACA,15,True,1
CATGTGCGAAAAAC,15,True,1
TGTAACCGGTTGAA,15,True,1
ATAACTGTGTGAAT,15,True,1
TTGAATAAATCAAT,15,True,1
CTACCACCCGCTAT,15,True,1
GAACTACCAAATTC,15,True,1
GTCCGGACACGCCT,15,True,1
TGGATTATCGGTTC,15,True,1
CCTGAAATATAAGA,15,True,1
TTAAAGATCATGGG,15,True,1
TAGTGATCTCGCTG,15,True,1
GTAAATGCACGCCG,15,True,1
AATTGAGACGTGGA,15,True,1
GGTAGGGCTGGCGA,15,True,1
GCACCTCCATGTGC,15,True,1
ACAGCTGAATAGCC,15,True,1
GGTAAAGGTCAAAC,15,True,1
TCGTGCAGGGCTAG,15,True,1
AGATGAGTGGTTGT,15,True,1
AGCCTTGCATTTAT,15,True,1
TCCGGTGTCCATCA,15,True,1
TTCCTCAACATATG,15,True,1
TGAATGCACTGTTA,15,True,1
GCAGAACACTTAAC,15,True,1
ATAAAATCCAAACC,15,True,1
TAGATCATCTGTTG,15,True,1
TTCATACAGACTTC,15,True,1
GATTGTTCGAGCCC,15,True,1
GCTCGATTAATGCA,15,True,1
GCCTACCTTGATGC,15,True,1
CCAGCACGAACAAG,15,True,1
AGGATATAATCGAT,15,True,1
ACAACCTTTCGCCA,15,True,1
ACCTTAGTTACGAT,15,True,1
CGACCCATATCAGA,15,True,1
ATCTAGTACAGCCG,15,True,1
GTACGAACATTATA,15,True,1
CTATCGTAAGCTGG,15,True,1
TGAGACGTTACTTG,15,True,1
CACTTACGTTAGAC,15,True,1
CCACCTATATCTTA,15,True,1
TACCATTGATTAAC,15,True,1
CCCACTTAGACAAC,15,True,1
CTCTTTCGAAAACG,15,True,1
TATATTCCACTCCG,15,True,1
TCACACCCCTTGTC,15,True,1
ATGACCTGAAATAT,15,True,1
GTATGCTGAATCTT,15,True,1
ATGCGGCCAGCGTC,15,True,1
AACCTCGTAAATGA,15,True,1
TAGACAATCGCAGG,15,True,1
TTAAAGATGTTGAA,15,True,1
GTATTTCACAGCCT,15,True,1
ATCGTGGTGTTTAC,15,True,1
CCCACCACTCCCCC,15,True,1
TGATTAACCTAAAA,15,True,1
GGCGTGGATCCTGG,15,True,1
CAACTCGCATTAAG,15,True,1
ATATCGACATTATC,15,True,1
CCAACGCCTATCAA,15,True,1
AGGGACAACTAGCA,15,True,1
TTACCGATAACCCA,15,True,1
CTCTGAGCTAATCG,15,True,1
TCCGCGTTTCTCCA,15,True,1
TGATCCGTGGACTG,15,True,1
TTATTCAGTGAACG,15,True,1
CTAATGCTACAACT,15,True,1
TATAATCACCTGTT,15,True,1
TGGCATAATAACTA,15,True,1
CGTCCATTAGTCTA,15,True,1
CATAATTCATTTAG,15,True,1
CTACACTAGTGATT,15,True,1
TTTAAATATTCTCA,15,True,1
TATGTAAGATATAA,15,True,1
CCACCTGTGAAGTC,15,True,1
TGGATTTGCGCCAG,15,True,1
CGCTACATATTCTG,15,True,1
AAACGCGTCCTCGT,15,True,1
TGGAATCTGAAACA,15,True,1
TTTCTATCACGTAG,15,True,1
TGCGGATTAAAGGA,15,True,1
CGATCACTACCAGA,15,True,1
CATCCTATTACAAC,15,True,1
ACAGTAATTATATA,15,True,1
TTTCCAACAAGACA,15,True,1
TAAATCCGTATATG,15,True,1
TAGCGGTCAATCAG,15,True,1
ATAGTCTCACGTTA,15,True,1
CTATGTTTTCTCTG,15,True,1
TAACATTCGCATTA,15,True,1
GAGCCAAATTCAGA,15,True,1
CACCTCAGGGGCAT,15,True,1
TTATGAAGTGTGTG,15,True,1
AAGGCCGCTCATGT,15,True,1
ACGCCCCGTCTTCG,15,True,1
CAAAGGTCTATATA,15,True,1
TGGAACACCCGGGG,15,True,1
GTCCAATAGATATT,15,True,1
GAGACCATTGCTGT,15,True,1
AGACACGGGTACAA,15,True,1
GTTCCTATCCCCAT,15,True,1
AGGTTTCTAGTGTT,15,True,1
TGCAAAACCATCAC,15,True,1
TTGATTCAAAATAA,15,True,1
CGTGAAGGTAAATG,15,True,1
CGATCTAATCTGAC,15,True,1
TAAACCCTTATATG,15,True,1
TCCTTTTACTCATT,15,True,1
TTTGCAATTCCATA,15,True,1
TAAACGACCCTCGT,15,True,1
ATCGTCTCGACGAA,15,True,1
CCCCTATCCCTGTA,15,True,1
TGGCACACATTCAC,15,True,1
TCCATCGGCTTTCA,15,True,1
CATTTCTTCACATG,15,True,1
CTACTAGAGTTTAA,15,True,1
TTCAGCAATGACTA,15,True,1
ATATCATCTACGGT,15,True,1
TTAACTACTGTAAG,15,True,1
GTACATAATTCTCG,15,True,1
AGCAAACTAAGAAG,15,True,1
TTAGTATTTTATCT,15,True,1
CATCCACTCGATAT,15,True,1
TTCTACTTCTCCCC,15,True,1
TATATGTTTCACAT,15,True,1
AACAGGTGGATTCA,15,True,1
TGATACTGATTAAG,15,True,1
TCCTGCTGTAACCA,15,True,1
ACTGCCCAAACCAA,15,True,1
GCGCCCCTTCCTGA,15,True,1
GAGGATGGGGACCC,15,True,1
GGTAATCTTTACGG,15,True,1
TTCTACTCCAGTGC,15,True,1
GGCACTGGTTAAGA,15,True,1
CGAACAATGAACCG,15,True,1
TATTCTTTCCAACC,15,True,1
AAGAAAACTCAATA,15,True,1
GTGGCTCTAGCACG,15,True,1
TGCCACATACTAGC,15,True,1
GGTTATATTTAATT,15,True,1
ATATAAAGAGTTAG,15,True,1
CGAAGCGGCTGAGC,15,True,1
TGCTGATATTGTGT,15,True,1
TCCTGCCTATTCAA,15,True,1
CCGCCCCTCGTCTG,15,True,1
TACAATACTTTACC,15,True,1
TTCTCTTATTTTAC,15,True,1
GCATAACTTTGAAA,15,True,1
CCTCCCTCGTCGAC,15,True,1
TAACGGCGACACAT,15,True,1
CTAACTGTTCTAGA,15,True,1
GATCCTTTTATAAC,15,True,1
CGCCCATTAGGTTT,15,True,1
ATCCCCGTCTTGCA,15,True,1
TCCATCTGCTACAA,15,True,1
TCAACGGCTATAAA,15,True,1
CTATTTATTGGGAT,15,True,1
ACGGCGAAGTCGCG,15,True,1
CTACTTTAGCTGGT,15,True,1
CTAGTGCTTCCGAA,15,True,1
TATACTTCACAGGC,15,True,1
TTCAACAAACACTA,15,True,1
AAAGGGTTGAATTT,14,True,1
TGTAAGACCGAAAA,14,True,1
GTAGAGCACGTGTA,14,True,1
CTTATACAGCAACT,14,True,1
TATAGTTAGTTACT,14,True,1
TAGGTCTCTTAGTA,14,True,1
CAAGTAGTTACGCT,14,True,1
CTCGCCGCTCCTTT,14,True,1
CACACTTGGATGGA,14,True,1
CTAGCCGAGACGCT,14,True,1
TTGAGTCAAGGCGC,14,True,1
GGATCTACAATTCT,14,True,1
AGATAAGCAGACTA,14,True,1
GTATAGACCTTACT,14,True,1
TAAGTTTTATGTTC,14,True,1
CCTACACAGATTGG,14,True,1
TGTTTCGTTGTACC,14,True,1
TTTCAAGTTTACTT,14,True,1
TACCATATCACCAT,14,True,1
TATAGAAATATCAT,14,True,1
CCCTATTTCGGTCA,14,True,1
GCGAGCCATCGGCC,14,True,1
CGACGCCGATGCGT,14,True,1
CCCCCGCTCCTTCT,14,True,1
AAGAGTGGGATTAG,14,True,1
CATGAAGCAATTGA,14,True,1
GCATATAAATTACC,14,True,1
TGGCCGCGACACGT,14,True,1
CCCCAGTATAAAAT,14,True,1
TGGGAGAAGATAAT,14,True,1
ATATGATCGATATA,14,True,1
AGAGATCCTGTTGT,14,True,1
CCCCTGGGCTATAA,14,True,1
ATGATCACAATAGA,14,True,1
ATAAGCTAGCCGAT,14,True,1
TTATTTAAGGCCGC,14,True,1
TTTTGAAACCTCTA,14,True,1
GGGATACCGAAAGG,14,True,1
TCGATCACTACCCA,14,True,1
CGAGCTGCAGTTCG,14,True,1
AGTGCCCATCGAAG,14,True,1
TGGAATCTAAATGT,14,True,1
ACTATACAGAAATA,14,True,1
GGTATAAAGTTTTT,14,True,1
AGATGGGGAGGTAG,14,True,1
CTTATGTTTTTTCC,14,True,1
AAGAGAAATAATTG,14,True,1
GATCCCAGTTGTGG,14,True,1
GGGAGGTGTTAGTG,14,True,1
ATGACTTTAAGTAA,14,True,1
TAGGATCGCATAGC,14,True,1
TGAAAGAATGTAAT,14,True,1
GGACGATGATCGGA,14,True,1
CACCCGGACCGGGC,14,True,1
CAGGCCCCGCCCTT,14,True,1
TACACTAGGAGGCA,14,True,1
ATGACGAACTATAT,14,True,1
TAACGAAGGCGTCA,14,True,1
CACCCAAGTCCACC,14,True,1
GTTTGTCTCAAAAC,14,True,1
TTGCCGCCCGCACA,14,True,1
TCTAGGATGGCGGC,14,True,1
CGAAATGCTACGGG,14,True,1
TTAGAGAAACTTGC,14,True,1
GTAAAGTCATGCCA,14,True,1
TAATCAAAGTACGC,14,True,1
GATCCCCCAAGACC,14,True,1
CTGTAACTTTTCCT,14,True,1
CCAGCACCCCCAAG,14,True,1
GTTCCGCAAAACCG,14,True,1
AAACAAGTAAACAA,14,True,1
GACAGTCCTTTACC,14,True,1
CTTCCATCACAGAA,14,True,1
AAGGTCTTTCTCAG,14,True,1
CCGCTCAAAGTTAA,14,True,1
TAGCGAACAAGAAA,14,True,1
TAAGTGAGTCGGCG,14,True,1
ATACATTCGTAGCT,14,True,1
AGCCGACAATTATT,14,True,1
TTATCGCCGACCTA,14,True,1
TGACACAATGATTC,14,True,1
CTCCTCTCATAACG,14,True,1
CCCACACATATAAG,14,True,1
CAGGCAGGCCGGCG,14,True,1
CTTTAGTTACGTTC,14,True,1
GTTGTAACACAATA,14,True,1
TCCCTCCCGTACCA,14,True,1
TCTAGACACGATGA,14,True,1
AAGATTCGACAGGG,14,True,1
CTCCTCCGCCGACT,14,True,1
TGGTAAGCTAAAGC,14,True,1
CCGATTGTTATCAC,14,True,1
TAACTCCTTTGAAG,14,True,1
CCACTAGCTCGTAA,14,True,1
CTCCCTTACTACAG,14,True,1
TAACCTGTGGTGGC,14,True,1
AGACATCAAGGGCG,14,True,1
TCACATATATTGTA,14,True,1
TACTAATGTACACC,14,True,1
CATCCCTAACTAGA,14,True,1
ACCCAATACAAAGC,14,True,1
TGGCCTGACGTTTT,14,True,1
TAAGAATTCAGAGA,14,True,1
CATGACCATGGACC,14,True,1
CGAAGTCTTGTGGT,14,True,1
ATAGTACAGACTAG,14,True,1
AGGCTTGACAAATC,14,True,1
TCGCGTCTAATACC,14,True,1
CTTTCTTCCTGCGC,14,True,1
CTCAACCCTCCCCC,14,True,1
ACTCCGAGCTACTG,14,True,1
CAATAGTGCATATT,14,True,1
AGCACTATGTAGTT,14,True,1
CCATTCATGATCAT,14,True,1
TATTTTACAACCGC,14,True,1
CATCTGCCAACGGC,14,True,1
TCTGCCAATGAACT,14,True,1
CCAACATTATGCCT,14,True,1
AGTGAAGAGGTTAA,14,True,1
AGCCGCTCTCACCA,14,True,1
TCACAAAACCTTTA,14,True,1
TGCCAAGGAATAGG,14,True,1
TATGATGCCATCTC,14,True,1
TTGCTTTGCCTTAG,14,True,1
GTTCTCTCCTATCA,14,True,1
TGCAGTGCAACTCA,14,True,1
TATTCAACTTATTT,14,True,1
TAGAAATTTACATA,14,True,1
CTATATGAAAACGT,14,True,1
GACGGCCACATCAT,14,True,1
ATCGCGTTGATCCG,14,True,1
TGTGACTACAACCT,14,True,1
CTTGCCTAGTGATG,14,True,1
TTTTAGTAGTTAAC,14,True,1
ATAAAAAAACTCTG,14,True,1
GCCATGTGATACCG,14,True,1
AGCCAGAGGGAGTG,14,True,1
TATCTTGTCGAAGG,14,True,1
GTAGGCCGGTTATC,14,True,1
AGAATACTGTATAT,14,True,1
GGATGCAAAATAGA,14,True,1
TAATTACTACGATA,14,True,1
TCTTTATATCATGC,14,True,1
CTTCACTAGTAAGA,14,True,1
TGCCCAAATCAAAG,14,True,1
TAGCCGTCTAGGTT,14,True,1
TACTGTTTTGGACT,14,True,1
CCCGAGCGTCCCTA,14,True,1
CTCAATATGAAGCA,14,True,1
CAATGCCATTTTCT,14,True,1
CTCACACTCTTGGA,14,True,1
ACCTCTTATATAAC,14,True,1
TATACTACCGAATG,14,True,1
CCAACCAGCATAAA,14,True,1
TTATAACGAGTATG,14,True,1
TCCTCTAAGTTTGT,14,True,1
ACAAAGAAATAATA,14,True,1
CTTTCCGTGCGGAA,14,True,1
CTATAAAGGTTTAA,14,True,1
TGATGGACATGGGG,14,True,1
TCCTGCACACTAAT,14,True,1
CAACTCCCCGCACC,14,True,1
GACTAACTATTCAT,14,True,1
GCAAAATTGGTAAG,14,True,1
TAGAGCTAAAGCAT,14,True,1
GCAATAGACGGCGA,14,True,1
CTGATTAACTGCAT,14,True,1
TTCATAGCAAAAAG,14,True,1
TCCCAGGATTAAAA,14,True,1
CTGAAGTGATTGGC,14,True,1
TCAACCTCAACACT,14,True,1
CGTCCGCCAAACAT,14,True,1
ACACAGGGGAATGG,14,True,1
GATCTCAAATATAT,14,True,1
TGTGTGGTGCGTAA,14,True,1
GAACTATCGCATCC,14,True,1
CATCCCGCGCTCAT,14,True,1
TCGCTAGACATACC,14,True,1
GTAATCGTTGACAC,14,True,1
AAGAACGAGAACTT,14,True,1
CCATCTTCAAATAG,14,True,1
CCCATCCCCGTCCA,14,True,1
AGGAGGTAGGCCGG,14,True,1
TCCCCCTCTTGTGT,14,True,1
CGCTAAGGTGTGAA,14,True,1
TCGCTACAACTGTA,14,True,1
CAAACTATTCATCA,14,True,1
TACACATTCGAACT,14,True,1
TTCGCCCTTAATAA,14,True,1
CTCGTTATGCCGGA,14,True,1
ACACTCTTAACAGA,14,True,1
GTCACATCGGATCG,14,True,1
AGTAGCACAATCGC,14,True,1
TCTGAATAGTGGTG,14,True,1
TCCCCATGACATTT,14,True,1
CTCTCCCCGTTGAG,14,True,1
TTAAGGTGAAACCG,14,True,1
CTTTGTGCCCGTGT,14,True,1
AAAGTCTTATCCAC,14,True,1
ATAAGTTCAAAAAG,14,True,1
ACATTATTGCCGAC,14,True,1
ACCATGTTTGCACT,14,True,1
TGGACATGCCACGA,14,True,1
CTGTTGCCCGCTCC,14,True,1
AACTCGATCGAAGA,14,True,1
ACAAGCTCATTCGT,14,True,1
ACGGGATTTGTTGC,14,True,1
CGGCCTCTTCCCCT,14,True,1
CATTTGGTTAATGA,14,True,1
GGATACTGGTTTGA,14,True,1
CGAAGGGGAATAAT,14,True,1
TGCCTGAACTCACA,14,True,1
GTTAAACCGTATAC,14,True,1
AACTCTTAAACTAG,14,True,1
TGAGACTGCTTGCA,14,True,1
CAGAATGTTTCCTT,14,True,1
CTTTTAAATTGTTA,14,True,1
ATGTCAGTCTGGGT,14,True,1
TGCCCATGGGTAGG,14,True,1
TGGTACCTTTTTCT,14,True,1
TGAACCTAAGCGTA,14,True,1
GACCGGGCCGCGAA,14,True,1
TCAGAACTTGTTTT,14,True,1
TCTAACGGCATCTG,14,True,1
TACCGCTACCCCTC,14,True,1
CGATTACTGCATTT,14,True,1
TCCCCTACAACTAT,14,True,1
GCAAGATTAAGCCC,14,True,1
TCTACATCTAGTGG,14,True,1
TAGACTGCTAAACA,14,True,1
GTATCTTGATTTAG,14,True,1
TCAGTGGGTTTACG,14,True,1
ATTGATCTTATCTG,14,True,1
AAGAGTATGCATCC,14,True,1
TTTCCAACTATATT,14,True,1
TGGCTCGTTAAAAA,14,True,1
CCACTCTTGCGTCT,14,True,1
TGCCTCATTCAAAT,14,True,1
CCTCGTCCAACCAA,14,True,1
ACAGTCTATCCGTC,14,True,1
AGCCTGATTCCCCC,14,True,1
TAGACAGGATGTAC,14,True,1
TAATGATCTCGGAA,14,True,1
GTCACATAAATTAC,14,True,1
CGTCAGGCTGACGA,14,True,1
TCAAACAGCTGCAC,14,True,1
ACACTCAGAGCCCT,14,True,1
GCCGTCTTGGTTAT,14,True,1
TTCGAGTACTCGAT,14,True,1
GGGCTAACTCCGAA,14,True,1
AGGAAACCTTAGTT,14,True,1
GTACTCGCAAGGAC,14,True,1
CAATAAAGGAAGAA,14,True,1
ATCGCCGTTAATTA,14,True,1
ACACCACTGATTAT,14,True,1
TATACATTTTGAAG,14,True,1
GTGGGAACCCGGCT,14,True,1
CGGAAACTCGTCGG,14,True,1
CATTTATCATCCAA,14,True,1
TCCACTTAGCTAGC,14,True,1
TAGATTATCAGACA,14,True,1
TGAAGACTCAAACG,14,True,1
CATTGGACATCGCG,14,True,1
CTTAGAGAAAGGGT,14,True,1
TTGACCATCTCCCC,14,True,1
ACTCACTTGGGCTT,14,True,1
GCATCATAACAAAA,14,True,1
CTCCTATTATCCAC,14,True,1
CTGAGGTTCGATTT,14,True,1
GTTCCTTGGATAAT,14,True,1
CGATTGGGGGTGTA,14,True,1
GATTGATCAATCAG,14,True,1
AGGACGTCCATTAA,14,True,1
CTCATTGTCCTCTC,14,True,1
TTGCCGAAAATTAC,14,True,1
CAACTGTATTGCGG,14,True,1
CTATCGTAAGGTAC,14,True,1
CTTGCAGAGTGTAA,14,True,1
CTATGAGTGTCTAA,14,True,1
CAACAGTAATTCAA,14,True,1
CGAGAGCAAAAGAC,14,True,1
GGTCCGAAATATAA,14,True,1
TAAATAAAATATCG,14,True,1
AGAGTTAGAGTTCC,14,True,1
CCATTACTTTCCAT,14,True,1
TCCTGTGTGACACG,14,True,1
TCTGTTTACCCGCT,14,True,1
TATATATTGTCACG,14,True,1
CCTTCGCGTCAAGG,14,True,1
TGGAGAAGTTAACT,14,True,1
TCTGCTTGCAGGTC,14,True,1
TTGGCCCAAATTGC,14,True,1
TACCACTCGCGCAA,14,True,1
ACACATGGTCAAAC,14,True,1
GATGGATTAACAAA,14,True,1
TAAGACCCAGCGCC,14,True,1
GAATAAGTACTCAG,14,True,1
CGAACACCGGCATG,14,True,1
CCCACCGACACTAT,14,True,1
TCTGCTGTTGATCG,14,True,1
TTCGAATACCAACC,14,True,1
CCTCAACTTGCTTA,14,True,1
CTTCCAGTGGTATA,14,True,1
CCCACTCTCCGTTT,14,True,1
TTAAAGAACTCTAT,14,True,1
CGGCTTGCGTCTGT,14,True,1
TATACGCCTTACGA,14,True,1
TAGGCTTTGTGAGA,14,True,1
ATAGCTCTCCCTGA,14,True,1
TCCACAAGGCCACA,14,True,1
CTTTGTGATACCAA,14,True,1
TAGAAACGCCTTTC,14,True,1
ATCACATTTTAAAA,14,True,1
AAATTAATGATGCA,14,True,1
TTTGGACATTGGTC,14,True,1
CGATCCGCCTAGAT,14,True,1
TCGACTAAAGATTG,14,True,1
ATCCGGACATCAAG,14,True,1
TTCGTAGTTAATTG,14,True,1
TCATCTCAAATATT,14,True,1
TCTCGATTCAAAAA,14,True,1
GGACGTGGTAGGCG,14,True,1
CCCCAGGTAATATA,14,True,1
AATGGAGATGACAA,14,True,1
ATGATTGGTTGACA,14,True,1
CACCACTCGAATAG,14,True,1
CCGGTGCCCGCCCG,14,True,1
ACTGTGAAAGAAGA,14,True,1
TTCCCTCCATCGTG,14,True,1
TGATGTGATTGTTC,14,True,1
GAGGAAAAATGCAG,14,True,1
TGTATCTTCCTTCG,14,True,1
TAGTCCTCCACGAC,14,True,1
GCAGAGGTTGAACG,14,True,1
TTTTTCTGTCCAAA,14,True,1
TCACTTAGTTGATC,14,True,1
CGGAGCAGGAGCTA,14,True,1
TTCTCCCGCACCTA,14,True,1
TTTCGCGCGTCCAG,14,True,1
GCAAACCGGCCACT,14,True,1
CTCGCAATACCGAC,14,True,1
CAAGACACACGGAT,14,True,1
CCACAACACATAAC,14,True,1
TCAGGCTACGTAAT,14,True,1
AGATAATTGAATCC,14,True,1
TTGTGGATGTCGAA,14,True,1
TTGTCTCAAACCTT,14,True,1
TAACTAGCTTAAGT,14,True,1
GGAAGAAGTCATGA,14,True,1
AACTCCAAGTTCGA,14,True,1
TTATGGATTATTAA,14,True,1
GTATCGTGGGGCCG,14,True,1
ATGATTATTATAGA,14,True,1
TTGGCCTCTGTCCA,14,True,1
GCAGCCCCCAAATT,14,True,1
GATCAGGTTGTTTA,14,True,1
GTTTATTATATCGC,14,True,1
CAACGCCCGATTAA,14,True,1
GGCAGGTGTTTCCC,14,True,1
GGGCACTGCCGTGG,14,True,1
CTATACACTGTGTT,14,True,1
CGCAACTGTGGTCT,14,True,1
TTACCCTCACGGCC,14,True,1
ACAACATACAGGGT,14,True,1
TGGGCCGGAATTGC,14,True,1
AAGCGATCACTCTT,14,True,1
TTGCAAGGCACGAC,14,True,1
TAACATATAAGCAT,14,True,1
CATTAGAGCGAAAT,14,True,1
CATAGCTTGGCCGC,14,True,1
TCTTCACAGCAGCG,14,True,1
CTGTATCGACGGGC,14,True,1
TGATAAAAAATTCA,14,True,1
AGGAGAATCGAAAG,14,True,1
TATGACCGCCTATA,14,True,1
GAATCCCAGAGGAC,14,True,1
TACGTAATTATGAT,14,True,1
CAACCCGCATATGA,14,True,1
GCCAAACATATAAA,14,True,1
TGGAAATAAATAAG,14,True,1
ACTTATTTCACCAT,14,True,1
TCACCTTCTTACAT,14,True,1
CAAGTTTGTCCAAG,14,True,1
TGACGCTGCTAACA,14,True,1
GCATCCGGCCGCCC,14,True,1
TTTACGAAGAACTA,14,True,1
GACAATTCCGGACC,14,True,1
CATGATCATTTCAG,14,True,1
ACAGAGCATCGTAG,14,True,1
CTGGGAATTGAAGT,14,True,1
CTCCCCTCCAAGTA,14,True,1
TTCCCGATTTGACG,14,True,1
CAACGATTTATCTC,14,True,1
CTGACCCAATATGG,14,True,1
TCCGGAATACAGTG,14,True,1
TCATCTTTTAGAAA,14,True,1
TTCATGATCTTACC,14,True,1
CTAATCCTTCTTCT,14,True,1
AGACTGAGCAGAAA,14,True,1
GTCACTGATCGGAA,14,True,1
TCCAACAAGATTTT,14,True,1
AACATTGGCAGCGG,14,True,1
GCTGTCTTTTTACC,14,True,1
TAAAGAAAGTAGAC,14,True,1
TACTACGGTAACCT,14,True,1
TACGAGTGCCACTA,14,True,1
GTCTTAGTCATAAA,14,True,1
ACATATATGGGTCT,14,True,1
GTATCTTTAAATCG,14,True,1
CAGCCGGCTCGGGA,14,True,1
TCAGGCATTTCCTG,14,True,1
TCCCAGTGTTTTGA,14,True,1
CCCCGACACACAGT,14,True,1
ATGGATGTGATAAG,14,True,1
GAGGCTATGGTAGA,14,True,1
TTAAACATTTTCGA,14,True,1
ATACCAAAAACCTT,14,True,1
TGGACTGCTCGCAT,14,True,1
CGTCCGGACACTAC,14,True,1
CCCCCGATACATGA,14,True,1
GTACATTTACAGAT,14,True,1
CTAGCTAACAAAAC,14,True,1
CCATAATAAGTTCA,14,True,1
TCATGGGTGCAAAT,14,True,1
CTACTAACAACCCT,14,True,1
TGCTCGGAATCTAT,14,True,1
TGCGGGAATCTAAT,14,True,1
GTTAGAGTCTCCTC,14,True,1
CCCCTTCCATGGTT,14,True,1
TTCTTACTCCTATA,14,True,1
CTGCCCCCAACTTT,14,True,1
TTAAACATGACACT,14,True,1
TGGGGTAGTATGTT,14,True,1
GCCCCCCCGGATTC,14,True,1
TCACGTATAAAACG,14,True,1
AATACGGAACCATG,14,True,1
CTTACCTTTTCATA,14,True,1
TTGACCCTACCTTG,14,True,1
TATATAACACTTAA,14,True,1
ATGAGCCGACGCGA,14,True,1
CGACCTATCGTCCG,14,True,1
AATCTATATGCCTA,14,True,1
ATAAGATACGGAGG,14,True,1
CTTTTCGTTTCATG,14,True,1
TAGTATTGTTTAGA,14,True,1
GCCCTATGAAGCGG,14,True,1
CCGATTCACTCCTG,14,True,1
CAATAATCTCGTAC,14,True,1
CATCTGTAGTGAAA,14,True,1
TTATCACGGCAGTA,14,True,1
TAACCCACTATTAT,14,True,1
GACCGCATAACTTT,14,True,1
GCATGAATGGTCGC,14,True,1
ATATCTTGCTAAAT,14,True,1
GGCGATCTGTACCT,14,True,1
TACGTAATAAAAAC,14,True,1
TATGCTTGACATTC,14,True,1
CTAGTAGGGATGGG,14,True,1
CATTCCCCTGCATT,14,True,1
TACGGTGGGATTGG,14,True,1
TCACTCTCTTCTCA,14,True,1
AATCTGCCTCCTAA,14,True,1
TTGCCCAAATATAA,14,True,1
ACCTTCCGTATTTT,14,True,1
GTCCTCTCATTAAG,14,True,1
GACCCCGTTCTTAA,14,True,1
TTATAGTATACTGA,14,True,1
CACGTGGATACCAC,14,True,1
GTGCCTGATTAATA,14,True,1
AAAGGAGTTACAAA,14,True,1
TGAAGAGTGGTACA,14,True,1
TGGATCCAACTCTG,14,True,1
GCCGGGAATCATGC,14,True,1
CACAGACTAACTTG,14,True,1
TCTCAATTAACCAA,14,True,1
CTATGCTCTCATAC,14,True,1
CACTCAATCCGTCA,14,True,1
CCATAAGGAGTTGT,14,True,1
ATGCGATACAATAC,14,True,1
TGCTTTGGAGTAAG,14,True,1
CGTAATGCCAGCGG,14,True,1
CTCCTGCGCAGAAC,14,True,1
TAGTAACTTCCTCA,14,True,1
CTGCCCACGACGGC,14,True,1
ATGTAAGATTCGTT,14,True,1
TCTACGTATCGTGG,14,True,1
TGCTTTGCACAGAG,14,True,1
ATAATGATTAAATA,14,True,1
CGAAGATATTCATC,14,True,1
TGTGACGCTGGTGA,14,True,1
TCCTCTATTGAGGT,14,True,1
TGTGTACCCTGTTA,14,True,1
ATAAGTATTCATTA,14,True,1
TAATATGTGACGTA,14,True,1
CTAATAAAAAATAT,14,True,1
TGGCGAGCTTAGTA,14,True,1
TTAGACCATGGCGT,14,True,1
TAGATGAGTCCTTG,14,True,1
TTATCAGCCCCCTG,14,True,1
GCCCCCATTAAGCG,14,True,1
CTAGACCCTGAAAG,14,True,1
TATATTCGGCAGAA,14,True,1
CCAGTCCACTGCCT,14,True,1
GCACTGTTCGCATC,14,True,1
CATGGTGCAGTACG,14,True,1
CTAGGGTTTGTTCT,14,True,1
CTCAGAACCAAATA,14,True,1
GCACATTAACATCC,14,True,1
AGCTCAACTTCACT,14,True,1
AGAAAGAAAAGTAC,14,True,1
GTTGGAGTACAGAC,14,True,1
ACAGTAGCACTTTA,14,True,1
AAGATAAGATATGG,14,True,1
TATTCTGCGTAATA,14,True,1
TAAGAGTCTTTGTG,14,True,1
AGCTGTGTCCGATA,14,True,1
TAATACCATCGTGG,14,True,1
TAGATTAACTTACT,14,True,1
CATGCATCACTCTA,14,True,1
ATGGACGTTGGTAA,14,True,1
AAGCAGAAAAGCAA,14,True,1
TAACAGCCGTAAGG,14,True,1
TACAAGATTGCTCA,14,True,1
TAAAAAAGAATCAC,14,True,1
TACCTCATGCCACA,14,True,1
CACTCACGAATCCC,14,True,1
TGACTGAGGATGAA,14,True,1
CACATCTCGCTAGC,14,True,1
TAGGCCCTAACTTG,14,True,1
TAGCACATTCCTGT,14,True,1
TTCGGCTTACTTCC,14,True,1
CTGCCCATGGGCTT,14,True,1
GGAACATAAATCGT,14,True,1
CACGCCAAGTCTAT,14,True,1
CTACCCTTTAAGTG,14,True,1
TCTCTGAACTCTTA,14,True,1
TTCACTCTTTGCCC,14,True,1
TCAGGTAATTTACC,14,True,1
CTCATGAGGTGGAA,14,True,1
CTACTGGTAAATTT,14,True,1
TTATCGAAACCTTA,14,True,1
CCACCTCTTCCGGC,14,True,1
TACTCGTTTATACA,14,True,1
ATTCGAATGCTAAC,14,True,1
ATGCAGAATCACCC,14,True,1
CGGCACGCCATATT,14,True,1
GCGCATCCATCGGA,14,True,1
CACAAGGGCGCACA,14,True,1
AATATAGGACTTAC,14,True,1
GCGGTTATTTAGGT,14,True,1
CTGGCTTTTTCTTT,14,True,1
TCCGCGTAGGCCTG,14,True,1
TCATTAGCACAGTA,14,True,1
CCAGATTACGATGA,14,True,1
ACCGTTGTGTGTGA,14,True,1
TAAAGAGCCAAAAC,14,True,1
CCCCGTGCCTCCTT,14,True,1
TCCCCTTACGGCAA,14,True,1
GATCCACTCATACT,14,True,1
CAACCGGCTAGCCC,14,True,1
GCGATCCGGCGAGG,14,True,1
TAGACCACAACATA,14,True,1
TTACGTGACTTACA,14,True,1
GCGGACTAAGACCA,14,True,1
CCGACATTTCCTGC,14,True,1
CACTCAGGGATTAC,14,True,1
CGATCGTACAACAG,14,True,1
CTCCCTCTCCGGAG,14,True,1
TCCACTCGCCGTCT,14,True,1
CAGCACGACGTGAG,14,True,1
AGCCTTAGCCATAT,14,True,1
GTGGGAGCCCATTA,14,True,1
TGCCATATGGTCTT,14,True,1
GTATCGATTCCTGG,14,True,1
TAACATGCAAACTT,14,True,1
CATCACTACCTCCC,14,True,1
CCACTAGTATAGTT,14,True,1
GATCACTTCCCGAT,14,True,1
CAAAGTTGTTTACA,14,True,1
TACAGCCCGTGCTC,14,True,1
TTATGTTAGAGTTG,14,True,1
TGCATACAAAACCA,14,True,1
ACAGATGAAGTATG,14,True,1
GAGCCTCACCGCGT,14,True,1
GCACACTGTTGACA,14,True,1
TCACGCCCTAACGT,14,True,1
ATACTACCTACGTC,14,True,1
TCTAACATACAATA,14,True,1
TCAGATCAAAGCGG,14,True,1
CTCCTTACTACATC,14,True,1
TCATGACGTGAATC,14,True,1
CCCTTGTGTATAGT,14,True,1
TGTTAAAACGTAAA,14,True,1
AGGCTCCCATTCAC,14,True,1
CTGTAATATAACTG,14,True,1
ACAAGCCTGATCGC,14,True,1
ACAGATCAATTATA,14,True,1
TGTTGGGGATGAGA,14,True,1
TCAGCGGATACCCT,14,True,1
GCTTCCTCTAATTT,14,True,1
AACACCTTGGAGAC,14,True,1
TACGAATTTATAAA,14,True,1
CCTCTGCCAGTAGG,14,True,1
TAGGCCGGACTAAG,14,True,1
GCGGTACGAGCCGC,14,True,1
GTATTTACTAAGTA,14,True,1
GTGCCAATCCATCC,14,True,1
CACTCAAAGTTCCC,14,True,1
CGGCAGACCTTACT,14,True,1
TCAAGGAACTATTC,14,True,1
GAAGGCACTAGACG,14,True,1
AGTTGATTACAGGA,14,True,1
TAATAGGAGCCATA,14,True,1
TACGTGCTGGTGTA,14,True,1
ACACGAACTCAGTT,14,True,1
GTGATTGACAACAT,14,True,1
TAGACTCGTCCGTT,14,True,1
CCTATATCCAGACC,14,True,1
GACCTCCTAGATTA,14,True,1
GGTATTATTATCCT,14,True,1
GTCCCTCAATCATG,14,True,1
TAGACCGCAAGAAA,14,True,1
AGCACAAAAGTTAC,14,True,1
GACCGATTGAGGGT,14,True,1
TGATCGGTAGATAG,14,True,1
TGACGTTTTGATTC,14,True,1
TTCGCGTAAATGAG,14,True,1
GCTCGAAGAGCTAA,14,True,1
TCGTATAATTCAAT,14,True,1
CTATTACTCTTTCC,14,True,1
GACGGACTAACCCA,14,True,1
TAAACTCAGTAAAA,14,True,1
GTCTCTAACGTCCT,14,True,1
CCCCCCTGCTAACT,14,True,1
CGGTGCTAAAAAGT,14,True,1
ATACGAGCCTTGCA,14,True,1
CCAGACCATGCCCG,14,True,1
TTAAACCCCATGTA,14,True,1
AACCCCCTATGCCT,14,True,1
TTCACCGACTTTGC,14,True,1
TTATTTAAAATGGA,14,True,1
TTCAAATTAAAAGA,14,True,1
TGCCTCCGCCTCCG,14,True,1
TAATACATCAAACT,14,True,1
GTCGCTAGTCTAAG,14,True,1
ATACGAGATACTAG,14,True,1
TACATACGGATGCT,14,True,1
AAGATTAAATGTGC,14,True,1
TATACCGCCATGCA,14,True,1
TGACCTTCAGGAGA,14,True,1
GCATTCTTAATCCG,14,True,1
CCGCCTTCCGCTCG,14,True,1
GTCCTAGACGCACC,14,True,1
AAGACATCCACAAT,14,True,1
CCCACTCTACGAGG,14,True,1
CCTTGCTCGCGCCT,14,True,1
GATGTAAAGAATAA,14,True,1
TTCTTACAGACTTT,14,True,1
ATGTGATCTCACGA,14,True,1
ACCGAAGCTATCAT,14,True,1
AAGAACATAACCTG,14,True,1
CTTTAGAATCATGG,14,True,1
AGAACGCTCTACCG,14,True,1
ATACAGAAACCTGC,14,True,1
AAGTTGTCACACCT,14,True,1
TAACCACAACGCCA,14,True,1
ACTTGTTCCGCTCT,14,True,1
GTCCGTCGTCGCTG,14,True,1
ACAGTTGTACAGGG,14,True,1
TAGGGTCAGTCGAC,14,True,1
AACAGAAAGTTGAC,14,True,1
TCAGATTCGTTGGT,14,True,1
TTCACATTTGAACA,14,True,1
CTAGAAGGGCCACC,14,True,1
TATAGCGCTTAGCT,14,True,1
AGCGATAACTCAGG,14,True,1
TTGACACTCACAAG,14,True,1
ATGGCGCAAGACAT,14,True,1
CTGCGTGGCTTTCC,14,True,1
GTGCCACAAGGAGA,14,True,1
CTTCTACGTGATCG,14,True,1
TTATCACTATAGTC,14,True,1
GCTGTCTTACCCCG,14,True,1
CTGAGCTGGTTCTC,14,True,1
TCTCTGGATTAAAT,14,True,1
TCACCTCAGAGCGA,14,True,1
GTACCCTCGACACC,14,True,1
CGATCCTATCCATT,14,True,1
ATGGAATTGTCTAA,14,True,1
GCTGCCTTTACGCA,14,True,1
TATATATGCACCAG,14,True,1
TCACCCCACAATCT,14,True,1
TCCTAGTAAATTAG,14,True,1
AAAACAGATCTTTT,14,True,1
CAAAACATGTTGTT,14,True,1
CAGGATTGCCAACT,14,True,1
TCCGAATAAGCCTA,14,True,1
GATAACCACATTCA,14,True,1
TTCGATATGGATAG,14,True,1
CATTTCACACGGTA,14,True,1
AATCCCCGCAGATT,14,True,1
AGCCTAGAAACTTA,14,True,1
ACATCCCTCCCACG,14,True,1
CAACCAAATATGTA,14,True,1
TAAGGTGCGTGTGC,14,True,1
TTCCCCCCACCCAC,14,True,1
TGAAAGTAATTCCA,14,True,1
GAACAGCCCCTGCT,14,True,1
CGCCTGGGAGGGCG,14,True,1
TCCCAGTCCAGACC,14,True,1
TTGAAGAATGCTGC,14,True,1
CGATCTTCTTGGGG,14,True,1
AGGCCAGCTCTGAA,14,True,1
AGGCTAAGAGTCCC,14,True,1
CTTACTACTATATT,14,True,1
CTCCAATTTAACTA,14,True,1
AGACCCCTCGATAT,14,True,1
TTAATATATGAACA,14,True,1
ACATAATTGCCCAA,14,True,1
TCCCCCTGGCCCTT,14,True,1
GAATCCCTTATGAA,14,True,1
AGCATCTTTATGTG,14,True,1
GATCGATACCCAGA,14,True,1
CTGGATTCATGCCA,14,True,1
GTGTTAAAACCAGG,14,True,1
AGAATAACTGTTGC,14,True,1
TAGGAAATATACCA,14,True,1
CCCGGTGAACACCA,14,True,1
CGAATGTAATATTT,14,True,1
TGCCGATAGTCCCT,14,True,1
CTCTGTTTGGGTTC,14,True,1
GAGGCCTTTACAAT,14,True,1
CTGATTGTCTCTAA,14,True,1
CAATGGTTATCACG,14,True,1
TTGTGATCTGTCAA,14,True,1
GTGCGAAATGTACT,14,True,1
ACAATGACCCAGGG,14,True,1
TAAACTCATGAGTT,14,True,1
CTATTGCACTCTCG,14,True,1
ACCTCGCTTTAGTC,14,True,1
TAATACATACCATA,14,True,1
GCGTACGGTAGTCG,14,True,1
GATCAATTAAATCG,14,True,1
GTACCTCGACTCAC,14,True,1
CTCACGCAAATGCT,14,True,1
TCAACCTTAAGCCA,14,True,1
CTGAAAGTTGCATA,14,True,1
GGACAACTTTTCGT,14,True,1
CAGTGTCCTAAATT,14,True,1
CTTAAATAGTATCC,14,True,1
CGGAACAAGCGGTG,14,True,1
GATGCGCAGAAAGC,14,True,1
AGGGGATTCCATGT,14,True,1
TGGGTCAAGGTAAC,14,True,1
CTCTTAATCGGCCA,14,True,1
CTTTCCCGTTGGTC,14,True,1
TTTAAAAAAGATAG,14,True,1
ACCTATGCGAGCCG,14,True,1
TACTACGATAAACG,14,True,1
AGGGAAGGGTAGGG,14,True,1
GTATTGTAACAGTA,14,True,1
GGCCGAGATCTACT,14,True,1
TAAGTTGACTAATG,14,True,1
GTCGCGGTATTTTA,14,True,1
GTGCTAAAGTACAT,14,True,1
TTGCTATTTCTCAC,14,True,1
TAACCGGTTCAGTA,14,True,1
CCTGGTATATAGAG,14,True,1
GTTACTACTCTCCC,14,True,1
TTTGTCACTCGCAA,14,True,1
GGGAACCTAAGCCC,14,True,1
AGATCATGTGGGCG,14,True,1
CTTCGCTCGTCCCA,14,True,1
TGTGGAATGGCGAC,14,True,1
GCTAAATGGGTCAC,14,True,1
GCTCCAATTTAATG,14,True,1
AGGGCCTCAAAAAT,14,True,1
ATGTGCCCTTAAGA,14,True,1
CATTCGAATGGCCA,14,True,1
TAGCAAAACATGCA,14,True,1
CCGAAGATACCAAG,14,True,1
CACATCATTAGTTT,14,True,1
TGCACTGCGCAATA,14,True,1
AGACAATATGATTA,14,True,1
AGTATATTCGATGA,14,True,1
CATGTGGTTCTTCC,14,True,1
GCAATGCAGATTAC,14,True,1
GCATTAGGCTTTGT,14,True,1
GCTAGTGCAAGCCT,14,True,1
CGCCGCCACCAATA,14,True,1
AAGATCCCAGTAGC,14,True,1
GAATGGGCATCCCT,14,True,1
ATTCCCCCGCGCTA,14,True,1
GCATGTCATGAAGG,14,True,1
TGCGTTAAACAGCT,14,True,1
TAGCCATCAATCTG,14,True,1
GCTCCACCTCCCGC,14,True,1
CCCGCCGGTGCGTG,14,True,1
AGAAGATGTAGTTA,14,True,1
ATGAATCACTAAAT,14,True,1
CCCCCCCCCACCCC,14,True,1
CCTCTAGTATTGTG,14,True,1
AGCTTTGACGAGAT,14,True,1
GTCGCGCCCGGCCC,14,True,1
TCTAGTAAATATCA,14,True,1
CCCCCCCGATGCGC,14,True,1
TGCCGTAAGCCAAT,14,True,1
ATATTCCACTGAAC,14,True,1
TAATACTTATAAGT,14,True,1
AGCCGATTAACTGA,14,True,1
TTATCAAGAAACAA,14,True,1
GTGCAGTCCGCCAT,14,True,1
CACTCATTGTCTCA,14,True,1
TCACAAAACCACGG,14,True,1
TACGAAATTGTGAT,14,True,1
CAAATGGTCTAAGG,14,True,1
CTATGCTTTAAACT,14,True,1
CGAGCACCGGCGCC,14,True,1
TACCACCTCATCTT,14,True,1
TGTGATCAGTATTC,14,True,1
TGGCTAATAACCTG,14,True,1
TGCTGCTCATGTGT,14,True,1
CGAACGAATCTTAT,14,True,1
AAAACGAAAAAACT,14,True,1
CTATAAAAACCAGT,14,True,1
ATGTCAACTAAGAA,14,True,1
CGGGTAGATCTGTG,14,True,1
ATCCTATCCTTACT,14,True,1
CGCGTGATTTCCCG,14,True,1
CTAACTCCCCTGAC,14,True,1
AGACTTCTGTACGT,14,True,1
CGCGACGATATCGC,14,True,1
CTCCAAGCCATTTC,14,True,1
TAGTTCGATGCGTC,14,True,1
CGTGGGAAACATGA,14,True,1
TATCCGTAAATACC,14,True,1
AGGACCCGCTCATT,14,True,1
AAAAAACTTTTAAC,14,True,1
TCAGTCCTCCATCC,14,True,1
TACCAAGCAACCTG,14,True,1
AAGGGGCACAAAGC,14,True,1
CTAGCCGAGTCACC,14,True,1
ATCAAAGTCCATAT,14,True,1
CCAATATTAGCTAG,14,True,1
TAAGCAGTTCCCAG,14,True,1
TACCAGCATTGGGA,14,True,1
GCTGTTCCGCCTTG,14,True,1
CTAACTGAAAGAAG,14,True,1
CTGTTAACTGAGGT,14,True,1
CGACCCGGCTTCGG,14,True,1
ATGCTGAACACTAC,14,True,1
GATAGGAGAATCTA,14,True,1
GACCAGAAATAGGT,14,True,1
TTATTTCTTCTCTA,14,True,1
CTGCACGATACCTT,14,True,1
TTTGGTGGAAGAAA,14,True,1
TGATTGCCCCCAGA,14,True,1
GTCACGCGGCGACA,14,True,1
CGTTCGTTCTTCTA,14,True,1
CCCCTTATATGGTT,14,True,1
TCAAAGACTCTCCT,14,True,1
TCGTCCAATACTAC,14,True,1
TTAATTCATCATGA,14,True,1
ACCACTAATCTTTA,14,True,1
GTTGCGACACCTTA,14,True,1
CAACCCCAACGAAC,14,True,1
TATAGCTGGGCCGC,14,True,1
GGGTCTGACTAATC,14,True,1
TGAGCATTATCTTA,14,True,1
GTGGAATCCTGCTG,14,True,1
TGTTATTAAGCGGG,14,True,1
TCAAGAAAAAGAAT,14,True,1
AACACTCACCCTGT,14,True,1
AAGCTTTGGTGTGG,14,True,1
ATAAAGTTACACCC,14,True,1
TAGGTACTCATAAC,14,True,1
AGCCACCAATTAAC,14,True,1
AGAATAAGGCATCC,14,True,1
CTAATCCTTGACCA,14,True,1
TAGAATCCAAATCT,14,True,1
AAACATGCCTCATG,14,True,1
GTCTCAATGATCAG,14,True,1
CAACATCGATAATC,14,True,1
CAGAAGTTTAATGT,14,True,1
CAGATAGAAAAAGC,14,True,1
GCGAGGGATTCAAA,14,True,1
TGTTTGCTATAGGA,14,True,1
TCGGAATTTGGACT,14,True,1
TGGCCAGTCCGGGC,14,True,1
GACAATACCGAATT,14,True,1
CATGACGATGTTAT,14,True,1
GGAATAGAGCCTGA,14,True,1
TTGTCAAAATCAAA,14,True,1
CAACTGCTTGCCAC,14,True,1
TCGTCCCTATTGTT,14,True,1
CGACGTAATCATTC,14,True,1
CGAAAGTTGCACGA,14,True,1
AAGGATGTTCAAGC,14,True,1
AGGGCATTAATCTT,14,True,1
TGATGTTCTTTTTT,14,True,1
GACCCTGGCTGACA,14,True,1
GGCGTCGCCGTCAT,14,True,1
ATCCCAAGTAATAC,14,True,1
AATGGATGAGCAGT,14,True,1
TTCACGTTTGAGCA,14,True,1
TTGATCCCCTTAAT,14,True,1
TCACATCATCACCA,14,True,1
GATCGGTTTGTAAT,14,True,1
GTATCGCATGAGCT,14,True,1
CCCGCCAAGTCATT,14,True,1
ATAGCAATTAGTCA,14,True,1
TACACAACGGGAGT,14,True,1
CAATCACTGACCTT,14,True,1
ACAACTATTAAGTT,14,True,1
GGCTCCCGCTCTCC,14,True,1
CTTGCCCACTCAAC,14,True,1
AGCACACAAAGAGA,14,True,1
CAGCACGGGGACTT,14,True,1
CCAGGGAGCAGGCA,14,True,1
CACCCTGCACTAAT,14,True,1
GGAAACTTCGGTTG,14,True,1
AGTTAAGATTTTAT,14,True,1
CGAAAATGTTATTA,14,True,1
TCCAATTGTTATAC,14,True,1
TGATAGAAGCCAGA,14,True,1
CCCCTTCTTAGCCC,14,True,1
TGATCAGCTTGATA,14,True,1
CAACTCGCTCAGGG,14,True,1
AACCCCCACCGTAT,14,True,1
TAATGTGAACTGCG,14,True,1
CTAACCCTAATACA,14,True,1
ATGCGACGAGAACC,14,True,1
TTGACCAAATACCG,14,True,1
GTAGTGAAAAAGAT,14,True,1
CGAGCGAATTTTCC,14,True,1
GCTCCCCCTGCCAG,14,True,1
GATATAATAGCGTG,14,True,1
GCAGCTCGTTAAAA,14,True,1
TCTCGTGATTTCTA,14,True,1
CCGTGCCTTCGCGC,14,True,1
ACCTAACCTTTATT,14,True,1
ACCGCAACACAAGG,14,True,1
TTAAGTACGCTTAG,14,True,1
GGAACAAAAACGTC,14,True,1
TGAGGATGTAGCGC,14,True,1
AAAAGGAAGAATTG,14,True,1
TCACATTAACTAGG,14,True,1
TGCGTTCGTGTGGA,14,True,1
CGCTTTATCGATTC,14,True,1
ACAGCATACGAGAA,14,True,1
GGGCTAAGAGGTTA,14,True,1
ACAGAAAAGATTCG,14,True,1
TACCATAATGGGCT,14,True,1
TATGAAAGTTAGGC,14,True,1
ACCATGCTGCATCT,14,True,1
ACTCCGATGATAAA,14,True,1
TAGTTTATGCTATG,14,True,1
TTGACCATCCCAAC,14,True,1
TATGGTACATTGAA,14,True,1
TCGAATTGGCAAAT,14,True,1
TTAGATTGTGGGAA,14,True,1
ATGTCAGATTATTG,14,True,1
CTCCTATGTCACGG,14,True,1
AGGTGTACAATCCC,14,True,1
TCTCTCTCTCCAAG,14,True,1
AGCTAACTTTCAGT,14,True,1
TAACATAACGGTAA,14,True,1
GGGTGCATATCCAC,14,True,1
TGCAATCGTATATG,14,True,1
TAAAAGAGTAAAAG,14,True,1
GCCAAGGCAGCGTC,14,True,1
GTGAAACATACGGG,14,True,1
CCCGCCCCTGGTCG,14,True,1
TACCGGTTGTCCGT,14,True,1
CAGATTTGTAAACC,14,True,1
GGAAGGACCAGGCC,14,True,1
TGACTTCCGTTATC,14,True,1
GCAGTCCACATAGC,14,True,1
CTTGAAGATTGTGC,14,True,1
TTCAATCCCATTCC,14,True,1
GAATTGAGAGTTTT,14,True,1
TCAAGTCTGAATTA,14,True,1
CATCGGTTGCTTTT,14,True,1
GGCATACGATGGTA,14,True,1
ATGAATTAGGTGAA,14,True,1
ATTGCTCCGGCGCA,14,True,1
TGACACTATCATAC,14,True,1
CGACTACTGCGCAA,14,True,1
TTACACATCGTTGT,14,True,1
TATATTTCCACCCA,14,True,1
TAATCTCCCTGCAC,14,True,1
TAAGCTTGACACTT,14,True,1
CTATGCTCATCGCT,14,True,1
CTAGTCGTAATTCG,14,True,1
TGCGACATCATTTG,14,True,1
GTGTGTAACTAACA,14,True,1
GGAAATCAGAGGAC,14,True,1
TGCCTATATCAAAA,14,True,1
ACAAAGCATTGACA,14,True,1
GTCCCGACAAGCCC,14,True,1
GTTTGTTTCCTGAC,14,True,1
ATTAGAGACGTTCA,14,True,1
ATAGGTAACCGTAG,14,True,1
CCTATAACTTCGCA,14,True,1
CTCTTTCCCCTACG,14,True,1
TTTAAAACCCTGCA,14,True,1
TCTTGAATGACCTC,14,True,1
AGTCATGAACGTAA,14,True,1
TTCAGTTCTTCTCT,14,True,1
ACACAGTTACAATC,14,True,1
CAATCTCCATAGTT,14,True,1
TTATCTGTGTGACC,14,True,1
TACCATTGGGTGCG,14,True,1
TGAACAGTAGTATA,14,True,1
TATGATAAATGCAC,14,True,1
CTTGAATATTGCGT,14,True,1
TAACATTTTTGTTT,14,True,1
GTGCCGACTCGTGT,14,True,1
TAACCAGACGACCA,14,True,1
CGACTTCGCCCGTG,14,True,1
TCCAGTTCTTCTAA,14,True,1
TGCAATATCAAACT,14,True,1
CCTAAGTACGCGTC,14,True,1
ACATGACAAATTAC,14,True,1
GTAAATTATTTTTA,14,True,1
AATGTTGCCTAAAG,14,True,1
AAATTAGCCGCTAA,14,True,1
GTAGTTCTATATAT,14,True,1
GCCCCGCAAACTGT,14,True,1
GGAGATGCGATGAA,14,True,1
TCAAATGTTACGCA,14,True,1
CCTTCAGCCAAGCG,14,True,1
TAATACTGATGACG,14,True,1
ACGGTGGCCTTAAA,14,True,1
CCATCCAATCTACT,14,True,1
TGGGTTCGGGAGCC,14,True,1
AGTCCATACAATAT,13,True,1
CAAGTATCAATTCA,13,True,1
TAAAGTTTAAAACC,13,True,1
TACATTACCCCCCC,13,True,1
TCACTAGATTAACG,13,True,1
GTTCTCATAGTTCG,13,True,1
CGACCGCATTAGAG,13,True,1
TTCCGAATGTTATG,13,True,1
ATCAGATCCATTCT,13,True,1
TATATAATATGGGA,13,True,1
CCCAACCTACTTCA,13,True,1
TAAGCAATACAAAA,13,True,1
TAAAGGGAGCGCTG,13,True,1
CTCCCGTTCTCCCA,13,True,1
CATAGAATAATACA,13,True,1
TACCTTAAGATGTT,13,True,1
GTTAAACGCGAAAC,13,True,1
CCAATCACTTAAGT,13,True,1
TTTAAACGATACTA,13,True,1
GAGCATCTTGGCGG,13,True,1
GACCCTTTTGTACT,13,True,1
TAGTTACAAATGAA,13,True,1
TTTAACTACCATGT,13,True,1
AACGGTTATTTCAG,13,True,1
TGTCAGCATTACAG,13,True,1
AGTAATCTGCCAGT,13,True,1
GACACTTCGATTCA,13,True,1
TAAAGTCGGACTTG,13,True,1
CTACTGTTCTACTA,13,True,1
TTTTGTACACGGAA,13,True,1
ACTTAGCTCGACAG,13,True,1
ATATATTCCATCAC,13,True,1
TCTGTTCTACACGA,13,True,1
TCGAGCCTTATAAC,13,True,1
GCCATTCACCGAAA,13,True,1
GAGTGTTCAAATAG,13,True,1
TGGCCACAGAAGGA,13,True,1
ACTCCTAAATGCAT,13,True,1
TGTGTCACTATAGC,13,True,1
TTAACATATGAGAA,13,True,1
CTAACCCCTCACTA,13,True,1
TAATACCTGGCTGT,13,True,1
GGTGGACTGAGATT,13,True,1
ATGTACAAACGCAG,13,True,1
TAGCCTTTTAATAT,13,True,1
TCCCTCCCGCGCGC,13,True,1
ATGCCTTATCTTTC,13,True,1
CTTCTTACAGTTAC,13,True,1
CAACTTAACTTTCA,13,True,1
TGGCTTTCCTGCCC,13,True,1
CCTCGGAACTCACT,13,True,1
CAGCCCCGCCGCCC,13,True,1
CCACATAGGTAGCC,13,True,1
CGACTAGGACCAGG,13,True,1
TCGCTTCCCCGGGA,13,True,1
CGTCTAGGAACCTG,13,True,1
TACAGTATATCCAA,13,True,1
TCGGCGGATCCCGC,13,True,1
CTATGATGGCCCAG,13,True,1
CATACTTAATCAGG,13,True,1
CGATTGCATATACA,13,True,1
ACACCCAATACTTT,13,True,1
TGCCTATGAATGCT,13,True,1
GTGCGGGACAAACA,13,True,1
TTTCACTTATTTTC,13,True,1
ACAACTATCCCAAC,13,True,1
GATTGACCTTCGGT,13,True,1
CCATAGTCGCCTGA,13,True,1
TAAATATTTTACGA,13,True,1
TCATCACAAGATAA,13,True,1
GGCACGGGCAGGCA,13,True,1
GCAACCTCAGCATA,13,True,1
CAAATAACAGAACC,13,True,1
GTATTGTACCCTAA,13,True,1
CGCACTCTATTCCC,13,True,1
CTTGTAAAACATCA,13,True,1
CCACACTCCCATGG,13,True,1
CGGTAGACGGAAAT,13,True,1
CCAAGGATAGATAT,13,True,1
TTTATCTCAGGTAT,13,True,1
TGCCGGTGTATGAT,13,True,1
CACTAGAATCTAGT,13,True,1
GATCACATTCTGAC,13,True,1
TTCTTGTTTTTAGA,13,True,1
CTCTAAAACAGATG,13,True,1
ACGAGCCCTGATAA,13,True,1
CAACCGGGTTTCAC,13,True,1
CATCGGCACAATTT,13,True,1
TCTCCCGCAGCCGC,13,True,1
AAACAATCGAAAGG,13,True,1
TACCTGTACTGTTA,13,True,1
TACAATCATACATC,13,True,1
CTAAGAATTCTTAG,13,True,1
GATTTATTTTCATG,13,True,1
TCTGAGATCCTCCA,13,True,1
TACTTTAACCCTCC,13,True,1
AGACGGGCCGAAAA,13,True,1
TACTACTGTCTAGT,13,True,1
GCATTACATCTTTA,13,True,1
TCCAACTTCATGAC,13,True,1
TGCTTCATGGGTGA,13,True,1
ATGCTTCAAATTAG,13,True,1
TGAGCCCTTTTACG,13,True,1
TTCGAACATACACA,13,True,1
TACGAGCGACTATA,13,True,1
CGCACAATGACGCA,13,True,1
CTTTAGCAGGATAA,13,True,1
CGTGGCCTAAATGC,13,True,1
TTCCCTAGAAGTTG,13,True,1
GCACCAACCCACTG,13,True,1
ACACTGCCTAAACT,13,True,1
ATCGTGTTTTCCCG,13,True,1
GTAAGTGGAACGAA,13,True,1
AAGCTCTCTAATAA,13,True,1
AGAGACCAGATCTT,13,True,1
TGACTGGTTCTCGC,13,True,1
TTACCCCAAGACTG,13,True,1
ATATTCATGGAATG,13,True,1
TGGCTTAGCTTACA,13,True,1
TCTCCATCTGCGTC,13,True,1
ATGTAAATGGGCCA,13,True,1
ATGTGCAAGCTCTA,13,True,1
TATCACCCCCAACC,13,True,1
ATGCTTAGACCTAG,13,True,1
ACGTTTCGGTCTTA,13,True,1
CACATTCACTTGTA,13,True,1
CTATCAAGCTACCG,13,True,1
TTTCAGAAAAGTTT,13,True,1
TATCCCTCCTGACA,13,True,1
GCCTTTCAGCTAAA,13,True,1
TTCTCATCTATGAG,13,True,1
GAAAAGCGGCTAGA,13,True,1
AATCAAAATTTTTA,13,True,1
ACCTGAGCAATGTA,13,True,1
TTATCGTTTTCTTC,13,True,1
ATTGAAGTCTAGAC,13,True,1
TACCTGTTTCAAGC,13,True,1
CTTTCTCATGGCTT,13,True,1
TTTAGTGTTGATAC,13,True,1
TTGCTAACCTCCAG,13,True,1
CATCCTATTCATCT,13,True,1
GTAAGCCACTTAAC,13,True,1
CACGTAAGAAAGTG,13,True,1
CTAAATGTTATAAC,13,True,1
TATCAACGCACGGA,13,True,1
TAACACGTGCTTGC,13,True,1
TTGCATCATAACAC,13,True,1
AACGTCTGGCTAGG,13,True,1
AAGTGCAACTTTCA,13,True,1
TCTGAAAAAAAACT,13,True,1
TTACGTACTACGGG,13,True,1
AGCCCACCCTCTCC,13,True,1
TTATCGGAGCCACA,13,True,1
CCCCCCCCCTCCCA,13,True,1
CACCATTAAGCCTA,13,True,1
TGAGTTTTAGAGTA,13,True,1
CTAGTAATGGATTT,13,True,1
AAGGTAAAGTCTCA,13,True,1
CTATCAAGAACGTT,13,True,1
GAAATAAATTCATC,13,True,1
TATCACCCTAACGA,13,True,1
CGGAATCGCAGCAA,13,True,1
CGTCCTCTACTCCC,13,True,1
CAAATACTCTTGCC,13,True,1
GCCGTCTATCACCA,13,True,1
CGAATCGATAGATT,13,True,1
ATGGTTCACCCGCA,13,True,1
TCACGCCCTTATCT,13,True,1
CCCGTGACTCCACT,13,True,1
TCCAGCCTAGGGAG,13,True,1
AGACATTCACTACC,13,True,1
TCAGGAATACTTAG,13,True,1
TCTGAGATTTTACG,13,True,1
TGGTCGCCCGTATG,13,True,1
CGAATAATTGGAAT,13,True,1
ACCTTCCACTTAAC,13,True,1
TGCCGGTACAGCTG,13,True,1
ATAAAACGACATAG,13,True,1
AGGCCACTATAACT,13,True,1
GGGCCAAAGTCGTT,13,True,1
TACGTCGTTTGAAT,13,True,1
TAGACTCGTATAGC,13,True,1
TTAAGTAATTCAGT,13,True,1
TTGAATCTAGCCGG,13,True,1
CCATACTTTCCGCT,13,True,1
TTGTTCAATAAAAT,13,True,1
GAATAGCCTAGACT,13,True,1
TTATCTAAAATTCA,13,True,1
CAACCTGTCCCTCC,13,True,1
CACAAGACATAGTG,13,True,1
CCGTAGAATCGTTA,13,True,1
AGCAGCAATTTTAG,13,True,1
AAGTGAAACTCTCT,13,True,1
TTATCATGAGGAGG,13,True,1
CCGTACCATCATGG,13,True,1
GACCTTACCTGTCC,13,True,1
CGACCATTTGATTG,13,True,1
TCACGAATTCCGGT,13,True,1
CTATTAAAATCTGA,13,True,1
CCCTCTAAACCTAT,13,True,1
CATCCAGCACCGAC,13,True,1
GTTGCTTAATGCAT,13,True,1
TGTAGCATAAGAAC,13,True,1
AATGAGATATGTGC,13,True,1
ATTGAAAATTTCAT,13,True,1
TGAGAGTTAACAAA,13,True,1
GTCATGAATATTAT,13,True,1
TAAATAGGGGAGTA,13,True,1
TGTCGAAAACGTCT,13,True,1
CTTATACCACTAGA,13,True,1
CGACATAGCTGCCC,13,True,1
TTATATAAGTACTA,13,True,1
ACATTCTCTAGCTC,13,True,1
TGCACACCATAATA,13,True,1
ATACTCATACTGGT,13,True,1
CGCCAGGAGGAAGG,13,True,1
TAGCATCCTGTGGA,13,True,1
AGCAATTTTCATCA,13,True,1
TGACAAGATTCCAG,13,True,1
CTATAGGGCTTAAA,13,True,1
CCGCCCCTCCCCGC,13,True,1
TGTTACCTATATCC,13,True,1
TGGGTTTTATACCC,13,True,1
TGTAGCGTTGGGAG,13,True,1
AGACAGTTAGAACT,13,True,1
TCATTTTCGTAATA,13,True,1
CCCGCTACTGATGC,13,True,1
CATACTATATCGAG,13,True,1
ATGCTTGACAAAGA,13,True,1
GGGCAGGTATCGGT,13,True,1
CCGTCGGGTCGCAC,13,True,1
GCACCGAGTTAACG,13,True,1
AAGGTATAATTCCG,13,True,1
ATTCGCGCAATGAT,13,True,1
TAGGAACTCTTTCC,13,True,1
TATAAACGGGTAGA,13,True,1
AGGAGATCTCCAGA,13,True,1
ATAACTTCACATTA,13,True,1
GCAATGAATGGCGT,13,True,1
TCGCGATAATAAGA,13,True,1
TTCGGCCAAGTTAT,13,True,1
CAGGATTGCGTCTT,13,True,1
GTACGTGACCGGCT,13,True,1
GAAGATAACAGAAT,13,True,1
GTCACGCCTTCACT,13,True,1
GTGAAACTTTCTAG,13,True,1
AGGACAGGAAACTA,13,True,1
GTATAGCATGTATG,13,True,1
CACTTGTTACAGTT,13,True,1
CTGATACCCGCCCC,13,True,1
TTCAACAAGCAAGG,13,True,1
TGGATTAATGTTGA,13,True,1
TGTAAAACAGGGTT,13,True,1
GTGGCAATGACGAT,13,True,1
CACCACATCCAATC,13,True,1
GCCCTGCGACGTAC,13,True,1
ACAAAGCTTGTCAA,13,True,1
CTCATCGGACAACC,13,True,1
GAAACCCCCATGTG,13,True,1
TTACGAGAATAAAT,13,True,1
ATATTGTTCGACTT,13,True,1
CATATATTTAACCG,13,True,1
CCGCACCAGGCCCC,13,True,1
TAACGCTTGTCTGG,13,True,1
TGAAAAGTTTTATT,13,True,1
TTAGTAATCTAAGA,13,True,1
GTGATTCTTAAACC,13,True,1
AAGTCAAGCTGAAA,13,True,1
ATAGCCTTCCATAA,13,True,1
AGCATGTCCACGTT,13,True,1
CGTTGAAGTTAAGT,13,True,1
CGCTAAATTACCTC,13,True,1
TTGCACTGTCTGAA,13,True,1
TCTTCTCATCCCAC,13,True,1
TCCGCTCACTGCTT,13,True,1
TATGAGATTACGGA,13,True,1
TATGTTTTAAAATT,13,True,1
GAGGTTCATCCACA,13,True,1
GGGATGACTGACAG,13,True,1
TTCAACTATACGAA,13,True,1
TTGAGGACTTCAGT,13,True,1
TTGTTGTCCGCTAG,13,True,1
CGATGAAAGAGAAA,13,True,1
TACTCTCTCGCGTG,13,True,1
TTCTTCTAGCTAGC,13,True,1
TCGCTGGTACAGCC,13,True,1
CTAGGAACAATAGA,13,True,1
TCCATAAGAAACTA,13,True,1
TTCCATAGAACGAA,13,True,1
CTCGATGTATTACA,13,True,1
GGGGATGTTCCACC,13,True,1
TGCGACTGTTACAA,13,True,1
TGCGTGCACTCCCC,13,True,1
ATATTAATTTTTTC,13,True,1
GGAACTACAATATG,13,True,1
ACCTCCAGTGAAAG,13,True,1
TCACGAGGCATCGG,13,True,1
ACCTGCTCAAGACC,13,True,1
TGGGAGGAGGCGAC,13,True,1
GTTACCTACACAAC,13,True,1
TATTGCAATGACCA,13,True,1
TATTACTACTGACC,13,True,1
TTAGTGTTTCAGCA,13,True,1
AGCGATCTCTCTGG,13,True,1
TCATGCAACTGAGT,13,True,1
GTGAAACGGTGCTA,13,True,1
TAACCCTAAAATCG,13,True,1
CCACCACAAAGTAA,13,True,1
GAGGTAAATGAGAT,13,True,1
GCTAGACCCTCCGC,13,True,1
ACGTACGTCGAAAC,13,True,1
CTCTGGGGACTTCT,13,True,1
TGCGTCTCCAGTTT,13,True,1
AAAGCACGACGGTC,13,True,1
GCCCCCCCCCTCAC,13,True,1
GCGCAAGTATGCAT,13,True,1
CCATCAAAATTTAA,13,True,1
CATCAACTGGCCCG,13,True,1
GTTTGTCTACCTTC,13,True,1
TGGCGAAACCAGAA,13,True,1
TTACCCCCGATACC,13,True,1
CTCCGAAGCCAAAT,13,True,1
TGTAAGAGTAGGGT,13,True,1
CCAAAACTAGAAGT,13,True,1
CATGCTGCACCCCC,13,True,1
AAGAACGCAAACCA,13,True,1
GTTGCTATGAATGT,13,True,1
CGTCGCGAGCCCCG,13,True,1
AGACCTTGTCGACG,13,True,1
TGAGCACTTTTAAG,13,True,1
AGGAATCTATCTCT,13,True,1
CAAACCTCGCTTAC,13,True,1
CAGAATGAAACGAC,13,True,1
AACATAACTACAAC,13,True,1
ACCTCCAACCAATT,13,True,1
GCCGGGGCACAAGC,13,True,1
TTAGCTTAATTTGA,13,True,1
CCCGAAAACCCCGC,13,True,1
GTAACCCGTGATAC,13,True,1
TGCGGCTCTACTTA,13,True,1
AAGTCCCAGTATAT,13,True,1
CCCGAGACTACGTA,13,True,1
TAGTAGAGTTGTCA,13,True,1
GGGCTCCATAACCG,13,True,1
TAAACGAGCACGGA,13,True,1
TTACTTGTAATACG,13,True,1
TAATGTGTTAAAAT,13,True,1
TCTCCAAACAGATA,13,True,1
CCTATTTATTGCCG,13,True,1
CCGCTGTTTTTGCC,13,True,1
TGCACCCATACAAA,13,True,1
ATATACAAGTAGAC,13,True,1
AATAATGCTCACAT,13,True,1
TATAAGACTTGCCT,13,True,1
CAAACAAACGAAAT,13,True,1
CATTAATTGTCAGA,13,True,1
TATGAAAAAGAAGC,13,True,1
TACGCTGTTCTACA,13,True,1
CAGGGGGAAAGCCC,13,True,1
TGCTGATTACTCTT,13,True,1
TGCGATCTAGAGTG,13,True,1
TTCACGTGGCGGCC,13,True,1
AGACTACATCCATT,13,True,1
AAGGAATCTCTCTC,13,True,1
TGATATAAAGGAAG,13,True,1
ATATCGCACTTTCG,13,True,1
AAGAGACTGGACTT,13,True,1
TGCTCCTGTTACGC,13,True,1
TGGAATCTAATTAA,13,True,1
TATCCTGTTAGCGT,13,True,1
TTGCGCGACAGTGC,13,True,1
TCTGTCCAGGACCG,13,True,1
CCCCTTCTAATAAA,13,True,1
ACAGCATAATCCCT,13,True,1
TGGATTCAAGCCTT,13,True,1
AATCATAAGAATAA,13,True,1
GTTTTTCAATCCCC,13,True,1
TTATATGGTCGCTG,13,True,1
CTCTCGCGAACAAC,13,True,1
CACCTTGGGATTAT,13,True,1
GCCGATTAGGCCAC,13,True,1
GCGAGCTCCAGATG,13,True,1
AAAGTGTGGGAATA,13,True,1
CTCCCTTTGCGCCC,13,True,1
GAGAAAACAATAGC,13,True,1
TACATTAGGCTGAG,13,True,1
AGGGCCGAGTCTAA,13,True,1
TGATATACCCCAAA,13,True,1
TACGGTTTTAAGTT,13,True,1
CAAATTACTCCAGG,13,True,1
CCTCCCAACGACGG,13,True,1
TAACGTGTGAGTCC,13,True,1
GTGCTATGAAAAGA,13,True,1
TATTCCGGGGAGAA,13,True,1
GGTCTCCTTCCACC,13,True,1
GCTGATATCAATGC,13,True,1
TGGTGACCCGCGTC,13,True,1
CTACAGTTCTTGTA,13,True,1
TTCCTGTTATCCAT,13,True,1
AGGAGCAAATTTGC,13,True,1
TTACAGACGAGTCG,13,True,1
GTATACGAACGGTA,13,True,1
GCATGTTTAAATAC,13,True,1
TGGACAAACTTACG,13,True,1
ACCAATTAAGTATG,13,True,1
GAGAACCCGCGGCC,13,True,1
CCATGCCCTTTTGT,13,True,1
TGCCACTCAAAAAG,13,True,1
GGATAAGCAATAGG,13,True,1
CCATAGATGATCCC,13,True,1
CGATGATCTGATAG,13,True,1
TTGTGGTTTTTAAA,13,True,1
TTGAGGATGATAGA,13,True,1
ACAGATGTCTACCG,13,True,1
CCTAGTTAACGGAG,13,True,1
TAAAAGGCCTAACA,13,True,1
CTGACGAAGATTCA,13,True,1
CGGCTGACGTCTTG,13,True,1
TAAGATAGCTTATA,13,True,1
CCTCTCCTTTACGT,13,True,1
TAAACCACGCACAG,13,True,1
CCTTTAGCATGGGT,13,True,1
TCAATGGCCACTAA,13,True,1
GTGGGATCGATTCA,13,True,1
TGAGTACTCCAGTA,13,True,1
CTATATCCACCGCG,13,True,1
TAAGGGACCTAACA,13,True,1
AAGGCTCAACGGAG,13,True,1
TGAAGCAAAAAGAT,13,True,1
CCAAGGTCCTATCC,13,True,1
CGCGATCGCAAGCG,13,True,1
AGCGTAAGGTCTGA,13,True,1
TTATAGTTTTAAGC,13,True,1
TCCCCGATACACCC,13,True,1
CCCGGTCGCGTCGG,13,True,1
ACATATTATAGCTT,13,True,1
TTCTCGCTGAATCC,13,True,1
CTTACTGTTTTAGC,13,True,1
GCTAAGATAGGATG,13,True,1
TATCCCGTGAAAAC,13,True,1
TTGTGACAGTATAA,13,True,1
CCCCTCTTCACACA,13,True,1
TGCGTACAATCTTG,13,True,1
TACAGTAAATTATC,13,True,1
AAAGACACGTTCTT,13,True,1
CCTAAAGAAGTTTC,13,True,1
GGCAAATCAAACCC,13,True,1
TTGCGGTTTACCCG,13,True,1
TAGATTGAATTTAA,13,True,1
CTCTGCTATATTCG,13,True,1
GCGACTAGGCGCAT,13,True,1
CAGCATCGTCGCTC,13,True,1
GACGATGTCACGTT,13,True,1
TTTTCCGATAATTG,13,True,1
TAAGAACGACTATG,13,True,1
TTAACGAGTAACCT,13,True,1
TATGTCAATGAAAC,13,True,1
ACAATGAGACGGTA,13,True,1
ACAAAACCGACTTA,13,True,1
ACGGGGCAATATCA,13,True,1
GGTCACTTTATTGC,13,True,1
TGATATTGTTCGTT,13,True,1
TAATTTGATCTCCC,13,True,1
TTATAAAATAACAG,13,True,1
TGGGAGATTATCAA,13,True,1
ACAACTCCCCTCGG,13,True,1
TCGCTTCTGACGCC,13,True,1
GCAGAATCACCTAA,13,True,1
GCCTGAATCTGACC,13,True,1
TACTTGTGCCCCTT,13,True,1
CTCTTAAAACCAAT,13,True,1
TCTGTCAGGCGGCC,13,True,1
CGGCTCTGTTCTAA,13,True,1
AACGGATGCTATAT,13,True,1
TTGATCATTTTTCC,13,True,1
CCCAACTCCATCCT,13,True,1
TAAGGTCAAATGTG,13,True,1
CTCCCCTTGTCCTC,13,True,1
GTCATTGATGCTAA,13,True,1
TTGATTCGGAAATG,13,True,1
CTGTTTGTTCCCAA,13,True,1
AAAGAGAAACGTGT,13,True,1
CATTTCAAGTCGTT,13,True,1
ATAGAACCAAAAAT,13,True,1
CTCAAACCAACCGT,13,True,1
ATGAGGATCTGTTT,13,True,1
GTAATCTACCTGAA,13,True,1
TGATTAGCCCTACT,13,True,1
CTCTGTACTAGGCA,13,True,1
GGCCTCCGTCCGCC,13,True,1
CTAGACTCGCCAAG,13,True,1
GCGAGCTCGGAACT,13,True,1
TCAACTCGCATATA,13,True,1
TACCCACCCGATGA,13,True,1
CTTCCGCATACGGA,13,True,1
TTAAATCATTTCCG,13,True,1
AGAAACAATACCAT,13,True,1
TTAGTTGATTTACC,13,True,1
TGGGTGGCGCGTTC,13,True,1
TCGGCGCTTACGTG,13,True,1
ATGAGGGTCTAATA,13,True,1
TATGTTGATCAGGG,13,True,1
TTCCAGGAGGGACG,13,True,1
GTTAGATATAAAGT,13,True,1
TTACTCCAAGCCGT,13,True,1
ATATTTGCATTGAA,13,True,1
GCATTTAATAAGCA,13,True,1
ATTAACGGCCACTG,13,True,1
AAGTACCTATGTCT,13,True,1
ATAGTCCGCGTTTA,13,True,1
GAAGCTTTTAAGCG,13,True,1
GAAGCGTATTCAGA,13,True,1
AACTGAAGACTATT,13,True,1
CCCTCGCAACGAAC,13,True,1
TTATATACGAATGC,13,True,1
CACCCACATTACCC,13,True,1
AGCATACGGGTCAG,13,True,1
TTGCGACCATCCTA,13,True,1
ACTCGCTTCGACTC,13,True,1
CTAGAGTCGGCGGA,13,True,1
CGGCCATTACGCCG,13,True,1
TGTCTCCCGTATAT,13,True,1
CATACCCAAGGTAG,13,True,1
ACAATCTCAGCTTG,13,True,1
TCATTATAGACTAA,13,True,1
GAATTGTTTTTAAA,13,True,1
TTCGGAGACACAGT,13,True,1
TAAGTCTACTAGCA,13,True,1
ATCACGGGTGAAGG,13,True,1
CTACGTCCATCGAT,13,True,1
CGGCTCGTGTCATA,13,True,1
CCCAGATATCTTAC,13,True,1
CACTTCGCGCTACT,13,True,1
ATAGTTCCTTTTAA,13,True,1
GATCAATAACTATG,13,True,1
AGCCATTAATGCTG,13,True,1
CCCACTTAGGCCCA,13,True,1
AACCAAGAGGTACA,13,True,1
AATATCTATTTAGC,13,True,1
TAGACACACTAGAC,13,True,1
TAGATTTGCCCTAG,13,True,1
TTTTCCTTTCTCTT,13,True,1
AAGGGAGGGCACTA,13,True,1
TGGGTGTCCACTAC,13,True,1
GCAAAGAGGATGAC,13,True,1
GGTGGCAGCACCAA,13,True,1
CAGGCTCAACAACG,13,True,1
AGGGTTCCATACCT,13,True,1
GCACCATCGTCAAC,13,True,1
TCCAACTCGAAGAT,13,True,1
CCACTTCTTAATAG,13,True,1
ATCACAAAAGTAGT,13,True,1
TGGCCCTAAAGTTG,13,True,1
AGAAGCGTGAGAAC,13,True,1
ATCACATTATAAAT,13,True,1
TCCTAGCGATTTCC,13,True,1
GGCGAGTAAATATT,13,True,1
TACCGTCATGTCTC,13,True,1
ACATAGAATCGCCC,13,True,1
GATTGGACAAGAAG,13,True,1
TGACTGATGCATGA,13,True,1
TCCCCACGAGTGAC,13,True,1
AGATACTGCGAAGT,13,True,1
GCAATTCTAAAGTT,13,True,1
AGGGCCTTCACACC,13,True,1
GTATCTTTCAGGTC,13,True,1
GGCGTCCGCGGATA,13,True,1
TAGGGCGTCATAGA,13,True,1
TGACCGACTATAAC,13,True,1
ATCGGCGTAGGTTT,13,True,1
TTGAATAAAAAAAC,13,True,1
TTCCAGGATTCTGG,13,True,1
ATGTCGGTCGCAAC,13,True,1
GCTTACTACTCCGT,13,True,1
TATCCATGCCAATC,13,True,1
CGCAGTCATAGAAC,13,True,1
TGAGACAATATGCT,13,True,1
TAACATGAACTAGT,13,True,1
AATATTCGCTGGTG,13,True,1
TTTGTTCCGTAAGT,13,True,1
CCTACCCGGCCACG,13,True,1
TAAGCGAGTTATTG,13,True,1
CTAACAACATAACA,13,True,1
CTCGCGCCCCTTTA,13,True,1
TCACGTCGGTACAG,13,True,1
CTATAAAGATAAGC,13,True,1
CAGACTATCCTGCT,13,True,1
CAATACTCTAGCTT,13,True,1
ATATTAGTGAGTCC,13,True,1
AGGCGATAGATAAT,13,True,1
TTTAAGATCCTAGA,13,True,1
AGGAACTAAACTAC,13,True,1
CTGAGGCTTTACCT,13,True,1
TATAAACCTTCGGC,13,True,1
TCAGCAGAAATAAA,13,True,1
CCCATACCGAGAGA,13,True,1
TATATATCCATTTT,13,True,1
GTAACCGCGACGTG,13,True,1
GACTCCGTGTAGAG,13,True,1
CTGACACGTTTGCC,13,True,1
TCTACGCAGAGATT,13,True,1
TCACCTTCCGTCCA,13,True,1
GTCATGTATTATAG,13,True,1
CGCGTCATCATTGG,13,True,1
TTAGTGCCGAACTA,13,True,1
GGGGGGTATCCGCT,13,True,1
TTTACCGCCACCTA,13,True,1
TCGTCCCAATTGGG,13,True,1
CGACGAACGACGTA,13,True,1
TCCCTTAACTACGA,13,True,1
CAAATAGGTCTCAC,13,True,1
TCAACCTTGTCCAC,13,True,1
TGATAATCATGAAT,13,True,1
GTCCCCAAATCTCG,13,True,1
GGCTGAAATACCGA,13,True,1
TGCATAATTACTTA,13,True,1
TCATACACTAATAG,13,True,1
CAATCAACTTGTGC,13,True,1
CTACAACCGTATTA,13,True,1
AGATAAAGAAAGGA,13,True,1
TAGAAGAGGCAGGG,13,True,1
AGTCATTACGACCG,13,True,1
ATGATCGTTTAACA,13,True,1
CGTTTACCGACCCA,13,True,1
TATGTGCAGATTAG,13,True,1
AATCAAGGGTACTA,13,True,1
CAAAAGTCTGTCAG,13,True,1
ATACCAAAATACAC,13,True,1
TCGATTTGGAAGGA,13,True,1
CTGCCAGCCTGGTT,13,True,1
TTATCGCGTCTTCA,13,True,1
CGAACTCCGATACT,13,True,1
GAATTTCTATCTTA,13,True,1
CAATATTGCGGGAA,13,True,1
CAGATATTTAAATC,13,True,1
CTTATGCGGGACCG,13,True,1
TGCCAACCATCTTC,13,True,1
CCATATACTGTTTA,13,True,1
CGACCAATATGTTA,13,True,1
TTGTGATAGTAGTG,13,True,1
TACCAACATTCCCC,13,True,1
GTATATATGCAAAA,13,True,1
CCCAAGAGCAAGAG,13,True,1
TTTGTATGGAAGAT,13,True,1
GGAAGTGTGTGAGG,13,True,1
CCGGTCGGCTTTAG,13,True,1
CTAGCTGATTCGAT,13,True,1
TCACTGGATTAACA,13,True,1
TTTCGACTTACTGA,13,True,1
TATAGCTGTTTATG,13,True,1
CTCGTGGTCTCACC,13,True,1
AGGGCTATTTCTGC,13,True,1
CCACAAGCCTCCGA,13,True,1
TGGATCTTCCGATT,13,True,1
CTTACCACCGGTAC,13,True,1
CCAACGATGTGCAG,13,True,1
CTGAGCACAAGAGC,13,True,1
TGCTTCCTGATAAG,13,True,1
GCAACAACTTAGGG,13,True,1
CATAGTACCACTTC,13,True,1
TCAGATTTGTCCGT,13,True,1
TTTATTAAAACTGC,13,True,1
ACAGACAATGAATC,13,True,1
AGCAGATCGACACC,13,True,1
GGGCTCTCCTACAC,13,True,1
TAACACTGTGGTTA,13,True,1
CGCTGTGACTTGTC,13,True,1
GGATGTTTGGCTGT,13,True,1
CAGATCGTCATTCC,13,True,1
AGAGTGAATGACCC,13,True,1
TGGCAATGAATAGA,13,True,1
TAGTCCCCTCAAAC,13,True,1
AAAAGAAGCAGGGA,13,True,1
TCTTGAGGGAAAAA,13,True,1
TCTGAATCAACTTA,13,True,1
AGTCAGGGTTAATT,13,True,1
AGTTATATTAAAAC,13,True,1
GTATACTTTTATAG,13,True,1
CCCGCCCGTCTGCT,13,True,1
GGTAAGGAGACTCC,13,True,1
TAAAACCGGAAACC,13,True,1
TTTGTTTGTCTAAA,13,True,1
TTTATGGCGGCTCT,13,True,1
CGCCAAAGTTTGCT,13,True,1
TTTCACGGTAATGT,13,True,1
TTCACAAAAACAGG,13,True,1
GCAGAATACCATAA,13,True,1
CATTTCATTAGATT,13,True,1
CAGACCCCCTATAA,13,True,1
CCATCAAAAGGTTT,13,True,1
ATCATGATGAGATG,13,True,1
TATTCCATCGGCTT,13,True,1
GATTGACCACTCTC,13,True,1
CCTCGTGATGCCTT,13,True,1
TAGGGTTGGATATT,13,True,1
ATAATGTGACACCA,13,True,1
AACAGCATAGCGCT,13,True,1
AGCCGAATCAACCA,13,True,1
GCACACTGTTGTAT,13,True,1
GGAGCAGATCTTCT,13,True,1
CCCATTCGTCTTAG,13,True,1
GTTTAATTTAGTGA,13,True,1
CAGTCGGTTCCTCC,13,True,1
TGGAGCATCAGGCA,13,True,1
CAACCGATTCGTGA,13,True,1
ATACAGATGGTTGC,13,True,1
ATGAAGAATAGCGT,13,True,1
AGCGATGTGTAATC,13,True,1
ATGCCACGTTCTGG,13,True,1
ATCTGAACACTGAA,13,True,1
CACACCGCGCCCAC,13,True,1
CCACGCTCTAAATC,13,True,1
TAAAATACTACTTT,13,True,1
TCCGAAAAGCGGTG,13,True,1
TAAAATAGAGTTGT,13,True,1
GTAATAGATGTACA,13,True,1
TCCCATAACTTGGG,13,True,1
GCATTCACGCTTTT,13,True,1
CCTTCTCTAAGGGC,13,True,1
ACTACAACTAAGAT,13,True,1
ACTGGATTCCAGAT,13,True,1
GTGCGGGTACAATA,13,True,1
TCCTTGCTTGTCAC,13,True,1
CTCACCACTAGTTC,13,True,1
TTGAGATTGTGGCA,13,True,1
ACGACACCTGTCGT,13,True,1
AGCGCTGTGGCATG,13,True,1
CTTCAATAATTTCC,13,True,1
CAAGTTAATGATGG,13,True,1
ATATAAATAATCGA,13,True,1
GCACAACACAAATG,13,True,1
TCGCTATGACAAAG,13,True,1
GTATATAGATCGAC,13,True,1
TCCATCAAGCTTCA,13,True,1
CCTAGAAATACTAA,13,True,1
GACTCCGACCCCCA,13,True,1
TATATACAGTTAGC,13,True,1
CAAGAACCTTCTGC,13,True,1
AGGGGTATAAAAAT,13,True,1
CCAGGACTTGTGCG,13,True,1
GGCGAAGCTGACTG,13,True,1
TCTCAGACCGATAG,13,True,1
TGTACACGAAAGGG,13,True,1
GATAACAGAGATTA,13,True,1
CAGCATAAACATCA,13,True,1
TCTGTACACGGGAC,13,True,1
CTACAAATATGGTG,13,True,1
TGGCATGGTGTTTA,13,True,1
TGAACAGAAAAAAA,13,True,1
CCCAGGGCAAGTCG,13,True,1
ATATCTCGAGTAGT,13,True,1
TAGAACAACTTAAA,13,True,1
GTATGGTTGATATG,13,True,1
AACAAATCAAGGAT,13,True,1
TAGGGTCCCCGCGG,13,True,1
CAGCCATTTTACCG,13,True,1
CGATTGAGGTCAAC,13,True,1
GGCTTAAACCTAAC,13,True,1
CCAAGTCTCATAGC,13,True,1
CCAGCAGTTTCCTA,13,True,1
CTACTAGATCGTAA,13,True,1
ATGAGATATGTGAA,13,True,1
TACGAGAGGGATCT,13,True,1
TGTATGAGCACCAT,13,True,1
CCCACAACAGTTTC,13,True,1
TTAATGGCTGAAAT,13,True,1
GTACGTCGCTTCCC,13,True,1
TACGTACCTAAACA,13,True,1
TAACGATTTCATTC,13,True,1
TTGCACATGTCTTT,13,True,1
GGGGAAGACCCGGC,13,True,1
ATTAGATAGAACCC,13,True,1
ACCCCCGTGGCAAC,13,True,1
CACCTTTCCCACGC,13,True,1
AGGACCACCAATGT,13,True,1
CATTTCACTACATG,13,True,1
TTATCAACTCGGGG,13,True,1
TAAACTAGGCTGAA,13,True,1
TACTGATGGCTCAC,13,True,1
ATGCTTATACTTAG,13,True,1
CCGAATTCGCCGGC,13,True,1
GTAGAATAAACTAA,13,True,1
CACTGCAACCCCGT,13,True,1
ACCCCAAGAATAGT,13,True,1
GACACGAGTAAAGA,13,True,1
TCCCAAAACGAATA,13,True,1
CTCATGTGTAACAC,13,True,1
GCAACAGAGACCTT,13,True,1
CTCTCCTGATAATG,13,True,1
TTTAACTGGTGCGC,13,True,1
AACGGAGATTACAC,13,True,1
CTGTACCTACCCTG,13,True,1
TTATTAAAAATACA,13,True,1
CCGCTTATTACTTG,13,True,1
TGGTGAAGAAGAAC,13,True,1
TCTCTTAAATATGA,13,True,1
CTTGAACATGTGTT,13,True,1
TCTAGAGAGAATCC,13,True,1
CAGGCGTGTTGGCA,13,True,1
TATTGCCTCTGCCG,13,True,1
TATCAATAACCCGT,13,True,1
AGAAACTCTCCCCC,13,True,1
CGACATCTGAAGTA,13,True,1
TTCCAATATCTCGC,13,True,1
TGCGCTTCGAGGAG,13,True,1
CAATAGTTAAGGTC,13,True,1
TTAAGATCCAGCAT,13,True,1
ATATCCCACTGCCT,13,True,1
AAACAGCTGGGTAT,13,True,1
TTATTAAAATGGGT,13,True,1
ACCCCCATGATACA,13,True,1
AGGCCTACTACCTG,13,True,1
TAAGTAGCAAACTG,13,True,1
TGAGCTCGGCATAG,13,True,1
CCTGGCAAAAGTCG,13,True,1
TACATTATGAAATC,13,True,1
AACTCAACAAAGTC,13,True,1
ATATCTTCGTTACT,13,True,1
TTCTTGGTGACTTG,13,True,1
ATTAAGACTCTAGC,13,True,1
TAGACCCCGTGACC,13,True,1
AGGTCCCTCACGCG,13,True,1
ATACTATTAATTCC,13,True,1
CCCACACGACGCAC,13,True,1
TCGACATTTACTCA,13,True,1
TTTATCCGACACTT,13,True,1
GTATATATTATATG,13,True,1
ACTCTTAACGACAC,13,True,1
TACCCTCCTTACCA,13,True,1
GGCTTAACAATAAT,13,True,1
GACAACCTATTCAC,13,True,1
GTAGTACGATGTGA,13,True,1
GATACGGTCGATTG,13,True,1
ACCGCGATTTATAC,13,True,1
CAACCAAACCTACC,13,True,1
TGGTATCCCAAACA,13,True,1
ACAACTGATAATAC,13,True,1
AACCCGCACCGCAA,13,True,1
TATCTCGCTAGTAA,13,True,1
ATACAACTGAGCCC,13,True,1
TTGTATTCCGGGGG,13,True,1
GTCAATCAATAAGA,13,True,1
TCCTGGAGCTTACC,13,True,1
CCTGCTAAAAGTGC,13,True,1
CAACGATATACACC,13,True,1
ACACCATGGTGTTA,13,True,1
ATAGATGATAGCGC,13,True,1
ACTAATGTGTTAGA,13,True,1
GTCCATTCAACCCT,13,True,1
AGGTTTAGTGTATG,13,True,1
TTATAATCCCAACG,13,True,1
ACCGCCAAGAAATA,13,True,1
AAATCTAAGTCCGA,13,True,1
TCGGTTCGTACCCC,13,True,1
CCACACTGTTGGTC,13,True,1
GATAGTATAAATGC,13,True,1
GTGTCTATATAACA,13,True,1
CTGGCGCCTCGACC,13,True,1
TTGAACCCATTATC,13,True,1
GTTAACATATGCCG,13,True,1
CTATAAGTTTGATT,13,True,1
GATCCGACATCTCT,13,True,1
TCTGTCCCCGGGCA,13,True,1
GGGGGAAACTAGCT,13,True,1
TCATCCTACTTCGG,13,True,1
CTGAAGGAATTATC,13,True,1
ACCCGGTACCAGAC,13,True,1
GTGGCGTTTCGGGC,13,True,1
TTAGCCAAATTTAG,13,True,1
TGACCACAGCTAAA,13,True,1
ATTGAAACTACATG,13,True,1
CATTGTACACGGAA,13,True,1
ATACCCTATGGCGG,13,True,1
ATACCCCGAAGTAA,13,True,1
CTACTAACTTTATT,13,True,1
TACTTCTGATGTGA,13,True,1
ACATTTGAGTAGGA,13,True,1
AATTGCACACTTTA,13,True,1
GGGAGTGCCGAGAC,13,True,1
CGGGGGATTAGCAT,13,True,1
TTAGTAGCCGTAGA,13,True,1
TGGTCGGGATTTAT,13,True,1
TGAATGCATCACAA,13,True,1
TCCCACGAGAGAAA,13,True,1
GATTCTATATAGCC,13,True,1
GGAACAGTCAAGCC,13,True,1
TGGCTCTCTTTATT,13,True,1
TTACAGTCGCAAAG,13,True,1
CTATCAATACGTAA,13,True,1
ATACTTCAACTAGG,13,True,1
GGTCTGTAGCACTT,13,True,1
CATAGTGTGCCTTT,13,True,1
AGACGAGCATTAAT,13,True,1
CTTAAATACCTGGA,13,True,1
GGTAACTTGTGATT,13,True,1
GCACAAGTTAACAG,13,True,1
TGCCTCCTATGGTC,13,True,1
GTAAAGCCAACTGT,13,True,1
TTGAAAGGAAATCA,13,True,1
TACTGACGTAACTT,13,True,1
TAATAAGAACTATA,13,True,1
TATTGTCGTTTTTC,13,True,1
CTCGCGGTAAATAA,13,True,1
ACACACGGAGGCGC,13,True,1
CTTTCTCAGGGTGT,13,True,1
GTCGTTCTCTCAGT,13,True,1
GCCACAATGACGCA,13,True,1
CCAAACCCCACCCT,13,True,1
AATCTGGATACTGT,13,True,1
GAGTCGTCCACATC,13,True,1
GAGCCATTAGTCCC,13,True,1
TTGTTACCAATTGA,13,True,1
TCTTCCTCGTACTG,13,True,1
TTATGTATAACATC,13,True,1
AGTTGATTTAAACA,13,True,1
GCAAGGGTAATTAA,13,True,1
CATGAACAAGGGTC,13,True,1
AGACTTATCTCTGT,13,True,1
TGACAACCGATTAG,13,True,1
TATGTTCACTATAT,13,True,1
GTGCTGTGTAGGAG,13,True,1
TAAGGTCACGTGGC,13,True,1
AGAGACATTAGGGT,13,True,1
CACACCGCAGTAGG,13,True,1
TACGCAGCAGCAAT,13,True,1
GCTGAAGTTTTAAT,13,True,1
ATCATATTATCGGT,13,True,1
GGCCGCTTGGATCC,13,True,1
TACCCAGGTTGGCC,13,True,1
CCGCTCACCCCACC,13,True,1
TCAATACTATAGGG,13,True,1
CTGCCCTGCCCACT,13,True,1
ATGAGCTGAATATG,13,True,1
GACCTGATCCCACC,13,True,1
GTGAGACACGTGTA,13,True,1
AACTGTAGTGTATT,13,True,1
TCAATCTAGACATT,13,True,1
TATTCGTGTATGCC,13,True,1
AGCACTGCGACACA,13,True,1
AAGACATTCAATAA,13,True,1
GTCAAAGATCAGGC,13,True,1
ACTTCCATCATCAG,13,True,1
CACTAAGAAATCCG,13,True,1
TTGTTCGAAATACG,13,True,1
CCCCGGTGTATTGG,13,True,1
CTTGCGGACTACGC,13,True,1
GAGGAGCCCAAAAT,13,True,1
GAGAAAAACTTCGA,13,True,1
GCCTCCGCGAGACC,13,True,1
ACTTTACTTCAAGA,13,True,1
TGCCGTGACCAATA,13,True,1
GTGTAATAGTCAAC,13,True,1
GTCTTACATAGATA,13,True,1
CTCTTGGATGACAA,13,True,1
CTAAATCTTCTACA,13,True,1
GTACTCTCGTCCAT,13,True,1
TTACTGTGAAGGTG,13,True,1
ACATGCTCCACAGA,13,True,1
GAGCCGATCGAGTG,13,True,1
GTTCCCCTTCCCAC,13,True,1
TTCAGTGAAATAAA,13,True,1
GGAAGCTTAGAAAT,13,True,1
AATGAGGTTCTATG,13,True,1
TATGGAAGTATAAT,13,True,1
TTAATACCGTTAGA,13,True,1
TGACAGCACCAAGA,13,True,1
TCAGACAGTGGCCG,13,True,1
TAAAAGCGCTCATA,13,True,1
GGAAGACTGATCAA,13,True,1
TGCCACACTAGCTG,13,True,1
TACCAGTTGAATAC,13,True,1
TCTCTCGCTCCGCC,13,True,1
ATGTAGTTACAGAT,13,True,1
TTTCAGCTAAAAGA,13,True,1
ATCCTACCACAAAT,13,True,1
TAGCCAATTTGGGT,13,True,1
ACCTCGAATCCTTA,13,True,1
TATCGTTAACATTT,13,True,1
TCAACCGGTATTTT,13,True,1
TCGTGACTGCTGAG,13,True,1
GAAGGACCGACGTA,13,True,1
CCCCTCTTGCCCTT,13,True,1
TTCCAAGACGCGGT,13,True,1
TTGGATTGTGGATT,13,True,1
TTAGCCGTTCTGTA,13,True,1
TATCGGACTCAGCG,13,True,1
GGATAACAGATAGC,13,True,1
CCAATAAGAAGATA,13,True,1
AACTTCCTGTAGTA,13,True,1
ATACCAATATTTTT,13,True,1
TCGCTAGGCTACGG,13,True,1
ATCTATTTCGTAGA,13,True,1
GTTCCCTCCAGAAA,13,True,1
TGAACCATGCGAAA,13,True,1
GAAAAGATTTATTA,13,True,1
TTTTCATCTTATAT,13,True,1
ACCGCCCGTTCGAA,13,True,1
GAATCACCCCGACA,13,True,1
CCTCATCCCCCTGT,13,True,1
TACATTAGTATATA,13,True,1
AAGGTGACATACAT,13,True,1
TTAGGCCAAGGACG,13,True,1
GAGCCATCAACGCC,13,True,1
CTTACCCGTTATTT,13,True,1
TTCTGAAGAAGTCT,13,True,1
CCTAAACCTACATT,13,True,1
TGATTGCAGCTCCG,13,True,1
AGAAACCCGCCCGA,13,True,1
TATAAACGCCCGCG,13,True,1
GATTACAGTACGAA,13,True,1
AATGTCATTCGCAT,13,True,1
GAACCTGTGCAGCT,13,True,1
GCTGCCTATGCCAT,13,True,1
TATATCGTTAAGGA,13,True,1
CAAGACTCCAGGTA,13,True,1
AATCCGAAGAAGCG,13,True,1
CTGACCCTAACACT,13,True,1
TTTTAATTAACAAC,13,True,1
TCCTGCCAGCCTAG,13,True,1
CAGACCCAAAATAT,13,True,1
CTGGATCTCCTCAC,13,True,1
TAACATCGCCACAC,13,True,1
TCAATGTATAAAAC,13,True,1
CAAGTCAGAATGAT,13,True,1
GAGGGCTAGGACCA,13,True,1
CCCCTTAATGCCAA,13,True,1
CGGAATAAGGCATA,13,True,1
CCCACTCTGCTTCG,13,True,1
TACCAATAGAGTAA,13,True,1
CTCAACCCGTCTGC,13,True,1
CCCGCCCCAAATCT,13,True,1
CAAGTCCGACCTGT,13,True,1
GGACATCATGTCCC,13,True,1
AGGCGGCATAAGGT,13,True,1
TTAACTTACTAAGA,13,True,1
CGGCGAATACGAAC,13,True,1
GGGACCGTGTGATT,13,True,1
AAGGATTGGGACAT,13,True,1
GGATTGTGATATAT,13,True,1
TCTAGCCCAAATTT,13,True,1
GTACAAACTAAGGT,13,True,1
ACTAAGGTATATAA,13,True,1
TGTCTCTCGGCCGC,13,True,1
GAGTTCGAAAGTGG,13,True,1
TAGATATTATAGCA,13,True,1
TGACTCACTAAAAG,13,True,1
TACGAAAATCTAAG,13,True,1
GTGATCATGACCAG,13,True,1
CACCTGATCTTTTC,13,True,1
CCCTGTGTGAGCCA,13,True,1
ACCAACGAGTGTTC,13,True,1
TACGGAGTAGCAAC,13,True,1
AGCCTCAGTGTGAC,13,True,1
TATAGAGAACGTCT,13,True,1
TCCCCTAGAGATGA,13,True,1
GAAGAACATCCCGA,13,True,1
TTTGCAAGTGTCCA,12,True,1
AACAGAAGAGTTAA,12,True,1
ATGACGTGTTCCTT,12,True,1
CCTCAATCTCTAAA,12,True,1
ACCATTTTAGCCAA,12,True,1
GTGTTCAACGGGAA,12,True,1
AGACCTGCGCGCCG,12,True,1
ACACACATAAGTCA,12,True,1
CTGACAGTAGGCCC,12,True,1
GACAATACATAAAA,12,True,1
TTATAATCTGTAGA,12,True,1
TACCAACCAAAAAT,12,True,1
TCACCAATCAAAAA,12,True,1
TGTCTAGGTGGACT,12,True,1
TGACTGGGGCCGCT,12,True,1
TTTATTCACCAGGA,12,True,1
TACTTATTGATGGA,12,True,1
CAGTTAAAACAGAC,12,True,1
CATACACCAAACGT,12,True,1
TCAACTCAAGGGAA,12,True,1
TTTCATGGTACCAT,12,True,1
CCAGTAATCTATTA,12,True,1
ATAATGCAACCCTG,12,True,1
TGGACCTACAAAAA,12,True,1
TCGACCAATCTCAA,12,True,1
GTGGCTAGTCTACT,12,True,1
GTGCAAGGAGAAAG,12,True,1
AGTTGCTTTAAAAG,12,True,1
TTATAGCTATAGGG,12,True,1
TACAAGAGCTTTAC,12,True,1
ATGCTCTTAAATTA,12,True,1
TCCGATCGAAATGT,12,True,1
TTACTTCTGAGATC,12,True,1
ATGCGTTCAAGCGT,12,True,1
TTAGAGGCATACGT,12,True,1
TCGGAGCTTTAGGG,12,True,1
ATCCATCACTTTCC,12,True,1
GAGAACACACAAAC,12,True,1
CTTTAAAAATGGGC,12,True,1
ACCACTCCCCAATA,12,True,1
TAAGCCTCAATTAC,12,True,1
CAAGAAATCTGATG,12,True,1
TCTTCACGACAAGC,12,True,1
TAGGATGAATCATT,12,True,1
TCTGGCTATGAGCC,12,True,1
CTGTGACTTGCATT,12,True,1
ACCCCATTTAATAG,12,True,1
AAAGCCTTAAATAA,12,True,1
TCATATTAACTACC,12,True,1
TGGTAACTGTGACA,12,True,1
AGTTTTTAGCATCT,12,True,1
ACCCCCCCCTGCCA,12,True,1
GTAGGCGCAAAATA,12,True,1
ATAGTCTATGGAAC,12,True,1
TTCGCGACCCTAAT,12,True,1
TCATTCACTACTCC,12,True,1
CTACCTAGCGATGT,12,True,1
GCGAGCCCAGTTCC,12,True,1
ATACATGTGAGTGT,12,True,1
TATGCGATCAGCCA,12,True,1
GCAGAAACTCTGAG,12,True,1
AATACAGCCAACTC,12,True,1
CGCATTACTCAGGC,12,True,1
TAACTTACCGAAAT,12,True,1
TCCCACTTTGTATG,12,True,1
TGCGCTTCACCCAA,12,True,1
CTGTCGCCCGGCTT,12,True,1
GATGTAGCGCTTGT,12,True,1
GTGAATAGCGAGAT,12,True,1
ATAAGCCGCTAAGT,12,True,1
TCAACAAATTTTGG,12,True,1
ATTATGTCCAAGGA,12,True,1
TTTGTACTCGTCAT,12,True,1
ACACGAAGAGCATG,12,True,1
TGCAAAACCGCATG,12,True,1
GTGCTTAACAAATC,12,True,1
TCAGTCTATAATTC,12,True,1
TGTACAAAATGGTT,12,True,1
TGTCAGGAGATCTT,12,True,1
CATCAGGCTGCACC,12,True,1
CTACGCCGAGCCCA,12,True,1
TGTCAAGGGTCCGC,12,True,1
GCAGGGACACGGTC,12,True,1
AACATTCAAGAGAC,12,True,1
ATGCACACACTCCC,12,True,1
TGAAGTCGTTTTTT,12,True,1
TTAATTCATTTAAA,12,True,1
TAAGAGATATTCAG,12,True,1
CTTCTATTGCGCAC,12,True,1
GATCTAGGGTGTTC,12,True,1
ATACTCCGTCACGT,12,True,1
GATTAATTCTGCAT,12,True,1
GTATGTCTAGCTAT,12,True,1
ATGTAGTCACGCTT,12,True,1
TCCTCCTTCAGACC,12,True,1
CGATGAAAAGACTG,12,True,1
AGCAGATAACGACG,12,True,1
ACCAAAACTCGCTG,12,True,1
TCTAGAGACGCCTT,12,True,1
ACAGTTAGTCCTAG,12,True,1
AAATTCCAGTGTAC,12,True,1
GGATATAAAATCGC,12,True,1
AGACAAAAAAACGT,12,True,1
GGGACCGCTTCCTC,12,True,1
TATCTTGCTATACC,12,True,1
CCTGGGTCCCCAAT,12,True,1
TCTATGTTAGAAGT,12,True,1
ATTCCAGACTCGTT,12,True,1
TCATGGACAAGGGC,12,True,1
TAGCAACTGTCTTA,12,True,1
ATATAGGATACAGT,12,True,1
GCATACTGCAAAGA,12,True,1
AGTGAATACCAGAA,12,True,1
TGGAAAATCAGACA,12,True,1
AATCAGCTTGTATG,12,True,1
TGATGGCATGCTAA,12,True,1
GCATGAGCGTTGAG,12,True,1
GCATTCTCTATAAC,12,True,1
AATATATTTACTGA,12,True,1
ACACCCTCCCATCC,12,True,1
AACCACCGTAGGTA,12,True,1
TCTGTGGTGCAAGT,12,True,1
ACCGAACACATTGG,12,True,1
TGTTCAACCAACGC,12,True,1
GTGTATAAGTTTTA,12,True,1
TAGCAGGGGCCGAC,12,True,1
CCCACCAGAGCCGA,12,True,1
TTATTAGTTCTCCG,12,True,1
TTCGTTTAACCAAA,12,True,1
GTAAGCAATAGTCA,12,True,1
AGCCCTGTAATTCG,12,True,1
GGAGAGCGAGTCCT,12,True,1
GCACACTGAGCTCA,12,True,1
TTCACGCAGCAAAG,12,True,1
ATATCTATCGATAG,12,True,1
ACAGTCGCTCATGA,12,True,1
TATTTCTTGCCCGG,12,True,1
ACACCTTTGTAAAC,12,True,1
CTGGGCCATCTCGT,12,True,1
CTTGCAATTAACGT,12,True,1
TGGTCCCTTTTCGG,12,True,1
GCAGCGCCGAGCGG,12,True,1
TGTATGCCGGTCTG,12,True,1
ACTAACCGCGGTCG,12,True,1
GCAGTCAAGACCAA,12,True,1
TATCCATATTATTG,12,True,1
CTCCTTTTCCTCTA,12,True,1
ATCATGGTAGCCGT,12,True,1
CTGTTAGGGCCATG,12,True,1
ATGAAGGATTTCCG,12,True,1
TGACCGGAGTAGAC,12,True,1
GGAGAGTTCGTTTA,12,True,1
TATGGCCATAAGTG,12,True,1
CTGATCCATACAAA,12,True,1
TAACATTGTAATCG,12,True,1
GCCACTGGCGAGGA,12,True,1
CTACTGCTTCCCTA,12,True,1
TCATGACAACTCAA,12,True,1
CGGATTCCAGGTAT,12,True,1
ACATAATAGCGTCT,12,True,1
TCTCCAACTTTGAG,12,True,1
CATCTTCTCTCTGT,12,True,1
TACTCTAGAGAACG,12,True,1
TGATCAATGAAGTG,12,True,1
TACATAACTTTCAC,12,True,1
CAAGCCATCAATTC,12,True,1
TAACGTATTTAGAC,12,True,1
TGTCAACTCTTATC,12,True,1
AGGTGTTAACATCA,12,True,1
TGAACAAAGTAACG,12,True,1
GGGGTTTTCCCCAA,12,True,1
CGGTCTCCGAGATC,12,True,1
TTTTCAGGCTAGAG,12,True,1
CTGAAGGCCGAGAC,12,True,1
CCGATATAATGACA,12,True,1
TTAATAAAAAAACC,12,True,1
TTACCCTCCCAACC,12,True,1
TATGAGCAAAGTTA,12,True,1
TTGACAACCGGTTA,12,True,1
ATGATACTTTGCAT,12,True,1
GTGCCCCGTTTTTT,12,True,1
TACCAGACGCAAGA,12,True,1
AAGACACAAGTAGT,12,True,1
GCAGAGGTGAAGAA,12,True,1
CATAGACGAGATTC,12,True,1
GCGTGTACTACCGT,12,True,1
TCTCCTACCTGCAC,12,True,1
TGCTAGGTTTAGGT,12,True,1
TTTTTAATTATGGG,12,True,1
CACCGTCACAAAGT,12,True,1
TTCCCGGCGGCACA,12,True,1
ATACAATGTTTAAC,12,True,1
TACTCCACATTTAC,12,True,1
TGACATCAGAATAT,12,True,1
GGATTAGTTGCATT,12,True,1
TTTCTTCTAATGAC,12,True,1
GTAATAAGATGTTC,12,True,1
ATAGACTCAAATTT,12,True,1
TCATTTGTACAAGG,12,True,1
TCAGTTCGGCTATT,12,True,1
TGTGAATTTATGAC,12,True,1
TGTAATCTCACATG,12,True,1
GTACGCTGTGCCCT,12,True,1
GATCGTCTCAAACA,12,True,1
ATGTATTCCTAACA,12,True,1
CAAAATAAGACTTC,12,True,1
TGTCTTAACTTTAT,12,True,1
TATCAACGGGAGAA,12,True,1
GCCCGGCTGGATAC,12,True,1
TTCATTATGATAGC,12,True,1
TCCCAAGGCCGCAC,12,True,1
GTTGCCCTCCCAAG,12,True,1
GGCCACCCCAGGTA,12,True,1
ATAGGAATAGGCGG,12,True,1
ATGGGGAAGAGCAA,12,True,1
GGAACTTGCTATGG,12,True,1
GGTTAAACTAGCAT,12,True,1
TATGATCCAAATGA,12,True,1
TATAGTTTAGGGGA,12,True,1
TTTGACTTTACTAT,12,True,1
TACCTCCCCGTGCG,12,True,1
AAACACATCCTAAG,12,True,1
TATAAATCGAGCAG,12,True,1
CCCCACAGACGGCT,12,True,1
TTATACCCCTCCCT,12,True,1
TTTCTTTTGAGTTA,12,True,1
CCCACCTTCTATCT,12,True,1
TAACACCAGGGACA,12,True,1
TTTTCCCATTCAAG,12,True,1
TGAAAGCTTTGATT,12,True,1
TCCTAAAACTGATA,12,True,1
TGGGAGGTGAACCC,12,True,1
GTATCGTGTGAGCC,12,True,1
TAGACGTCAAAAAA,12,True,1
TCGCTTGCCACTTT,12,True,1
GTGGTTACCTACTA,12,True,1
TCATTCCGTTTCGC,12,True,1
CTTGGAATACTACG,12,True,1
ATAAATCCCGTAGT,12,True,1
GGCTGGAGAGGTAA,12,True,1
CTCTTATTTAACGG,12,True,1
TTTATTCGTACAGT,12,True,1
CAGCATAATCTTCA,12,True,1
CCACTATAGGCAAC,12,True,1
TGAGGATAAAAATT,12,True,1
CACCTGAGCTTCAG,12,True,1
GAGGCACAACCGCG,12,True,1
TGCATCACTATATC,12,True,1
CTCAAACTTTCAAT,12,True,1
GATCACGTCAGGCT,12,True,1
CCGCTCGCTTTGAG,12,True,1
TTTACCATTAACCG,12,True,1
GATGTACAAACACC,12,True,1
CTGATTATATCCGA,12,True,1
CGTAAAAGCTATTA,12,True,1
TGGAAAACAATATC,12,True,1
CTAAATCCCCCCAT,12,True,1
CAGTAACAAGACAA,12,True,1
CTGGTACTCCGTTC,12,True,1
CTAACCCTCGTTGA,12,True,1
ACCGGTTGCTGCCC,12,True,1
CTATAATTTATTGA,12,True,1
GAAAGCGGACATAC,12,True,1
TGGAATATAGTGTC,12,True,1
GTATCAGAATGTTT,12,True,1
GGACCCTACGGGCC,12,True,1
ACAAACTTTAAAAG,12,True,1
GAGACAGCTTTATA,12,True,1
CGGTACGATCTTTG,12,True,1
CTACCAAAAAGAAA,12,True,1
CACTGGTCTGGCCT,12,True,1
TCTGTTTATTTAAT,12,True,1
TGTAATGTTTTCAA,12,True,1
AGTTGTCGGAACAA,12,True,1
TTATGTGGGTGTAT,12,True,1
CAAATGATTAGGCG,12,True,1
TGTATACAGGGCCA,12,True,1
GAAGTCTCAGTAAA,12,True,1
AGACTTAATACCAT,12,True,1
ACGTAGCGAAGTCC,12,True,1
AAGAAACCCGCAGA,12,True,1
TTGTCTCCTGTTAT,12,True,1
CATACCCTCGGCGA,12,True,1
TCCCCGGGCATAAC,12,True,1
AAGGCGGATGCCCT,12,True,1
GGCCACACCTGGCC,12,True,1
CGGCAGGTATCGGA,12,True,1
TACAGAGATGGTGG,12,True,1
TTGAAGATTTACCA,12,True,1
CAGCACGGCCCATT,12,True,1
ATGTCCCCTTCAAG,12,True,1
AGACCAGGACGGCT,12,True,1
CCCACGGTGAATGA,12,True,1
GTATATGATATTGC,12,True,1
TACAATACAGAAAA,12,True,1
TACATAACAACATC,12,True,1
GCTGCCCTCCGTCG,12,True,1
GTGAATCCACCACC,12,True,1
TGGCTTATTATGCT,12,True,1
TTAAAACAACTCTA,12,True,1
GTCCCGTCGAACAC,12,True,1
GCGACGGGTGCAGA,12,True,1
TTGCCTCTCCACTC,12,True,1
TCCCAAGCTTTTAC,12,True,1
AATAGGAGAAGACA,12,True,1
GCCAAGAGCCTTGG,12,True,1
CTCGTTAAACGCTC,12,True,1
ACGAGACTATAGTG,12,True,1
GCATTCTCTTCTAC,12,True,1
TCGCCTATCCCGCT,12,True,1
TACACTACCGATCA,12,True,1
ATAGTTATACCTCC,12,True,1
ACAGACCATAGTGC,12,True,1
GCTAGTAAGTATAA,12,True,1
ATCTAACATCCAGA,12,True,1
TAAAGGATTATTAT,12,True,1
GCTGTCGTGAGCCC,12,True,1
ACCAATAGGGGTTG,12,True,1
TAGAGGTCACTGAC,12,True,1
CCCCCTCACCCTGC,12,True,1
ACATGATGGAAGCA,12,True,1
ATCTCCCCCCCAGT,12,True,1
CTGGTCCTTTGCAA,12,True,1
AGCCGATTGTGCCG,12,True,1
AACAGCTTCGCCCT,12,True,1
GTGAGTGTTCTTGT,12,True,1
GTACGGGGATTAAA,12,True,1
TAGACCGATCCGCA,12,True,1
CGCACGTTGACCAC,12,True,1
TCTTCTAAAAATCA,12,True,1
TGGATTCTCCCTAT,12,True,1
TTAGTACCAGTAAC,12,True,1
TCAGGAATGATCCT,12,True,1
TGTTCGCATGATTC,12,True,1
ATATCTAGTGTCGA,12,True,1
GCCCTTGAGACAAA,12,True,1
TATATAAAAACACA,12,True,1
TGATTTTATAAAAA,12,True,1
GATTCGTATTGTAG,12,True,1
GTAAACCCGGTACC,12,True,1
TCTCTATCTACTGT,12,True,1
TCCAAGGTACGATA,12,True,1
GAGGCCCCAACGAA,12,True,1
AGCATATATACCGT,12,True,1
CCTGTTTATCGTAG,12,True,1
TTCCGCCCCCGAAC,12,True,1
CCCATAGTCCGTGA,12,True,1
TAATAACCGGACAG,12,True,1
CTACTGGCGGAGCC,12,True,1
CCCTCCCTTCCCAG,12,True,1
AAGAAATATGTTCT,12,True,1
GCTCCAAATCCTCT,12,True,1
ACCGACCGAGCCAG,12,True,1
AATAAACCCAAATA,12,True,1
GAATCGAACGCATG,12,True,1
AGATATAGCATCCA,12,True,1
TCTAGCAGCCCTAA,12,True,1
TCAACGCTGATCAT,12,True,1
AAGGCCGCACTTAA,12,True,1
TACGCTTCATCATA,12,True,1
CATCCCTCAAGAGA,12,True,1
TGGTGAGGAGGGAG,12,True,1
GAAAAGACGGCAAA,12,True,1
CCCACTGCCTTGGC,12,True,1
GGACTAGGGTACAA,12,True,1
TAAACAGAAGAGTC,12,True,1
ACATGCCATACACT,12,True,1
GAATACGTGTGAGG,12,True,1
TCTATCGGGCCAAG,12,True,1
CAATAGGGCGTCAA,12,True,1
CAACACTTCTGTAT,12,True,1
TAACTACATATGGC,12,True,1
GCACATATAAACGT,12,True,1
TGTCTCTGCTTATC,12,True,1
GTTAAATCGTAATA,12,True,1
AGGCGTTTCTTTCT,12,True,1
TCGAGATGCCCACG,12,True,1
ATACACGCGTAATG,12,True,1
TGCCTTCGGGGGGC,12,True,1
TTGCTTTACCTTAA,12,True,1
CTCTCTACAGATGC,12,True,1
ATCTCTTTCAGATG,12,True,1
TGTTCTTTTTAGAT,12,True,1
TTCCTACTAAAGTA,12,True,1
CACCACATTGTTTC,12,True,1
CATATCCTGGCCGC,12,True,1
TTACCCACTTTGGC,12,True,1
TTCACGCCCAAAGG,12,True,1
CCTTTAATACCGGG,12,True,1
GCTCATCCTACTTT,12,True,1
TTTTGCAAGCGATT,12,True,1
TAAATAGTCCTTAA,12,True,1
TCTCCCCATTCTGT,12,True,1
TAGCTTATAATAAA,12,True,1
ATGTTCGAAGTACG,12,True,1
ACCAAAGCAAGTCT,12,True,1
CTATCATGTATATT,12,True,1
TGGCAAAGCGTAGA,12,True,1
GTCCGATGTTCAAG,12,True,1
TAAGTCCTAACCTA,12,True,1
CCAGTTTCTTCCAA,12,True,1
ATATAACCCATTGC,12,True,1
AGCAAGTGACCGTG,12,True,1
ATACATGTAGGAGA,12,True,1
GTAATCCTTTTAAG,12,True,1
CAACTCAAAGAACA,12,True,1
CACCATAAGAGAGT,12,True,1
TCCGTTTTAACAAT,12,True,1
AACCCAAACTAAGA,12,True,1
CCCTACCCTCCCCT,12,True,1
CCAACAGTACCATT,12,True,1
TTGGTACAGAAGTA,12,True,1
TTATTGCTGCGTTT,12,True,1
TCAACTGGGCGCCC,12,True,1
GAGACTTCTGACGG,12,True,1
CCCGGTCCGCTTGA,12,True,1
GGATGAGTAAGGAT,12,True,1
TTGAAAACTTATGC,12,True,1
GGCAGCGTCGGTCC,12,True,1
TATATTATTAGTTA,12,True,1
CTGACGAGTTTCCT,12,True,1
GGAACAGATCCGGA,12,True,1
CCAATCTTAAACTC,12,True,1
GTACCTTGTACGCT,12,True,1
TTATATGGCAAGCT,12,True,1
TATCGGCTCCCACC,12,True,1
CTATTCAGACTTCA,12,True,1
TAAGGATACTGATA,12,True,1
ATTCAGATAAACTA,12,True,1
AGTGAGCTAAGAAA,12,True,1
GTCTCCTCGTCTAT,12,True,1
TCCGTAGTTGCCGA,12,True,1
TAATCAAAAACAAC,12,True,1
TGAGCCAAGTGTAA,12,True,1
ACCAAGCAAGTATT,12,True,1
TTCTTGAGCCTCGC,12,True,1
TATACAGCAGCATT,12,True,1
TAGAGTATTGTAAC,12,True,1
TACCGAACGGTTCC,12,True,1
TATCCGGTTAATCT,12,True,1
TTGAAACTAGATGC,12,True,1
TTGAACTCAATTTT,12,True,1
CCTGTAGCAGGCGC,12,True,1
GCACTCTAACCCAA,12,True,1
GTCCTGACGTAATG,12,True,1
CACCTGAACAGTAA,12,True,1
GTCCATATTTAGTA,12,True,1
TTCCGCACGTCATT,12,True,1
GTATTCCAGAAATT,12,True,1
TTGTCAACCCTAAG,12,True,1
TAAAAACGCTTACT,12,True,1
ACCCTTCTAAGGTA,12,True,1
GTATTCGTTTTACA,12,True,1
AGAAGAGTCCCAAC,12,True,1
TAGAAGCCCGGACA,12,True,1
ATCATTGTTAGTAC,12,True,1
ATAAGGAACCCACC,12,True,1
CCGTATATAGGTTC,12,True,1
ATTAACAAGCCGCG,12,True,1
TATATGTCATACAA,12,True,1
AAGTTCTACCTAGA,12,True,1
TTGTTAAGGCCCAT,12,True,1
TAATAGCAATTGCC,12,True,1
CAGCAGCAAAACAT,12,True,1
TATCCTCTCCTTAC,12,True,1
CGATCACGCCACCC,12,True,1
CCGGCAGTGCTAAC,12,True,1
TAGATCGTCTCACC,12,True,1
ATTCCTCTTACGCC,12,True,1
GTCACGTATGTTGA,12,True,1
TTAGACGGAGAACC,12,True,1
ATTGAATAAAATTG,12,True,1
TTGTTCAAACTTAT,12,True,1
CCCCCATACAAGTA,12,True,1
TCAGACGAAAACCC,12,True,1
CCCGTCTAACTGGC,12,True,1
CCAGCCGTCGTTTG,12,True,1
TCCTTGTGAATCGC,12,True,1
CACTTCGACTACAG,12,True,1
CGAGACCTTACGCC,12,True,1
GGAAGAGGAACGAA,12,True,1
GATGCTGACTAAAA,12,True,1
TCGTACGAAAACTT,12,True,1
TTATTTCTTAGTCA,12,True,1
GAACCTCACGAACA,12,True,1
CTGATAAAAAATAA,12,True,1
TCGATATTACTTGG,12,True,1
AGCGCTATACACAG,12,True,1
TGAGCCGGAGTCAC,12,True,1
ACCCCTTTATGTGC,12,True,1
GTGTAAGGACAGGC,12,True,1
GCATAGTTTTAAAC,12,True,1
CCTAATGGCGTTGC,12,True,1
CTACTGTTTCTTCA,12,True,1
CCGGCATTAACTTG,12,True,1
TTCGTGCACCAGAT,12,True,1
TGAACCCCGCTCAA,12,True,1
TTATCTCTAAGGTA,12,True,1
TATTAAACTATCCA,12,True,1
CCAGAACAATACCG,12,True,1
TAACCAAGATTATA,12,True,1
CTCGTAGATACAGG,12,True,1
TAGGACCCTTACCC,12,True,1
CTACCCTCTTCTAC,12,True,1
TATCCAATTCGCGG,12,True,1
TTTTCTGTTAGTGT,12,True,1
GGACTCGCCTGCCC,12,True,1
CCTTATGGGGGCTG,12,True,1
CAGTACTGTTAAGA,12,True,1
TGTGAAGTGCGACG,12,True,1
GTAACGCATTGCAC,12,True,1
CTTCTCCCGGCATT,12,True,1
ATCGCAGACACTAA,12,True,1
AGAAGGTCGTAAGA,12,True,1
CTAGAGCCCCTGCA,12,True,1
ATCTCATTTCAACT,12,True,1
CTGCAGTTTATTGA,12,True,1
GTCGTTAATATTTT,12,True,1
GTGTCTTATACTAA,12,True,1
GATCCCAAGAACGC,12,True,1
AAGTCCCTACTAGC,12,True,1
TCTGAAATGTTTGA,12,True,1
TTTTGAAACACACC,12,True,1
TCCAAGTGTCTGCT,12,True,1
TGTTCCCTGTTCGA,12,True,1
TATAATTCTGATTG,12,True,1
GTACCACGCATGAT,12,True,1
TTAGCAAGACACAT,12,True,1
AACCGATTTGACGA,12,True,1
CTATCTGTTCAGCT,12,True,1
TTTATGCAGCCAGC,12,True,1
GCATGCCGAAAAAG,12,True,1
CAACAGTATAGGAG,12,True,1
CAAAACTTCCATCA,12,True,1
CTTAATTTGCATGG,12,True,1
AAAGTATCTGTCGG,12,True,1
TTTTGATTAAAGAA,12,True,1
TCTCTAATCCATGT,12,True,1
CTAGATGAATCCAA,12,True,1
GCAAACAACTTTTA,12,True,1
ACATTGGAGCATAG,12,True,1
TATCAACATGTGAA,12,True,1
CAAGGCCTACGAAG,12,True,1
TTTTAATTCCAACT,12,True,1
CGAATTAAAGTGGT,12,True,1
ATGAGCTTTACATT,12,True,1
CTACCCGCGGATCT,12,True,1
ACAATAAACAGAGA,12,True,1
TTCAAGCCATATGC,12,True,1
GCGTGTTAAACTAG,12,True,1
TGTCGTGCATCCCA,12,True,1
CCCGAGGTGCGCAA,12,True,1
ATAAGTACCTCCGC,12,True,1
AGGACAAACTCCTT,12,True,1
CTCAATCAATGACA,12,True,1
ACCACACAGATCAC,12,True,1
GCTCAGACTTAACC,12,True,1
TCACACCCAATCGG,12,True,1
TGCAAAGGTCCGTA,12,True,1
TGGCCGAACTCCGC,12,True,1
TGGGCGTTGGTTCA,12,True,1
TTGTATCTTCCCTC,12,True,1
TATACTCCTAACAG,12,True,1
CACATCATCTTTGT,12,True,1
TCTGACATCGAACA,12,True,1
GTGGGAGGCCATGT,12,True,1
GCCGTTATATAGAT,12,True,1
TCGCGGAAAGGAAA,12,True,1
CAATGAGAAACCCG,12,True,1
TCTTGGCTAAACAA,12,True,1
TGATAGGGACCCGC,12,True,1
GCATTTCCCTGCAA,12,True,1
CCTGATTGTCGTTG,12,True,1
CATAGAACTTGAGT,12,True,1
GTAACGCCATACTA,12,True,1
TTATCTACACAGGT,12,True,1
TGTAAACCTGACAT,12,True,1
ACACTCCTTATATT,12,True,1
GGGTGACCGGACAA,12,True,1
TCTTACATAAATCC,12,True,1
ACCGCAAACGATAG,12,True,1
TTCATTTCGCGCAC,12,True,1
CTCTAACTGCGGTC,12,True,1
TGTTTTCGTCACTA,12,True,1
CATGATAGGATCAC,12,True,1
CACTTACCTAACTC,12,True,1
ACCCACGGTCCAAT,12,True,1
CGTATGTAAACAGC,12,True,1
TTTACACAAAACCT,12,True,1
AGCGTTCGAAAGGA,12,True,1
TTTCTTTCCCCGCC,12,True,1
TCGATCACCCTCAT,12,True,1
ATAGTGTATGAAAA,12,True,1
CGCACGGGCTGAAC,12,True,1
GAATAAACCTAAGA,12,True,1
TAGTATCACGTCGC,12,True,1
AGGCATGTGCCTAT,12,True,1
TCTGAGCGAGGTCC,12,True,1
CCTCCTCCCACCAA,12,True,1
TACCAAGATGACAC,12,True,1
TCAGCCGCACTGGA,12,True,1
GGACGAGCTCCCAG,12,True,1
TGAAAGCTTCGTCT,12,True,1
GTATACTGAGAGGA,12,True,1
ATCTCAGCTTCTGA,12,True,1
CGCAATACATGAGC,12,True,1
CATCAAGGGTAGGG,12,True,1
CCCATTGTGGAGCA,12,True,1
CTATGTAGACTTAG,12,True,1
GGGCTCAAGGACAA,12,True,1
AACACATTTATGCT,12,True,1
GAATATCACTTAGA,12,True,1
GAAAAATTTAAAAT,12,True,1
GAGGAATACGCTAG,12,True,1
TCCCAATCGGGGGC,12,True,1
CATGTGTGTCACAG,12,True,1
TCTCTGATACTCAC,12,True,1
CAGTAGCCACAGAC,12,True,1
AATACCCCGCGACA,12,True,1
CCCACCAAGCTCAG,12,True,1
ACAGGGGATTGTCC,12,True,1
TTATAACAATCCGA,12,True,1
ATAAGCGTAGTTGC,12,True,1
TCACCTTACTGCGC,12,True,1
ATGGAAGGGTATAA,12,True,1
TAATGTTACTCACC,12,True,1
ATCCCCCATTAGTA,12,True,1
TACACTTAATCGTA,12,True,1
CTATATCGGGCTTG,12,True,1
ATGGATCTATAACA,12,True,1
TATCCGGGTTCTCG,12,True,1
GTATTTCCCTATTG,12,True,1
TAAATCCCCGCTGG,12,True,1
TTTACACTACGCCT,12,True,1
GATCGGGACTTGCT,12,True,1
GCCATGAGAAGGGC,12,True,1
AGCAGGTCTATATC,12,True,1
TAATAATATACGTA,12,True,1
CCTTTGATAAAACA,12,True,1
GCTTTCCGTGGAGT,12,True,1
TCCAATCTTAATTG,12,True,1
CTAGCCTCGTTTTT,12,True,1
TTCAGGCCAGCTTA,12,True,1
TTACTGACAGCACA,12,True,1
TTAAAGAGTATTAA,12,True,1
TTCATGCGCAGGCA,12,True,1
TAGCCTGGTTCAAC,12,True,1
CCACTATATAAGCA,12,True,1
TGTAAATATAACAG,12,True,1
TCGCGAACTCTCCA,12,True,1
CAAGCCCGAACACC,12,True,1
GTCTCGTAACCAGA,12,True,1
TTTCTTAACAAGAT,12,True,1
TATATATAGAGAAG,12,True,1
AATAAAAGCACTTG,12,True,1
CATGAACATAGAAA,12,True,1
CAAGGGCAGTTTCT,12,True,1
AAGGCTTGGTATAT,12,True,1
AAACACAAATCAAG,12,True,1
TAGGATAAGTGTCA,12,True,1
CGGTCCCCTTAGTT,12,True,1
CTAAGTCGACTCAA,12,True,1
TCCTAGGTCCCCCC,12,True,1
TAATGCGTTACATA,12,True,1
GAACAGATTATGAA,12,True,1
TTCCTTGTACCTAC,12,True,1
CAATCTTGTCACGG,12,True,1
GTCATCATGACTCG,12,True,1
AACTTCACACACTT,12,True,1
CCACCACCGCCCGG,12,True,1
GTAAATACTTCTAC,12,True,1
TCACTGAGTTCGCT,12,True,1
CCCCCAGTTTCTGT,12,True,1
GTATAAATTGCCCA,12,True,1
ACACCTTTGTGGTA,12,True,1
TGAGCACTCCGGCC,12,True,1
ACCATTGCTGTAGC,12,True,1
TGGGTAATAAAACG,12,True,1
AGGACAGCCCCTGG,12,True,1
ATGAACGTTATCAG,12,True,1
CCTATGGCTCAACC,12,True,1
TACGCAACAGGTTG,12,True,1
GAACAACAACAACG,12,True,1
TAGAAATGGGTAAT,12,True,1
CGCTAGAATTACCT,12,True,1
CGACAACATCAAAT,12,True,1
ACGTCTCAAAACAT,12,True,1
TAGCAACATGTCCG,12,True,1
GTTCTCCTCATATT,12,True,1
ATAAACAAACTTTT,12,True,1
ATGGAACATGTGTA,12,True,1
CTCATAACTTTATG,12,True,1
AGGCCCATCCTTGA,12,True,1
GCAGTCGCTACTAT,12,True,1
TTTATAATCAACTG,12,True,1
TCTATCCCTCGCTG,12,True,1
ATTAACGGGAAATA,12,True,1
CTACTTTCGTATGG,12,True,1
CTCCGAGCCCGAGT,12,True,1
AACTAATGTTGCAC,12,True,1
GTAGAATCGACACG,12,True,1
TCACAAGCGATGTA,12,True,1
TTCTAAATACTGAT,12,True,1
CAACATTGTCCACT,12,True,1
CACCTCACCTCCCA,12,True,1
TACTCCATAACACA,12,True,1
TATAAAAGTTGCTG,12,True,1
CCACGCACCGTACA,12,True,1
AAATATTTGTCCGC,12,True,1
GACTAACCTTGGCT,12,True,1
TTTCCGACTCTCCT,12,True,1
TCGCTGAACACTTT,12,True,1
TAACTATTGGAATA,12,True,1
ATAGTGCTTAAGAG,12,True,1
TGGATCTAAGTGAA,12,True,1
AGATATGTAACTTT,12,True,1
ATGCACATTAAGGG,12,True,1
GTCAATATTTCAAC,12,True,1
TTACGTTAAAGAAA,12,True,1
CCACCAGCTTATGA,12,True,1
CACACGTATTCCTT,12,True,1
TAGGCAAACGATTA,12,True,1
TCGGAATAAATATC,12,True,1
CCCCCCCCCGGGCT,12,True,1
CTTGCCTAGCGGAT,12,True,1
CTCGTAGATAGATC,12,True,1
CGAAAGCACGAATT,12,True,1
ACTAACATGGTGGA,12,True,1
GCCGAGATTGAATA,12,True,1
CCCAGATTTGAAGC,12,True,1
CTCTGACTAATACA,12,True,1
ATGCACCCCGTGCT,12,True,1
TGCCCGACGCTTAT,12,True,1
GCAAATGAATAGGA,12,True,1
GTATATAGCAATAA,12,True,1
TTACGGTGGAACAG,12,True,1
CCATAGGAGTCAAC,12,True,1
CCGCATCCGACACG,12,True,1
CAAGATCCGCTCGG,12,True,1
TCAGAGAAAAAATG,12,True,1
TGTTTAGTTGTAAC,12,True,1
CTTGAACTTTCTTG,12,True,1
AGAATCGATTGTAA,12,True,1
CCTGTAATTTCGAC,12,True,1
CCCACCGTTGCCAG,12,True,1
TTTTCTAAGACACG,12,True,1
ACAAATACATGAGC,12,True,1
GTATCAATAATCAT,12,True,1
AGGACTTATCTTAA,12,True,1
TAAGGATTCTATGA,12,True,1
TCACACTATACGCG,12,True,1
GATCTTCCACGGAA,12,True,1
GAGTGTTTTAGACC,12,True,1
TCCAGTATAATAAA,12,True,1
TCTAAGCCATATAA,12,True,1
CACTATCTCAACAT,12,True,1
TCCCTGACGGGTTG,12,True,1
TGACGTGAATTGAC,12,True,1
AAATCCCTAAGTAA,12,True,1
GTATTGAATTGATT,12,True,1
ATATTCCTTGAATT,12,True,1
AGGCCAAACTCTAA,12,True,1
CCATATATATCACT,12,True,1
CCTATTCATTCCAT,12,True,1
AGGGCTCCCCGTCA,12,True,1
TAGTGAGTCAGTAA,12,True,1
TCTTATCCTTGAGC,12,True,1
AGAAACGCAGTAAC,12,True,1
TTGCTTTCCAATTA,12,True,1
TTTGTACTTTTCCT,12,True,1
TGGCCGAATAATAT,12,True,1
AAGGCTACTAGTGT,12,True,1
TGAGAGAAGAGATA,12,True,1
CATGAGCTTGATAA,12,True,1
CCCTTGCTAAATCT,12,True,1
ATCGTGTAATGACC,12,True,1
GAGCAGAGTCCTAT,12,True,1
TCAATTGACTTTGA,12,True,1
TTTGAGATCACTCT,12,True,1
CCTATGTAAATAGT,12,True,1
TCACCTAATATTCA,12,True,1
CTTTTTAAATCTCA,12,True,1
CTAGGTTTCCGATC,12,True,1
TAGGGACTGCGCTA,12,True,1
TGTCAAATAAATCG,12,True,1
CATCTAAAGAACGG,12,True,1
GATTCCAATCCTAG,12,True,1
GGATATCGGTTACA,12,True,1
TCAACTTACTGGCA,12,True,1
TATTATCTGGAGAC,12,True,1
TCCGACAGAACAAC,12,True,1
TGTCGGAGCTTGTG,12,True,1
TCCTATCACCACAT,12,True,1
TCCCACGAGTCATT,12,True,1
TTCATGGGCCTGGT,12,True,1
TAACTCAAGTACCT,12,True,1
TCTTCACCCATTGC,12,True,1
ATAACGCGCTGCTT,12,True,1
CTAGACTCATTACA,12,True,1
TTGGACATAGTATG,12,True,1
ACATACGAGGTCCC,12,True,1
CCAACGCCCAATCG,12,True,1
GAGACCTGCGAGAG,12,True,1
GTGCTCTAACATCT,12,True,1
TCAATATCTTTCTT,12,True,1
GGGAATCACCAGTG,12,True,1
TAACTAAGGCTCCT,12,True,1
TACTAAATAACCCG,12,True,1
CGATAACGGAGCAG,12,True,1
GATCCCTTTCCCCC,12,True,1
CATTGCTTTAATGC,12,True,1
AGAAATCCTAGTCC,12,True,1
TCATTCGCGAAAGG,12,True,1
CTAGAACCCGAAAG,12,True,1
TTCATCCCAAGATA,12,True,1
TGAAATCCTATTCA,12,True,1
GACTATCATCCAAT,12,True,1
TTCTTTTATTTTGC,12,True,1
AGATAGCTAATCTA,12,True,1
CCAGCCCCCTACAA,12,True,1
TAGAATAGGGCTCT,12,True,1
CTCTTGGAACGGTT,12,True,1
TTACGTGCCCCAGT,12,True,1
GGATTTCCGTATCC,12,True,1
TGCAAAGCTACCAA,12,True,1
TATCGAGGTTTACC,12,True,1
TATCCACATACAAA,12,True,1
TATCGGGAACTATA,12,True,1
CACAAAATCTTGCA,12,True,1
TTATAATTTTCTGT,12,True,1
CTGGCGCCGATCTG,12,True,1
AGAACTCTTATTCC,12,True,1
TCACGCTGCTCTGC,12,True,1
GCGGCTTTTGAAAA,12,True,1
TTCGACTCTAAAAC,12,True,1
GTCTTAGAGTATTA,12,True,1
CGCTACGGGTCGCA,12,True,1
CCCAGCAGACCTTA,12,True,1
GCACTATCGGCCTC,12,True,1
TAACCACCTTTTGA,12,True,1
CCCGAAAGACGGAC,12,True,1
CACCGTCACCGGCT,12,True,1
ATCCCTTTATGAGT,12,True,1
TAGCTTGGACCGAA,12,True,1
CTTTTTAGGTGCAG,12,True,1
TTTGGTCTTACTCT,12,True,1
GCAATAACTAAAAA,12,True,1
ACCTAAACGGGGAC,12,True,1
GTAACGTAAATTTT,12,True,1
CCTGTATCTACAGG,12,True,1
TCTCTGATTAACCG,12,True,1
AGAAATAATAACTA,12,True,1
ATACCCATGCGTGA,12,True,1
CACTCCTTGAGTGC,12,True,1
TTCTCCATATGGAC,12,True,1
TCCCAGAATAACCT,12,True,1
TTCTCTGTAATTCG,12,True,1
CATGGGACATTAAA,12,True,1
TACTATTAGACCCG,12,True,1
CAGCCCTCATCGAA,12,True,1
CCAGTTAACGAGGG,12,True,1
AGTCACTCAACGAT,12,True,1
AGAAGAAGGAGAAA,12,True,1
GATTCACTGTCAGC,12,True,1
CGGTCAAGAGAAAA,12,True,1
GCGAGATGTATAAC,12,True,1
TACTCAAACTGCTA,12,True,1
TGCAGCTAATCACA,12,True,1
TCGTCTTTAATTGT,12,True,1
TGTCTCCTAGGCAA,12,True,1
TCTGATTTGGGTGG,12,True,1
ATTAACTTGGTTTA,12,True,1
ACCTATCCGAGTTT,12,True,1
TCTATAGGAATAAC,12,True,1
TAATCCAGTTGGTG,12,True,1
TCAAGATAAGTTGT,12,True,1
AAGACTAATGGCAA,12,True,1
TGGTATTAATTTAA,12,True,1
CAACACAAATAATG,12,True,1
CTTCGAAGTACAGC,12,True,1
GAACTGCAGGAACC,12,True,1
TACTCCTGACAAGG,12,True,1
TGATTCCGTTACTG,12,True,1
TCCAGATCTGACGA,12,True,1
TATTCACCTGCATA,12,True,1
TAGACCTACCCGTC,12,True,1
ACTAAACATTGATC,12,True,1
TCACTCAATGGAGT,12,True,1
TGCGGTTTCACGGT,12,True,1
CACATGGTCGATTC,12,True,1
GAGTCTCTGGATCC,12,True,1
AGAAGCACCTAATG,12,True,1
TGCCAATTGGAACA,12,True,1
GTCAGTCTATGGTA,12,True,1
TGATTATGATACCG,12,True,1
TGTCGTTGCCGGAC,12,True,1
TATCACTCATACAT,12,True,1
TTTAAAACTGGAAG,12,True,1
CCTGACAATCGGTG,12,True,1
TGCCTAGATACGGG,12,True,1
GGCGGAGCAAGAGA,12,True,1
CCAACTAAAAATTG,12,True,1
TGTACATTTTTCCG,12,True,1
GTCGTAGTTTTAGT,12,True,1
GTGAACGTCTCACA,12,True,1
AGTTGAGCTTGAGC,12,True,1
TTACCTATATAGCG,12,True,1
CCATCCATAAATGG,12,True,1
TGTCAAGGAAGGAT,12,True,1
GTGGCAGGATGTTC,12,True,1
CTGGATATCTTTAG,12,True,1
ATGTACATAAACGC,12,True,1
CCTGCGAATTTCTA,12,True,1
TCCCCTCTGCCCGT,12,True,1
CATACACCACACTG,12,True,1
CCGAGCCGACTACG,12,True,1
AGAAACCCGATCCC,12,True,1
AAGAGGCACGGCAT,12,True,1
CGCATCAGAAGAAG,12,True,1
TCGGCTTGGTTCAG,12,True,1
CACAACATAGATAA,12,True,1
GATTACGTTGTCAT,12,True,1
TACCTGGACTCAGT,12,True,1
CTAAAACCAATAAA,12,True,1
TGCTTGTCTTTTTA,12,True,1
CCCCCCTGGCTCAT,12,True,1
TGAGTCTCGCCCCC,12,True,1
TTCACACTCTTAAT,12,True,1
GTCGATCACCATCA,12,True,1
TCGTTACAAAGCAT,12,True,1
GGAGTGGTGTATGT,12,True,1
TGATATCCTACCCT,12,True,1
GTAAACAAGTTACT,12,True,1
TAGTTAGGATAACA,12,True,1
TGTTGCTTGCCCCA,12,True,1
TCGGGAGAAAGACA,12,True,1
TGTTTTTCTTCGTA,12,True,1
TCGTAGGGTTTAAA,12,True,1
TGTGAAAAGTTGAG,12,True,1
ATGAAAACTCTCTA,12,True,1
CTTGTAGATTTAGG,12,True,1
TACGTCCTACGATT,12,True,1
ACAATAGCGGCTCT,12,True,1
CATATAATTTCTAA,12,True,1
GCGGCGGTTACTTA,12,True,1
TATGCTCGTCTCAC,12,True,1
TTCGGGCTTAAAGA,12,True,1
AGAGCTCTAAAGCA,12,True,1
TGATGTTACCCCCG,12,True,1
AGAGCAGTGCTAAA,12,True,1
AGAGCAATCATTAA,12,True,1
TCCAATTACTCGGT,12,True,1
ATGCCCGAGACGCG,12,True,1
TCAAAACCATAGGC,12,True,1
TTTTAATTGCATAT,12,True,1
TTCAACACTTTACA,12,True,1
GCCATTATCCTGTT,12,True,1
TAGCCTACGTATTT,12,True,1
AATTACGTTCGTCG,12,True,1
AGCCGTTCCAGACA,12,True,1
CCACTGGATAAATA,12,True,1
CTTATCGCGAACGT,12,True,1
TTCAACTCATTTAA,12,True,1
ATTTCACATTAAAA,12,True,1
TCAACCATATGTAG,12,True,1
GATAGGGATTGCCC,12,True,1
TCATGGAGTATCAC,12,True,1
CACCAAACATAAAG,12,True,1
AGCAAAGCCGTTCA,12,True,1
ACTACCCGGACTAG,12,True,1
GCAGTCCAAGCTTG,12,True,1
GTTAAGCCATACTG,12,True,1
TACTCGGCAACTCC,12,True,1
CGGTCTAAGCAACG,12,True,1
GCCATGGAACATTA,12,True,1
AGACTTGTGAGTTG,12,True,1
AGAGAATACATATG,12,True,1
AATTACTTAAGCAT,12,True,1
AAACGAACAGTGCT,12,True,1
CCCTTAGTGCTTTG,12,True,1
CGACGTTTACGCAG,12,True,1
CAATGCCCTCCCAT,12,True,1
TTAGTCGTAATATT,12,True,1
CTGTTAACTTAGAA,12,True,1
TAGCGCGCATATTG,12,True,1
ATTCAGTTCGTGTG,12,True,1
TACAGAGCAATGTA,12,True,1
ACACTAGGCACCTA,12,True,1
TTAAATTCAACCAG,12,True,1
TTATACTGGGTCAA,12,True,1
TTGCAGGCGAGCGA,12,True,1
GTGCTGCGTCTACC,12,True,1
TACATAGGCGCGAC,12,True,1
AGGCAGCCTTACAT,12,True,1
GTTTAAATTACGAT,12,True,1
CATTGCGGCCGCTC,12,True,1
TAGAAATAACCGAT,12,True,1
CTGCCTTTGTCGTG,12,True,1
CCTCTTAGCTCAAA,12,True,1
TTGATCTAATAACG,12,True,1
TCAGAAGTCACGAA,12,True,1
CCCATGATCGAACG,12,True,1
AGAAATTAGCTTTA,12,True,1
TTACGCAGGTAGGC,12,True,1
CCGCTATCCCGACT,12,True,1
GCAGAGAATGAGAA,12,True,1
TGGACTCTCTATAA,12,True,1
TCTTCCTATCATTT,12,True,1
GAGACTTTTTTCCC,12,True,1
ATATGAAATATCCC,12,True,1
TACTACCGATGAAC,12,True,1
CTGGGTCAACGAAT,12,True,1
CCAACAATTCCTTT,12,True,1
CCCGAATGAGAAAA,12,True,1
TTGTTAGATTTAGA,12,True,1
AGTCAGTTCGTTAC,12,True,1
AAGAGACCTACCTG,12,True,1
TCGACGTAAGTACA,12,True,1
AGCCTTCCTGTTAT,12,True,1
GGAAAGCATCAGTT,12,True,1
ACAGCCTGGTCGAT,12,True,1
CTATCGCACACCAA,12,True,1
TCCAAATGAACTTA,12,True,1
ATCCATCGGTTCTC,12,True,1
ATATCTCGAGCTAG,12,True,1
ACGCGATATCCTTT,12,True,1
TCAGCCCTGCCTAT,12,True,1
TGAATCACACTTAC,12,True,1
CCCTCGCACGAGTA,12,True,1
TTAAAACAAGTAGA,12,True,1
TTATTCGCTCCGGC,11,True,1
GCATAGCTCCTTTA,11,True,1
CAACTTTAGTAATC,11,True,1
CCAAATCCACCAAT,11,True,1
TCAGTCCCAGAGTG,11,True,1
TATACATCCACCAT,11,True,1
TTACAGGAACATAA,11,True,1
CTATGCGATGCCTT,11,True,1
TCCCCTTTCTCACG,11,True,1
TGCCAAGTATACGA,11,True,1
GCTTCATTAAGGGC,11,True,1
CCAAATCACATTAT,11,True,1
CCCCCGTCATGCTA,11,True,1
ATACTGGATAGTCG,11,True,1
GCCACGTCGCTTTT,11,True,1
TTCACCCCAGTCTC,11,True,1
CCCATAATCAACAT,11,True,1
TCTTCTGCTAAGTG,11,True,1
TGATAACTACTATA,11,True,1
CGACTTCGACAGTT,11,True,1
TATCCCATTTACAT,11,True,1
TGGGGCCGTGTCGT,11,True,1
AGGGAACATGTTGA,11,True,1
GCCAGTCAACGCAG,11,True,1
TGCAGACAAGTTTG,11,True,1
GGTCCCCTCGCTTA,11,True,1
TTTCCTAATGTCTT,11,True,1
TATACCCCGCAACA,11,True,1
CTGCTTTGAACCGG,11,True,1
TATTAACACCCTCC,11,True,1
ATATCACCAGTTGC,11,True,1
CCAAAACAGCATAA,11,True,1
TAATAAGTGTGATG,11,True,1
AATTATCAAAGCCA,11,True,1
TGCGTCCTGCAATT,11,True,1
CAGACGGGTAGGCG,11,True,1
CCCATTGGTGACTT,11,True,1
TCTATATTCCCCCT,11,True,1
CATAGTAAAATTTA,11,True,1
GTCTCTAAATTGGA,11,True,1
GTAGGCGATGATCG,11,True,1
TCCTATATCCTACT,11,True,1
AAGTTTCGGTGAAC,11,True,1
TGTCATCCACTTAC,11,True,1
CCCAAAGTCCGCGG,11,True,1
CACTCCCGTATCAT,11,True,1
AGCAAGGACATAGA,11,True,1
TTATAATGAGATTC,11,True,1
TCAATATTTATTCC,11,True,1
TATTTAAGAAATGC,11,True,1
ATAGGTACCCAATT,11,True,1
TGACTCATACTTTA,11,True,1
TGTCATGACAATTT,11,True,1
TCCTTAAACCCGCC,11,True,1
TAAACAACACTTGC,11,True,1
AGGTCAGTAAGTGG,11,True,1
TTTCGCCTTCTTCG,11,True,1
TTAGTTAGATATAA,11,True,1
TTCAGCGAGCATAT,11,True,1
CCAAAGAGCAGAGC,11,True,1
TTCATGACTCCCGT,11,True,1
TACAGTATACACCT,11,True,1
GCGGAAGAAAAAGG,11,True,1
AGAGGAGGACTGGA,11,True,1
TCCCTGCACCGTTC,11,True,1
TATACATTCGCGCT,11,True,1
CCAGTTGCACTCCC,11,True,1
CAAGTATGTCGCAC,11,True,1
ACCTGCGAGGGCTG,11,True,1
TTAAAATGGTCACG,11,True,1
TCTGGAGCCATACC,11,True,1
AACTTTGCAGAGTC,11,True,1
AGGTATGAATTATT,11,True,1
ATAGTTACAAGACA,11,True,1
AAGGAGAAGAATGG,11,True,1
TACCCCATGTAAGT,11,True,1
TAGGCTGTTTGATG,11,True,1
TTATTATCCTTGAG,11,True,1
CACCAGTTTTCCTA,11,True,1
TAGTATACCGGGGA,11,True,1
CTTTAATTGATCCA,11,True,1
AGCATGTACGCCCG,11,True,1
GTCCTCAACAGTTT,11,True,1
GCTCCATTTTTGGA,11,True,1
TTGTGTATGCTGGT,11,True,1
TCATGGGGCGTTAC,11,True,1
CGCGTCCTCACTTT,11,True,1
TGACCCATATTCGG,11,True,1
TCACGACTGAACAA,11,True,1
TTGTTAGCGAGTGC,11,True,1
GGTAAGACTATTAG,11,True,1
GTCTCACCCTTCAC,11,True,1
CTCAGATATGTACG,11,True,1
CCCCAATCACTGAC,11,True,1
CATTACTGTTTGGT,11,True,1
GCCATAGTCTCTAC,11,True,1
CAGTGAGATAGAAC,11,True,1
CTGGTATTTCTGGG,11,True,1
CATAAGACGATATA,11,True,1
TGAACCTTTGGCCA,11,True,1
CCGGTATTCCAAGG,11,True,1
TAACGACCTAAAAA,11,True,1
TGCATACTACAAAA,11,True,1
GTACACCTGGAGGG,11,True,1
ATAAACAGAACTAA,11,True,1
CCCATCCTGCACTA,11,True,1
TGGATGATAGCGAC,11,True,1
TCATCTCAAAACCA,11,True,1
TGCGCCTACCGCGT,11,True,1
CATTGCCGTTTAGC,11,True,1
TGGAGTCTTGTATG,11,True,1
GGAAAGTCCAGTTA,11,True,1
ATATTATTGATCAC,11,True,1
ATGAGTAATCGAAT,11,True,1
TCCCTTTCTCGCCA,11,True,1
TTGACATTTAGATC,11,True,1
TGAGAAAAGTGAGT,11,True,1
TTGCCTAACCTAAG,11,True,1
GGTAGGTGAAATAA,11,True,1
TTTTACTGTCACTT,11,True,1
ACCGTTCCAGATAC,11,True,1
GAAGGCTGCTTACG,11,True,1
GCATTGTCCCCTGC,11,True,1
GCGAGGTGGTCAAT,11,True,1
ACCTTGGCTACTCA,11,True,1
TTGATCCTTTGTAA,11,True,1
CACTTCATGAGATG,11,True,1
GTAGAATTTTGAAC,11,True,1
GAAAGAAAGATAGG,11,True,1
GCCTGTCAGCGCAG,11,True,1
GTCATGATAGTTGA,11,True,1
GTGGCGAATTCGGA,11,True,1
GGAAATCCGTGCCG,11,True,1
TGACTTACAATGAG,11,True,1
ATACACGCTTAGAC,11,True,1
CTCTTCTATGAGTC,11,True,1
TTAGATCTTTAATC,11,True,1
TCTGGGACCGCTTC,11,True,1
CGGTGCCAGCCTGC,11,True,1
CAAGGTACCACTCT,11,True,1
CGGGCGGCATAAAA,11,True,1
GCATACGCAAGGTA,11,True,1
TTACATAAAACAAA,11,True,1
GGGAGTGTCTCATT,11,True,1
CATACTTCCTATAG,11,True,1
GTCCCACTTAAAAA,11,True,1
TAAAATTGAATGCG,11,True,1
CCATACTTAAAATA,11,True,1
CTATTTGAAAAGTT,11,True,1
GCACCATTATAGGT,11,True,1
TACACGTCGCAGGA,11,True,1
TGCGATTGAAATAG,11,True,1
GAAATTACGGCGGA,11,True,1
TAGGCATTTTCCAC,11,True,1
TAAAGACAAGACGG,11,True,1
AACAAAGTGCTTAA,11,True,1
AACGACTCGGCCCA,11,True,1
TTACCAACTTTAAG,11,True,1
TTGCCCCAACCATC,11,True,1
ATAAATCCAGTATC,11,True,1
GGGAGTTCGCCATC,11,True,1
TACCTGTCGCCGCG,11,True,1
CACCGTTAAGGATC,11,True,1
TTAAATCCACTACA,11,True,1
TACTTCACTTGGGT,11,True,1
TACGAGTACCTATA,11,True,1
TCATAGGTATATTC,11,True,1
TAAGACCATAATGA,11,True,1
GTACTCACTTCACA,11,True,1
CCTATCTGTGCCTA,11,True,1
TATCATTACTGTAT,11,True,1
TCTCATCGCGAAAT,11,True,1
GTGAGTGACGGTGA,11,True,1
TCCCTGATACACAC,11,True,1
TTATCTGATGAAAG,11,True,1
TTAGTAGGAGGTTT,11,True,1
CAACAGAAGAATTA,11,True,1
TAGACAAGCGAGGG,11,True,1
TAAAGGAAAAAGGG,11,True,1
ACACGCATAAGCCC,11,True,1
CTATTATGAATAGA,11,True,1
CCCGGAACAACGGC,11,True,1
CTTCTAGGGGAGGC,11,True,1
AGCAAACCGAGATG,11,True,1
CCAACCAGAACCGG,11,True,1
CTGCGGGTTACGAC,11,True,1
TTCCATTCGACACC,11,True,1
TACGAGCGAAAAAA,11,True,1
CCGACCCCGCCCGA,11,True,1
AAAACCATTATCAC,11,True,1
TTTGTATTTTAGGT,11,True,1
CTGGTGAACTTAAC,11,True,1
TCCGCGCGCTGTTA,11,True,1
TTCTCCTTACGATC,11,True,1
TATTAAGTTAACGG,11,True,1
ACAACAATACAACG,11,True,1
CGCACGCATTATAA,11,True,1
TCTAAAGGTCGGCA,11,True,1
AACATATTGCAAAA,11,True,1
AATTCACCTTTAAA,11,True,1
GACAAGTGGTAAGA,11,True,1
ATCACAAGGTGGCT,11,True,1
ACAGAGAGTTCTTT,11,True,1
GCTGATGCCGCCCC,11,True,1
CGCAGTTAGAACAG,11,True,1
AGATTACCTACTCG,11,True,1
GAAGCAATACCTGA,11,True,1
CCCATCGGCCTAAT,11,True,1
GCTCCTCGCGAATG,11,True,1
AGGCGTGAACTCTG,11,True,1
CCATGCCTCCCAAG,11,True,1
TCAGGATAAATCGC,11,True,1
TACGCATATTGTAT,11,True,1
AGATGCAAGTCAGC,11,True,1
TCTCAAGGACATAT,11,True,1
AATGAGAAACCGAA,11,True,1
GTGCTTAAAGGTAG,11,True,1
TAACAGCCTAAAAC,11,True,1
ATACTCCCTGGAGT,11,True,1
GCTGAAATGGCCAA,11,True,1
CAAGACCCAATAAC,11,True,1
CACCATCATTAAGA,11,True,1
TATGAGCGGATTAC,11,True,1
CCCGTATTCCCATT,11,True,1
TGATGCACTACTTT,11,True,1
ACCCTATTCACAGA,11,True,1
CTTGAACTCTGTAT,11,True,1
GCCCCTCTACCTCT,11,True,1
ATACCTCACCCTTT,11,True,1
TCCGGTTTATCATT,11,True,1
CCAACAACTGCACT,11,True,1
CACACGCATACACC,11,True,1
TTACAAAAGGATCC,11,True,1
GACCCGAGCATCCG,11,True,1
CTCTCCCACTTCGA,11,True,1
AGGTGCGTAACATG,11,True,1
CGGACTCGTTGAAT,11,True,1
CCATCCCCACCGCG,11,True,1
AAGATTAAGTGCCT,11,True,1
AACTCCCTCTTCAC,11,True,1
CAGACCAATGCCTT,11,True,1
TTTTAGCAACTTGC,11,True,1
CAATAGTGTGTCAC,11,True,1
TACACTGAGTCGCT,11,True,1
CAACACGAGTACGT,11,True,1
ACGGCCTTGGAACT,11,True,1
GTTTCCGCATTTCC,11,True,1
CTAACACATCATAC,11,True,1
TTATTCCTCAAATG,11,True,1
GGACCTTTAGCGAC,11,True,1
ACACTCACAACACC,11,True,1
AATAAGGAAAAACA,11,True,1
GAACACATCTACCG,11,True,1
TTGATTAGAGATCT,11,True,1
AACCTGCCAGAAAA,11,True,1
TATCCTGAGATCAG,11,True,1
ATATCGACAGTTTT,11,True,1
ACGGCAAGCATAGA,11,True,1
AGAAAAAAAAATCG,11,True,1
CTCCACCGGCCAAT,11,True,1
TATAAGAGCCTACA,11,True,1
CCCCTGGTGCATAT,11,True,1
TTCTCTTTACTATA,11,True,1
GCACCCGATAGAAA,11,True,1
AAAGACAGGGGTTG,11,True,1
TTTTTGCTCGCCTG,11,True,1
TCCGTGATCCTTCC,11,True,1
TGTATGTCAAATAT,11,True,1
TTGGGATAAGCCTC,11,True,1
GTGAAAAAGCTCGT,11,True,1
TCATCAGGTTCCTC,11,True,1
TTGCTAGGCATCAA,11,True,1
ATGTCGCTACAACA,11,True,1
AATCTCTAACTGCT,11,True,1
TACACCGATTCTCT,11,True,1
TTTCCACTACGTAA,11,True,1
GTACGGATAAGGTT,11,True,1
TCAGCTGCCGGTAG,11,True,1
GGAAGGATGTTTGG,11,True,1
CTCTAACGCGGTTA,11,True,1
CTACAGCGAGGCCC,11,True,1
TGTAAGAGCGGTAA,11,True,1
CAACATCCGAAACG,11,True,1
CAAGAAATGAAATT,11,True,1
TTAACATGTGCTGG,11,True,1
TTATTCAGCAGTCA,11,True,1
ACCACACCCCGTAA,11,True,1
TAACATTGGATAGA,11,True,1
ACCCAATAACAGGG,11,True,1
GAGTCTGTGGGTAA,11,True,1
CCATTTCGCAGCCT,11,True,1
AACGCGTATATTAG,11,True,1
CGACCCCCCCGTTC,11,True,1
CTTGAACCGATACA,11,True,1
TTCACACTCAAAAA,11,True,1
ATACATTTATACGT,11,True,1
CACCGTGTGTTTCA,11,True,1
TCGGTCATATTGGA,11,True,1
TCTGTTACGTTAGC,11,True,1
CTAGGCCTCGCTAG,11,True,1
AGAGTCACAAAAAC,11,True,1
GACTTGCCCAGATC,11,True,1
CAAGTCGTCAATTA,11,True,1
TAGAATGAGATTCG,11,True,1
TGAGGGTTTTGTTT,11,True,1
AGATCCTCAATTAA,11,True,1
GCGCTCTACGTTAG,11,True,1
TTTCTCAGATTATT,11,True,1
AGCACCCATAAAGT,11,True,1
ACAGCCACGGAAGT,11,True,1
ACAGATCCCTAAGG,11,True,1
CCCTTGTCCAATGA,11,True,1
CTGCCGTGCCCTTA,11,True,1
TACGTGCAGTATTG,11,True,1
CACTTGGTTTACAA,11,True,1
TAGCTCCTTGGCAA,11,True,1
GTAGTCGTTACTAA,11,True,1
ATACAAGATTTCAG,11,True,1
GTAGCTAATACTAT,11,True,1
GTCTAACTTGGCGG,11,True,1
GCATTTTAGTGGAG,11,True,1
ATACCAGAGATAGC,11,True,1
CTGCAGGTGAGCCA,11,True,1
TTATTTCAACGCAA,11,True,1
CTCCACAGACCTTA,11,True,1
CACCCCAATCAAAT,11,True,1
GGGCAAATACCTAA,11,True,1
ATACTATAACTCCA,11,True,1
ACAGTACCAACAAA,11,True,1
ATAGCAGGGCTCCG,11,True,1
CACAAGTCTTAAAC,11,True,1
ATTATGAAATACCG,11,True,1
GAGACCAGAGGCAT,11,True,1
CACCCCCCGTACCG,11,True,1
CACCTTGCCCCTCG,11,True,1
CTCGTCCAGTATTG,11,True,1
GAATAACTCAATAG,11,True,1
AGCAACAGACAAAT,11,True,1
GATCATAAGGTCCA,11,True,1
TCTAGAACTTCACG,11,True,1
AGGATGTCCTGCCT,11,True,1
ACGGCAAAGGGCGA,11,True,1
TCTTTGTATAAAAT,11,True,1
ATTGTCCCTCCTAC,11,True,1
TCCAGTGGCAATGA,11,True,1
GTCTTTTAGAACAT,11,True,1
CAGGTACTAAACAA,11,True,1
TTTGTAATCTGATC,11,True,1
CGGCCATTTGATAC,11,True,1
TTCCTAACAGAGTA,11,True,1
TCAGTTCCCCCCCC,11,True,1
TTGAGCCTCTAAGA,11,True,1
TAGTATACCCTTGG,11,True,1
GTTACGCATATCAC,11,True,1
TCCCCCGCGACTCG,11,True,1
ATACCCTTACTCCG,11,True,1
CTCAACCAAGACAT,11,True,1
TGAAATATGAGTGA,11,True,1
CCATAGATGCACCA,11,True,1
TTATAAGAAATGAC,11,True,1
TATATAGCAACTTA,11,True,1
ATACTTAATATCCA,11,True,1
GACACCTTCTACTT,11,True,1
TGAGACCGAACAGA,11,True,1
ATAGAACATTGATA,11,True,1
GCCATCTTCTAACC,11,True,1
AACGGCTACATAAT,11,True,1
TTCTACTAGTACTT,11,True,1
TTGTACCGCCTGAA,11,True,1
TACGTTCTGCGACT,11,True,1
TCAAACTTAGCCAG,11,True,1
AATAATACTGGTGC,11,True,1
GAATCATCCCACGT,11,True,1
GCCCTCGTCAAATC,11,True,1
GACCTTGCTCGTCA,11,True,1
TAGACTTCATCATT,11,True,1
CTCTCCGTCACTCT,11,True,1
CGGGAGTCCGTTGT,11,True,1
GATATAAGGGTCAC,11,True,1
AGTTTTCAATATAC,11,True,1
TTTAAAAATGCGTT,11,True,1
TACAGGTATCGATG,11,True,1
GTAATAAATGGGTC,11,True,1
TTGACGACATTTAA,11,True,1
CACATTCGATACGT,11,True,1
GAAAAGGAACGATA,11,True,1
GTCCTAACCCCAAC,11,True,1
AGCGCCCGTACACG,11,True,1
GCACATATTTGGTG,11,True,1
TACTCTTGTGTATT,11,True,1
TGCCCGCATTTTAT,11,True,1
GTTCCACGTCATCC,11,True,1
TCCCCATCGGCCCA,11,True,1
CTCCCTACAAGTTC,11,True,1
CCCTGAGTCCTACC,11,True,1
TGGAATGTAAACCA,11,True,1
AGAACTTCCCAGAT,11,True,1
ATCGTTTTTTCAAA,11,True,1
TGCCCGTGATCAAC,11,True,1
TACACGTGAGTGGC,11,True,1
GCTACAAACGGCTC,11,True,1
AGACGCCTAGAGTC,11,True,1
GACGCGTCTACGGA,11,True,1
GTCGAAATCTAAAT,11,True,1
GTACGCCGCAATGG,11,True,1
TGGGAAAGCAATTA,11,True,1
GGCCGCTTTTAGGC,11,True,1
AGTGAGTGTGAACC,11,True,1
TCTCGCCCTGTATT,11,True,1
TAGTACACCGTTGT,11,True,1
GCAGGTCCCATTCC,11,True,1
TGTTGAAGCACCCG,11,True,1
TGCACTTTATTAAG,11,True,1
CGGACTTCTGTATG,11,True,1
CTTGCCCCCCCCCA,11,True,1
TCCGACCAACAACC,11,True,1
CCCTCACTTTAAAG,11,True,1
GGAATTCGGACAAC,11,True,1
CGATACTAACCAAT,11,True,1
GCCACCCCACCTGC,11,True,1
CATTCGGTTCCTTA,11,True,1
ATACATGCCACGTG,11,True,1
GATTCAAGATCGAC,11,True,1
ATACGTTACGGATC,11,True,1
GTCCTCAAAATCCC,11,True,1
GTCCGTTGGTGACA,11,True,1
GCCACAATCAGTTT,11,True,1
CCCCCTCGCGCTCC,11,True,1
CTTCTTGCCTTGCT,11,True,1
AAGAGCTCGTGTTG,11,True,1
TCTAAGAAATACTA,11,True,1
GGAGCATTGATTAC,11,True,1
ATGGACTTGCGCAG,11,True,1
ACCAACCGACGATT,11,True,1
TTGCGCGCAAGAAT,11,True,1
AGCCTATATTGTAC,11,True,1
ATAGCGTCTACTCC,11,True,1
CACAAGTCGCATTT,11,True,1
CGTCCTGCTACCAA,11,True,1
CCGCCGCTTGCGAT,11,True,1
AGACATATATTAAC,11,True,1
CATAGCATCAGAAA,11,True,1
GTAGTAATGAGGGG,11,True,1
TCCATCCTACCGTT,11,True,1
TGGCCCTAACTAAT,11,True,1
TATAACCAAAATCC,11,True,1
GTTAACAATGCAAG,11,True,1
TCCGGAGATGAGAC,11,True,1
GGACAATTTTTCAA,11,True,1
AAGCCGCCCCCTTC,11,True,1
TCCAGCAGCGTGGT,11,True,1
TTCTTAAACATGAC,11,True,1
GCAAGTGTCCTGTT,11,True,1
TACCTGTTCGTACC,11,True,1
TGGTGCACCCACCA,11,True,1
GTACGGCCGCTCAT,11,True,1
GACCATAAGATAAA,11,True,1
GTGGCTAACTGGTG,11,True,1
TAAAGCAACGAAAT,11,True,1
AAACTCCCCGACTA,11,True,1
GATCCTAAGTCATT,11,True,1
TGGGACTATATTCC,11,True,1
TTCTCCTCCCCTTC,11,True,1
CCAGCGAAATCCGC,11,True,1
TTTAAGCGGTTTAG,11,True,1
TAAAGTCATAACGG,11,True,1
CGATCCTGTTCTGG,11,True,1
GGCGTACTGGCAAA,11,True,1
GAGTTTCTCTTTGA,11,True,1
GTGAACCATTCGGT,11,True,1
AGCGCTTGTGCTTG,11,True,1
TGTCACATGTGCAA,11,True,1
TACACTACCGCGCC,11,True,1
CGTGCGACACCGAA,11,True,1
GATCCACCGACCGC,11,True,1
TCGCCCCGTTGAGA,11,True,1
GGAGGCTAATAGCC,11,True,1
TGACTGACTGCCCG,11,True,1
AAAAGCATGAGGTC,11,True,1
GCGTACAACTAGAT,11,True,1
TATATATAGGTCAC,11,True,1
CTCTTATTTTTAAG,11,True,1
AAGACACCCTATTC,11,True,1
TTAAACAGCTACAG,11,True,1
AGGAAGGTCACCCA,11,True,1
ACATATACACTTTG,11,True,1
CCACATAAGGGACA,11,True,1
CCAAAACGTTTACC,11,True,1
AGGAACGTGCTCAT,11,True,1
TAATGATGACCCAA,11,True,1
CTATCTTGAAACTA,11,True,1
CGATCGGGCTCAGC,11,True,1
TCTCTGACCATTCA,11,True,1
AAACTAGTTCTGCT,11,True,1
TATCTGCCATTTCT,11,True,1
GTCAGCCCGCCATG,11,True,1
CTCAAATATAGAAA,11,True,1
GCCATAGCGTTAGT,11,True,1
AAAAGGTACATCAC,11,True,1
TACTATCCATTCGT,11,True,1
AACAATCATTTCAG,11,True,1
TCTACGACCTCTAA,11,True,1
ATGTGTAGCGATTG,11,True,1
TATTACTCATTGCT,11,True,1
TGATATCCCGCGTA,11,True,1
AGTAACGTAAGAAC,11,True,1
TGTTTACTCAAAGT,11,True,1
TTAAAGATGAATTA,11,True,1
TTGAAATTAGGCTT,11,True,1
AGCCCATTATATAT,11,True,1
GTAATAACATTAAT,11,True,1
CGGACAAAGTAATC,11,True,1
ATACGTTAACTATC,11,True,1
ATAGTCTATGGCGT,11,True,1
TGGACTTAGCGTTA,11,True,1
TTCCGCAATGAACA,11,True,1
GCTTCTTCGTCCTG,11,True,1
TAAAACAATGCAAA,11,True,1
TGCCTGGGGGTGCC,11,True,1
TACGGACAACCCCT,11,True,1
TTTCTGATATTAAA,11,True,1
CGGTAAATCGACAA,11,True,1
AGCCGAATTGCCCC,11,True,1
TGCCCCTCCGGCTT,11,True,1
GAATAAGAATTTGG,11,True,1
TGTATGCAGCGTAC,11,True,1
CAACAGTTTTCCAG,11,True,1
TGAGCAAATCCGCT,11,True,1
TTGAGCCCTGCACG,11,True,1
CATAGTAGCCGCCC,11,True,1
CTCCTACCGATGAT,11,True,1
CGTGACATTGGCTG,11,True,1
TTCATGTGAAAACT,11,True,1
TAAAAACCCTCAAT,11,True,1
CAACTCGACGAGGG,11,True,1
GTACGAAGGGTGAA,11,True,1
GCATCTTGCGGGCG,11,True,1
TAGCTTCTTTGGTA,11,True,1
GATCCAAAAGTTTA,11,True,1
GTTCAATTCTGATC,11,True,1
ATTCCGAGATGCTA,11,True,1
AATGTATTTATCAT,11,True,1
ATGAGCATGCCACC,11,True,1
ACACATCTATGATC,11,True,1
GAGAACAGTCCCGT,11,True,1
TCTAGTATCTGCCA,11,True,1
CTATCTCTACTGCA,11,True,1
TGAACATGAGTGCG,11,True,1
TAATGAGCCCATCC,11,True,1
ACACCCGGGCGATT,11,True,1
TTAGCGTGGTTCCG,11,True,1
AAAAACTCCGACGC,11,True,1
GGCAAGTAAAATGC,11,True,1
TCCGAGCTGGACTA,11,True,1
ACCTTTCTTCAATG,11,True,1
TTAACGTTTTCTGG,11,True,1
CCTGTCTAAGGACC,11,True,1
CATTGTCAATGTAA,11,True,1
GGTATTCTCATTCC,11,True,1
TCATCATATATTAT,11,True,1
GACGGTTAAGCAGC,11,True,1
CAAACATGCAAGGG,11,True,1
TAACCCACTGAGAC,11,True,1
TCAATCTAAGCAAT,11,True,1
CGAATAAAAGGGAC,11,True,1
TATTTAGCGTGTAA,11,True,1
AGCGAGGTTCAGTC,11,True,1
GGGGTATGTGATTG,11,True,1
TCAGCTTGCTAATA,11,True,1
TAATCATAGACTGA,11,True,1
ATATACGTCTTAGT,11,True,1
TTCCAATCCACATT,11,True,1
ACTAATGCAACCCG,11,True,1
GAGTTTATTCTAAA,11,True,1
CCTCCGTCCTTCGG,11,True,1
GCTGCGGCCTCCAT,11,True,1
TGGTGGAACCGTAA,11,True,1
TCTGTCTATGGACC,11,True,1
CCTCCACCAATACT,11,True,1
TCATTATCCAGGGT,11,True,1
TGGAAAAAACTTTC,11,True,1
TAATCAAAAACACC,11,True,1
TAACCCAACTTCCA,11,True,1
CAACTTCTTGTCCA,11,True,1
CCCCGGCATTTGGG,11,True,1
TTGGAGTATAGGTA,11,True,1
GCACATTCCAATAA,11,True,1
GTCACAGGATGGAA,11,True,1
ACAAATCCCCAGGG,11,True,1
ATCCATGAGCCATG,11,True,1
TGTTGTAAATTCAT,11,True,1
GCACGGACCCTCGG,11,True,1
CATTCTCCCAAGTG,11,True,1
GATCCATTGCAAGT,11,True,1
TGAGACTATGTGGG,11,True,1
GTTGACACTAAACG,11,True,1
ATACCGCTCGCTGG,11,True,1
CAATCCAATTACTT,11,True,1
CTTAGTGCAGAGGC,11,True,1
CCCTCACTTGTGTC,11,True,1
CGTCCTACAGATTA,11,True,1
TTTCAACTTAACGT,11,True,1
TATTTGAATGCCAA,11,True,1
CCGAGGAAAAGGCG,11,True,1
TAGCCTAACTGGAG,11,True,1
ATCTTATACGACAG,11,True,1
ACAAACCTGGTAGC,11,True,1
TGGCTATCTCGATT,11,True,1
CATTGGAGTGTATT,11,True,1
TCCTTTGTCCGGCA,11,True,1
CGAAAAAAAATAAC,11,True,1
TCATTTAAGCAATT,11,True,1
CCCCTTCGACTAAC,11,True,1
AACGAATAAATCGT,11,True,1
TGTTAATCTTCACG,11,True,1
TACTGCTTGTGAGA,11,True,1
ACTTCAGTTAATTT,11,True,1
TAGAGTGTGTAGAG,11,True,1
ACACACTTCGTTCA,11,True,1
CAACCCCGCGTACT,11,True,1
CCATGTTTGGCGAA,11,True,1
ACAAAGACCATACA,11,True,1
TCGCTATACTTCTT,11,True,1
CCTTAACTTGCAAA,11,True,1
TTAGTTGCAGACAA,11,True,1
CCTGGATTAAATTT,11,True,1
TCCTTAATTTAGCG,11,True,1
TCTCGGAAGACAGA,11,True,1
GCCACTGCTGATAA,11,True,1
TGATCAAACTAACA,11,True,1
TATGTAATGGTTCC,11,True,1
TTCTGCAGCCCGCT,11,True,1
AAAAAACCCAAACC,11,True,1
TCATTATTAATCTG,11,True,1
TTCAGTATGGGCTT,11,True,1
GAGACCCTAGACGG,11,True,1
TGGCTACCCAGTCT,11,True,1
GTAGCGCCTTGACG,11,True,1
TATGGATAAACAAA,11,True,1
AACATTGGTCGAAA,11,True,1
ACTGCGTCCACGAA,11,True,1
TTCAGGCAAGCCAC,11,True,1
TCTGAACGACGGAG,11,True,1
GGAATAAAAACTTA,11,True,1
TAACTACGCGTCTT,11,True,1
TTAAATGTGTCCAT,11,True,1
CACACCGCCATTCG,11,True,1
TTCCTAAAAGCTGC,11,True,1
CTCCGAATTGTTAT,11,True,1
TTAACCCATCAAAA,11,True,1
TAAAGCAGGTGTAC,11,True,1
GACCTTACGTGGCT,11,True,1
GATCTAGATAAAAT,11,True,1
CACACATATATGAA,11,True,1
CCAATTAAGTTGGG,11,True,1
ACATCAATTGTGCT,11,True,1
GGGTAAACATTGCC,11,True,1
GACTTGTTCAGTTG,11,True,1
TAGTTAGCACGCAC,11,True,1
TACGGATACACACT,11,True,1
TATGGCAAAGATAG,11,True,1
TCTAAGGCCGCTCA,11,True,1
GGACATACAAGGTA,11,True,1
ATTGCTTCAAAAAT,11,True,1
CCCCTGGTAAGCGA,11,True,1
TTCAGTTATGCTAA,11,True,1
AACAGCGAGACGAT,11,True,1
GCATTTCACGAGGA,11,True,1
AAAGTTGAATAGTT,11,True,1
TTACCACTCTCCTT,11,True,1
GTCTATTGGCGGCA,11,True,1
CCATTTATAAACGA,11,True,1
CCACATACCACCCG,11,True,1
ACTAAGGGCCTCTT,11,True,1
TTACGGCTTCCCCC,11,True,1
ATCAATTAGAATTT,11,True,1
CACACCCCCTGATA,11,True,1
ATAAACAATGCAGC,11,True,1
TGGCTTATTACCAC,11,True,1
ACATATAAGATGCT,11,True,1
CCTTCGGCAGTGGG,11,True,1
TGTTATTAACAGGC,11,True,1
TCAAACGGAACAAT,11,True,1
TCCAAGATTAGGAT,11,True,1
CACCGCCGTGGAGC,11,True,1
TAATATAAATAGCT,11,True,1
TAGTCACCATACTC,11,True,1
TAGTACATCTGCCA,11,True,1
ATACCAAATTAGTG,11,True,1
CCACTAAAATCTAA,11,True,1
CCGCCTCCATGTGA,11,True,1
TAGCTAGCGAAATT,11,True,1
TAGCCAAATTTGCA,11,True,1
GTGACAACACGGTG,11,True,1
TGGTCAATCGGAAA,11,True,1
GACACCGAACACTG,11,True,1
GAGCCCTGGAATAG,11,True,1
GTGTGGGGTTGATG,11,True,1
GCCTGGGGTATTCC,11,True,1
TAGAGAGAGGCAGG,11,True,1
GACCTCTTCCCTCG,11,True,1
AGCGGATTTGTTAA,11,True,1
GTACAGACCTTGCG,11,True,1
AATATGACGGTACG,11,True,1
ATACACACCTATTT,11,True,1
TTCTGATGTTTTGG,11,True,1
TAAGCACCATACAC,11,True,1
TATCTCAATGTTTA,11,True,1
AGGAAGAAAACGGT,11,True,1
ATCCTTATCTGACT,11,True,1
AGGATGGTAGCTTA,11,True,1
ATTGGCTTCGTTAA,11,True,1
GGTCAAGCTGGACT,11,True,1
CCATGTTCGCTCCA,11,True,1
TGGCACGATGAATG,11,True,1
CTAGTACAGGAGGA,11,True,1
GTTCCCCCCGCTCT,11,True,1
GATTAGTATTTATC,11,True,1
GTGAGAAACATCGT,11,True,1
TATTAATTAACTAC,11,True,1
TACTTAGTGAAACC,11,True,1
CCACTAGCCCCACG,11,True,1
GTAATTAATCCGCA,11,True,1
CTGAATACCACTGC,11,True,1
CGGAACAAGCATAT,11,True,1
CTTGGCCTTCGCAG,11,True,1
GTCTCTTTGGTATG,11,True,1
CAGGCCATATAAGC,11,True,1
CTCGGTTAGGGGCC,11,True,1
CATACGATGCACTG,11,True,1
TCGGTAACTCGACT,11,True,1
CTATGAGTAATGAA,11,True,1
TTAGTGAAATAACT,11,True,1
CCACACCCTACAAC,11,True,1
TAGTACAGAGGGAT,11,True,1
TATCGCTTTCCTCT,11,True,1
GACAAGTCGCTCTT,11,True,1
TCAAGCACTTGGCC,11,True,1
TTACAGGAAAATAA,11,True,1
CTACACCTTTACGA,11,True,1
CGCATCGCGTCTAT,11,True,1
GGTTCGAACTCACG,11,True,1
TGCAATTCTATACC,11,True,1
ACGTTCGCCTTCAT,11,True,1
ACTGCTCGTCTCCT,11,True,1
GTCTCCACACTATA,11,True,1
GTATTACAATCTTG,11,True,1
CTTCCGATCCTGCT,11,True,1
TGAACCTAGTACAA,11,True,1
TTTCCGTTGATCCA,11,True,1
ATGGTGGCTGTGAA,11,True,1
CATCCTTGAGACTG,11,True,1
TAAGTAAAAGCTGA,11,True,1
TCTCTTCCCGTACC,11,True,1
TATAAGCTAAACCG,11,True,1
ATCCAGCTCTTAGT,11,True,1
CAAAAACATATTGA,11,True,1
CTGCCAGTTTTCCA,11,True,1
TGACTAAATTGAGG,11,True,1
CCTACATTGCTGAG,11,True,1
TGAGAAATGATGCA,11,True,1
TAGCATCCCCGATT,11,True,1
TGTTAACTTTAGCA,11,True,1
GATTAAACTGCACG,11,True,1
ATGACATCGATGCT,11,True,1
TATCTTAATATAGC,11,True,1
TATTGGATACAAAC,11,True,1
GGTCACACCCATTC,11,True,1
TCGATACTGCATCG,11,True,1
TCAGAACATGACGA,11,True,1
ATCGAGCTTACACA,11,True,1
GAATCCATCGAACA,11,True,1
AACGTACAAGCCAA,11,True,1
CATCCAACGAATAA,11,True,1
TGCTACTCGTCCCG,11,True,1
CCATATTTCGAACA,11,True,1
TATCGAGGTGGATC,11,True,1
TATTTCACTATCAC,11,True,1
CCAAACCAAAACAC,11,True,1
AGCGCTCTCCACCC,11,True,1
TGTAAGACAAAACG,11,True,1
ACAAGCTTCGAATA,11,True,1
CTCTCCCTGTACGT,11,True,1
AGACGCGCGTCGGT,11,True,1
GTCGAGTGCGCCAG,11,True,1
CCAAAGACGAGTGA,11,True,1
CAGGCAACTGTATG,11,True,1
TACATCGTCAATTC,11,True,1
GTGCCGGCGTCTCC,11,True,1
CAATGTTTAAATGT,11,True,1
ACAAGGTGAGCAGG,11,True,1
CAGATTCCATCCTC,11,True,1
TACACATCGCCGCC,11,True,1
GTTCTCACGAAGGC,11,True,1
TCTTCAGGTTGTGG,11,True,1
AATTAGATTGAGGT,11,True,1
CGACTATATAGCAA,11,True,1
GACATGGGATGGCT,11,True,1
TCATCAACATGCAA,11,True,1
TCCGCCAAGCCCCC,11,True,1
CCCCTCCGTATAAC,11,True,1
TATCCCCCTCCTCC,11,True,1
TGCTAAACGTCATT,11,True,1
CCCTATATGCATAG,11,True,1
ACGGTTAACCTCCC,11,True,1
TGGGCATCTCGCAC,11,True,1
CAGATTTAACGATA,11,True,1
CTGTACTCAGAGAG,11,True,1
CCTGTTTTATTACA,11,True,1
AAAGAGGAAATAAT,11,True,1
AAATTAGCCATCGG,11,True,1
TTGCTAAAATACAG,11,True,1
CTCAAATGTTGCTA,11,True,1
CTCCTATCGTCATT,11,True,1
CCGCCACGTTTAGG,11,True,1
TACAATTCCTCCCA,11,True,1
ATTGACAATATGTA,11,True,1
AGGAGCAAATTGCA,11,True,1
TCAAGGCCCGCGAT,11,True,1
TCGGTCAAAACACT,11,True,1
TGTCACCCACAGAA,11,True,1
GTATCCGCTCAGCT,11,True,1
TAAATATCTCTTGC,11,True,1
TCTACGCAGGAAAA,11,True,1
TGATTACCGGGGTA,11,True,1
CCATGTAATCTGAG,11,True,1
CCTCCACCAGTATC,11,True,1
TTAGCTTATACATT,11,True,1
CCCAAAAAACGTCC,11,True,1
TAAATCCTCAATTA,11,True,1
CCGTCCTCTCACAA,11,True,1
ACTGGATCTTCACA,11,True,1
AGATATAGTCGCAC,11,True,1
TCACCCCTTTCTGC,11,True,1
TCTGATCCACACCA,11,True,1
CTTAGGCAAAAAGC,11,True,1
TACTTTACCTCTCC,11,True,1
CACTATAACGAAGG,11,True,1
CTCCGGAAAGACCT,11,True,1
TAAAAACGTGGCCG,11,True,1
CACTGTTACATAAC,11,True,1
CTGCTAACTTTGGT,11,True,1
AGTTCGACGCCTGA,11,True,1
GATCCCGATTGCCC,11,True,1
CCTCCCGCAAAACA,11,True,1
CCTTACAACGCGAC,11,True,1
TTATTTACGCGGTT,11,True,1
TTACCTTAGTATCC,11,True,1
GTCACCGTATTTCA,11,True,1
TCGACAATGGACTG,11,True,1
TAATTACTGTAAAG,11,True,1
AATGGTTAAATTTC,11,True,1
TGACTAAAACGTGT,11,True,1
AATACAGTTCTGAC,11,True,1
TTATGGCGTACGAG,11,True,1
CCCTCGCTCCTTCT,11,True,1
TTATAGCACGCATC,11,True,1
TTCCAGAGCGTCGG,11,True,1
GATCTAAACTGATC,11,True,1
GTTTGTTACGTAGG,11,True,1
CCAAAACCGCGACT,11,True,1
AACATACTGAAGCG,11,True,1
TCTTTCGCACCGCT,11,True,1
TGCCTGCCACTACG,11,True,1
GCGGTCGAAAGAGA,11,True,1
TGAACGACGTTAAG,11,True,1
CTTTGATCGACTAA,11,True,1
CAATGCCGGGGCCA,11,True,1
CCTCAGTACGTGCG,11,True,1
CCGAACCCTATAGT,11,True,1
ATACCTTGCGCTTC,11,True,1
GCATAGTCGCTTTA,11,True,1
TTTAACTCAACCCT,11,True,1
CCTGGAAATTTCAT,11,True,1
GGTGACACCCTTGT,11,True,1
ATACGGTGTGCCAG,11,True,1
TTGCCCCCGAGCGG,11,True,1
AGCGCATATTTTAC,11,True,1
TTCGAGAAGCAGCA,11,True,1
TCGCATGGCAATCA,11,True,1
TGTCCCTGACGATA,11,True,1
TCAGCCGAAACCCC,11,True,1
ACGCATGTCGCCAT,11,True,1
TTTTCCTCTTCGAT,11,True,1
TCACGGACGCGTGA,11,True,1
GTGCCTTTACCACG,11,True,1
AATAATAATGTCAT,11,True,1
TACTCCCCTCCAAA,11,True,1
TTAGTAAAAGCATA,11,True,1
TACCCGCCAACTTG,11,True,1
AGAATTAAGAACTA,11,True,1
TTAATTGTTTTCAT,11,True,1
TCAGCTTAATCCGC,11,True,1
GAACGTTCCATATT,11,True,1
CGTTTAGCTAACAT,11,True,1
CATATATAACTATA,11,True,1
AGTGTCCACGTTCG,11,True,1
GTATCCACTCTATA,11,True,1
TGAAAACTGTCGTG,11,True,1
GAAATCTCTCGAAC,11,True,1
AATGGAAGAACGTA,11,True,1
ATATAGTGTCCTAA,11,True,1
GCTCACACCGTATT,11,True,1
TTTTTTACCACTAT,11,True,1
GGACACTAAGACAG,11,True,1
ATCCCGGAACCTTT,11,True,1
CATGACAATTATAA,11,True,1
GGCACCGCTTTAAA,11,True,1
CTATTTGATTTGAG,11,True,1
CATGTAGTGGATCA,11,True,1
ACCGACCCATAAGC,11,True,1
ATCGTAACCGGTCT,11,True,1
ATACACATTAAGAC,11,True,1
TCCCTTACCCCAGC,11,True,1
CGACCCATTGCGCA,11,True,1
TGCGAATGCACCGG,11,True,1
ACCCCGAATTACTC,11,True,1
CTGCCATGGGAAAA,11,True,1
TTATAAAGCAAACT,11,True,1
ACAGCCTGATAGAG,11,True,1
GCAATGAGTCCTAC,11,True,1
ATTCCTTTTTTACT,11,True,1
CTTATCGCACCTGC,11,True,1
CCTAGGTACATAAG,11,True,1
CTATTGACAAGGAT,11,True,1
ACTGATTCATTCTA,11,True,1
ACGGCCTATTGGCC,11,True,1
ATCGAAGACATCCG,11,True,1
AGTGAAGCTTTATC,11,True,1
AGTAAAAATCAGCT,11,True,1
ATAGACTCAAAGTG,11,True,1
ACTCCCCTGTTCTC,11,True,1
AAACAACCCTCCGC,11,True,1
CACCGTCCACATGC,11,True,1
CGATGGGTAGACGC,11,True,1
TGAATCCAAAGATG,11,True,1
TTGAATGGAATTTA,11,True,1
TCCCTCGCCGGACC,11,True,1
CCATTCAACTAGTC,11,True,1
GACAGGTAATAGCA,11,True,1
CACCCTAATTTTCA,11,True,1
TTCCCTCTGCCTAA,11,True,1
GAAGGGCAAGTGAA,11,True,1
CAGTTCTTCTGAAC,11,True,1
ATAAGCAGTATCCC,11,True,1
AGCGCGCATAGTTC,11,True,1
GCACGTCTTCAAAT,11,True,1
TTGGAGCAGGTAAT,11,True,1
TGAATCTTTGGCAT,11,True,1
TCTACTCTTTCCTA,11,True,1
TTCAAAAGAAAGAA,11,True,1
CCCCGGCCATATAC,11,True,1
TGGCTCTCATAGGT,11,True,1
AGATGTTTAGGTTA,11,True,1
CCACGCAACCCGAA,11,True,1
GCTTAGCTATCCTA,11,True,1
GAATACCCGATCGA,11,True,1
TGGGTAACAACTAA,11,True,1
ACTCCAGCTCAACC,11,True,1
TATAGTACAACCAG,11,True,1
ATTCCGCCCACAGC,11,True,1
TCCTAGAGAATCTT,11,True,1
ACTGGAATTTTTAC,11,True,1
TATTCAGAAATAAG,11,True,1
TGAGACATGCAGTT,11,True,1
AGGACAAATTTTCG,11,True,1
ATGGGATACGCTTA,11,True,1
TGTTATAGCTTAAT,11,True,1
GGAACTTGCGTGAT,11,True,1
CCTTTAAAGTGCTA,11,True,1
TTCCAACATGTTTC,11,True,1
CCCCGCTACCCCCC,11,True,1
CTGGTATTATAGAC,11,True,1
AGATTAATTCTGCT,11,True,1
ATCAATCACTTTGA,11,True,1
GACAAGAAGAAACT,11,True,1
CCCTTCTCAATTGT,11,True,1
TCCCTTATACTAAA,11,True,1
TTACCACGGCGTTA,11,True,1
AGGCACAGAACAGT,11,True,1
TATCGCAGGAAGTC,11,True,1
AGATGCCAGAAGGG,11,True,1
TTTCGTGATGAGTA,11,True,1
GAGTCCGGACGTCG,11,True,1
CCCCTTCCCGTGGC,11,True,1
AGAAAAGAAAGAAG,11,True,1
GGAACCCACGACTT,11,True,1
ACCCTGCCTCCCTC,11,True,1
TAACACTACCAGAT,11,True,1
TGCCATGATGCCTC,11,True,1
TTCAGATAAATCGC,11,True,1
GGCGAGTAATGTGT,11,True,1
CACCTTAACGTTTT,11,True,1
TCACAGCATTTAAT,11,True,1
AGGGTCATGTAGAC,11,True,1
TGCCGGCGTTCAGA,11,True,1
AAATAACGATCTCC,11,True,1
CTTTTGAAATTAGA,11,True,1
CGTCTCTCACTCCC,11,True,1
TTCTTAAATTTTTT,11,True,1
CTGACCTTACTACC,11,True,1
ACAGTAATCTATGA,11,True,1
TGATGTCAGAACCA,11,True,1
AACCGTGAACAGCA,11,True,1
CCAATTCAGTTTTA,11,True,1
TAGACTGGTTCCAG,11,True,1
TGAATGTACTAGCG,11,True,1
ATTGTCTCACTAGA,11,True,1
CACACAAAAAAAAA,11,True,1
CTAACCCGAATGGG,11,True,1
TACAAGATAAGACT,11,True,1
GCCACGCCGGAGGA,11,True,1
TTTGACGCAAATAG,11,True,1
TCCGCTGTTTGCCC,11,True,1
ATGAGCGTGTGTCA,11,True,1
TATTCTCATTCACT,11,True,1
CGTCCAACTTCTCT,11,True,1
AACTACTTATCAAC,11,True,1
AACCGCCAACAACC,11,True,1
GTAATGGTAATACA,11,True,1
GACGTATGTCTACT,11,True,1
AACCCGCCACCAAG,11,True,1
ATCTGACTAAGCCG,11,True,1
ATGTTTACTTGTCC,11,True,1
ACACCCAGCAGGGC,11,True,1
GCTTGACAGATCAG,11,True,1
TAGCTTCATTGCCT,11,True,1
GTAGAACTGAGGAT,11,True,1
CGAAAGACAGAAGA,11,True,1
CTTAAAAACTAATT,11,True,1
GCTTCGCATTCCTC,11,True,1
TTAACGACCAGGAC,11,True,1
CTTAGAAACGACGT,11,True,1
ATATGATCCGCAAT,11,True,1
ACGGCCCCGAATCG,11,True,1
CCCGCGCGCTACAA,11,True,1
CTCCATCCGAAAAG,11,True,1
TACAATAGAAAAAT,11,True,1
TCATAAGAATTGAC,11,True,1
ACGGGACTTGAAAC,11,True,1
ATATGTCTTACCCA,11,True,1
CAAAAGACATACTT,11,True,1
AGGGTTATTAATTT,11,True,1
AGAGATGCACTATT,11,True,1
TTAGACCGGAAGCG,11,True,1
TGCCCCTCGTGTTT,11,True,1
AAGGCAGGCTAATA,11,True,1
TTCCACCGTAATAA,11,True,1
TGATGTCGGGTCCC,11,True,1
ATAGAGCAATACCG,11,True,1
TTAATTGGGCCGGG,11,True,1
TCTAATAGAAAATT,11,True,1
AGAGGCTCTGGAGG,11,True,1
CGTTTAACTTCCCA,11,True,1
ATAATTGTTTTATT,11,True,1
TACTGGAATCGCCA,11,True,1
TCACTAAATTTTAA,11,True,1
TGCTTGCTAAGCAC,11,True,1
ATCTGCTCAATAAG,11,True,1
TTACTAATGTTGAC,11,True,1
GGGTGACCGCAGAA,11,True,1
CTATGTTCGTAACT,11,True,1
AGAGGTTAATGACA,11,True,1
TTAGAGGACAGACA,11,True,1
GATTAACTTAAGCA,11,True,1
TCCGTCATGTTATG,11,True,1
GGTCGCATCACAAT,11,True,1
TTTTCGCTCTGGAA,11,True,1
